Date,Open,High,Low,Close,Adj Close,Volume
2015-07-27,20740.0,20860.0,20640.0,20730.0,17591.525390625,345556
2015-07-28,20520.0,20800.0,20430.0,20710.0,17574.5546875,444497
2015-07-29,20680.0,20700.0,20570.0,20650.0,17523.638671875,212792
2015-07-30,20820.0,20950.0,20820.0,20900.0,17735.7890625,325438
2015-07-31,20870.0,20940.0,20830.0,20930.0,17761.24609375,387388
2015-08-03,20890.0,20920.0,20760.0,20900.0,17735.7890625,165802
2015-08-04,20800.0,20910.0,20800.0,20860.0,17701.84375,366901
2015-08-05,20850.0,21080.0,20830.0,20990.0,17812.162109375,299331
2015-08-06,21130.0,21180.0,21020.0,21020.0,17837.619140625,642037
2015-08-07,21000.0,21110.0,20930.0,21090.0,17897.021484375,202881
2015-08-10,20990.0,21170.0,20970.0,21150.0,17947.939453125,257453
2015-08-11,21260.0,21310.0,20930.0,21080.0,17888.537109375,680801
2015-08-12,21000.0,21060.0,20650.0,20760.0,17616.982421875,1031936
2015-08-13,20760.0,21000.0,20650.0,20960.0,17786.701171875,646546
2015-08-14,20870.0,20970.0,20840.0,20890.0,17727.298828125,182276
2015-08-17,20950.0,21040.0,20890.0,20970.0,17795.1875,109026
2015-08-18,21000.0,21030.0,20910.0,20910.0,17744.2734375,112131
2015-08-19,20850.0,20880.0,20570.0,20580.0,17464.232421875,422832
2015-08-20,20570.0,20620.0,20400.0,20410.0,17319.97265625,733287
2015-08-21,20010.0,20080.0,19790.0,19820.0,16819.298828125,2141854
2015-08-24,19420.0,19470.0,18830.0,18940.0,16072.529296875,1935480
2015-08-25,18320.0,19190.0,18080.0,18180.0,15427.58984375,2199094
2015-08-26,18150.0,18780.0,18060.0,18710.0,15877.349609375,1811029
2015-08-27,19060.0,19160.0,18830.0,18900.0,16038.5810546875,748852
2015-08-28,19360.0,19560.0,19290.0,19480.0,16530.775390625,637365
2015-08-31,19370.0,19380.0,19100.0,19230.0,16318.6220703125,711692
2015-09-01,19090.0,19120.0,18550.0,18560.0,15750.05859375,1130322
2015-09-02,18230.0,18830.0,18180.0,18450.0,15656.7138671875,1312709
2015-09-03,18730.0,18830.0,18510.0,18530.0,15724.6005859375,431611
2015-09-04,18620.0,18650.0,17920.0,18130.0,15385.1572265625,1480695
2015-09-07,18010.0,18350.0,17800.0,18190.0,15436.072265625,683627
2015-09-08,18260.0,18310.0,17740.0,17740.0,15054.2060546875,823211
2015-09-09,18350.0,19070.0,18320.0,19050.0,16165.8740234375,1407670
2015-09-10,18440.0,18650.0,18270.0,18640.0,15817.9462890625,694587
2015-09-11,18430.0,18690.0,18420.0,18600.0,15784.00390625,443162
2015-09-14,18690.0,18690.0,18230.0,18310.0,15537.91015625,399828
2015-09-15,18410.0,18660.0,18300.0,18340.0,15563.3671875,492732
2015-09-16,18580.0,18640.0,18430.0,18530.0,15724.6005859375,506139
2015-09-17,18720.0,18810.0,18630.0,18760.0,15919.77734375,280272
2015-09-18,18630.0,18630.0,18390.0,18460.0,15665.197265625,542289
2015-09-24,18060.0,18160.0,17930.0,17940.0,15223.9267578125,544083
2015-09-25,17940.0,18200.0,17810.0,18200.0,15444.5634765625,748839
2015-09-28,18250.0,18280.0,17990.0,18130.0,15385.1572265625,401323
2015-09-29,17820.0,17820.0,17330.0,17370.0,14740.22265625,1788290
2015-09-30,17660.0,17890.0,17600.0,17770.0,15079.6630859375,826580
2015-10-01,17930.0,18270.0,17820.0,18170.0,15419.1044921875,576376
2015-10-02,18010.0,18210.0,17960.0,18160.0,15410.6181640625,280976
2015-10-05,18380.0,18520.0,18310.0,18450.0,15656.7138671875,403804
2015-10-06,18800.0,18820.0,18540.0,18560.0,15750.05859375,459366
2015-10-07,18610.0,18820.0,18480.0,18800.0,15953.72265625,439977
2015-10-08,18750.0,18860.0,18570.0,18590.0,15775.5166015625,394008
2015-10-09,18630.0,18900.0,18630.0,18870.0,16013.1259765625,401359
2015-10-13,18780.0,18820.0,18680.0,18730.0,15894.3193359375,364992
2015-10-14,18570.0,18580.0,18280.0,18350.0,15571.8515625,513017
2015-10-15,18250.0,18630.0,18190.0,18510.0,15707.6279296875,384708
2015-10-16,18730.0,18850.0,18680.0,18730.0,15894.3193359375,322848
2015-10-19,18750.0,18770.0,18530.0,18610.0,15792.48828125,542868
2015-10-20,18710.0,18720.0,18600.0,18660.0,15834.916015625,149799
2015-10-21,18630.0,19070.0,18620.0,19000.0,16123.4453125,390895
2015-10-22,18870.0,19030.0,18820.0,18900.0,16038.5810546875,230922
2015-10-23,19300.0,19380.0,19270.0,19300.0,16378.0234375,947623
2015-10-26,19520.0,19560.0,19390.0,19390.0,16454.39453125,717796
2015-10-27,19420.0,19430.0,19220.0,19230.0,16318.6220703125,278490
2015-10-28,19300.0,19400.0,19280.0,19370.0,16437.427734375,166495
2015-10-29,19530.0,19550.0,19270.0,19390.0,16454.39453125,442203
2015-10-30,19380.0,19680.0,19240.0,19550.0,16590.17578125,918012
2015-11-02,19290.0,19330.0,19100.0,19150.0,16250.732421875,507949
2015-11-04,19490.0,19620.0,19380.0,19390.0,16454.39453125,510328
2015-11-05,19490.0,19640.0,19460.0,19580.0,16615.630859375,481979
2015-11-06,19660.0,19770.0,19640.0,19730.0,16742.921875,598409
2015-11-09,19880.0,20180.0,19880.0,20110.0,17065.39453125,1426183
2015-11-10,19920.0,20170.0,19910.0,20140.0,17090.853515625,384794
2015-11-11,20090.0,20210.0,20080.0,20180.0,17124.79296875,536571
2015-11-12,20110.0,20210.0,20080.0,20180.0,17124.79296875,410042
2015-11-13,19990.0,20090.0,19860.0,20060.0,17022.9609375,504540
2015-11-16,19720.0,19930.0,19700.0,19850.0,16844.75390625,360210
2015-11-17,20150.0,20210.0,20110.0,20130.0,17082.361328125,464194
2015-11-18,20240.0,20330.0,20130.0,20140.0,17090.853515625,672644
2015-11-19,20360.0,20450.0,20250.0,20340.0,17260.5703125,764220
2015-11-20,20300.0,20340.0,20200.0,20340.0,17260.5703125,475115
2015-11-24,20370.0,20440.0,20320.0,20410.0,17319.97265625,414859
2015-11-25,20340.0,20360.0,20270.0,20330.0,17252.0859375,346102
2015-11-26,20420.0,20480.0,20410.0,20420.0,17328.458984375,521868
2015-11-27,20480.0,20490.0,20310.0,20360.0,17277.54296875,223283
2015-11-30,20350.0,20370.0,20180.0,20230.0,17167.22265625,230798
2015-12-01,20320.0,20470.0,20290.0,20460.0,17362.40234375,237674
2015-12-02,20430.0,20480.0,20410.0,20430.0,17336.94140625,249947
2015-12-03,20370.0,20460.0,20340.0,20430.0,17336.94140625,364343
2015-12-04,20080.0,20140.0,19930.0,20000.0,16972.046875,783666
2015-12-07,20220.0,20300.0,20150.0,20180.0,17124.79296875,307459
2015-12-08,20210.0,20260.0,19960.0,19990.0,16963.55859375,215946
2015-12-09,19870.0,19960.0,19730.0,19790.0,16793.837890625,510819
2015-12-10,19550.0,19610.0,19500.0,19510.0,16556.232421875,612091
2015-12-11,19520.0,19770.0,19490.0,19690.0,16708.9765625,329510
2015-12-14,19240.0,19380.0,19060.0,19360.0,16428.939453125,1087551
2015-12-15,19350.0,19370.0,19030.0,19070.0,16182.8447265625,604049
2015-12-16,19370.0,19530.0,19340.0,19510.0,16556.232421875,408807
2015-12-17,19900.0,19990.0,19790.0,19840.0,16836.26953125,578704
2015-12-18,19810.0,20390.0,19450.0,19500.0,16547.7421875,1383089
2015-12-21,19330.0,19460.0,19110.0,19420.0,16479.857421875,632204
2015-12-22,19390.0,19420.0,19290.0,19370.0,16437.427734375,334004
2015-12-24,19570.0,19580.0,19250.0,19270.0,16352.5673828125,292440
2015-12-25,19300.0,19350.0,19200.0,19210.0,16301.6513671875,163300
2015-12-28,19320.0,19420.0,19240.0,19370.0,16437.427734375,202537
2015-12-29,19350.0,19480.0,19270.0,19470.0,16522.28515625,260390
2015-12-30,19580.0,19600.0,19510.0,19520.0,16564.712890625,171196
2016-01-04,19300.0,19440.0,18860.0,18950.0,16081.0126953125,1610477
2016-01-05,18870.0,19030.0,18800.0,18850.0,15996.15234375,755490
2016-01-06,18870.0,18950.0,18530.0,18670.0,15843.40625,1399603
2016-01-07,18610.0,18650.0,18230.0,18230.0,15470.01953125,1654689
2016-01-08,18100.0,18450.0,18000.0,18190.0,15436.072265625,1294538
2016-01-12,17900.0,18020.0,17640.0,17700.0,15020.2607421875,1257628
2016-01-13,17910.0,18180.0,17910.0,18180.0,15427.58984375,460840
2016-01-14,17670.0,17730.0,17380.0,17700.0,15020.2607421875,1315911
2016-01-15,17970.0,18060.0,17500.0,17590.0,14926.9130859375,713343
2016-01-18,17230.0,17480.0,17090.0,17390.0,14757.193359375,1186794
2016-01-19,17340.0,17530.0,17240.0,17500.0,14850.5390625,809454
2016-01-20,17470.0,17470.0,16810.0,16870.0,14315.9208984375,1398928
2016-01-21,16900.0,17170.0,16430.0,16450.0,13959.5068359375,1495886
2016-01-22,17030.0,17430.0,16880.0,17400.0,14765.6787109375,986948
2016-01-25,17600.0,17660.0,17350.0,17540.0,14884.486328125,1039740
2016-01-26,17240.0,17270.0,17070.0,17130.0,14536.5576171875,447995
2016-01-27,17470.0,17690.0,17390.0,17580.0,14918.4287109375,603091
2016-01-28,17490.0,17680.0,17370.0,17490.0,14842.0546875,504175
2016-01-29,17530.0,18200.0,17170.0,18020.0,15291.8115234375,1637608
2016-02-01,18300.0,18370.0,18150.0,18320.0,15546.3935546875,869125
2016-02-02,18120.0,18320.0,18120.0,18200.0,15444.5634765625,524535
2016-02-03,17850.0,17910.0,17520.0,17650.0,14977.8310546875,1104675
2016-02-04,17470.0,17650.0,17370.0,17480.0,14833.5703125,715323
2016-02-05,17240.0,17330.0,17050.0,17260.0,14646.875,834267
2016-02-08,17020.0,17530.0,16970.0,17430.0,14791.138671875,829168
2016-02-09,16770.0,16820.0,16440.0,16520.0,14018.9091796875,1163040
2016-02-10,16560.0,16580.0,15820.0,16090.0,13654.009765625,1691513
2016-02-12,15600.0,15680.0,15250.0,15340.0,13017.55859375,2133508
2016-02-15,15950.0,16570.0,15890.0,16430.0,13942.5361328125,1317572
2016-02-16,16260.0,16760.0,16220.0,16460.0,13967.994140625,911624
2016-02-17,16390.0,16620.0,16020.0,16250.0,13789.7861328125,864462
2016-02-18,16720.0,16760.0,16510.0,16600.0,14086.798828125,551658
2016-02-19,16410.0,16440.0,16190.0,16390.0,13908.5908203125,677728
2016-02-22,16230.0,16600.0,16210.0,16510.0,14010.421875,648734
2016-02-23,16610.0,16770.0,16400.0,16460.0,13967.994140625,1015959
2016-02-24,16250.0,16410.0,16140.0,16300.0,13832.216796875,577963
2016-02-25,16370.0,16640.0,16360.0,16580.0,14069.8251953125,477067
2016-02-26,16730.0,16900.0,16600.0,16600.0,14086.798828125,710051
2016-02-29,16760.0,16890.0,16470.0,16480.0,13984.9638671875,470419
2016-03-01,16440.0,16520.0,16260.0,16490.0,13993.451171875,352757
2016-03-02,16960.0,17250.0,16890.0,17160.0,14562.0166015625,1356335
2016-03-03,17120.0,17400.0,17120.0,17380.0,14748.7080078125,818697
2016-03-04,17360.0,17490.0,17300.0,17430.0,14791.138671875,413495
2016-03-07,17480.0,17480.0,17330.0,17360.0,14731.7353515625,417264
2016-03-08,17330.0,17350.0,17000.0,17200.0,14595.9619140625,691142
2016-03-09,17070.0,17150.0,16930.0,17090.0,14502.611328125,493849
2016-03-10,17240.0,17320.0,17130.0,17290.0,14672.33203125,342758
2016-03-11,17030.0,17460.0,16990.0,17380.0,14748.7080078125,656154
2016-03-14,17600.0,17750.0,17590.0,17660.0,14986.314453125,889405
2016-03-15,17690.0,17740.0,17480.0,17550.0,14892.9716796875,424947
2016-03-16,17430.0,17550.0,17390.0,17420.0,14782.6513671875,391080
2016-03-17,17550.0,17690.0,17240.0,17370.0,14740.22265625,632982
2016-03-18,17330.0,17360.0,17040.0,17150.0,14553.529296875,586332
2016-03-22,17400.0,17560.0,17280.0,17460.0,14816.5947265625,703785
2016-03-23,17500.0,17580.0,17400.0,17460.0,14816.5947265625,401096
2016-03-24,17380.0,17480.0,17280.0,17330.0,14706.27734375,409673
2016-03-25,17380.0,17460.0,17320.0,17420.0,14782.6513671875,316170
2016-03-28,17550.0,17610.0,17390.0,17530.0,14875.9970703125,819585
2016-03-29,17530.0,17700.0,17500.0,17660.0,14986.314453125,868089
2016-03-30,17620.0,17640.0,17430.0,17450.0,14808.1103515625,582611
2016-03-31,17580.0,17610.0,17310.0,17320.0,14697.791015625,567597
2016-04-01,17290.0,17290.0,16650.0,16710.0,14180.1435546875,1404780
2016-04-04,16630.0,16780.0,16570.0,16640.0,14120.7431640625,621432
2016-04-05,16600.0,16610.0,16220.0,16250.0,13789.7861328125,940607
2016-04-06,16240.0,16360.0,16120.0,16240.0,13781.3017578125,770588
2016-04-07,16240.0,16400.0,16140.0,16270.0,13806.759765625,481779
2016-04-08,16000.0,16570.0,15990.0,16370.0,13891.619140625,934939
2016-04-11,16300.0,16320.0,16040.0,16300.0,13832.216796875,694785
2016-04-12,16270.0,16500.0,16220.0,16460.0,13967.994140625,476660
2016-04-13,16710.0,16950.0,16680.0,16920.0,14358.3486328125,899530
2016-04-14,17200.0,17480.0,17160.0,17460.0,14816.5947265625,1508128
2016-04-15,17290.0,17500.0,17280.0,17390.0,14757.193359375,491054
2016-04-18,16840.0,16980.0,16790.0,16820.0,14273.4892578125,688510
2016-04-19,17290.0,17470.0,17290.0,17440.0,14799.6240234375,485691
2016-04-20,17600.0,17680.0,17430.0,17470.0,14825.08203125,954850
2016-04-21,17850.0,17960.0,17130.0,17910.0,15198.4658203125,1644957
2016-04-22,17770.0,18160.0,17760.0,18130.0,15385.1572265625,1390642
2016-04-25,18210.0,18220.0,17980.0,18030.0,15300.3017578125,539481
2016-04-26,17950.0,18020.0,17770.0,17910.0,15198.4658203125,527398
2016-04-27,17970.0,18000.0,17800.0,17900.0,15189.98046875,533740
2016-04-28,18050.0,18170.0,17100.0,17220.0,14612.9287109375,1206593
2016-05-02,16520.0,16700.0,16490.0,16680.0,14154.685546875,939296
2016-05-06,16740.0,16820.0,16520.0,16650.0,14129.2265625,444542
2016-05-09,16770.0,16830.0,16690.0,16780.0,14239.546875,386922
2016-05-10,16840.0,17150.0,16770.0,17150.0,14553.529296875,623044
2016-05-11,17310.0,17380.0,17080.0,17130.0,14536.5576171875,596595
2016-05-12,16990.0,17230.0,16910.0,17210.0,14604.447265625,376990
2016-05-13,17270.0,17360.0,16940.0,16970.0,14400.78125,483519
2016-05-16,16990.0,17190.0,16960.0,17000.0,14426.23828125,465277
2016-05-17,17200.0,17230.0,17060.0,17220.0,14612.9287109375,359652
2016-05-18,17150.0,17370.0,17070.0,17210.0,14604.447265625,608986
2016-05-19,17360.0,17410.0,17140.0,17210.0,14604.447265625,378387
2016-05-20,17160.0,17340.0,17110.0,17300.0,14680.8193359375,406334
2016-05-23,17240.0,17260.0,16970.0,17210.0,14604.447265625,642010
2016-05-24,17150.0,17160.0,17010.0,17040.0,14460.18359375,402770
2016-05-25,17360.0,17390.0,17280.0,17330.0,14706.27734375,853570
2016-05-26,17510.0,17540.0,17290.0,17320.0,14697.791015625,844929
2016-05-27,17410.0,17470.0,17350.0,17400.0,14765.6787109375,302524
2016-05-30,17540.0,17640.0,17470.0,17640.0,14969.3447265625,466562
2016-05-31,17570.0,17840.0,17560.0,17800.0,15105.1201171875,1283733
2016-06-01,17670.0,17730.0,17470.0,17500.0,14850.5390625,865815
2016-06-02,17380.0,17390.0,17080.0,17120.0,14528.068359375,1038074
2016-06-03,17170.0,17280.0,17110.0,17200.0,14595.9619140625,378031
2016-06-06,16910.0,17140.0,16860.0,17140.0,14545.04296875,623930
2016-06-07,17200.0,17270.0,17090.0,17230.0,14621.4169921875,288854
2016-06-08,17270.0,17380.0,17130.0,17380.0,14748.7080078125,385559
2016-06-09,17280.0,17350.0,17150.0,17210.0,14604.447265625,357920
2016-06-10,17190.0,17200.0,17050.0,17140.0,14545.04296875,387822
2016-06-13,16840.0,16870.0,16580.0,16590.0,14078.3125,938739
2016-06-14,16530.0,16640.0,16300.0,16400.0,13917.0771484375,980222
2016-06-15,16320.0,16540.0,16270.0,16480.0,13984.9638671875,556379
2016-06-16,16400.0,16450.0,15910.0,15960.0,13543.69140625,1074142
2016-06-17,16220.0,16320.0,16110.0,16150.0,13704.9267578125,680257
2016-06-20,16400.0,16580.0,16390.0,16490.0,13993.451171875,511483
2016-06-21,16400.0,16750.0,16300.0,16690.0,14163.171875,999152
2016-06-22,16650.0,16700.0,16520.0,16600.0,14086.798828125,327623
2016-06-23,16660.0,16810.0,16590.0,16760.0,14222.576171875,578877
2016-06-24,16890.0,16950.0,15350.0,15450.0,13110.9052734375,2695980
2016-06-27,15680.0,15850.0,15570.0,15840.0,13441.859375,1188744
2016-06-28,15620.0,15990.0,15510.0,15880.0,13475.802734375,993501
2016-06-29,16100.0,16170.0,15930.0,16110.0,13670.9814453125,596274
2016-06-30,16310.0,16340.0,16140.0,16150.0,13704.9267578125,435045
2016-07-01,16260.0,16320.0,16170.0,16220.0,13764.328125,389587
2016-07-04,16100.0,16370.0,16100.0,16330.0,13857.67578125,545194
2016-07-05,16230.0,16260.0,16140.0,16200.0,13747.3564453125,584234
2016-07-06,15680.0,15700.0,15440.0,15650.0,13280.6259765625,1122316
2016-07-07,15640.0,15700.0,15500.0,15550.0,13195.765625,375778
2016-07-08,15560.0,15680.0,15370.0,15390.0,13289.8916015625,573834
2016-07-11,15740.0,16090.0,15740.0,15980.0,13799.3798828125,729711
2016-07-12,16310.0,16530.0,16300.0,16350.0,14118.8916015625,840809
2016-07-13,16750.0,16760.0,16480.0,16490.0,14239.7861328125,672920
2016-07-14,16530.0,16690.0,16500.0,16670.0,14395.22265625,593785
2016-07-15,16740.0,16890.0,16690.0,16780.0,14490.2138671875,960740
2016-07-19,16900.0,17020.0,16800.0,17010.0,14688.828125,1404062
2016-07-20,16920.0,16980.0,16830.0,16940.0,14628.3798828125,542774
2016-07-21,17170.0,17230.0,17020.0,17080.0,14749.275390625,590320
2016-07-22,16850.0,16970.0,16840.0,16880.0,14576.568359375,328024
2016-07-25,16940.0,17060.0,16890.0,16910.0,14602.474609375,355989
2016-07-26,16820.0,16830.0,16590.0,16670.0,14395.22265625,441081
2016-07-27,16850.0,17120.0,16820.0,16950.0,14637.0146484375,1062110
2016-07-28,16860.0,16890.0,16720.0,16770.0,14481.580078125,830744
2016-07-29,16720.0,16990.0,16420.0,16850.0,14550.662109375,1454934
2016-08-01,16650.0,16960.0,16600.0,16910.0,14602.474609375,1097916
2016-08-02,16740.0,16820.0,16660.0,16670.0,14395.22265625,629657
2016-08-03,16460.0,16560.0,16320.0,16360.0,14127.5263671875,681025
2016-08-04,16410.0,16550.0,16180.0,16520.0,14265.6923828125,1285464
2016-08-05,16530.0,16630.0,16500.0,16530.0,14274.328125,385513
2016-08-08,16800.0,16930.0,16770.0,16920.0,14611.107421875,533354
2016-08-09,16920.0,17060.0,16910.0,17040.0,14714.734375,533512
2016-08-10,16980.0,17110.0,16940.0,16990.0,14671.556640625,507526
2016-08-12,17130.0,17240.0,17100.0,17190.0,14844.2646484375,581744
2016-08-15,17160.0,17220.0,17130.0,17130.0,14792.4521484375,218231
2016-08-16,17190.0,17190.0,16890.0,16890.0,14585.203125,351079
2016-08-17,16890.0,17060.0,16880.0,17040.0,14714.734375,425813
2016-08-18,16920.0,17000.0,16760.0,16780.0,14490.2138671875,434635
2016-08-19,16850.0,16900.0,16730.0,16830.0,14533.3896484375,228879
2016-08-22,16880.0,16910.0,16820.0,16880.0,14576.568359375,267902
2016-08-23,16820.0,16950.0,16730.0,16760.0,14472.9423828125,508365
2016-08-24,16870.0,16930.0,16820.0,16850.0,14550.662109375,237784
2016-08-25,16860.0,16920.0,16800.0,16850.0,14550.662109375,163167
2016-08-26,16780.0,16780.0,16610.0,16660.0,14386.5908203125,429761
2016-08-29,16970.0,17060.0,16960.0,17030.0,14706.099609375,368410
2016-08-30,17000.0,17050.0,16970.0,17050.0,14723.3701171875,373140
2016-08-31,17160.0,17210.0,17130.0,17180.0,14835.6298828125,379203
2016-09-01,17180.0,17250.0,17160.0,17220.0,14870.169921875,300774
2016-09-02,17180.0,17240.0,17140.0,17220.0,14870.169921875,312431
2016-09-05,17420.0,17450.0,17310.0,17320.0,14956.5234375,734488
2016-09-06,17340.0,17400.0,17330.0,17370.0,14999.703125,216717
2016-09-07,17200.0,17320.0,17200.0,17320.0,14956.5234375,193445
2016-09-08,17290.0,17300.0,17140.0,17270.0,14913.3486328125,447353
2016-09-09,17290.0,17320.0,17200.0,17280.0,14921.9833984375,216857
2016-09-12,17070.0,17100.0,16890.0,16960.0,14645.6513671875,438098
2016-09-13,17070.0,17080.0,16950.0,17020.0,14697.4619140625,290050
2016-09-14,16910.0,17000.0,16890.0,16910.0,14602.474609375,161952
2016-09-15,16810.0,16820.0,16650.0,16700.0,14421.1298828125,380352
2016-09-16,16750.0,16820.0,16710.0,16820.0,14524.75390625,248273
2016-09-20,16700.0,16880.0,16680.0,16770.0,14481.580078125,204909
2016-09-21,16760.0,17110.0,16650.0,17110.0,14775.1806640625,786389
2016-09-23,17060.0,17100.0,17010.0,17040.0,14714.734375,295718
2016-09-26,17000.0,17000.0,16790.0,16810.0,14516.1181640625,316590
2016-09-27,16680.0,16960.0,16570.0,16960.0,14645.6513671875,417391
2016-09-28,16900.0,16920.0,16780.0,16860.0,14559.2958984375,326496
2016-09-29,17020.0,17170.0,17000.0,17100.0,14766.5458984375,526914
2016-09-30,16900.0,16900.0,16800.0,16860.0,14559.2958984375,512950
2016-10-03,16990.0,17060.0,16960.0,17000.0,14680.1923828125,311409
2016-10-04,17070.0,17150.0,17040.0,17110.0,14775.1806640625,424545
2016-10-05,17190.0,17250.0,17130.0,17240.0,14887.4404296875,384555
2016-10-06,17330.0,17390.0,17290.0,17310.0,14947.890625,485598
2016-10-07,17280.0,17310.0,17230.0,17280.0,14921.9833984375,390338
2016-10-11,17350.0,17490.0,17350.0,17440.0,15060.150390625,459156
2016-10-12,17280.0,17370.0,17250.0,17270.0,14913.3486328125,283869
2016-10-13,17350.0,17400.0,17150.0,17180.0,14835.6298828125,509701
2016-10-14,17180.0,17290.0,17150.0,17290.0,14930.6181640625,327111
2016-10-17,17270.0,17360.0,17240.0,17330.0,14965.1611328125,230406
2016-10-18,17280.0,17390.0,17260.0,17380.0,15008.337890625,193619
2016-10-19,17370.0,17440.0,17360.0,17410.0,15034.244140625,216281
2016-10-20,17400.0,17660.0,17400.0,17640.0,15232.859375,1009907
2016-10-21,17690.0,17720.0,17580.0,17620.0,15215.5869140625,294705
2016-10-24,17680.0,17680.0,17590.0,17660.0,15250.126953125,177328
2016-10-25,17750.0,17810.0,17730.0,17810.0,15379.66015625,358314
2016-10-26,17740.0,17820.0,17720.0,17800.0,15371.0224609375,313435
2016-10-27,17780.0,17840.0,17700.0,17760.0,15336.484375,283704
2016-10-28,17870.0,17890.0,17830.0,17880.0,15440.109375,409013
2016-10-31,17790.0,17860.0,17750.0,17860.0,15422.837890625,219737
2016-11-01,17830.0,17910.0,17760.0,17880.0,15440.109375,373066
2016-11-02,17680.0,17710.0,17500.0,17570.0,15172.4111328125,622735
2016-11-04,17400.0,17410.0,17230.0,17320.0,14956.5234375,574838
2016-11-07,17590.0,17620.0,17490.0,17610.0,15206.9541015625,355671
2016-11-08,17680.0,17680.0,17550.0,17590.0,15189.6806640625,274682
2016-11-09,17730.0,17870.0,16500.0,16720.0,14438.3994140625,3517265
2016-11-10,17740.0,17820.0,17530.0,17750.0,15327.8525390625,1874755
2016-11-11,17950.0,18050.0,17750.0,17800.0,15371.0224609375,1217952
2016-11-14,17920.0,18140.0,17900.0,18100.0,15630.087890625,913762
2016-11-15,18130.0,18150.0,18040.0,18100.0,15630.087890625,436000
2016-11-16,18290.0,18340.0,18250.0,18320.0,15820.064453125,1128466
2016-11-17,18220.0,18320.0,18210.0,18300.0,15802.7939453125,351689
2016-11-18,18490.0,18500.0,18420.0,18420.0,15906.4189453125,928083
2016-11-21,18490.0,18580.0,18450.0,18540.0,16010.0478515625,408621
2016-11-22,18510.0,18620.0,18490.0,18600.0,16061.8583984375,465598
2016-11-24,18800.0,18840.0,18760.0,18780.0,16217.29296875,641575
2016-11-25,18850.0,18940.0,18740.0,18840.0,16269.107421875,825855
2016-11-28,18750.0,18820.0,18660.0,18800.0,16234.5654296875,467622
2016-11-29,18680.0,18770.0,18680.0,18750.0,16191.390625,257712
2016-11-30,18800.0,18820.0,18720.0,18740.0,16182.7529296875,363639
2016-12-01,19050.0,19210.0,18910.0,18960.0,16372.7314453125,982671
2016-12-02,18890.0,18930.0,18760.0,18870.0,16295.0146484375,596634
2016-12-05,18790.0,18820.0,18680.0,18730.0,16174.1171875,618374
2016-12-06,18910.0,18950.0,18760.0,18810.0,16243.203125,341223
2016-12-07,18890.0,18950.0,18850.0,18940.0,16355.462890625,533590
2016-12-08,19140.0,19220.0,19060.0,19210.0,16588.6171875,468837
2016-12-09,19240.0,19510.0,19240.0,19480.0,16821.775390625,992489
2016-12-12,19680.0,19750.0,19520.0,19620.0,16942.669921875,544215
2016-12-13,19550.0,19730.0,19520.0,19720.0,17029.01953125,574203
2016-12-14,19750.0,19760.0,19650.0,19710.0,17020.38671875,357071
2016-12-15,19800.0,19910.0,19650.0,19740.0,17046.294921875,892927
2016-12-16,19890.0,19920.0,19820.0,19860.0,17149.91796875,541953
2016-12-19,19790.0,19870.0,19770.0,19870.0,17158.556640625,332256
2016-12-20,19840.0,19990.0,19830.0,19960.0,17236.271484375,453711
2016-12-21,20000.0,20070.0,19840.0,19920.0,17201.728515625,687774
2016-12-22,19890.0,19890.0,19800.0,19880.0,17167.19140625,348621
2016-12-26,19880.0,19910.0,19860.0,19870.0,17158.556640625,191167
2016-12-27,19840.0,19960.0,19830.0,19870.0,17158.556640625,234988
2016-12-28,19910.0,19950.0,19860.0,19920.0,17201.728515625,297785
2016-12-29,19810.0,19810.0,19580.0,19630.0,16951.3046875,486844
2016-12-30,19480.0,19670.0,19470.0,19580.0,16908.125,396139
2017-01-04,19790.0,20100.0,19780.0,20080.0,17339.8984375,749647
2017-01-05,20100.0,20120.0,19960.0,20020.0,17288.083984375,679991
2017-01-06,19850.0,19980.0,19830.0,19950.0,17227.638671875,474555
2017-01-10,19910.0,19980.0,19750.0,19820.0,17115.376953125,388580
2017-01-11,19860.0,19890.0,19830.0,19860.0,17149.91796875,351023
2017-01-12,19760.0,19780.0,19560.0,19640.0,16959.94140625,591801
2017-01-13,19660.0,19790.0,19650.0,19790.0,17089.46875,372166
2017-01-16,19710.0,19740.0,19550.0,19610.0,16934.033203125,481413
2017-01-17,19560.0,19560.0,19310.0,19320.0,16683.603515625,658995
2017-01-18,19240.0,19430.0,19130.0,19400.0,16752.689453125,689105
2017-01-19,19550.0,19620.0,19470.0,19580.0,16908.125,308724
2017-01-20,19540.0,19680.0,19530.0,19630.0,16951.3046875,335402
2017-01-23,19450.0,19520.0,19360.0,19400.0,16752.689453125,437368
2017-01-24,19290.0,19400.0,19260.0,19290.0,16657.6953125,399512
2017-01-25,19570.0,19630.0,19460.0,19510.0,16847.681640625,871864
2017-01-26,19740.0,19900.0,19720.0,19870.0,17158.556640625,430065
2017-01-27,19960.0,19980.0,19890.0,19930.0,17210.369140625,406369
2017-01-30,19880.0,19880.0,19790.0,19860.0,17149.91796875,200917
2017-01-31,19610.0,19680.0,19520.0,19540.0,16873.5859375,572642
2017-02-01,19420.0,19640.0,19400.0,19640.0,16959.94140625,469320
2017-02-02,19660.0,19660.0,19350.0,19410.0,16761.32421875,641040
2017-02-03,19500.0,19550.0,19310.0,19400.0,16752.689453125,463324
2017-02-06,19580.0,19590.0,19390.0,19450.0,16795.8671875,269708
2017-02-07,19320.0,19460.0,19290.0,19400.0,16752.689453125,234788
2017-02-08,19420.0,19490.0,19350.0,19470.0,16813.138671875,130284
2017-02-09,19430.0,19470.0,19350.0,19390.0,16744.0546875,126467
2017-02-10,19730.0,19890.0,19690.0,19860.0,17149.91796875,582789
2017-02-13,20000.0,20020.0,19910.0,19960.0,17236.271484375,475382
2017-02-14,19980.0,19990.0,19720.0,19740.0,17046.294921875,385408
2017-02-15,19960.0,19990.0,19920.0,19920.0,17201.728515625,553083
2017-02-16,19910.0,19920.0,19750.0,19820.0,17115.376953125,348707
2017-02-17,19720.0,19760.0,19650.0,19730.0,17037.658203125,265422
2017-02-20,19670.0,19760.0,19600.0,19740.0,17046.294921875,196105
2017-02-21,19760.0,19890.0,19760.0,19860.0,17149.91796875,112658
2017-02-22,19930.0,19930.0,19820.0,19860.0,17149.91796875,131029
2017-02-23,19860.0,19870.0,19750.0,19870.0,17158.556640625,118747
2017-02-24,19750.0,19890.0,19710.0,19800.0,17098.107421875,215524
2017-02-27,19650.0,19680.0,19490.0,19660.0,16977.2109375,430016
2017-02-28,19720.0,19770.0,19630.0,19630.0,16951.3046875,206494
2017-03-01,19720.0,19920.0,19660.0,19910.0,17193.09375,489398
2017-03-02,20150.0,20180.0,20060.0,20060.0,17322.626953125,1183536
2017-03-03,20060.0,20090.0,19890.0,19980.0,17253.54296875,298779
2017-03-06,19920.0,19920.0,19840.0,19890.0,17175.82421875,129342
2017-03-07,19830.0,19880.0,19820.0,19840.0,17132.6484375,145979
2017-03-08,19820.0,19840.0,19690.0,19760.0,17063.56640625,277833
2017-03-09,19860.0,19860.0,19770.0,19820.0,17115.376953125,118394
2017-03-10,20000.0,20130.0,19950.0,20110.0,17365.8046875,499861
2017-03-13,20040.0,20170.0,20040.0,20130.0,17383.072265625,284734
2017-03-14,20150.0,20150.0,20100.0,20110.0,17365.8046875,214476
2017-03-15,20040.0,20090.0,20000.0,20090.0,17348.533203125,134347
2017-03-16,19960.0,20130.0,19950.0,20090.0,17348.533203125,312676
2017-03-17,20010.0,20050.0,19990.0,20020.0,17288.083984375,133967
2017-03-21,19920.0,20000.0,19840.0,19960.0,17236.271484375,348375
2017-03-22,19590.0,19680.0,19520.0,19550.0,16882.22265625,766335
2017-03-23,19570.0,19610.0,19460.0,19600.0,16925.3984375,427558
2017-03-24,19590.0,19800.0,19550.0,19750.0,17054.9296875,244674
2017-03-27,19550.0,19590.0,19420.0,19480.0,16821.775390625,389517
2017-03-28,19630.0,19690.0,19590.0,19670.0,16985.845703125,248911
2017-03-29,19840.0,19880.0,19780.0,19840.0,17132.6484375,411027
2017-03-30,19800.0,19840.0,19660.0,19670.0,16985.845703125,236417
2017-03-31,19800.0,19840.0,19540.0,19540.0,16873.5859375,285737
2017-04-03,19590.0,19700.0,19540.0,19610.0,16934.033203125,251244
2017-04-04,19550.0,19570.0,19320.0,19420.0,16769.9609375,725894
2017-04-05,19510.0,19560.0,19390.0,19490.0,16830.408203125,183509
2017-04-06,19380.0,19420.0,19140.0,19220.0,16597.25390625,735664
2017-04-07,19360.0,19390.0,19120.0,19300.0,16666.333984375,546985
2017-04-10,19410.0,19470.0,19380.0,19430.0,16778.595703125,155039
2017-04-11,19310.0,19390.0,19270.0,19350.0,16709.51171875,259776
2017-04-12,19200.0,19210.0,19070.0,19160.0,16545.4375,676253
2017-04-13,19000.0,19070.0,18910.0,19050.0,16450.451171875,483662
2017-04-14,18960.0,19020.0,18880.0,18920.0,16338.189453125,253051
2017-04-17,18840.0,18970.0,18820.0,18970.0,16381.3671875,222178
2017-04-18,19100.0,19160.0,18960.0,19020.0,16424.54296875,224464
2017-04-19,18940.0,19070.0,18920.0,19050.0,16450.451171875,190012
2017-04-20,19060.0,19120.0,19020.0,19050.0,16450.451171875,269212
2017-04-21,19190.0,19250.0,19140.0,19240.0,16614.5234375,203494
2017-04-24,19520.0,19540.0,19450.0,19490.0,16830.408203125,334906
2017-04-25,19480.0,19730.0,19470.0,19700.0,17011.75390625,515455
2017-04-26,19810.0,19910.0,19790.0,19900.0,17184.458984375,639991
2017-04-27,19840.0,19900.0,19830.0,19870.0,17158.556640625,332490
2017-04-28,19870.0,19890.0,19780.0,19830.0,17124.01171875,249026
2017-05-01,19840.0,19940.0,19840.0,19930.0,17210.369140625,291767
2017-05-02,19970.0,20100.0,19970.0,20070.0,17331.263671875,440566
2017-05-08,20370.0,20590.0,20350.0,20540.0,17737.126953125,1563967
2017-05-09,20560.0,20580.0,20490.0,20490.0,17693.94921875,568276
2017-05-10,20540.0,20600.0,20510.0,20570.0,17763.03125,261704
2017-05-11,20610.0,20650.0,20550.0,20620.0,17806.208984375,463961
2017-05-12,20560.0,20600.0,20450.0,20530.0,17728.4921875,279902
2017-05-15,20410.0,20520.0,20400.0,20510.0,17711.220703125,202474
2017-05-16,20590.0,20660.0,20520.0,20580.0,17771.666015625,310755
2017-05-17,20460.0,20500.0,20420.0,20460.0,17668.04296875,320780
2017-05-18,20160.0,20250.0,20090.0,20200.0,17443.5234375,379440
2017-05-19,20240.0,20280.0,20140.0,20250.0,17486.703125,276873
2017-05-22,20350.0,20380.0,20270.0,20340.0,17564.419921875,243507
2017-05-23,20290.0,20350.0,20230.0,20270.0,17503.970703125,103572
2017-05-24,20420.0,20430.0,20340.0,20390.0,17607.59765625,203101
2017-05-25,20370.0,20510.0,20370.0,20450.0,17659.408203125,326815
2017-05-26,20440.0,20450.0,20330.0,20350.0,17573.0546875,184473
2017-05-29,20340.0,20390.0,20270.0,20330.0,17555.783203125,121693
2017-05-30,20330.0,20340.0,20210.0,20330.0,17555.783203125,206638
2017-05-31,20270.0,20330.0,20240.0,20300.0,17529.873046875,118546
2017-06-01,20320.0,20540.0,20320.0,20500.0,17702.5859375,408644
2017-06-02,20610.0,20910.0,20610.0,20860.0,18013.4609375,1043336
2017-06-05,20780.0,20890.0,20760.0,20830.0,17987.55078125,432206
2017-06-06,20800.0,20810.0,20600.0,20640.0,17823.482421875,478539
2017-06-07,20620.0,20690.0,20570.0,20630.0,17814.845703125,180430
2017-06-08,20720.0,20730.0,20560.0,20580.0,17771.666015625,216677
2017-06-09,20630.0,20760.0,20590.0,20680.0,17858.021484375,298454
2017-06-12,20560.0,20610.0,20490.0,20570.0,17763.03125,167113
2017-06-13,20510.0,20590.0,20510.0,20560.0,17754.396484375,165714
2017-06-14,20630.0,20670.0,20550.0,20550.0,17745.759765625,314556
2017-06-15,20490.0,20630.0,20410.0,20500.0,17702.5859375,314197
2017-06-16,20580.0,20670.0,20550.0,20610.0,17797.576171875,189177
2017-06-19,20620.0,20750.0,20610.0,20740.0,17909.8359375,138516
2017-06-20,20890.0,20990.0,20890.0,20890.0,18039.36328125,454082
2017-06-21,20840.0,20880.0,20780.0,20790.0,17953.01171875,248383
2017-06-22,20800.0,20850.0,20760.0,20770.0,17935.7421875,120997
2017-06-23,20800.0,20810.0,20740.0,20790.0,17953.01171875,197068
2017-06-26,20780.0,20860.0,20770.0,20810.0,17970.28125,92964
2017-06-27,20890.0,20920.0,20850.0,20880.0,18030.734375,221959
2017-06-28,20830.0,20910.0,20800.0,20830.0,17987.55078125,183836
2017-06-29,20950.0,20960.0,20890.0,20900.0,18048.001953125,267214
2017-06-30,20710.0,20730.0,20630.0,20720.0,17892.5625,854374
2017-07-03,20720.0,20780.0,20710.0,20730.0,17901.19921875,212917
2017-07-04,20900.0,20900.0,20650.0,20710.0,17883.9296875,419427
2017-07-05,20420.0,20480.0,20290.0,20470.0,17676.677734375,394798
2017-07-06,20460.0,20470.0,20340.0,20400.0,17616.228515625,263769
2017-07-07,20280.0,20380.0,20250.0,20340.0,17564.419921875,450842
2017-07-10,20460.0,20530.0,20420.0,20490.0,17946.291015625,182338
2017-07-11,20470.0,20600.0,20470.0,20580.0,18025.1171875,142863
2017-07-12,20520.0,20540.0,20460.0,20500.0,17955.05078125,238142
2017-07-13,20560.0,20580.0,20460.0,20500.0,17955.05078125,173613
2017-07-14,20520.0,20540.0,20490.0,20530.0,17981.328125,147157
2017-07-18,20460.0,20470.0,20330.0,20390.0,17858.708984375,239666
2017-07-19,20380.0,20420.0,20340.0,20420.0,17884.98046875,226091
2017-07-20,20430.0,20550.0,20420.0,20540.0,17990.0859375,256901
2017-07-21,20490.0,20520.0,20470.0,20500.0,17955.05078125,148696
2017-07-24,20370.0,20390.0,20290.0,20370.0,17841.19140625,288971
2017-07-25,20360.0,20430.0,20330.0,20360.0,17832.431640625,167157
2017-07-26,20510.0,20510.0,20420.0,20450.0,17911.2578125,262495
2017-07-27,20430.0,20580.0,20410.0,20460.0,17920.015625,222077
2017-07-28,20430.0,20430.0,20320.0,20340.0,17814.9140625,217143
2017-07-31,20340.0,20370.0,20310.0,20320.0,17797.392578125,153205
2017-08-01,20330.0,20390.0,20320.0,20380.0,17849.947265625,105487
2017-08-02,20460.0,20500.0,20420.0,20490.0,17946.291015625,163785
2017-08-03,20450.0,20470.0,20390.0,20420.0,17884.98046875,147560
2017-08-04,20370.0,20370.0,20330.0,20340.0,17814.9140625,133247
2017-08-07,20460.0,20480.0,20430.0,20450.0,17911.2578125,127330
2017-08-08,20440.0,20470.0,20370.0,20380.0,17849.947265625,139429
2017-08-09,20320.0,20320.0,20050.0,20130.0,17630.982421875,808015
2017-08-10,20200.0,20220.0,20080.0,20110.0,17613.46875,276817
2017-08-11,20110.0,20110.0,20110.0,20110.0,17613.46875,0
2017-08-14,19950.0,19980.0,19880.0,19910.0,17438.294921875,366308
2017-08-15,20070.0,20220.0,20060.0,20160.0,17657.2578125,231126
2017-08-16,20120.0,20160.0,20110.0,20130.0,17630.982421875,100719
2017-08-17,20080.0,20120.0,20060.0,20080.0,17587.189453125,84830
2017-08-18,19860.0,19930.0,19810.0,19860.0,17394.501953125,417447
2017-08-21,19880.0,19880.0,19740.0,19790.0,17333.189453125,279311
2017-08-22,19750.0,19820.0,19740.0,19780.0,17324.435546875,245477
2017-08-23,19930.0,19940.0,19790.0,19820.0,17359.470703125,215454
2017-08-24,19750.0,19820.0,19730.0,19740.0,17289.3984375,181973
2017-08-25,19780.0,19870.0,19760.0,19850.0,17385.7421875,295486
2017-08-28,19880.0,19910.0,19800.0,19850.0,17385.7421875,185906
2017-08-29,19700.0,19770.0,19670.0,19770.0,17315.67578125,545959
2017-08-30,19870.0,19930.0,19830.0,19910.0,17438.294921875,201613
2017-08-31,19980.0,20090.0,19970.0,20050.0,17560.916015625,196888
2017-09-01,20130.0,20130.0,20020.0,20090.0,17595.94921875,236016
2017-09-04,20000.0,20020.0,19880.0,19900.0,17429.53515625,205416
2017-09-05,19950.0,19950.0,19750.0,19790.0,17333.189453125,210249
2017-09-06,19690.0,19760.0,19650.0,19760.0,17306.916015625,97510
2017-09-07,19830.0,19870.0,19760.0,19790.0,17333.189453125,205111
2017-09-08,19740.0,19750.0,19620.0,19660.0,17219.330078125,147822
2017-09-11,19840.0,19960.0,19820.0,19940.0,17464.572265625,166988
2017-09-12,20120.0,20190.0,20100.0,20170.0,17666.01953125,311385
2017-09-13,20270.0,20290.0,20240.0,20260.0,17744.845703125,188481
2017-09-14,20270.0,20320.0,20190.0,20220.0,17709.8125,187868
2017-09-15,20170.0,20340.0,20170.0,20310.0,17788.638671875,198237
2017-09-18,20310.0,20310.0,20310.0,20310.0,17788.638671875,0
2017-09-19,20530.0,20720.0,20530.0,20690.0,18121.458984375,816739
2017-09-20,20700.0,20750.0,20660.0,20710.0,18138.978515625,213978
2017-09-21,20870.0,20900.0,20740.0,20760.0,18182.7734375,487162
2017-09-22,20790.0,20820.0,20660.0,20700.0,18130.22265625,229822
2017-09-25,20830.0,20860.0,20770.0,20790.0,18209.05078125,184981
2017-09-26,20750.0,20790.0,20700.0,20710.0,18138.978515625,228591
2017-09-27,20790.0,20820.0,20750.0,20820.0,18235.322265625,183339
2017-09-28,20930.0,20940.0,20840.0,20920.0,18322.91015625,321985
2017-09-29,20840.0,20900.0,20820.0,20870.0,18279.119140625,252187
2017-10-02,20940.0,20940.0,20890.0,20940.0,18340.427734375,151521
2017-10-03,21000.0,21170.0,20980.0,21150.0,18524.357421875,662431
2017-10-04,21190.0,21230.0,21130.0,21170.0,18541.873046875,300058
2017-10-05,21190.0,21200.0,21150.0,21170.0,18541.873046875,228720
2017-10-06,21270.0,21270.0,21210.0,21250.0,18611.943359375,162078
2017-10-09,21250.0,21250.0,21250.0,21250.0,18611.943359375,0
2017-10-10,21210.0,21380.0,21210.0,21370.0,18717.044921875,358462
2017-10-11,21350.0,21450.0,21340.0,21440.0,18778.35546875,316874
2017-10-12,21510.0,21540.0,21470.0,21490.0,18822.146484375,183280
2017-10-13,21500.0,21780.0,21480.0,21720.0,19023.59375,451997
2017-10-16,21790.0,21920.0,21750.0,21830.0,19119.9375,375544
2017-10-17,21920.0,21960.0,21790.0,21900.0,19181.25,359294
2017-10-18,21930.0,21970.0,21870.0,21940.0,19216.283203125,185699
2017-10-19,22040.0,22080.0,21950.0,22000.0,19268.833984375,475802
2017-10-20,21940.0,22060.0,21920.0,22010.0,19277.59375,267679
2017-10-23,22310.0,22310.0,22190.0,22260.0,19496.556640625,265037
2017-10-24,22220.0,22380.0,22210.0,22370.0,19592.900390625,231632
2017-10-25,22480.0,22500.0,22220.0,22300.0,19531.58984375,268138
2017-10-26,22280.0,22370.0,22270.0,22320.0,19549.109375,175008
2017-10-27,22440.0,22610.0,22390.0,22590.0,19785.58984375,236903
2017-10-30,22610.0,22670.0,22490.0,22590.0,19785.58984375,401165
2017-10-31,22440.0,22610.0,22410.0,22580.0,19776.833984375,280303
2017-11-01,22770.0,23060.0,22760.0,23010.0,20153.451171875,514845
2017-11-02,23110.0,23140.0,23000.0,23140.0,20267.3125,302266
2017-11-03,23140.0,23140.0,23140.0,23140.0,20267.3125,0
2017-11-06,23220.0,23260.0,23030.0,23140.0,20267.3125,360529
2017-11-07,23120.0,23570.0,23120.0,23560.0,20635.16796875,446572
2017-11-08,23450.0,23540.0,23370.0,23540.0,20617.654296875,254372
2017-11-09,23620.0,24010.0,23120.0,23470.0,20556.34375,1250530
2017-11-10,23190.0,23330.0,23110.0,23300.0,20407.447265625,640840
2017-11-13,23220.0,23230.0,22970.0,22970.0,20118.4140625,377068
2017-11-14,22960.0,23150.0,22920.0,22990.0,20135.931640625,351062
2017-11-15,22860.0,22900.0,22600.0,22640.0,19829.3828125,719106
2017-11-16,22580.0,22990.0,22570.0,22960.0,20109.65625,414341
2017-11-17,23230.0,23370.0,22920.0,23010.0,20153.451171875,722737
2017-11-20,22910.0,23020.0,22810.0,22860.0,20022.072265625,274519
2017-11-21,23070.0,23170.0,23020.0,23040.0,20179.7265625,211336
2017-11-22,23240.0,23290.0,23120.0,23140.0,20267.3125,189782
2017-11-23,23140.0,23140.0,23140.0,23140.0,20267.3125,0
2017-11-24,23010.0,23170.0,22970.0,23140.0,20267.3125,238035
2017-11-27,23260.0,23270.0,23020.0,23100.0,20232.27734375,233737
2017-11-28,23060.0,23190.0,22960.0,23090.0,20223.515625,140929
2017-11-29,23230.0,23250.0,23140.0,23200.0,20319.861328125,285786
2017-11-30,23200.0,23360.0,23120.0,23350.0,20451.240234375,279160
2017-12-01,23550.0,23610.0,23280.0,23440.0,20530.068359375,358644
2017-12-04,23460.0,23470.0,23300.0,23330.0,20433.72265625,249497
2017-12-05,23200.0,23280.0,23120.0,23220.0,20337.375,152349
2017-12-06,23140.0,23140.0,22700.0,22770.0,19943.244140625,515197
2017-12-07,22950.0,23120.0,22910.0,23090.0,20223.515625,182727
2017-12-08,23210.0,23430.0,23150.0,23430.0,20521.30859375,501133
2017-12-11,23500.0,23550.0,23390.0,23550.0,20626.412109375,230348
2017-12-12,23540.0,23600.0,23440.0,23490.0,20573.861328125,267555
2017-12-13,23500.0,23500.0,23290.0,23360.0,20459.998046875,224779
2017-12-14,23330.0,23390.0,23240.0,23300.0,20407.447265625,191331
2017-12-15,23220.0,23360.0,23080.0,23160.0,20284.826171875,254955
2017-12-18,23370.0,23530.0,23340.0,23520.0,20600.134765625,314500
2017-12-19,23570.0,23610.0,23470.0,23480.0,20565.1015625,193207
2017-12-20,23440.0,23540.0,23410.0,23500.0,20582.6171875,140023
2017-12-21,23460.0,23500.0,23330.0,23470.0,20556.34375,189583
2017-12-22,23440.0,23510.0,23410.0,23480.0,20565.1015625,150986
2017-12-25,23500.0,23550.0,23470.0,23540.0,20617.654296875,67464
2017-12-26,23530.0,23540.0,23470.0,23490.0,20573.861328125,112306
2017-12-27,23510.0,23570.0,23500.0,23530.0,20608.896484375,132280
2017-12-28,23550.0,23590.0,23360.0,23390.0,20486.2734375,174425
2017-12-29,23480.0,23510.0,23370.0,23410.0,20503.791015625,231315
2018-01-01,23410.0,23410.0,23410.0,23410.0,20503.791015625,0
2018-01-02,23410.0,23410.0,23410.0,23410.0,20503.791015625,0
2018-01-03,23410.0,23410.0,23410.0,23410.0,20503.791015625,0
2018-01-04,23770.0,24150.0,23770.0,24150.0,21151.92578125,611004
2018-01-05,24280.0,24390.0,24170.0,24370.0,21344.615234375,495513
2018-01-08,24370.0,24370.0,24370.0,24370.0,21344.615234375,0
2018-01-09,24650.0,24650.0,24450.0,24510.0,21467.234375,363084
2018-01-10,24490.0,24520.0,24410.0,24440.0,21405.923828125,221450
2018-01-11,24330.0,24400.0,24250.0,24360.0,21335.853515625,710369
2018-01-12,24410.0,24410.0,24240.0,24310.0,21292.064453125,383357
2018-01-15,24460.0,24490.0,24340.0,24370.0,21344.615234375,193839
2018-01-16,24390.0,24620.0,24350.0,24610.0,21554.818359375,258414
2018-01-17,24430.0,24550.0,24400.0,24530.0,21484.75,255050
2018-01-18,24770.0,24780.0,24360.0,24430.0,21397.1640625,559985
2018-01-19,24500.0,24540.0,24400.0,24450.0,21414.68359375,309262
2018-01-22,24470.0,24470.0,24340.0,24470.0,21432.19921875,200760
2018-01-23,24600.0,24800.0,24580.0,24790.0,21712.47265625,325248
2018-01-24,24680.0,24740.0,24570.0,24630.0,21572.333984375,290971
2018-01-25,24410.0,24490.0,24300.0,24340.0,21318.337890625,474533
2018-01-26,24450.0,24470.0,24250.0,24300.0,21283.302734375,379006
2018-01-29,24400.0,24440.0,24230.0,24290.0,21274.54296875,303819
2018-01-30,24230.0,24230.0,23880.0,23940.0,20967.994140625,1238380
2018-01-31,23830.0,24030.0,23760.0,23770.0,20819.099609375,554453
2018-02-01,23960.0,24160.0,23870.0,24080.0,21090.615234375,525827
2018-02-02,23990.0,24000.0,23760.0,23920.0,20950.478515625,593576
2018-02-05,23450.0,23490.0,23280.0,23330.0,20433.72265625,1310751
2018-02-06,22340.0,22460.0,21660.0,22210.0,19452.763671875,2087265
2018-02-07,22880.0,22980.0,22230.0,22240.0,19479.0390625,766592
2018-02-08,22350.0,22590.0,22240.0,22510.0,19715.521484375,542201
2018-02-09,21730.0,22000.0,21690.0,21980.0,19251.318359375,1231760
2018-02-12,21980.0,21980.0,21980.0,21980.0,19251.318359375,0
2018-02-13,22300.0,22310.0,21790.0,21840.0,19128.697265625,631343
2018-02-14,21850.0,21960.0,21520.0,21740.0,19041.111328125,543994
2018-02-15,21990.0,22170.0,21890.0,22080.0,19338.900390625,514775
2018-02-16,22170.0,22470.0,22110.0,22300.0,19531.58984375,354263
2018-02-19,22490.0,22770.0,22450.0,22740.0,19916.966796875,244349
2018-02-20,22680.0,22680.0,22430.0,22530.0,19733.041015625,219940
2018-02-21,22560.0,22760.0,22440.0,22600.0,19794.349609375,251508
2018-02-22,22390.0,22410.0,22220.0,22340.0,19566.625,477684
2018-02-23,22400.0,22500.0,22340.0,22500.0,19706.759765625,156346
2018-02-26,22780.0,22870.0,22660.0,22780.0,19952.001953125,247765
2018-02-27,23010.0,23140.0,22960.0,23000.0,20144.69140625,285484
2018-02-28,22900.0,23000.0,22720.0,22730.0,19908.2109375,283416
2018-03-01,22550.0,22550.0,22260.0,22340.0,19566.625,657058
2018-03-02,21840.0,21880.0,21680.0,21790.0,19084.904296875,1087635
2018-03-05,21640.0,21760.0,21530.0,21660.0,18971.04296875,579576
2018-03-06,22040.0,22160.0,22010.0,22020.0,19286.349609375,266690
2018-03-07,21870.0,22090.0,21790.0,21840.0,19128.697265625,314391
2018-03-08,22100.0,22110.0,21890.0,21970.0,19242.556640625,180583
2018-03-09,22190.0,22490.0,21950.0,22090.0,19347.66015625,413390
2018-03-12,22550.0,22600.0,22300.0,22460.0,19671.7265625,489950
2018-03-13,22340.0,22590.0,22300.0,22590.0,19785.58984375,456448
2018-03-14,22390.0,22500.0,22290.0,22380.0,19601.662109375,248986
2018-03-15,22300.0,22440.0,22160.0,22430.0,19645.453125,206003
2018-03-16,22460.0,22480.0,22240.0,22300.0,19531.58984375,246857
2018-03-19,22130.0,22270.0,21960.0,22090.0,19347.66015625,234806
2018-03-20,21880.0,21990.0,21830.0,21990.0,19260.078125,189985
2018-03-21,21990.0,21990.0,21990.0,21990.0,19260.078125,0
2018-03-22,21960.0,22190.0,21960.0,22190.0,19435.248046875,330993
2018-03-23,21500.0,21600.0,21120.0,21160.0,18533.115234375,1093613
2018-03-26,20940.0,21330.0,20910.0,21320.0,18673.251953125,546959
2018-03-27,21570.0,21890.0,21530.0,21870.0,19154.97265625,522057
2018-03-28,21580.0,21770.0,21520.0,21760.0,19058.630859375,293491
2018-03-29,22020.0,22060.0,21750.0,21890.0,19172.48828125,232677
2018-03-30,22160.0,22280.0,22080.0,22210.0,19452.763671875,282830
2018-04-02,22200.0,22370.0,22160.0,22160.0,19408.97265625,246028
2018-04-03,21850.0,22100.0,21800.0,22060.0,19321.3828125,230554
2018-04-04,22190.0,22200.0,22000.0,22080.0,19338.900390625,238365
2018-04-05,22310.0,22520.0,22230.0,22440.0,19654.2109375,332249
2018-04-06,22410.0,22530.0,22320.0,22360.0,19584.142578125,312086
2018-04-09,22300.0,22520.0,22300.0,22450.0,19662.970703125,175185
2018-04-10,22370.0,22720.0,22300.0,22570.0,19768.0703125,306090
2018-04-11,22640.0,22640.0,22460.0,22460.0,19671.7265625,189354
2018-04-12,22460.0,22490.0,22350.0,22410.0,19627.935546875,180788
2018-04-13,22580.0,22690.0,22520.0,22580.0,19776.833984375,229998
2018-04-16,22610.0,22660.0,22550.0,22610.0,19803.10546875,142976
2018-04-17,22600.0,22680.0,22550.0,22630.0,19820.62109375,208353
2018-04-18,22700.0,22990.0,22700.0,22940.0,20092.138671875,313676
2018-04-19,23020.0,23150.0,22980.0,22980.0,20127.17578125,273027
2018-04-20,22940.0,23050.0,22870.0,22970.0,20118.4140625,156269
2018-04-23,22960.0,22990.0,22850.0,22880.0,20039.587890625,146557
2018-04-24,23030.0,23090.0,22940.0,23090.0,20223.515625,137995
2018-04-25,22900.0,23030.0,22870.0,23010.0,20153.451171875,121813
2018-04-26,23120.0,23190.0,23080.0,23110.0,20241.037109375,186081
2018-04-27,23200.0,23300.0,23160.0,23280.0,20389.9296875,345925
2018-04-30,23280.0,23280.0,23280.0,23280.0,20389.9296875,0
2018-05-01,23280.0,23340.0,23220.0,23310.0,20416.205078125,100036
2018-05-02,23370.0,23380.0,23230.0,23270.0,20381.173828125,133649
2018-05-03,23270.0,23270.0,23270.0,23270.0,20381.173828125,0
2018-05-04,23270.0,23270.0,23270.0,23270.0,20381.173828125,0
2018-05-07,23320.0,23330.0,23150.0,23270.0,20381.173828125,120964
2018-05-08,23230.0,23380.0,23230.0,23330.0,20433.72265625,129370
2018-05-09,23260.0,23290.0,23160.0,23210.0,20328.62109375,102020
2018-05-10,23300.0,23340.0,23220.0,23300.0,20407.447265625,107679
2018-05-11,23380.0,23590.0,23380.0,23590.0,20661.4453125,270463
2018-05-14,23580.0,23720.0,23560.0,23690.0,20749.03125,169429
2018-05-15,23720.0,23730.0,23620.0,23630.0,20696.478515625,202343
2018-05-16,23550.0,23610.0,23520.0,23540.0,20617.654296875,223068
2018-05-17,23630.0,23700.0,23620.0,23660.0,20722.75390625,206488
2018-05-18,23740.0,23780.0,23690.0,23740.0,20792.82421875,228489
2018-05-21,23770.0,23880.0,23750.0,23820.0,20862.892578125,242469
2018-05-22,23840.0,23850.0,23780.0,23780.0,20827.861328125,116875
2018-05-23,23700.0,23770.0,23470.0,23500.0,20582.6171875,288182
2018-05-24,23430.0,23460.0,23170.0,23240.0,20354.896484375,275243
2018-05-25,23180.0,23320.0,23120.0,23260.0,20372.412109375,183480
2018-05-28,23300.0,23350.0,23210.0,23270.0,20381.173828125,109307
2018-05-29,23240.0,23250.0,23040.0,23140.0,20267.3125,173683
2018-05-30,22800.0,22870.0,22720.0,22810.0,19978.279296875,415452
2018-05-31,22990.0,23050.0,22890.0,23000.0,20144.69140625,137049
2018-06-01,22940.0,23130.0,22900.0,22950.0,20100.8984375,165760
2018-06-04,23170.0,23320.0,23160.0,23290.0,20398.6875,141843
2018-06-05,23350.0,23400.0,23270.0,23350.0,20451.240234375,181239
2018-06-06,23340.0,23470.0,23310.0,23440.0,20530.068359375,139311
2018-06-07,23590.0,23670.0,23560.0,23650.0,20713.998046875,231649
2018-06-08,23610.0,23690.0,23510.0,23510.0,20591.37890625,464839
2018-06-11,23500.0,23660.0,23480.0,23630.0,20696.478515625,177007
2018-06-12,23800.0,23830.0,23600.0,23720.0,20775.306640625,317060
2018-06-13,23730.0,23810.0,23700.0,23780.0,20827.861328125,152091
2018-06-14,23670.0,23720.0,23570.0,23570.0,20643.927734375,167099
2018-06-15,23700.0,23710.0,23590.0,23660.0,20722.75390625,145676
2018-06-18,23620.0,23630.0,23420.0,23490.0,20573.861328125,129579
2018-06-19,23390.0,23430.0,23080.0,23100.0,20232.27734375,333104
2018-06-20,23140.0,23400.0,22970.0,23380.0,20477.51953125,283791
2018-06-21,23330.0,23600.0,23290.0,23500.0,20582.6171875,327871
2018-06-22,23250.0,23340.0,23200.0,23330.0,20433.72265625,227251
2018-06-25,23380.0,23380.0,23120.0,23160.0,20284.826171875,173982
2018-06-26,22990.0,23180.0,22910.0,23150.0,20276.072265625,234420
2018-06-27,23160.0,23190.0,23030.0,23070.0,20205.998046875,161255
2018-06-28,23040.0,23120.0,22870.0,23080.0,20214.7578125,307174
2018-06-29,23150.0,23150.0,22970.0,23110.0,20241.037109375,104995
2018-07-02,23060.0,23140.0,22610.0,22610.0,19803.10546875,590903
2018-07-03,22730.0,22770.0,22380.0,22620.0,19811.865234375,842752
2018-07-04,22160.0,22250.0,22070.0,22200.0,19444.005859375,561608
2018-07-05,22160.0,22220.0,21920.0,22020.0,19286.349609375,307927
2018-07-06,22130.0,22330.0,22090.0,22270.0,19505.31640625,278391
2018-07-09,22350.0,22560.0,22320.0,22500.0,20021.421875,143378
2018-07-10,22690.0,22790.0,22660.0,22690.0,20190.490234375,264340
2018-07-11,22490.0,22510.0,22210.0,22390.0,19923.5390625,255746
2018-07-12,22490.0,22700.0,22490.0,22670.0,20172.6953125,117819
2018-07-13,22910.0,23160.0,22900.0,23080.0,20537.529296875,421205
2018-07-16,23080.0,23080.0,23080.0,23080.0,20537.529296875,0
2018-07-17,23080.0,23320.0,23060.0,23180.0,20626.515625,247056
2018-07-18,23380.0,23430.0,23260.0,23260.0,20697.703125,262895
2018-07-19,23360.0,23390.0,23230.0,23240.0,20679.90625,240922
2018-07-20,23200.0,23350.0,23010.0,23180.0,20626.515625,245330
2018-07-23,22940.0,22980.0,22810.0,22860.0,20341.765625,203782
2018-07-24,23010.0,23030.0,22880.0,22990.0,20457.4453125,112080
2018-07-25,23080.0,23120.0,23010.0,23060.0,20519.732421875,135516
2018-07-26,23110.0,23110.0,23010.0,23040.0,20501.9375,121069
2018-07-27,23110.0,23170.0,23060.0,23170.0,20617.615234375,100846
2018-07-30,23070.0,23100.0,22980.0,23010.0,20475.2421875,115268
2018-07-31,22930.0,23170.0,22820.0,23040.0,20501.9375,259912
2018-08-01,23150.0,23250.0,23090.0,23220.0,20662.109375,130374
2018-08-02,23140.0,23230.0,22930.0,22970.0,20439.6484375,239299
2018-08-03,23080.0,23100.0,22970.0,22990.0,20457.4453125,152571
2018-08-06,23010.0,23100.0,22960.0,22990.0,20457.4453125,86172
2018-08-07,23030.0,23130.0,23000.0,23120.0,20573.123046875,107400
2018-08-08,23120.0,23270.0,23080.0,23140.0,20590.923828125,144597
2018-08-09,23060.0,23110.0,22970.0,23090.0,20546.427734375,105585
2018-08-10,23080.0,23090.0,22740.0,22770.0,20261.6796875,411160
2018-08-13,22620.0,22630.0,22320.0,22370.0,19905.744140625,876556
2018-08-14,22510.0,22820.0,22490.0,22800.0,20288.375,208761
2018-08-15,22820.0,22830.0,22570.0,22690.0,20190.490234375,114297
2018-08-16,22440.0,22710.0,22350.0,22680.0,20181.595703125,356970
2018-08-17,22800.0,22810.0,22700.0,22740.0,20234.984375,138638
2018-08-20,22700.0,22750.0,22620.0,22650.0,20154.900390625,153760
2018-08-21,22580.0,22770.0,22520.0,22700.0,20199.390625,168314
2018-08-22,22700.0,22850.0,22620.0,22810.0,20297.275390625,80965
2018-08-23,22870.0,22930.0,22850.0,22880.0,20359.564453125,110272
2018-08-24,22950.0,23070.0,22910.0,23060.0,20519.732421875,218600
2018-08-27,23150.0,23310.0,23150.0,23290.0,20724.3984375,262550
2018-08-28,23450.0,23470.0,23280.0,23280.0,20715.501953125,310100
2018-08-29,23320.0,23450.0,23310.0,23330.0,20759.990234375,153099
2018-08-30,23500.0,23530.0,23320.0,23370.0,20795.5859375,337866
2018-08-31,23190.0,23380.0,23160.0,23330.0,20759.990234375,171024
2018-09-03,23290.0,23310.0,23180.0,23190.0,20635.41015625,64120
2018-09-04,23230.0,23240.0,23100.0,23190.0,20635.41015625,98112
2018-09-05,23150.0,23180.0,23060.0,23080.0,20537.529296875,125696
2018-09-06,22960.0,23040.0,22920.0,22960.0,20430.75,250909
2018-09-07,22820.0,22850.0,22660.0,22780.0,20270.576171875,256507
2018-09-10,22740.0,22880.0,22730.0,22870.0,20350.666015625,180635
2018-09-11,22950.0,23160.0,22930.0,23150.0,20599.822265625,226175
2018-09-12,23200.0,23200.0,23000.0,23070.0,20528.6328125,143071
2018-09-13,23130.0,23340.0,23120.0,23300.0,20733.294921875,307815
2018-09-14,23490.0,23590.0,23450.0,23590.0,20991.34765625,456886
2018-09-17,23590.0,23590.0,23590.0,23590.0,20991.34765625,0
2018-09-18,23540.0,23970.0,23530.0,23910.0,21276.09765625,1088896
2018-09-19,24240.0,24340.0,24170.0,24170.0,21507.45703125,979373
2018-09-20,24250.0,24290.0,24080.0,24170.0,21507.45703125,453676
2018-09-21,24360.0,24480.0,24270.0,24380.0,21694.32421875,538204
2018-09-24,24380.0,24380.0,24380.0,24380.0,21694.32421875,0
2018-09-25,24360.0,24440.0,24310.0,24440.0,21747.71484375,319775
2018-09-26,24490.0,24690.0,24480.0,24690.0,21970.171875,440128
2018-09-27,24600.0,24750.0,24420.0,24460.0,21765.509765625,512387
2018-09-28,24740.0,24950.0,24690.0,24780.0,22050.26171875,437328
2018-10-01,24840.0,24990.0,24800.0,24940.0,22192.63671875,371459
2018-10-02,25040.0,25120.0,24890.0,24930.0,22183.73828125,455624
2018-10-03,24890.0,24940.0,24700.0,24760.0,22032.462890625,250471
2018-10-04,24910.0,24930.0,24590.0,24610.0,21898.98828125,317376
2018-10-05,24450.0,24600.0,24390.0,24440.0,21747.71484375,441615
2018-10-08,24440.0,24440.0,24440.0,24440.0,21747.71484375,0
2018-10-09,24230.0,24250.0,24100.0,24140.0,21480.76171875,581453
2018-10-10,24190.0,24260.0,24030.0,24160.0,21498.55859375,502955
2018-10-11,23330.0,23490.0,23090.0,23240.0,20679.90625,1816593
2018-10-12,23140.0,23350.0,23040.0,23340.0,20768.888671875,597586
2018-10-15,23150.0,23160.0,22890.0,22900.0,20377.359375,905241
2018-10-16,22900.0,23180.0,22900.0,23180.0,20626.515625,406084
2018-10-17,23490.0,23590.0,23400.0,23450.0,20866.7734375,401355
2018-10-18,23490.0,23500.0,23270.0,23290.0,20724.3984375,263639
2018-10-19,22930.0,23180.0,22840.0,23160.0,20608.716796875,451971
2018-10-22,23010.0,23290.0,22900.0,23240.0,20679.90625,228139
2018-10-23,23030.0,23030.0,22610.0,22620.0,20128.201171875,1084174
2018-10-24,22800.0,22840.0,22530.0,22730.0,20226.0859375,319724
2018-10-25,22020.0,22120.0,21800.0,21880.0,19469.72265625,1349434
2018-10-26,22090.0,22100.0,21560.0,21770.0,19371.83984375,723209
2018-10-29,21940.0,22070.0,21700.0,21730.0,19336.244140625,311022
2018-10-30,21620.0,22180.0,21600.0,22040.0,19612.095703125,393191
2018-10-31,22300.0,22540.0,22180.0,22520.0,20039.21875,349800
2018-11-01,22440.0,22500.0,22240.0,22290.0,19834.5546875,303123
2018-11-02,22470.0,22940.0,22420.0,22880.0,20359.564453125,412763
2018-11-05,22590.0,22700.0,22500.0,22520.0,20039.21875,451749
2018-11-06,22660.0,22800.0,22640.0,22760.0,20252.78125,178035
2018-11-07,22810.0,23080.0,22620.0,22720.0,20217.189453125,496692
2018-11-08,23170.0,23230.0,23100.0,23120.0,20573.123046875,356699
2018-11-09,23090.0,23130.0,22860.0,22890.0,20368.4609375,307706
2018-11-12,22740.0,22970.0,22680.0,22900.0,20377.359375,172610
2018-11-13,22360.0,22450.0,22090.0,22440.0,19968.03515625,594771
2018-11-14,22470.0,22610.0,22390.0,22470.0,19994.728515625,267872
2018-11-15,22290.0,22450.0,22240.0,22430.0,19959.1328125,175887
2018-11-16,22460.0,22500.0,22290.0,22320.0,19861.251953125,243417
2018-11-19,22300.0,22480.0,22300.0,22440.0,19968.03515625,143325
2018-11-20,22180.0,22320.0,22150.0,22200.0,19754.470703125,304149
2018-11-21,21850.0,22180.0,21840.0,22150.0,19709.98046875,599971
2018-11-22,22210.0,22310.0,22100.0,22270.0,19816.759765625,155345
2018-11-23,22270.0,22270.0,22270.0,22270.0,19816.759765625,0
2018-11-26,22280.0,22450.0,22250.0,22440.0,19968.03515625,150063
2018-11-27,22590.0,22630.0,22440.0,22600.0,20110.408203125,511908
2018-11-28,22700.0,22840.0,22670.0,22810.0,20297.275390625,660984
2018-11-29,23060.0,23070.0,22870.0,22880.0,20359.564453125,613569
2018-11-30,22910.0,23000.0,22860.0,22990.0,20457.4453125,242569
2018-12-03,23310.0,23350.0,23190.0,23210.0,20653.2109375,792079
2018-12-04,23200.0,23220.0,22660.0,22680.0,20181.595703125,716953
2018-12-05,22460.0,22610.0,22330.0,22540.0,20057.017578125,780029
2018-12-06,22400.0,22430.0,21920.0,22100.0,19665.486328125,1065769
2018-12-07,22250.0,22370.0,22130.0,22290.0,19834.5546875,290382
2018-12-10,21830.0,21920.0,21790.0,21850.0,19443.02734375,379371
2018-12-11,21870.0,21900.0,21670.0,21770.0,19371.83984375,453628
2018-12-12,22010.0,22270.0,21940.0,22230.0,19781.166015625,616051
2018-12-13,22380.0,22490.0,22310.0,22420.0,19950.236328125,258876
2018-12-14,22300.0,22370.0,21960.0,21990.0,19567.60546875,222058
2018-12-17,21990.0,22170.0,21980.0,22120.0,19683.283203125,207441
2018-12-18,21840.0,21940.0,21700.0,21750.0,19354.044921875,324498
2018-12-19,21700.0,21790.0,21480.0,21590.0,19211.66796875,695027
2018-12-20,21360.0,21440.0,20860.0,20950.0,18642.16796875,1250050
2018-12-21,20870.0,20920.0,20590.0,20760.0,18473.1015625,490930
2018-12-24,20760.0,20760.0,20760.0,20760.0,18473.1015625,0
2018-12-25,20020.0,20020.0,19660.0,19710.0,17538.767578125,811773
2018-12-26,19890.0,20130.0,19520.0,19940.0,17743.431640625,805777
2018-12-27,20680.0,20820.0,20440.0,20660.0,18384.1171875,442286
2018-12-28,20560.0,20680.0,20490.0,20580.0,18312.92578125,244197
2018-12-31,20580.0,20580.0,20580.0,20580.0,18312.92578125,0
2019-01-04,20080.0,20130.0,19820.0,20130.0,17912.498046875,460311
2019-01-07,20750.0,20880.0,20620.0,20630.0,18357.419921875,484713
2019-01-08,20800.0,20960.0,20720.0,20820.0,18526.48828125,223498
2019-01-09,20980.0,21120.0,20940.0,21040.0,18722.2578125,286536
2019-01-10,20900.0,20970.0,20700.0,20780.0,18490.8984375,296219
2019-01-11,20960.0,21000.0,20900.0,20970.0,18659.966796875,189953
2019-01-15,20830.0,21190.0,20800.0,21150.0,18820.140625,312025
2019-01-16,21200.0,21200.0,20930.0,21050.0,18731.154296875,173808
2019-01-17,21150.0,21180.0,20950.0,21020.0,18704.45703125,125343
2019-01-18,21080.0,21310.0,21070.0,21280.0,18935.81640625,262316
2019-01-21,21490.0,21520.0,21300.0,21330.0,18980.30859375,229267
2019-01-22,21410.0,21440.0,21170.0,21220.0,18882.42578125,176331
2019-01-23,21060.0,21320.0,21060.0,21220.0,18882.42578125,203807
2019-01-24,21130.0,21250.0,21080.0,21190.0,18855.732421875,107853
2019-01-25,21220.0,21470.0,21220.0,21400.0,19042.595703125,335366
2019-01-28,21390.0,21390.0,21230.0,21260.0,18918.01953125,167840
2019-01-29,21140.0,21300.0,21020.0,21260.0,18918.01953125,141376
2019-01-30,21320.0,21330.0,21140.0,21180.0,18846.833984375,209323
2019-01-31,21520.0,21520.0,21310.0,21390.0,19033.69921875,378441
2019-02-01,21420.0,21550.0,21360.0,21400.0,19042.595703125,305859
2019-02-04,21430.0,21540.0,21430.0,21490.0,19122.681640625,101341
2019-02-05,21580.0,21590.0,21440.0,21450.0,19087.08984375,154755
2019-02-06,21550.0,21580.0,21480.0,21490.0,19122.681640625,131268
2019-02-07,21510.0,21540.0,21280.0,21370.0,19015.90234375,173929
2019-02-08,21110.0,21180.0,20920.0,20960.0,18651.06640625,336000
2019-02-12,21060.0,21510.0,21040.0,21480.0,19113.78515625,1158110
2019-02-13,21620.0,21840.0,21620.0,21760.0,19362.94140625,1493165
2019-02-14,21780.0,21870.0,21730.0,21750.0,19354.044921875,213760
2019-02-15,21630.0,21630.0,21470.0,21510.0,19140.48046875,174791
2019-02-18,21900.0,21940.0,21820.0,21920.0,19505.314453125,439734
2019-02-19,21900.0,21980.0,21850.0,21950.0,19532.01171875,164817
2019-02-20,21980.0,22140.0,21950.0,22050.0,19620.99609375,389451
2019-02-21,22050.0,22200.0,21950.0,22110.0,19674.384765625,459709
2019-02-22,22020.0,22100.0,21990.0,22070.0,19638.791015625,209329
2019-02-25,22200.0,22240.0,22140.0,22190.0,19745.572265625,200970
2019-02-26,22260.0,22270.0,22060.0,22100.0,19665.486328125,228886
2019-02-27,22150.0,22240.0,22150.0,22230.0,19781.166015625,146448
2019-02-28,22200.0,22200.0,22020.0,22020.0,19594.298828125,165705
2019-03-01,22130.0,22300.0,22130.0,22280.0,19825.658203125,286898
2019-03-04,22460.0,22530.0,22400.0,22510.0,20030.322265625,456822
2019-03-05,22390.0,22460.0,22320.0,22370.0,19905.744140625,173992
2019-03-06,22330.0,22350.0,22210.0,22280.0,19825.658203125,273145
2019-03-07,22110.0,22130.0,22050.0,22100.0,19665.486328125,250752
2019-03-08,21970.0,21980.0,21630.0,21660.0,19273.95703125,356545
2019-03-11,21710.0,21800.0,21580.0,21770.0,19371.83984375,116765
2019-03-12,22040.0,22230.0,22030.0,22190.0,19745.572265625,154044
2019-03-13,22090.0,22130.0,21840.0,21910.0,19496.41796875,107887
2019-03-14,22160.0,22180.0,21970.0,21990.0,19567.60546875,99776
2019-03-15,22040.0,22180.0,22040.0,22120.0,19683.283203125,193997
2019-03-18,22240.0,22280.0,22160.0,22230.0,19781.166015625,84007
2019-03-19,22230.0,22240.0,22090.0,22220.0,19772.263671875,77058
2019-03-20,22220.0,22280.0,22160.0,22260.0,19807.861328125,265979
2019-03-22,22260.0,22320.0,22140.0,22190.0,19745.572265625,121101
2019-03-25,21810.0,21860.0,21530.0,21580.0,19202.771484375,342747
2019-03-26,21810.0,22090.0,21810.0,22090.0,19656.58984375,191352
2019-03-27,22170.0,22210.0,22070.0,22150.0,19709.98046875,100621
2019-03-28,22030.0,22030.0,21790.0,21860.0,19451.92578125,248730
2019-03-29,22070.0,22120.0,21970.0,22030.0,19603.19921875,114123
2019-04-01,22380.0,22520.0,22320.0,22340.0,19879.048828125,474855
2019-04-02,22570.0,22590.0,22360.0,22380.0,19914.642578125,146023
2019-04-03,22390.0,22550.0,22320.0,22530.0,20048.1171875,159761
2019-04-04,22560.0,22630.0,22500.0,22560.0,20074.814453125,215069
2019-04-05,22570.0,22680.0,22570.0,22630.0,20137.1015625,239838
2019-04-08,22750.0,22760.0,22580.0,22600.0,20110.408203125,285448
2019-04-09,22610.0,22660.0,22540.0,22610.0,20119.3046875,80362
2019-04-10,22420.0,22520.0,22390.0,22500.0,20021.421875,92689
2019-04-11,22500.0,22560.0,22460.0,22550.0,20065.91796875,61520
2019-04-12,22680.0,22720.0,22540.0,22710.0,20208.291015625,170390
2019-04-15,22940.0,23060.0,22940.0,23030.0,20493.0390625,849297
2019-04-16,23000.0,23110.0,22980.0,23070.0,20528.6328125,271717
2019-04-17,23110.0,23200.0,23030.0,23140.0,20590.923828125,318681
2019-04-18,23130.0,23150.0,22910.0,22930.0,20404.0546875,187198
2019-04-19,23100.0,23110.0,23030.0,23050.0,20510.8359375,137955
2019-04-22,23060.0,23150.0,22960.0,23080.0,20537.529296875,105240
2019-04-23,23100.0,23130.0,22980.0,23120.0,20573.123046875,192546
2019-04-24,23200.0,23230.0,22980.0,23060.0,20519.732421875,353609
2019-04-25,23060.0,23200.0,23030.0,23170.0,20617.615234375,211249
2019-04-26,23030.0,23140.0,22930.0,23120.0,20573.123046875,329208
2019-05-07,23000.0,23020.0,22740.0,22790.0,20279.478515625,367653
2019-05-08,22470.0,22490.0,22360.0,22450.0,19976.931640625,399687
2019-05-09,22360.0,22400.0,22160.0,22270.0,19816.759765625,356703
2019-05-10,22260.0,22440.0,22010.0,22210.0,19763.369140625,357277
2019-05-13,22020.0,22110.0,21960.0,22020.0,19594.298828125,191955
2019-05-14,21670.0,21920.0,21580.0,21920.0,19505.314453125,755880
2019-05-15,21960.0,22020.0,21800.0,22020.0,19594.298828125,210364
2019-05-16,21990.0,21990.0,21770.0,21900.0,19487.517578125,217497
2019-05-17,22100.0,22230.0,22030.0,22110.0,19674.384765625,212176
2019-05-20,22130.0,22270.0,22130.0,22170.0,19727.77734375,110310
2019-05-21,22050.0,22160.0,21990.0,22110.0,19674.384765625,168050
2019-05-22,22240.0,22240.0,22110.0,22120.0,19683.283203125,92777
2019-05-23,22020.0,22050.0,21910.0,21970.0,19549.806640625,138758
2019-05-24,21760.0,21950.0,21740.0,21950.0,19532.01171875,312247
2019-05-27,22000.0,22070.0,21950.0,22020.0,19594.298828125,48302
2019-05-28,22050.0,22140.0,22030.0,22100.0,19665.486328125,140814
2019-05-29,21880.0,21900.0,21710.0,21830.0,19425.228515625,250440
2019-05-30,21700.0,21770.0,21630.0,21740.0,19345.14453125,333189
2019-05-31,21620.0,21640.0,21400.0,21410.0,19051.494140625,647805
2019-06-03,21150.0,21240.0,21100.0,21200.0,18864.630859375,558666
2019-06-04,21240.0,21270.0,21090.0,21210.0,18873.529296875,259075
2019-06-05,21550.0,21610.0,21500.0,21580.0,19202.771484375,282278
2019-06-06,21560.0,21660.0,21550.0,21580.0,19202.771484375,309214
2019-06-07,21680.0,21720.0,21630.0,21720.0,19327.345703125,300268
2019-06-10,21930.0,21990.0,21890.0,21960.0,19540.90625,394385
2019-06-11,21970.0,22070.0,21900.0,22070.0,19638.791015625,1504821
2019-06-12,21970.0,22100.0,21960.0,21980.0,19558.705078125,409740
2019-06-13,21880.0,21940.0,21760.0,21840.0,19434.126953125,117068
2019-06-14,21900.0,21950.0,21800.0,21940.0,19523.111328125,89325
2019-06-17,21900.0,22020.0,21880.0,21980.0,19558.705078125,72011
2019-06-18,21930.0,21980.0,21750.0,21850.0,19443.02734375,154595
2019-06-19,22110.0,22190.0,22100.0,22170.0,19727.77734375,301085
2019-06-20,22260.0,22330.0,22210.0,22290.0,19834.5546875,260746
2019-06-21,22320.0,22330.0,22050.0,22090.0,19656.58984375,107478
2019-06-24,22060.0,22150.0,22020.0,22110.0,19674.384765625,86796
2019-06-25,22100.0,22150.0,21940.0,22000.0,19576.501953125,172320
2019-06-26,21930.0,21990.0,21890.0,21950.0,19532.01171875,101979
2019-06-27,22000.0,22190.0,21980.0,22190.0,19745.572265625,115263
2019-06-28,22140.0,22180.0,22070.0,22110.0,19674.384765625,170586
2019-07-01,22520.0,22630.0,22430.0,22630.0,20137.1015625,748806
2019-07-02,22580.0,22660.0,22560.0,22600.0,20110.408203125,176666
2019-07-03,22570.0,22570.0,22430.0,22470.0,19994.728515625,198284
2019-07-04,22210.0,22230.0,22160.0,22160.0,19718.87890625,136993
2019-07-05,22170.0,22200.0,22120.0,22190.0,19745.572265625,97183
2019-07-08,22140.0,22140.0,21960.0,22020.0,19962.236328125,107437
2019-07-09,22070.0,22160.0,21980.0,22000.0,19944.107421875,87672
2019-07-10,22000.0,22070.0,21980.0,22020.0,19962.236328125,65983
2019-07-11,22020.0,22120.0,22000.0,22110.0,20043.828125,85466
2019-07-12,22160.0,22180.0,22060.0,22150.0,20080.08984375,68771
2019-07-16,22040.0,22100.0,21960.0,22010.0,19953.173828125,803583
2019-07-17,21950.0,21950.0,21850.0,21940.0,19889.712890625,86551
2019-07-18,21800.0,21800.0,21440.0,21490.0,19481.765625,580720
2019-07-19,21600.0,21940.0,21580.0,21910.0,19862.51953125,154619
2019-07-22,21860.0,21900.0,21780.0,21870.0,19826.255859375,115720
2019-07-23,21880.0,22150.0,21870.0,22080.0,20016.6328125,133606
2019-07-24,22200.0,22210.0,22140.0,22150.0,20080.08984375,84398
2019-07-25,22230.0,22290.0,22210.0,22240.0,20161.6796875,492988
2019-07-26,22150.0,22180.0,22060.0,22110.0,20043.828125,101115
2019-07-29,22120.0,22120.0,21980.0,22060.0,19998.5,138305
2019-07-30,22130.0,22260.0,22130.0,22160.0,20089.154296875,123714
2019-07-31,21990.0,22050.0,21930.0,21990.0,19935.041015625,95650
2019-08-01,21820.0,22020.0,21750.0,21990.0,19935.041015625,129960
2019-08-02,21580.0,21640.0,21410.0,21540.0,19527.095703125,467155
2019-08-05,21350.0,21390.0,20970.0,21180.0,19200.736328125,940761
2019-08-06,20520.0,21050.0,20490.0,21040.0,19073.818359375,796730
2019-08-07,21010.0,21020.0,20840.0,20960.0,19001.29296875,281725
2019-08-08,20980.0,21130.0,20910.0,21070.0,19101.015625,118031
2019-08-09,21250.0,21250.0,21130.0,21130.0,19155.40625,132048
2019-08-13,20850.0,20930.0,20800.0,20890.0,18937.837890625,128253
2019-08-14,21150.0,21150.0,21010.0,21080.0,19110.08203125,146391
2019-08-15,20680.0,20860.0,20620.0,20820.0,18874.375,263601
2019-08-16,20770.0,20900.0,20740.0,20880.0,18928.771484375,103182
2019-08-19,21050.0,21070.0,20940.0,21020.0,19055.685546875,78087
2019-08-20,21050.0,21130.0,21030.0,21120.0,19146.341796875,55358
2019-08-21,20940.0,21080.0,20920.0,21070.0,19101.015625,49132
2019-08-22,21160.0,21180.0,21020.0,21060.0,19091.94921875,84492
2019-08-23,21060.0,21180.0,21040.0,21170.0,19191.66796875,144447
2019-08-26,20590.0,20760.0,20580.0,20720.0,18783.72265625,321487
2019-08-27,20900.0,20970.0,20870.0,20890.0,18937.837890625,115437
2019-08-28,20920.0,20940.0,20870.0,20920.0,18965.033203125,183758
2019-08-29,20940.0,20950.0,20800.0,20920.0,18965.033203125,157944
2019-08-30,21120.0,21190.0,21080.0,21170.0,19191.66796875,159908
2019-09-02,21060.0,21120.0,21050.0,21080.0,19110.08203125,86629
2019-09-03,21030.0,21120.0,21020.0,21080.0,19110.08203125,66658
2019-09-04,21020.0,21150.0,21010.0,21130.0,19155.40625,252922
2019-09-05,21240.0,21620.0,21240.0,21560.0,19545.224609375,877319
2019-09-06,21660.0,21700.0,21610.0,21630.0,19608.681640625,350553
2019-09-09,21660.0,21800.0,21650.0,21770.0,19735.6015625,230197
2019-09-10,21850.0,21900.0,21810.0,21850.0,19808.125,482327
2019-09-11,21930.0,22090.0,21910.0,22050.0,19989.4375,355276
2019-09-12,22260.0,22300.0,22220.0,22260.0,20179.80859375,360260
2019-09-13,22390.0,22480.0,22300.0,22470.0,20370.185546875,282294
2019-09-17,22410.0,22510.0,22350.0,22470.0,20370.185546875,508020
2019-09-18,22480.0,22510.0,22430.0,22440.0,20342.990234375,218001
2019-09-19,22540.0,22740.0,22480.0,22530.0,20424.578125,574978
2019-09-20,22610.0,22680.0,22530.0,22540.0,20433.64453125,294323
2019-09-24,22550.0,22650.0,22550.0,22590.0,20478.97265625,188066
2019-09-25,22450.0,22500.0,22370.0,22500.0,20397.3828125,112063
2019-09-26,22640.0,22660.0,22460.0,22510.0,20406.447265625,137725
2019-09-27,22600.0,22600.0,22360.0,22490.0,20388.314453125,193731
2019-09-30,22380.0,22440.0,22300.0,22350.0,20261.400390625,161344
2019-10-01,22460.0,22580.0,22440.0,22530.0,20424.578125,106988
2019-10-02,22370.0,22430.0,22350.0,22420.0,20324.857421875,78298
2019-10-03,22020.0,22050.0,21900.0,21960.0,19907.84375,214781
2019-10-04,21960.0,22040.0,21910.0,22040.0,19980.37109375,79776
2019-10-07,22080.0,22100.0,21950.0,22000.0,19944.107421875,100891
2019-10-08,22110.0,22260.0,22100.0,22240.0,20161.6796875,197283
2019-10-09,22000.0,22090.0,21990.0,22090.0,20025.6953125,135435
2019-10-10,22080.0,22240.0,21940.0,22180.0,20107.287109375,187863
2019-10-11,22370.0,22450.0,22310.0,22420.0,20324.857421875,262209
2019-10-15,22720.0,22870.0,22690.0,22840.0,20705.609375,541876
2019-10-16,23150.0,23280.0,23090.0,23110.0,20950.37890625,493617
2019-10-17,23110.0,23180.0,23070.0,23110.0,20950.37890625,170818
2019-10-18,23190.0,23310.0,23130.0,23170.0,21004.76953125,196404
2019-10-21,23190.0,23250.0,23180.0,23210.0,21041.033203125,98411
2019-10-23,23330.0,23340.0,23150.0,23320.0,21140.751953125,167428
2019-10-24,23430.0,23460.0,23410.0,23430.0,21240.474609375,215375
2019-10-25,23450.0,23490.0,23370.0,23460.0,21267.669921875,233886
2019-10-28,23520.0,23550.0,23490.0,23530.0,21331.12890625,107031
2019-10-29,23610.0,23670.0,23600.0,23650.0,21439.916015625,208181
2019-10-30,23600.0,23630.0,23480.0,23510.0,21312.998046875,319141
2019-10-31,23590.0,23660.0,23540.0,23600.0,21394.5859375,280058
2019-11-01,23390.0,23520.0,23360.0,23520.0,21322.0625,131588
2019-11-05,23890.0,24010.0,23820.0,23950.0,21711.880859375,331972
2019-11-06,24010.0,24030.0,23930.0,23980.0,21739.076171875,162762
2019-11-07,23960.0,24020.0,23940.0,24000.0,21757.205078125,170920
2019-11-08,24250.0,24290.0,23990.0,24060.0,21811.599609375,203139
2019-11-11,24110.0,24160.0,24010.0,24010.0,21766.2734375,117508
2019-11-12,24010.0,24230.0,24000.0,24230.0,21965.71484375,98215
2019-11-13,24120.0,24130.0,23950.0,24020.0,21775.337890625,135471
2019-11-14,24000.0,24040.0,23740.0,23830.0,21603.091796875,194802
2019-11-15,23840.0,24030.0,23790.0,23990.0,21748.140625,118481
2019-11-18,23980.0,24100.0,23940.0,24080.0,21829.734375,182742
2019-11-19,24040.0,24070.0,23920.0,23980.0,21739.076171875,116472
2019-11-20,23850.0,23980.0,23760.0,23830.0,21603.091796875,249869
2019-11-21,23740.0,23780.0,23390.0,23710.0,21494.30859375,293005
2019-11-22,23720.0,23890.0,23700.0,23800.0,21575.896484375,128955
2019-11-25,23970.0,24020.0,23930.0,23990.0,21748.140625,141944
2019-11-26,24140.0,24310.0,24030.0,24060.0,21811.599609375,212545
2019-11-27,24130.0,24180.0,24110.0,24140.0,21884.125,105030
2019-11-28,24150.0,24170.0,24050.0,24090.0,21838.796875,117548
2019-11-29,24160.0,24170.0,23960.0,23980.0,21739.076171875,87290
2019-12-02,24050.0,24240.0,24050.0,24230.0,21965.71484375,191064
2019-12-03,23900.0,24070.0,23860.0,24050.0,21802.537109375,160562
2019-12-04,23810.0,23860.0,23710.0,23790.0,21566.830078125,294714
2019-12-05,23990.0,24050.0,23940.0,23990.0,21748.140625,117620
2019-12-06,24030.0,24100.0,24020.0,24050.0,21802.537109375,87103
2019-12-09,24240.0,24240.0,24050.0,24110.0,21856.9296875,81205
2019-12-10,24060.0,24130.0,24010.0,24110.0,21856.9296875,68054
2019-12-11,24100.0,24130.0,24010.0,24050.0,21802.537109375,130298
2019-12-12,24140.0,24160.0,24050.0,24110.0,21856.9296875,335301
2019-12-13,24590.0,24760.0,24540.0,24740.0,22428.056640625,502645
2019-12-16,24640.0,24740.0,24640.0,24670.0,22364.59765625,128381
2019-12-17,24790.0,24800.0,24710.0,24780.0,22464.3203125,205218
2019-12-18,24720.0,24750.0,24620.0,24630.0,22328.3359375,84059
2019-12-19,24600.0,24640.0,24530.0,24560.0,22264.873046875,81023
2019-12-20,24600.0,24600.0,24440.0,24530.0,22237.6796875,74626
2019-12-23,24600.0,24610.0,24500.0,24510.0,22219.548828125,161177
2019-12-24,24520.0,24540.0,24480.0,24520.0,22228.61328125,79992
2019-12-25,24520.0,24520.0,24480.0,24500.0,22210.482421875,43194
2019-12-26,24470.0,24620.0,24460.0,24600.0,22301.13671875,78170
2019-12-27,24660.0,24680.0,24570.0,24580.0,22283.005859375,84211
2019-12-30,24510.0,24520.0,24380.0,24410.0,22128.890625,140226
2020-01-06,24000.0,24050.0,23860.0,23910.0,21675.6171875,568225
2020-01-07,24030.0,24300.0,24010.0,24300.0,22029.171875,170307
2020-01-08,23900.0,24020.0,23650.0,23930.0,21693.75,396435
2020-01-09,24270.0,24500.0,24260.0,24440.0,22156.087890625,188019
2020-01-10,24500.0,24620.0,24480.0,24580.0,22283.005859375,113641
2020-01-14,24700.0,24790.0,24690.0,24730.0,22418.98828125,284075
2020-01-15,24660.0,24720.0,24610.0,24630.0,22328.3359375,87793
2020-01-16,24700.0,24710.0,24640.0,24670.0,22364.59765625,41870
2020-01-17,24830.0,24850.0,24740.0,24790.0,22473.380859375,209201
2020-01-20,24820.0,24840.0,24790.0,24810.0,22491.515625,42876
2020-01-21,24800.0,24800.0,24560.0,24570.0,22273.94140625,137274
2020-01-22,24550.0,24770.0,24550.0,24760.0,22446.185546875,179841
2020-01-23,24570.0,24630.0,24490.0,24510.0,22219.548828125,156663
2020-01-24,24590.0,24590.0,24480.0,24550.0,22255.8125,65779
2020-01-27,24060.0,24180.0,24010.0,24110.0,21856.9296875,382449
2020-01-28,23870.0,23950.0,23830.0,23940.0,21702.8125,320095
2020-01-29,24000.0,24100.0,23920.0,24100.0,21847.86328125,227687
2020-01-30,23980.0,24020.0,23590.0,23650.0,21439.916015625,311328
2020-01-31,23860.0,24130.0,23850.0,23910.0,21675.6171875,248984
2020-02-03,23480.0,23730.0,23440.0,23680.0,21467.111328125,271905
2020-02-04,23580.0,23820.0,23550.0,23770.0,21548.69921875,139834
2020-02-05,24050.0,24120.0,23950.0,24050.0,21802.537109375,161595
2020-02-06,24380.0,24730.0,24370.0,24620.0,22319.267578125,490808
2020-02-07,24690.0,24700.0,24480.0,24550.0,22255.8125,190122
2020-02-10,24330.0,24510.0,24330.0,24400.0,22119.828125,125517
2020-02-12,24580.0,24610.0,24450.0,24600.0,22301.13671875,126292
2020-02-13,24600.0,24640.0,24520.0,24550.0,22255.8125,109462
2020-02-14,24400.0,24460.0,24320.0,24390.0,22110.76171875,107805
2020-02-17,24230.0,24280.0,24050.0,24250.0,21983.84765625,156377
2020-02-18,24110.0,24130.0,23840.0,23900.0,21666.55078125,234627
2020-02-19,24040.0,24180.0,23950.0,24120.0,21865.994140625,155136
2020-02-20,24380.0,24530.0,24140.0,24210.0,21947.583984375,294014
2020-02-21,24130.0,24310.0,24080.0,24100.0,21847.86328125,107743
2020-02-25,23100.0,23450.0,23080.0,23330.0,21149.81640625,632502
2020-02-26,23030.0,23140.0,22810.0,23120.0,20959.443359375,442540
2020-02-27,22950.0,22970.0,22530.0,22640.0,20524.298828125,476633
2020-02-28,22070.0,22070.0,21590.0,21790.0,19753.728515625,729652
2020-03-02,21490.0,22270.0,21470.0,22040.0,19980.37109375,594518
2020-03-03,22370.0,22420.0,21770.0,21790.0,19753.728515625,588127
2020-03-04,21560.0,21910.0,21530.0,21780.0,19744.666015625,381730
2020-03-05,22090.0,22100.0,21890.0,22000.0,19944.107421875,282643
2020-03-06,21640.0,21720.0,21260.0,21360.0,19363.9140625,667152
2020-03-09,20530.0,20590.0,20070.0,20260.0,18366.70703125,853251
2020-03-10,19950.0,20600.0,19470.0,20470.0,18557.0859375,962009
2020-03-11,20310.0,20590.0,19990.0,20030.0,18158.201171875,666818
2020-03-12,19580.0,19750.0,18910.0,19140.0,17351.375,1315902
2020-03-13,17690.0,18730.0,17220.0,18020.0,16336.0361328125,1648442
2020-03-16,18140.0,18350.0,17480.0,17540.0,15900.89453125,628846
2020-03-17,17140.0,18120.0,16910.0,17520.0,15882.759765625,1600891
2020-03-18,17700.0,17940.0,17260.0,17940.0,16263.51171875,1108148
2020-03-19,17680.0,17750.0,16900.0,17080.0,15483.87890625,991335
2020-03-23,17050.0,17560.0,16970.0,17380.0,15755.8447265625,1292179
2020-03-24,18170.0,18670.0,18080.0,18620.0,16879.966796875,1149781
2020-03-25,19550.0,20170.0,19410.0,20110.0,18230.728515625,822301
2020-03-26,19500.0,19710.0,19070.0,19260.0,17460.16015625,599307
2020-03-27,19850.0,19930.0,19390.0,19630.0,17795.58203125,968569
2020-03-30,19340.0,19790.0,19310.0,19770.0,17922.5,478614
2020-03-31,19940.0,20110.0,19590.0,19700.0,17859.04296875,931826
2020-04-01,19360.0,19550.0,18590.0,18750.0,16997.818359375,745369
2020-04-02,18610.0,18870.0,18410.0,18540.0,16807.443359375,513795
2020-04-03,19370.0,19550.0,18350.0,18550.0,16816.5078125,292380
2020-04-06,18550.0,19430.0,18510.0,19350.0,17541.751953125,492258
2020-04-07,19750.0,19950.0,19290.0,19730.0,17886.23828125,621756
2020-04-08,19780.0,20250.0,19480.0,20130.0,18248.85546875,1005739
2020-04-09,20150.0,20190.0,19940.0,20090.0,18212.59375,523505
2020-04-10,20320.0,20320.0,20010.0,20250.0,18357.646484375,527357
2020-04-13,20040.0,20150.0,19770.0,19780.0,17931.56640625,346662
2020-04-14,19920.0,20510.0,19880.0,20400.0,18493.626953125,655319
2020-04-15,20330.0,20450.0,20240.0,20330.0,18430.16796875,269702
2020-04-16,20050.0,20140.0,19930.0,20090.0,18212.59375,943838
2020-04-17,20460.0,20730.0,20400.0,20670.0,18738.39453125,659076
2020-04-20,20380.0,20580.0,20370.0,20470.0,18557.0859375,356732
2020-04-21,20240.0,20320.0,19960.0,20070.0,18194.46484375,424853
2020-04-22,19870.0,19910.0,19620.0,19910.0,18049.41796875,449787
2020-04-23,20070.0,20200.0,20000.0,20180.0,18294.185546875,253402
2020-04-24,20120.0,20130.0,19940.0,20030.0,18158.201171875,177008
2020-04-27,20250.0,20610.0,20230.0,20550.0,18629.607421875,425131
2020-04-28,20590.0,20640.0,20420.0,20560.0,18638.671875,908341
2020-04-30,21090.0,21190.0,21000.0,21000.0,19037.556640625,765904
2020-05-01,20760.0,20760.0,20340.0,20430.0,18520.82421875,442330
2020-05-07,20220.0,20520.0,20210.0,20440.0,18529.888671875,344214
2020-05-08,20750.0,20990.0,20700.0,20980.0,19019.42578125,367481
2020-05-11,21150.0,21370.0,21120.0,21200.0,19218.8671875,364731
2020-05-12,21250.0,21280.0,21110.0,21210.0,19227.93359375,268385
2020-05-13,20900.0,21150.0,20860.0,21070.0,19101.015625,303835
2020-05-14,20950.0,21000.0,20700.0,20700.0,18765.58984375,253993
2020-05-15,20960.0,21010.0,20630.0,20820.0,18874.375,392950
2020-05-18,20920.0,21020.0,20800.0,20940.0,18983.1640625,207463
2020-05-19,21490.0,21490.0,21250.0,21280.0,19291.390625,372702
2020-05-20,21270.0,21520.0,21260.0,21420.0,19418.30859375,374578
2020-05-21,21550.0,21570.0,21330.0,21390.0,19391.111328125,271672
2020-05-22,21400.0,21450.0,21140.0,21200.0,19218.8671875,304409
2020-05-25,21520.0,21560.0,21400.0,21560.0,19545.224609375,355334
2020-05-26,21800.0,22190.0,21770.0,22120.0,20052.89453125,699713
2020-05-27,22110.0,22340.0,22000.0,22280.0,20197.94140625,535026
2020-05-28,22570.0,22800.0,22450.0,22800.0,20669.345703125,1115436
2020-05-29,22680.0,22840.0,22580.0,22750.0,20624.017578125,395394
2020-06-01,22810.0,23060.0,22780.0,22930.0,20787.19921875,427046
2020-06-02,23070.0,23310.0,23010.0,23250.0,21077.294921875,448387
2020-06-03,23680.0,23740.0,23370.0,23600.0,21394.5859375,864987
2020-06-04,23840.0,23870.0,23410.0,23600.0,21394.5859375,451929
2020-06-05,23550.0,23780.0,23470.0,23770.0,21548.69921875,486638
2020-06-08,24100.0,24110.0,23950.0,24070.0,21820.666015625,408090
2020-06-09,24060.0,24120.0,23850.0,24030.0,21784.40234375,434102
2020-06-10,23830.0,24100.0,23810.0,24020.0,21775.337890625,400456
2020-06-11,23680.0,23860.0,23370.0,23390.0,21204.2109375,806637
2020-06-12,22890.0,23250.0,22660.0,23160.0,20995.705078125,909561
2020-06-15,23010.0,23140.0,22400.0,22480.0,20379.25,774155
2020-06-16,23040.0,23550.0,22960.0,23490.0,21294.865234375,756813
2020-06-17,23430.0,23450.0,23210.0,23370.0,21186.080078125,271101
2020-06-18,23280.0,23330.0,23010.0,23250.0,21077.294921875,303770
2020-06-19,23450.0,23460.0,23250.0,23380.0,21195.1484375,151097
2020-06-22,23230.0,23480.0,23200.0,23350.0,21167.951171875,207651
2020-06-23,23560.0,23600.0,23140.0,23440.0,21249.5390625,338906
2020-06-24,23450.0,23580.0,23380.0,23460.0,21267.669921875,185897
2020-06-25,23170.0,23330.0,23070.0,23180.0,21013.8359375,402643
2020-06-26,23390.0,23480.0,23300.0,23410.0,21222.34375,193856
2020-06-29,23170.0,23210.0,22870.0,22930.0,20787.19921875,481814
2020-06-30,23340.0,23370.0,23190.0,23190.0,21022.900390625,294821
2020-07-01,23280.0,23280.0,22960.0,23020.0,20868.787109375,211225
2020-07-02,23100.0,23180.0,22980.0,23060.0,20905.05078125,198387
2020-07-03,23190.0,23230.0,23070.0,23230.0,21059.1640625,177905
2020-07-06,23220.0,23640.0,23220.0,23630.0,21421.78515625,484130
2020-07-07,23220.0,23300.0,23090.0,23140.0,20977.576171875,412560
2020-07-08,23060.0,23220.0,22990.0,23000.0,21207.166015625,174104
2020-07-09,23090.0,23230.0,23020.0,23100.0,21299.369140625,198601
2020-07-10,23090.0,23110.0,22850.0,22860.0,21078.076171875,198906
2020-07-13,23170.0,23320.0,23110.0,23300.0,21483.77734375,382879
2020-07-14,23150.0,23220.0,23090.0,23140.0,21336.25390625,215826
2020-07-15,23370.0,23510.0,23360.0,23480.0,21649.748046875,326427
2020-07-16,23470.0,23480.0,23300.0,23320.0,21502.220703125,572932
2020-07-17,23350.0,23410.0,23190.0,23230.0,21419.236328125,173942
2020-07-20,23330.0,23330.0,23120.0,23250.0,21437.677734375,140609
2020-07-21,23360.0,23480.0,23350.0,23430.0,21603.646484375,211458
2020-07-22,23360.0,23410.0,23280.0,23300.0,21483.77734375,165726
2020-07-27,23010.0,23290.0,22960.0,23260.0,21446.8984375,145332
2020-07-28,23260.0,23390.0,23190.0,23230.0,21419.236328125,217089
2020-07-29,23110.0,23120.0,22910.0,22950.0,21161.0625,258547
2020-07-30,23070.0,23080.0,22870.0,22890.0,21105.736328125,180795
2020-07-31,22810.0,22840.0,22230.0,22270.0,20534.068359375,543841
2020-08-03,22520.0,22750.0,22450.0,22700.0,20930.548828125,239651
2020-08-04,22950.0,23140.0,22940.0,23110.0,21308.58984375,217902
2020-08-05,23020.0,23100.0,22900.0,23040.0,21244.044921875,203012
2020-08-06,23010.0,23120.0,22890.0,22940.0,21151.84375,140957
2020-08-07,22960.0,22970.0,22740.0,22860.0,21078.076171875,151266
2020-08-11,23080.0,23300.0,23050.0,23280.0,21465.33984375,342495
2020-08-12,23290.0,23410.0,23200.0,23380.0,21557.544921875,311739
2020-08-13,23730.0,23860.0,23690.0,23800.0,21944.8046875,745202
2020-08-14,23890.0,23890.0,23770.0,23820.0,21963.24609375,223822
2020-08-17,23750.0,23810.0,23610.0,23650.0,21806.498046875,189490
2020-08-18,23650.0,23670.0,23480.0,23600.0,21760.39453125,167586
2020-08-19,23530.0,23700.0,23510.0,23680.0,21834.158203125,127811
2020-08-20,23550.0,23630.0,23390.0,23430.0,21603.646484375,197557
2020-08-21,23570.0,23690.0,23460.0,23510.0,21677.412109375,187607
2020-08-24,23480.0,23560.0,23390.0,23530.0,21695.8515625,127407
2020-08-25,23810.0,23990.0,23780.0,23830.0,21972.466796875,450946
2020-08-26,23810.0,23900.0,23760.0,23820.0,21963.24609375,204253
2020-08-27,23880.0,23910.0,23720.0,23750.0,21898.703125,106997
2020-08-28,23810.0,23940.0,23110.0,23450.0,21622.0859375,1057782
2020-08-31,23770.0,23900.0,23700.0,23700.0,21852.6015625,273309
2020-09-01,23660.0,23770.0,23600.0,23700.0,21852.6015625,206540
2020-09-02,23840.0,23840.0,23730.0,23800.0,21944.8046875,118177
2020-09-03,24150.0,24160.0,23990.0,24030.0,22156.875,268628
2020-09-04,23650.0,23830.0,23630.0,23760.0,21907.923828125,256521
2020-09-07,23700.0,23780.0,23650.0,23660.0,21815.716796875,194350
2020-09-08,23760.0,23840.0,23680.0,23820.0,21963.24609375,203540
2020-09-09,23490.0,23620.0,23430.0,23590.0,21751.171875,368728
2020-09-10,23760.0,23800.0,23680.0,23780.0,21926.365234375,240640
2020-09-11,23770.0,23970.0,23730.0,23950.0,22083.115234375,158287
2020-09-14,24090.0,24150.0,24070.0,24120.0,22239.861328125,138945
2020-09-15,24020.0,24030.0,23910.0,23990.0,22119.994140625,240654
2020-09-16,24000.0,24060.0,23950.0,24020.0,22147.65625,137270
2020-09-17,23980.0,24000.0,23820.0,23890.0,22027.7890625,247797
2020-09-18,23900.0,23950.0,23840.0,23930.0,22064.671875,211610
2020-09-23,23790.0,23930.0,23710.0,23920.0,22055.451171875,163792
2020-09-24,23750.0,23790.0,23580.0,23640.0,21797.27734375,191212
2020-09-25,23770.0,23830.0,23710.0,23760.0,21907.923828125,153975
2020-09-28,23920.0,24060.0,23850.0,24060.0,22184.537109375,265696
2020-09-29,24100.0,24320.0,24050.0,24240.0,22350.5078125,346780
2020-09-30,24190.0,24230.0,23860.0,23880.0,22018.568359375,255585
2020-10-02,24090.0,24090.0,23650.0,23710.0,21861.822265625,353289
2020-10-05,23950.0,24070.0,23950.0,23990.0,22119.994140625,298320
2020-10-06,24090.0,24130.0,24020.0,24120.0,22239.861328125,173763
2020-10-07,23980.0,24130.0,23960.0,24100.0,22221.421875,138373
2020-10-08,24200.0,24400.0,24170.0,24340.0,22442.712890625,221580
2020-10-09,24440.0,24440.0,24250.0,24300.0,22405.830078125,151220
2020-10-12,24290.0,24300.0,24210.0,24280.0,22387.390625,98556
2020-10-13,24350.0,24360.0,24200.0,24290.0,22396.609375,103881
2020-10-14,24250.0,24370.0,24220.0,24340.0,22442.712890625,187251
2020-10-15,24260.0,24290.0,24160.0,24220.0,22332.06640625,154401
2020-10-16,24210.0,24240.0,24080.0,24130.0,22249.08203125,89087
2020-10-19,24250.0,24410.0,24250.0,24390.0,22488.814453125,184137
2020-10-20,24300.0,24370.0,24220.0,24260.0,22368.947265625,185857
2020-10-21,24330.0,24400.0,24310.0,24350.0,22451.93359375,125493
2020-10-22,24250.0,24260.0,24150.0,24180.0,22295.18359375,178580
2020-10-23,24250.0,24280.0,24160.0,24240.0,22350.5078125,203600
2020-10-26,24240.0,24270.0,24180.0,24190.0,22304.404296875,50163
2020-10-27,24100.0,24190.0,23940.0,24190.0,22304.404296875,148227
2020-10-28,24080.0,24160.0,24040.0,24140.0,22258.302734375,238709
2020-10-29,23850.0,24070.0,23840.0,24030.0,22156.875,193175
2020-10-30,24000.0,24010.0,23640.0,23680.0,21834.158203125,345798
2020-11-02,23790.0,24060.0,23790.0,23990.0,22119.994140625,158791
2020-11-04,24480.0,24520.0,24240.0,24450.0,22544.138671875,399404
2020-11-05,24620.0,24910.0,24580.0,24870.0,22931.400390625,537042
2020-11-06,24880.0,25130.0,24820.0,25070.0,23115.8125,826645
2020-11-09,25300.0,25720.0,25280.0,25610.0,23613.716796875,305828
2020-11-10,26020.0,26060.0,25570.0,25660.0,23659.8203125,544194
2020-11-11,25940.0,26160.0,25900.0,26130.0,24093.181640625,339142
2020-11-12,26210.0,26360.0,26070.0,26300.0,24249.93359375,271562
2020-11-13,26180.0,26220.0,25980.0,26140.0,24102.404296875,177445
2020-11-16,26490.0,26700.0,26440.0,26680.0,24600.3125,248986
2020-11-17,26890.0,26890.0,26630.0,26770.0,24683.294921875,219961
2020-11-18,26660.0,26670.0,26420.0,26520.0,24452.78125,218735
2020-11-19,26390.0,26430.0,26240.0,26370.0,24314.474609375,197715
2020-11-20,26240.0,26320.0,26190.0,26300.0,24249.93359375,145732
2020-11-24,26740.0,27050.0,26730.0,26950.0,24849.263671875,268172
2020-11-25,27330.0,27520.0,27040.0,27060.0,24950.689453125,383545
2020-11-26,27060.0,27360.0,27040.0,27350.0,25218.0859375,190486
2020-11-27,27290.0,27470.0,27210.0,27430.0,25291.849609375,250965
2020-11-30,27660.0,27680.0,27200.0,27230.0,25107.439453125,180816
2020-12-01,27420.0,27670.0,27420.0,27610.0,25457.818359375,350224
2020-12-02,27680.0,27690.0,27490.0,27560.0,25411.71484375,644553
2020-12-03,27560.0,27680.0,27510.0,27610.0,25457.818359375,250514
2020-12-04,27500.0,27610.0,27440.0,27570.0,25420.9375,474708
2020-12-07,27680.0,27690.0,27300.0,27340.0,25208.86328125,344869
2020-12-08,27180.0,27320.0,27100.0,27270.0,25144.3203125,208762
2020-12-09,27340.0,27610.0,27330.0,27610.0,25457.818359375,212737
2020-12-10,27470.0,27640.0,27420.0,27550.0,25402.49609375,97164
2020-12-11,27550.0,27610.0,27330.0,27440.0,25301.072265625,169863
2020-12-14,27480.0,27660.0,27480.0,27530.0,25384.052734375,137341
2020-12-15,27470.0,27540.0,27400.0,27480.0,25337.951171875,150823
2020-12-16,27620.0,27670.0,27510.0,27560.0,25411.71484375,136802
2020-12-17,27570.0,27640.0,27480.0,27620.0,25467.037109375,71179
2020-12-18,27570.0,27620.0,27500.0,27570.0,25420.9375,77429
2020-12-21,27640.0,27700.0,27310.0,27490.0,25347.171875,169198
2020-12-22,27380.0,27440.0,27160.0,27190.0,25070.556640625,216755
2020-12-23,27360.0,27380.0,27200.0,27300.0,25171.982421875,91807
2020-12-24,27450.0,27550.0,27390.0,27440.0,25301.072265625,174088
2020-12-25,27470.0,27490.0,27440.0,27450.0,25310.2890625,63526
2020-12-28,27490.0,27630.0,27440.0,27610.0,25457.818359375,169431
2020-12-29,27770.0,28460.0,27750.0,28410.0,26195.458984375,319559
2020-12-30,28440.0,28450.0,28190.0,28340.0,26130.916015625,183140
2021-01-04,28480.0,28480.0,27870.0,28140.0,25946.50390625,247890
2021-01-05,27970.0,28130.0,27920.0,27990.0,25808.19921875,161161
2021-01-06,27930.0,28030.0,27830.0,27910.0,25734.431640625,251511
2021-01-07,28230.0,28470.0,28220.0,28310.0,26103.25390625,195656
2021-01-08,28580.0,28990.0,28530.0,28990.0,26730.248046875,363992
2021-01-12,28920.0,29160.0,28830.0,29040.0,26776.3515625,400835
2021-01-13,29030.0,29390.0,29010.0,29330.0,27043.74609375,221704
2021-01-14,29320.0,29880.0,29290.0,29590.0,27283.478515625,324341
2021-01-15,29760.0,29780.0,29360.0,29360.0,27071.408203125,312968
2021-01-18,29060.0,29230.0,28970.0,29130.0,26859.3359375,194071
2021-01-19,29300.0,29610.0,29270.0,29520.0,27218.93359375,211410
2021-01-20,29720.0,29730.0,29280.0,29420.0,27126.728515625,211592
2021-01-21,29630.0,29740.0,29560.0,29630.0,27320.361328125,201687
2021-01-22,29470.0,29590.0,29400.0,29510.0,27209.716796875,213937
2021-01-25,29590.0,29700.0,29440.0,29680.0,27366.462890625,197443
2021-01-26,29600.0,29630.0,29410.0,29430.0,27135.94921875,155319
2021-01-27,29590.0,29640.0,29420.0,29540.0,27237.376953125,142877
2021-01-28,28850.0,29240.0,28820.0,29060.0,26794.791015625,588749
2021-01-29,29190.0,29220.0,28520.0,28580.0,26352.208984375,445638
2021-02-01,28500.0,28980.0,28480.0,28940.0,26684.146484375,267763
2021-02-02,29140.0,29260.0,28960.0,29240.0,26960.76171875,219668
2021-02-03,29370.0,29580.0,29290.0,29580.0,27274.2578125,327790
2021-02-04,29440.0,29500.0,29200.0,29230.0,26951.5390625,292736
2021-02-05,29540.0,29680.0,29420.0,29670.0,27357.240234375,345149
2021-02-08,29740.0,30350.0,29710.0,30250.0,27892.03125,480675
2021-02-09,30450.0,30550.0,30250.0,30400.0,28030.337890625,275314
2021-02-10,30250.0,30500.0,30250.0,30500.0,28122.544921875,193104
2021-02-12,30550.0,30600.0,30300.0,30450.0,28076.443359375,162188
2021-02-15,30600.0,31050.0,30600.0,31050.0,28629.673828125,332465
2021-02-16,31150.0,31700.0,31100.0,31350.0,28906.2890625,421027
2021-02-17,31300.0,31350.0,31100.0,31250.0,28814.083984375,223311
2021-02-18,31300.0,31500.0,31050.0,31200.0,28767.978515625,214561
2021-02-19,30900.0,31100.0,30750.0,30950.0,28537.466796875,190780
2021-02-22,31250.0,31400.0,31000.0,31050.0,28629.673828125,166061
2021-02-24,30950.0,31050.0,30600.0,30600.0,28214.748046875,264802
2021-02-25,31150.0,31200.0,31000.0,31150.0,28721.87890625,215793
2021-02-26,30550.0,30600.0,29900.0,29900.0,27569.314453125,745894
2021-03-01,30450.0,30650.0,30400.0,30600.0,28214.748046875,259088
2021-03-02,30900.0,30950.0,30200.0,30300.0,27938.13671875,289012
2021-03-03,30400.0,30550.0,30250.0,30450.0,28076.443359375,196830
2021-03-04,30100.0,30200.0,29600.0,29840.0,27513.990234375,562465
2021-03-05,29640.0,29770.0,29190.0,29760.0,27440.2265625,727441
2021-03-08,30250.0,30250.0,29530.0,29590.0,27283.478515625,1530425
2021-03-09,29630.0,29960.0,29490.0,29900.0,27569.314453125,363844
2021-03-10,30100.0,30150.0,29860.0,29950.0,27615.41796875,331392
2021-03-11,29950.0,30200.0,29910.0,30100.0,27753.724609375,239981
2021-03-12,30250.0,30700.0,30100.0,30650.0,28260.8515625,317377
2021-03-15,30750.0,30850.0,30600.0,30700.0,28306.955078125,143310
2021-03-16,30650.0,30950.0,30650.0,30900.0,28491.365234375,206403
2021-03-17,30750.0,30900.0,30700.0,30850.0,28445.263671875,69520
2021-03-18,31050.0,31450.0,30950.0,31150.0,28721.87890625,229639
2021-03-19,30800.0,31000.0,30550.0,30700.0,28306.955078125,205981
2021-03-22,30250.0,30300.0,30000.0,30050.0,27707.623046875,408839
2021-03-23,30300.0,30400.0,29880.0,29880.0,27550.873046875,1062387
2021-03-24,29660.0,29750.0,29260.0,29300.0,27016.083984375,662131
2021-03-25,29340.0,29720.0,29290.0,29620.0,27311.138671875,326489
2021-03-26,29980.0,30150.0,29840.0,30050.0,27707.623046875,289902
2021-03-29,30450.0,30500.0,30100.0,30250.0,27892.03125,161905
2021-03-30,30450.0,30600.0,30350.0,30550.0,28168.6484375,160443
2021-03-31,30400.0,30450.0,30250.0,30300.0,27938.13671875,144122
2021-04-01,30550.0,30700.0,30400.0,30500.0,28122.544921875,183432
2021-04-02,30850.0,31000.0,30800.0,30950.0,28537.466796875,244895
2021-04-05,31200.0,31350.0,31100.0,31200.0,28767.978515625,213779
2021-04-06,31350.0,31350.0,30750.0,30800.0,28399.16015625,289993
2021-04-07,30850.0,31000.0,30600.0,30850.0,28445.263671875,226781
2021-04-08,30800.0,30850.0,30600.0,30850.0,28445.263671875,135770
2021-04-09,31000.0,31200.0,30850.0,30850.0,28445.263671875,210018
2021-04-12,30950.0,30950.0,30600.0,30700.0,28306.955078125,210300
2021-04-13,30700.0,31050.0,30700.0,30850.0,28445.263671875,311260
2021-04-14,30800.0,30800.0,30650.0,30750.0,28353.05859375,203763
2021-04-15,30650.0,30900.0,30650.0,30750.0,28353.05859375,256672
2021-04-16,30950.0,30950.0,30700.0,30850.0,28445.263671875,200231
2021-04-19,30850.0,30950.0,30600.0,30750.0,28353.05859375,290548
2021-04-20,30450.0,30500.0,30100.0,30200.0,27845.9296875,1042471
2021-04-21,29680.0,29850.0,29470.0,29570.0,27265.0390625,1064831
2021-04-22,29970.0,30300.0,29860.0,30200.0,27845.9296875,559679
2021-04-23,29960.0,30150.0,29830.0,30100.0,27753.724609375,275229
2021-04-26,30100.0,30350.0,29970.0,30250.0,27892.03125,261420
2021-04-27,30300.0,30300.0,30050.0,30100.0,27753.724609375,103647
2021-04-28,30000.0,30250.0,29950.0,30150.0,27799.828125,146511
2021-04-30,30050.0,30150.0,29830.0,29920.0,27587.755859375,325666
2021-05-06,30100.0,30550.0,30100.0,30450.0,28076.443359375,267008
2021-05-07,30450.0,30600.0,30300.0,30450.0,28076.443359375,175794
2021-05-10,30500.0,30800.0,30400.0,30600.0,28214.748046875,219537
2021-05-11,30350.0,30400.0,29600.0,29760.0,27440.2265625,714851
2021-05-12,29760.0,29920.0,28930.0,29230.0,26951.5390625,1106937
2021-05-13,28830.0,28850.0,28420.0,28500.0,26278.44140625,868409
2021-05-14,28860.0,29200.0,28760.0,29130.0,26859.3359375,260066
2021-05-17,29380.0,29400.0,28660.0,28880.0,26628.822265625,306339
2021-05-18,29010.0,29560.0,29010.0,29490.0,27191.271484375,251814
2021-05-19,29010.0,29280.0,28880.0,29090.0,26822.453125,247351
2021-05-20,28930.0,29230.0,28840.0,29120.0,26850.11328125,355742
2021-05-21,29370.0,29480.0,29240.0,29390.0,27099.06640625,229947
2021-05-24,29300.0,29660.0,29270.0,29420.0,27126.728515625,244659
2021-05-25,29630.0,29650.0,29510.0,29630.0,27320.361328125,120150
2021-05-26,29480.0,29790.0,29460.0,29710.0,27394.125,206277
2021-05-27,29630.0,29670.0,29420.0,29610.0,27301.919921875,214048
2021-05-28,30000.0,30300.0,29970.0,30200.0,27845.9296875,367888
2021-05-31,30100.0,30250.0,29870.0,29950.0,27615.41796875,193018
2021-06-01,30100.0,30200.0,29680.0,29910.0,27578.537109375,292080
2021-06-02,29790.0,30100.0,29630.0,30050.0,27707.623046875,315344
2021-06-03,29990.0,30250.0,29940.0,30200.0,27845.9296875,261954
2021-06-04,29990.0,30100.0,29850.0,30050.0,27707.623046875,791529
2021-06-07,30300.0,30350.0,30050.0,30050.0,27707.623046875,110555
2021-06-08,30150.0,30300.0,30000.0,30100.0,27753.724609375,122846
2021-06-09,30050.0,30050.0,29910.0,29970.0,27633.857421875,289797
2021-06-10,29900.0,30100.0,29870.0,30000.0,27661.51953125,266283
2021-06-11,30100.0,30200.0,29910.0,30050.0,27707.623046875,239918
2021-06-14,30250.0,30350.0,30100.0,30250.0,27892.03125,160229
2021-06-15,30350.0,30600.0,30350.0,30600.0,28214.748046875,350884
2021-06-16,30400.0,30550.0,30350.0,30450.0,28076.443359375,161096
2021-06-17,30250.0,30300.0,29950.0,30150.0,27799.828125,259960
2021-06-18,30200.0,30300.0,30050.0,30100.0,27753.724609375,85944
2021-06-21,29500.0,29500.0,28830.0,29070.0,26804.01171875,1194001
2021-06-22,29720.0,29970.0,29600.0,29930.0,27596.9765625,419113
2021-06-23,29980.0,30100.0,29930.0,29940.0,27606.1953125,165629
2021-06-24,29890.0,30050.0,29820.0,29930.0,27596.9765625,187913
2021-06-25,30150.0,30250.0,30050.0,30200.0,27845.9296875,151255
2021-06-28,30150.0,30250.0,30050.0,30100.0,27753.724609375,82614
2021-06-29,30000.0,30050.0,29820.0,29920.0,27587.755859375,289608
2021-06-30,29990.0,30150.0,29880.0,29890.0,27560.095703125,180693
2021-07-01,29950.0,29960.0,29710.0,29800.0,27477.107421875,165023
2021-07-02,29810.0,29960.0,29790.0,29860.0,27532.431640625,160976
2021-07-05,29810.0,29820.0,29630.0,29630.0,27320.361328125,1167707
2021-07-06,29750.0,29810.0,29640.0,29730.0,27412.56640625,444485
2021-07-07,29000.0,29150.0,28850.0,29090.0,26822.453125,475475
2021-07-08,29020.0,29100.0,28830.0,28830.0,26920.498046875,270790
2021-07-09,28380.0,28720.0,28110.0,28690.0,26789.76953125,757885
2021-07-12,29270.0,29320.0,29180.0,29260.0,27322.017578125,303525
2021-07-13,29420.0,29580.0,29420.0,29440.0,27490.095703125,221234
2021-07-14,29220.0,29420.0,29170.0,29330.0,27387.380859375,114464
2021-07-15,29240.0,29290.0,28940.0,28970.0,27051.224609375,611940
2021-07-16,28690.0,28920.0,28550.0,28720.0,26817.783203125,306207
2021-07-19,28340.0,28490.0,28180.0,28350.0,26472.2890625,453030
2021-07-20,28070.0,28260.0,28010.0,28100.0,26238.849609375,417704
2021-07-21,28480.0,28590.0,28120.0,28220.0,26350.900390625,202356
2021-07-26,28760.0,28760.0,28480.0,28530.0,26640.369140625,152676
2021-07-27,28610.0,28740.0,28570.0,28650.0,26752.419921875,240167
2021-07-28,28360.0,28510.0,28150.0,28280.0,26406.92578125,263250
2021-07-29,28460.0,28520.0,28350.0,28490.0,26603.017578125,159982
2021-07-30,28330.0,28380.0,27960.0,27990.0,26136.13671875,395786
2021-08-02,28240.0,28530.0,28210.0,28470.0,26584.341796875,238943
2021-08-03,28240.0,28420.0,28180.0,28340.0,26462.951171875,164518
2021-08-04,28290.0,28330.0,28170.0,28280.0,26406.92578125,128017
2021-08-05,28200.0,28440.0,28200.0,28420.0,26537.654296875,102699
2021-08-06,28460.0,28620.0,28400.0,28510.0,26621.693359375,90576
2021-08-10,28570.0,28840.0,28500.0,28590.0,26696.39453125,201863
2021-08-11,28760.0,28850.0,28680.0,28770.0,26864.47265625,155936
2021-08-12,28890.0,28980.0,28700.0,28710.0,26808.4453125,298064
2021-08-13,28760.0,28780.0,28640.0,28690.0,26789.76953125,118103
2021-08-16,28520.0,28520.0,28110.0,28210.0,26341.5625,252507
2021-08-17,28390.0,28450.0,28120.0,28130.0,26266.861328125,122023
2021-08-18,28090.0,28360.0,28040.0,28270.0,26397.58984375,161519
2021-08-19,28070.0,28200.0,27950.0,27980.0,26126.796875,293261
2021-08-20,27900.0,28010.0,27640.0,27700.0,25865.341796875,428120
2021-08-23,27890.0,28240.0,27890.0,28180.0,26313.548828125,175799
2021-08-24,28340.0,28510.0,28330.0,28440.0,26556.330078125,130532
2021-08-25,28500.0,28590.0,28360.0,28410.0,26528.31640625,133193
2021-08-26,28490.0,28520.0,28370.0,28410.0,26528.31640625,71032
2021-08-27,28270.0,28360.0,28160.0,28330.0,26453.615234375,94468
2021-08-30,28580.0,28640.0,28360.0,28480.0,26593.681640625,116014
2021-08-31,28380.0,28870.0,28300.0,28790.0,26883.1484375,390788
2021-09-01,28880.0,29190.0,28870.0,29170.0,27237.978515625,375158
2021-09-02,29220.0,29360.0,29130.0,29260.0,27322.017578125,251715
2021-09-03,29320.0,29890.0,29310.0,29840.0,27863.603515625,623128
2021-09-06,30300.0,30500.0,30200.0,30450.0,28433.201171875,580388
2021-09-07,30650.0,30850.0,30550.0,30650.0,28619.953125,433373
2021-09-08,30600.0,31000.0,30550.0,31000.0,28946.7734375,388772
2021-09-09,30700.0,30900.0,30650.0,30750.0,28713.33203125,165390
2021-09-10,30800.0,31150.0,30800.0,31150.0,29086.837890625,345550
2021-09-13,31150.0,31250.0,30950.0,31250.0,29180.212890625,150694
2021-09-14,31350.0,31600.0,31250.0,31500.0,29413.65625,341720
2021-09-15,31200.0,31350.0,31100.0,31250.0,29180.212890625,149643
2021-09-16,31400.0,31400.0,30950.0,31050.0,28993.458984375,197327
2021-09-17,31150.0,31350.0,31100.0,31250.0,29180.212890625,167810
2021-09-21,30600.0,30850.0,30500.0,30650.0,28619.953125,228973
2021-09-22,30550.0,30650.0,30300.0,30450.0,28433.201171875,337404
2021-09-24,31000.0,31050.0,30850.0,31000.0,28946.7734375,204306
2021-09-27,31050.0,31200.0,30950.0,31000.0,28946.7734375,99297
2021-09-28,30950.0,31000.0,30750.0,30950.0,28900.08203125,92451
2021-09-29,30500.0,30650.0,30250.0,30450.0,28433.201171875,274697
2021-09-30,30550.0,30600.0,30250.0,30450.0,28433.201171875,182686
2021-10-01,30200.0,30350.0,29590.0,29700.0,27732.875,651871
2021-10-04,30050.0,30050.0,29230.0,29360.0,27415.396484375,457169
2021-10-05,28800.0,28880.0,28330.0,28710.0,26808.4453125,833611
2021-10-06,28920.0,29100.0,28160.0,28400.0,26518.98046875,620508
2021-10-07,28560.0,28910.0,28490.0,28570.0,26677.71875,339362
2021-10-08,29020.0,29220.0,28910.0,28950.0,27032.55078125,331733
2021-10-11,28870.0,29490.0,28770.0,29410.0,27462.08203125,227443
2021-10-12,29340.0,29370.0,29060.0,29130.0,27200.626953125,195435
2021-10-13,28930.0,29270.0,28880.0,29050.0,27125.92578125,179055
2021-10-14,29170.0,29490.0,29130.0,29440.0,27490.095703125,163620
2021-10-15,29780.0,29990.0,29630.0,29990.0,28003.66796875,305185
2021-10-18,30000.0,30050.0,29840.0,29930.0,27947.64453125,128692
2021-10-19,30000.0,30200.0,29980.0,30200.0,28199.759765625,160396
2021-10-20,30350.0,30450.0,30100.0,30200.0,28199.759765625,130177
2021-10-21,30000.0,30150.0,29580.0,29630.0,27667.513671875,239681
2021-10-22,29510.0,29900.0,29440.0,29710.0,27742.212890625,292102
2021-10-25,29380.0,29570.0,29360.0,29500.0,27546.123046875,235140
2021-10-26,29860.0,30100.0,29810.0,30050.0,28059.693359375,355858
2021-10-27,29950.0,30050.0,29770.0,30000.0,28013.005859375,273200
2021-10-28,29710.0,29800.0,29590.0,29740.0,27770.224609375,222789
2021-10-29,29740.0,29930.0,29370.0,29840.0,27863.603515625,364462
2021-11-01,30350.0,30600.0,30300.0,30550.0,28526.578125,420432
2021-11-02,30450.0,30550.0,30350.0,30450.0,28433.201171875,141763
2021-11-04,30900.0,30900.0,30650.0,30750.0,28713.33203125,176152
2021-11-05,30750.0,30750.0,30400.0,30500.0,28479.88671875,134399
2021-11-08,30650.0,30700.0,30400.0,30400.0,28386.513671875,62233
2021-11-09,30600.0,30750.0,30150.0,30200.0,28199.759765625,200350
2021-11-10,30150.0,30250.0,29990.0,30050.0,28059.693359375,132642
2021-11-11,29930.0,30300.0,29930.0,30200.0,28199.759765625,114398
2021-11-12,30350.0,30600.0,30300.0,30600.0,28573.265625,99488
2021-11-15,30700.0,30800.0,30600.0,30750.0,28713.33203125,86706
2021-11-16,30700.0,30900.0,30600.0,30700.0,28666.642578125,108464
2021-11-17,30850.0,30850.0,30550.0,30650.0,28619.953125,73143
2021-11-18,30550.0,30650.0,30300.0,30550.0,28526.578125,140889
2021-11-19,30550.0,30700.0,30550.0,30700.0,28666.642578125,69411
2021-11-22,30500.0,30750.0,30450.0,30700.0,28666.642578125,95787
2021-11-24,30550.0,30700.0,30100.0,30250.0,28246.447265625,134190
2021-11-25,30400.0,30500.0,30350.0,30450.0,28433.201171875,75806
2021-11-26,30300.0,30300.0,29510.0,29680.0,27714.19921875,668439
2021-11-29,29250.0,29690.0,29075.0,29190.0,27256.654296875,468602
2021-11-30,29565.0,29620.0,28720.0,29300.0,27359.369140625,389590
2021-12-01,28800.0,29010.0,28460.0,28800.0,26892.484375,340555
2021-12-02,28480.0,28830.0,28475.0,28655.0,26757.087890625,275522
2021-12-03,28735.0,28915.0,28455.0,28915.0,26999.8671875,265306
2021-12-06,28890.0,28900.0,28560.0,28810.0,26901.82421875,98437
2021-12-07,29090.0,29525.0,28840.0,29475.0,27522.775390625,248429
2021-12-08,29765.0,29815.0,29525.0,29780.0,27807.578125,235726
2021-12-09,29725.0,29815.0,29650.0,29660.0,27695.5234375,99856
2021-12-10,29440.0,29600.0,29285.0,29325.0,27382.7109375,107953
2021-12-13,29590.0,29695.0,29490.0,29545.0,27588.142578125,80489
2021-12-14,29430.0,29575.0,29195.0,29335.0,27392.048828125,121496
2021-12-15,29240.0,29410.0,29235.0,29350.0,27406.05859375,69678
2021-12-16,29915.0,29995.0,29690.0,29995.0,28008.337890625,187794
2021-12-17,29735.0,29815.0,29405.0,29440.0,27490.095703125,123418
2021-12-20,29185.0,29330.0,28785.0,28835.0,26925.16796875,269638
2021-12-21,29265.0,29430.0,29115.0,29405.0,27457.4140625,231018
2021-12-22,29530.0,29585.0,29375.0,29440.0,27490.095703125,80686
2021-12-23,29610.0,29695.0,29545.0,29695.0,27728.20703125,137537
2021-12-24,29740.0,29775.0,29680.0,29715.0,27746.8828125,188253
2021-12-27,29670.0,29700.0,29560.0,29575.0,27616.15625,142502
2021-12-28,29880.0,30030.0,29780.0,29955.0,27970.986328125,238038
2021-12-29,29940.0,30040.0,29665.0,29830.0,27854.265625,88807
2021-12-30,29745.0,29845.0,29510.0,29770.0,27798.240234375,98771
2022-01-04,30020.0,30270.0,29895.0,30230.0,28227.771484375,199522
2022-01-05,30250.0,30370.0,30150.0,30290.0,28283.798828125,391670
2022-01-06,30020.0,30070.0,29430.0,29430.0,27480.7578125,264613
2022-01-07,29640.0,29755.0,29220.0,29425.0,27476.091796875,173376
2022-01-11,29295.0,29415.0,29005.0,29160.0,27228.640625,169828
2022-01-12,29420.0,29745.0,29400.0,29705.0,27737.544921875,123659
2022-01-13,29595.0,29595.0,29400.0,29435.0,27485.427734375,226357
2022-01-14,29195.0,29195.0,28805.0,29060.0,27135.265625,323987
2022-01-17,29255.0,29380.0,29205.0,29265.0,27326.6875,104930
2022-01-18,29380.0,29620.0,29045.0,29160.0,27228.640625,191232
2022-01-19,28730.0,28795.0,28230.0,28415.0,26532.982421875,588011
2022-01-20,28285.0,28795.0,28110.0,28675.0,26775.763671875,348200
2022-01-21,28185.0,28490.0,28025.0,28430.0,26546.990234375,357106
2022-01-24,28120.0,28535.0,28090.0,28485.0,26598.34765625,200719
2022-01-25,28360.0,28380.0,27775.0,28005.0,26150.140625,416617
2022-01-26,28015.0,28085.0,27745.0,27920.0,26070.76953125,289273
2022-01-27,28055.0,28090.0,26945.0,27040.0,25249.0546875,511168
2022-01-28,27395.0,27645.0,27160.0,27620.0,25790.638671875,290189
2022-01-31,27555.0,28025.0,27405.0,27910.0,26061.431640625,235677
2022-02-01,28185.0,28310.0,27905.0,27970.0,26117.4609375,218132
2022-02-02,28200.0,28460.0,28190.0,28425.0,26542.322265625,383414
2022-02-03,28120.0,28210.0,28055.0,28125.0,26262.19140625,161961
2022-02-04,28025.0,28340.0,27950.0,28315.0,26439.607421875,150950
2022-02-07,28170.0,28200.0,27970.0,28130.0,26266.861328125,193496
2022-02-08,28175.0,28355.0,28165.0,28190.0,26322.884765625,132975
2022-02-09,28390.0,28520.0,28300.0,28490.0,26603.017578125,117648
2022-02-10,28740.0,28780.0,28465.0,28610.0,26715.0703125,298264
2022-02-14,28000.0,28070.0,27820.0,27945.0,26094.11328125,368642
2022-02-15,28010.0,28040.0,27590.0,27730.0,25893.353515625,295033
2022-02-16,28320.0,28370.0,28235.0,28360.0,26481.62890625,140213
2022-02-17,28300.0,28330.0,27960.0,28135.0,26271.53125,316594
2022-02-18,27750.0,28105.0,27670.0,28020.0,26164.146484375,266445
2022-02-21,27545.0,27885.0,27425.0,27785.0,25944.71484375,191759
2022-02-22,27300.0,27425.0,27100.0,27330.0,25519.845703125,428660
2022-02-24,27130.0,27220.0,26670.0,26875.0,25094.984375,468456
2022-02-25,27170.0,27355.0,27090.0,27355.0,25543.193359375,224817
2022-02-28,27325.0,27540.0,27135.0,27415.0,25599.216796875,187038
2022-03-01,27730.0,27910.0,27715.0,27720.0,25884.017578125,128276
2022-03-02,27350.0,27480.0,27190.0,27260.0,25454.486328125,228397
2022-03-03,27560.0,27610.0,27375.0,27465.0,25645.908203125,134296
2022-03-04,27315.0,27325.0,26630.0,26875.0,25094.984375,368686
2022-03-07,26255.0,26320.0,25845.0,26090.0,24361.9765625,635701
2022-03-08,25705.0,26145.0,25590.0,25625.0,23927.775390625,302758
2022-03-09,25715.0,25925.0,25500.0,25540.0,23848.40625,336532
2022-03-10,26245.0,26590.0,26205.0,26530.0,24772.833984375,889919
2022-03-11,26250.0,26310.0,25795.0,26000.0,24277.9375,230640
2022-03-14,26200.0,26495.0,26130.0,26155.0,24422.671875,271752
2022-03-15,26060.0,26275.0,26055.0,26190.0,24455.35546875,221006
2022-03-16,26415.0,26710.0,26320.0,26615.0,24852.203125,641265
2022-03-17,27365.0,27580.0,27255.0,27510.0,25687.92578125,380400
2022-03-18,27490.0,27745.0,27470.0,27720.0,25884.017578125,345259
2022-03-22,28025.0,28190.0,28005.0,28095.0,26234.1796875,471383
2022-03-23,28580.0,28970.0,28580.0,28935.0,27018.54296875,762428
2022-03-24,28555.0,29025.0,28530.0,29020.0,27097.9140625,317856
2022-03-25,29255.0,29270.0,28860.0,29045.0,27121.255859375,438826
2022-03-28,28985.0,29000.0,28725.0,28860.0,26948.509765625,282115
2022-03-29,29075.0,29155.0,28975.0,29155.0,27223.974609375,230807
2022-03-30,29430.0,29450.0,28885.0,29175.0,27242.646484375,532437
2022-03-31,28900.0,29260.0,28900.0,29000.0,27079.23828125,272160
2022-04-01,28740.0,28890.0,28540.0,28835.0,26925.16796875,267351
2022-04-04,28810.0,28905.0,28725.0,28885.0,26971.85546875,214696
2022-04-05,29115.0,29120.0,28810.0,28940.0,27023.212890625,179427
2022-04-06,28645.0,28670.0,28345.0,28490.0,26603.017578125,187490
2022-04-07,28080.0,28110.0,27915.0,28005.0,26150.140625,357266
2022-04-08,28250.0,28325.0,27875.0,28105.0,26243.515625,205304
2022-04-11,27990.0,28125.0,27830.0,27935.0,26084.77734375,227539
2022-04-12,27685.0,27795.0,27405.0,27430.0,25613.224609375,223504
2022-04-13,27515.0,28005.0,27490.0,27985.0,26131.462890625,342535
2022-04-14,28045.0,28335.0,28015.0,28310.0,26434.939453125,237978
2022-04-15,27970.0,28350.0,27900.0,28240.0,26369.576171875,246567
2022-04-18,27925.0,27970.0,27680.0,27915.0,26066.103515625,235235
2022-04-19,28215.0,28230.0,27890.0,28120.0,26257.525390625,372741
2022-04-20,28370.0,28525.0,28195.0,28340.0,26462.951171875,234724
2022-04-21,28385.0,28720.0,28385.0,28680.0,26780.43359375,167409
2022-04-22,28250.0,28310.0,28020.0,28240.0,26369.576171875,294124
2022-04-25,27685.0,27885.0,27590.0,27685.0,25851.333984375,306849
2022-04-26,27915.0,27920.0,27705.0,27790.0,25949.380859375,258250
2022-04-27,27290.0,27510.0,27145.0,27490.0,25669.25,432121
2022-04-28,27505.0,27980.0,27435.0,27970.0,26117.4609375,340925
2022-05-02,27835.0,28070.0,27710.0,27905.0,26056.763671875,265498
2022-05-06,27855.0,28225.0,27650.0,28155.0,26290.20703125,484641
2022-05-09,27810.0,27850.0,27415.0,27415.0,25599.216796875,249648
2022-05-10,27195.0,27355.0,26855.0,27260.0,25454.486328125,341862
2022-05-11,27150.0,27400.0,27075.0,27325.0,25515.1796875,146941
2022-05-12,26995.0,27125.0,26775.0,26840.0,25062.30078125,271017
2022-05-13,27055.0,27595.0,27030.0,27530.0,25706.6015625,230259
2022-05-16,27960.0,27980.0,27555.0,27700.0,25865.341796875,266262
2022-05-17,27665.0,27840.0,27560.0,27795.0,25954.048828125,180865
2022-05-18,27975.0,28195.0,27870.0,28015.0,26159.478515625,154603
2022-05-19,27285.0,27575.0,27245.0,27510.0,25687.92578125,283176
2022-05-20,27595.0,27895.0,27540.0,27865.0,26019.412109375,128319
2022-05-23,28130.0,28185.0,27965.0,28125.0,26262.19140625,215166
2022-05-24,28145.0,28150.0,27880.0,27880.0,26033.41796875,216641
2022-05-25,27875.0,27935.0,27705.0,27810.0,25968.056640625,226015
2022-05-26,27805.0,28040.0,27720.0,27745.0,25907.36328125,198546
2022-05-27,28140.0,28155.0,27850.0,27905.0,26056.763671875,202372
2022-05-30,28280.0,28560.0,28195.0,28535.0,26645.037109375,283336
2022-05-31,28500.0,28630.0,28405.0,28420.0,26537.654296875,176115
2022-06-01,28430.0,28635.0,28430.0,28620.0,26724.40625,160766
2022-06-02,28535.0,28600.0,28410.0,28565.0,26673.05078125,206869
2022-06-03,28910.0,28945.0,28780.0,28910.0,26995.201171875,264423
2022-06-06,28710.0,29155.0,28670.0,29100.0,27172.615234375,258390
2022-06-07,29160.0,29280.0,29035.0,29130.0,27200.626953125,175565
2022-06-08,29295.0,29415.0,29265.0,29400.0,27452.744140625,178244
2022-06-09,29395.0,29575.0,29385.0,29430.0,27480.7578125,282620
2022-06-10,29200.0,29230.0,28960.0,29000.0,27079.23828125,247119
2022-06-13,28305.0,28350.0,28080.0,28135.0,26271.53125,518040
2022-06-14,27555.0,27795.0,27470.0,27765.0,25926.0390625,553186
2022-06-15,27735.0,27755.0,27435.0,27475.0,25655.244140625,353404
2022-06-16,27950.0,28085.0,27545.0,27545.0,25720.607421875,313983
2022-06-17,26805.0,27180.0,26745.0,27070.0,25277.0703125,574950
2022-06-20,27275.0,27300.0,26590.0,26840.0,25062.30078125,288786
2022-06-21,27195.0,27540.0,27075.0,27355.0,25543.193359375,223912
2022-06-22,27550.0,27565.0,27250.0,27275.0,25468.490234375,117966
2022-06-23,27205.0,27515.0,27130.0,27275.0,25468.490234375,134359
2022-06-24,27295.0,27630.0,27235.0,27605.0,25776.634765625,122144
2022-06-27,27920.0,28065.0,27785.0,28010.0,26154.810546875,187396
2022-06-28,27900.0,28170.0,27900.0,28170.0,26304.2109375,187894
2022-06-29,27930.0,28010.0,27825.0,27960.0,26108.12109375,154298
2022-06-30,27895.0,27895.0,27460.0,27510.0,25687.92578125,176707
2022-07-01,27550.0,27670.0,26970.0,27070.0,25277.0703125,243926
2022-07-04,27245.0,27395.0,27065.0,27310.0,25501.169921875,288108
2022-07-05,27565.0,27690.0,27425.0,27550.0,25725.27734375,278821
2022-07-06,27255.0,27440.0,27180.0,27260.0,25454.486328125,454825
2022-07-07,26965.0,27230.0,26800.0,27175.0,25375.115234375,186291
2022-07-08,27270.0,27555.0,27220.0,27255.0,25923.93359375,277260
2022-07-11,27570.0,27715.0,27355.0,27440.0,26099.900390625,356219
2022-07-12,27310.0,27345.0,26925.0,26985.0,25667.119140625,118640
2022-07-13,27050.0,27190.0,27035.0,27120.0,25795.52734375,73945
2022-07-14,27010.0,27365.0,26955.0,27290.0,25957.224609375,67749
2022-07-15,27440.0,27520.0,27210.0,27445.0,26104.65625,86177
2022-07-19,27630.0,27700.0,27445.0,27610.0,26261.595703125,232658
2022-07-20,28065.0,28345.0,28030.0,28335.0,26951.189453125,423696
2022-07-21,28250.0,28465.0,28220.0,28455.0,27065.330078125,149927
2022-07-22,28470.0,28630.0,28380.0,28575.0,27179.46875,172406
2022-07-25,28360.0,28525.0,28330.0,28365.0,26979.724609375,153505
2022-07-26,28335.0,28385.0,28205.0,28320.0,26936.921875,192973
2022-07-27,28220.0,28440.0,28185.0,28380.0,26993.994140625,138341
2022-07-28,28695.0,28700.0,28315.0,28480.0,27089.109375,201870
2022-07-29,28625.0,28685.0,28405.0,28480.0,27089.109375,102298
2022-08-01,28500.0,28660.0,28430.0,28660.0,27260.318359375,79378
2022-08-02,28505.0,28530.0,28205.0,28260.0,26879.853515625,179224
2022-08-03,28415.0,28525.0,28315.0,28425.0,27036.794921875,192021
2022-08-04,28645.0,28685.0,28550.0,28595.0,27198.4921875,121801
2022-08-05,28540.0,28870.0,28540.0,28850.0,27441.0390625,401525
2022-08-08,28745.0,28965.0,28730.0,28925.0,27512.375,107338
2022-08-09,28830.0,28875.0,28645.0,28680.0,27279.341796875,163540
2022-08-10,28590.0,28610.0,28405.0,28505.0,27112.88671875,183110
2022-08-12,28855.0,29220.0,28850.0,29220.0,27792.970703125,470413
2022-08-15,29350.0,29600.0,29350.0,29575.0,28130.6328125,414271
2022-08-16,29585.0,29635.0,29450.0,29560.0,28116.36328125,239373
2022-08-17,29655.0,29925.0,29650.0,29905.0,28444.513671875,370765
2022-08-18,29650.0,29705.0,29545.0,29630.0,28182.947265625,144016
2022-08-19,29795.0,29855.0,29610.0,29615.0,28168.677734375,118931
2022-08-22,29290.0,29525.0,29255.0,29475.0,28035.513671875,80918
2022-08-23,29255.0,29265.0,29085.0,29145.0,27721.6328125,163783
2022-08-24,29180.0,29200.0,28965.0,29020.0,27602.736328125,208911
2022-08-25,29085.0,29220.0,29050.0,29190.0,27764.43359375,183149
2022-08-26,29385.0,29490.0,29305.0,29305.0,27873.818359375,109515
2022-08-29,28605.0,28650.0,28465.0,28575.0,27179.46875,332023
2022-08-30,28775.0,28930.0,28640.0,28910.0,27498.109375,103460
2022-08-31,28600.0,28810.0,28585.0,28795.0,27388.724609375,149861
2022-09-01,28495.0,28520.0,28275.0,28360.0,26974.970703125,214734
2022-09-02,28445.0,28460.0,28265.0,28320.0,26936.921875,193229
2022-09-05,28250.0,28360.0,28195.0,28315.0,26932.166015625,62257
2022-09-06,28355.0,28500.0,28250.0,28305.0,26922.65625,72904
2022-09-07,28225.0,28240.0,27950.0,28110.0,26737.177734375,259238
2022-09-08,28425.0,28775.0,28420.0,28745.0,27341.16796875,174317
2022-09-09,28920.0,28995.0,28790.0,28930.0,27517.1328125,223706
2022-09-12,29215.0,29325.0,29145.0,29230.0,27802.48046875,197900
2022-09-13,29280.0,29375.0,29235.0,29320.0,27888.0859375,76678
2022-09-14,28505.0,28730.0,28470.0,28535.0,27141.421875,248157
2022-09-15,28580.0,28650.0,28495.0,28585.0,27188.982421875,96527
2022-09-16,28315.0,28360.0,28225.0,28250.0,26870.341796875,147944
2022-09-20,28500.0,28605.0,28315.0,28380.0,26993.994140625,104990
2022-09-21,28145.0,28160.0,27975.0,28000.0,26632.548828125,195728
2022-09-22,27740.0,27880.0,27620.0,27855.0,26494.6328125,351602
2022-09-26,27395.0,27410.0,27080.0,27100.0,25776.50390625,594138
2022-09-27,27225.0,27330.0,27170.0,27210.0,25881.130859375,496307
2022-09-28,27115.0,27180.0,26590.0,26780.0,25472.130859375,1091294
2022-09-29,27280.0,27355.0,27100.0,27340.0,26004.783203125,578340
2022-09-30,27075.0,27125.0,26650.0,26730.0,25424.57421875,762246
2022-10-03,26600.0,27090.0,26465.0,27070.0,25747.970703125,311255
2022-10-04,27570.0,27885.0,27520.0,27885.0,26523.166015625,344467
2022-10-05,28090.0,28095.0,27915.0,28010.0,26642.0625,172532
2022-10-06,28050.0,28295.0,28035.0,28210.0,26832.294921875,320578
2022-10-07,27830.0,28100.0,27805.0,28010.0,26642.0625,370189
2022-10-11,27565.0,27585.0,27250.0,27290.0,25957.224609375,333957
2022-10-12,27245.0,27380.0,27175.0,27280.0,25947.71484375,239813
2022-10-13,27285.0,27285.0,27110.0,27110.0,25786.017578125,178311
2022-10-14,27750.0,28075.0,27670.0,28000.0,26632.548828125,470297
2022-10-17,27635.0,27715.0,27535.0,27670.0,26318.66796875,145083
2022-10-18,28130.0,28170.0,27805.0,28075.0,26703.88671875,166625
2022-10-19,28120.0,28275.0,28090.0,28155.0,26779.982421875,137017
2022-10-20,27860.0,27985.0,27765.0,27905.0,26542.189453125,221942
2022-10-21,27830.0,27875.0,27760.0,27780.0,26423.294921875,76582
2022-10-24,28155.0,28215.0,27870.0,27870.0,26508.8984375,210399
2022-10-25,28075.0,28240.0,27985.0,28140.0,26765.712890625,192953
2022-10-26,28310.0,28490.0,28310.0,28325.0,26941.6796875,196686
2022-10-27,28325.0,28355.0,28230.0,28230.0,26851.318359375,69098
2022-10-28,27925.0,28170.0,27880.0,28015.0,26646.818359375,269022
2022-10-31,28400.0,28495.0,28315.0,28485.0,27093.86328125,246526
2022-11-01,28525.0,28590.0,28440.0,28570.0,27174.712890625,232244
2022-11-02,28500.0,28605.0,28490.0,28595.0,27198.4921875,163084
2022-11-04,28150.0,28245.0,27930.0,28095.0,26722.91015625,297663
2022-11-07,28310.0,28485.0,28255.0,28445.0,27055.818359375,238069
2022-11-08,28620.0,28870.0,28610.0,28785.0,27379.212890625,327751
2022-11-09,28860.0,28870.0,28610.0,28635.0,27236.537109375,159239
2022-11-10,28350.0,28390.0,28270.0,28365.0,26979.724609375,239172
2022-11-11,29070.0,29270.0,29025.0,29200.0,27773.9453125,792958
2022-11-14,29120.0,29175.0,28910.0,28910.0,27498.109375,108901
2022-11-15,28850.0,28970.0,28825.0,28925.0,27512.375,190381
2022-11-16,28920.0,29050.0,28665.0,29050.0,27631.26953125,272874
2022-11-17,28850.0,28960.0,28835.0,28860.0,27450.548828125,148984
2022-11-18,28905.0,28985.0,28800.0,28815.0,27407.748046875,188022
2022-11-21,28900.0,28935.0,28775.0,28870.0,27460.0625,146242
2022-11-22,28965.0,29135.0,28965.0,29070.0,27650.294921875,157581
2022-11-24,29330.0,29445.0,29310.0,29315.0,27883.328125,225366
2022-11-25,29315.0,29325.0,29200.0,29220.0,27792.970703125,166552
2022-11-28,29180.0,29185.0,28975.0,29080.0,27659.806640625,73192
2022-11-29,28925.0,28995.0,28835.0,28980.0,27564.689453125,80121
2022-11-30,28850.0,28910.0,28735.0,28910.0,27498.109375,114441
2022-12-01,29400.0,29425.0,29170.0,29170.0,27745.41015625,218592
2022-12-02,28955.0,28955.0,28590.0,28685.0,27284.09765625,240115
2022-12-05,28705.0,28780.0,28610.0,28740.0,27336.41015625,152930
2022-12-06,28610.0,28860.0,28610.0,28820.0,27412.50390625,132176
2022-12-07,28585.0,28700.0,28565.0,28595.0,27198.4921875,175356
2022-12-08,28540.0,28560.0,28330.0,28490.0,27098.62109375,261064
2022-12-09,28625.0,28880.0,28590.0,28825.0,27417.2578125,187814
2022-12-12,28650.0,28785.0,28640.0,28760.0,27355.43359375,68032
2022-12-13,29000.0,29045.0,28835.0,28875.0,27464.818359375,163159
2022-12-14,28955.0,29130.0,28915.0,29100.0,27678.830078125,179868
2022-12-15,28935.0,29095.0,28920.0,28975.0,27559.93359375,95045
2022-12-16,28585.0,28625.0,28410.0,28450.0,27060.572265625,351617
2022-12-19,28190.0,28260.0,28060.0,28150.0,26775.22265625,259090
2022-12-20,28160.0,28245.0,27300.0,27455.0,26114.166015625,492027
2022-12-21,27430.0,27500.0,27135.0,27265.0,25933.4453125,494903
2022-12-22,27495.0,27495.0,27275.0,27370.0,26033.318359375,353777
2022-12-23,27070.0,27170.0,26975.0,27115.0,25790.771484375,383367
2022-12-26,27180.0,27315.0,27170.0,27275.0,25942.95703125,170173
2022-12-27,27450.0,27515.0,27320.0,27335.0,26000.029296875,139531
2022-12-28,27170.0,27220.0,27065.0,27190.0,25862.107421875,211035
2022-12-29,26985.0,27030.0,26860.0,26990.0,25671.876953125,199792
2022-12-30,27155.0,27225.0,26985.0,27000.0,25681.388671875,218022
2023-01-04,26760.0,26765.0,26565.0,26615.0,25315.189453125,433455
2023-01-05,26770.0,26860.0,26645.0,26750.0,25443.59765625,306430
2023-01-06,26640.0,26935.0,26630.0,26880.0,25567.248046875,226351
2023-01-10,27150.0,27230.0,27040.0,27080.0,25757.48046875,226043
2023-01-11,27260.0,27395.0,27250.0,27345.0,26009.5390625,219538
2023-01-12,27410.0,27460.0,27295.0,27365.0,26028.5625,125998
2023-01-13,27195.0,27300.0,27000.0,27020.0,25700.412109375,194744
2023-01-16,26740.0,26840.0,26635.0,26720.0,25415.0625,296408
2023-01-17,26805.0,27100.0,26790.0,27050.0,25728.9453125,299521
2023-01-18,27155.0,27755.0,27125.0,27700.0,26347.201171875,452190
2023-01-19,27440.0,27515.0,27270.0,27315.0,25981.005859375,202386
2023-01-20,27250.0,27470.0,27215.0,27465.0,26123.6796875,202561
2023-01-23,27830.0,27865.0,27720.0,27835.0,26475.607421875,244420
2023-01-24,28125.0,28330.0,28105.0,28235.0,26856.07421875,376020
2023-01-25,28125.0,28430.0,28120.0,28320.0,26936.921875,303406
2023-01-26,28390.0,28455.0,28220.0,28280.0,26898.875,277657
2023-01-27,28370.0,28410.0,28265.0,28340.0,26955.9453125,136513
2023-01-30,28320.0,28435.0,28275.0,28370.0,26984.48046875,224194
2023-01-31,28400.0,28450.0,28250.0,28260.0,26879.853515625,253514
2023-02-01,28455.0,28495.0,28275.0,28305.0,26922.65625,240919
2023-02-02,28425.0,28440.0,28280.0,28365.0,26979.724609375,524875
2023-02-03,28445.0,28580.0,28415.0,28460.0,27070.0859375,216741
2023-02-06,28740.0,28790.0,28610.0,28640.0,27241.294921875,290332
2023-02-07,28700.0,28775.0,28620.0,28630.0,27231.783203125,152786
2023-02-08,28590.0,28620.0,28405.0,28545.0,27150.93359375,198690
2023-02-09,28395.0,28590.0,28365.0,28535.0,27141.421875,233563
2023-02-10,28585.0,28760.0,28555.0,28625.0,27227.02734375,141639
2023-02-13,28500.0,28510.0,28205.0,28370.0,26984.48046875,244261
2023-02-14,28650.0,28665.0,28500.0,28575.0,27179.46875,150973
2023-02-15,28650.0,28675.0,28395.0,28435.0,27046.306640625,212894
2023-02-16,28575.0,28680.0,28540.0,28660.0,27260.318359375,146721
2023-02-17,28425.0,28565.0,28410.0,28450.0,27060.572265625,197879
2023-02-20,28445.0,28485.0,28375.0,28475.0,27084.353515625,141119
2023-02-21,28435.0,28485.0,28300.0,28420.0,27032.0390625,123297
2023-02-22,28210.0,28240.0,27980.0,28045.0,26675.353515625,267598
2023-02-24,28090.0,28420.0,28090.0,28375.0,26989.234375,260852
2023-02-27,28285.0,28430.0,28260.0,28400.0,27013.017578125,192033
2023-02-28,28490.0,28550.0,28365.0,28385.0,26998.748046875,141625
2023-03-01,28345.0,28495.0,28265.0,28470.0,27079.595703125,198333
2023-03-02,28495.0,28575.0,28365.0,28465.0,27074.841796875,158099
2023-03-03,28660.0,28950.0,28630.0,28885.0,27474.330078125,395306
2023-03-06,29160.0,29285.0,29150.0,29235.0,27807.236328125,465140
2023-03-07,29195.0,29395.0,29195.0,29310.0,27878.572265625,275178
2023-03-08,29230.0,29470.0,29230.0,29425.0,27987.958984375,339793
2023-03-09,29650.0,29730.0,29560.0,29625.0,28178.189453125,519086
2023-03-10,29330.0,29415.0,29100.0,29110.0,27688.33984375,403777
2023-03-13,28910.0,28910.0,28605.0,28820.0,27412.50390625,419095
2023-03-14,28375.0,28385.0,28065.0,28180.0,26803.759765625,662256
2023-03-15,28415.0,28425.0,28065.0,28200.0,26822.783203125,319718
2023-03-16,27615.0,28020.0,27580.0,27960.0,26594.50390625,444343
2023-03-17,28170.0,28320.0,28020.0,28280.0,26898.875,315415
2023-03-20,28235.0,28345.0,27905.0,27945.0,26580.234375,234971
2023-03-22,28320.0,28490.0,28245.0,28435.0,27046.306640625,361603
2023-03-23,28215.0,28425.0,28140.0,28400.0,27013.017578125,348377
2023-03-24,28325.0,28355.0,28215.0,28320.0,26936.921875,202498
2023-03-27,28445.0,28520.0,28320.0,28465.0,27074.841796875,276281
2023-03-28,28550.0,28570.0,28395.0,28490.0,27098.62109375,200932
2023-03-29,28500.0,28830.0,28490.0,28825.0,27417.2578125,244856
2023-03-30,29040.0,29115.0,28875.0,28990.0,27574.201171875,204428
2023-03-31,29220.0,29380.0,29220.0,29290.0,27859.548828125,195514
2023-04-03,29465.0,29515.0,29380.0,29445.0,28006.982421875,298124
2023-04-04,29445.0,29545.0,29395.0,29535.0,28092.583984375,300859
2023-04-05,29355.0,29400.0,29035.0,29075.0,27655.05078125,347479
2023-04-06,28865.0,28865.0,28660.0,28720.0,27317.38671875,305974
2023-04-07,28785.0,28825.0,28690.0,28730.0,27326.8984375,214795
2023-04-10,28905.0,28980.0,28830.0,28890.0,27479.0859375,183036
2023-04-11,29130.0,29325.0,29100.0,29225.0,27797.724609375,459357
2023-04-12,29270.0,29380.0,29245.0,29345.0,27911.86328125,207355
2023-04-13,29215.0,29435.0,29195.0,29425.0,27987.958984375,997170
2023-04-14,29660.0,29785.0,29625.0,29740.0,28287.572265625,384725
2023-04-17,29825.0,29880.0,29685.0,29790.0,28335.1328125,256785
2023-04-18,29825.0,29980.0,29790.0,29935.0,28473.05078125,315793
2023-04-19,29900.0,29955.0,29805.0,29865.0,28406.466796875,180983
2023-04-20,29750.0,29985.0,29715.0,29925.0,28463.537109375,266957
2023-04-21,29840.0,30070.0,29800.0,29835.0,28377.93359375,286120
2023-04-24,29915.0,29960.0,29845.0,29850.0,28392.201171875,240999
2023-04-25,29975.0,30090.0,29890.0,29905.0,28444.513671875,204309
2023-04-26,29755.0,29830.0,29590.0,29700.0,28249.525390625,252273
2023-04-27,29585.0,29730.0,29505.0,29730.0,28278.0625,194646
2023-04-28,29965.0,30160.0,29760.0,30140.0,28668.0390625,295257
2023-05-01,30340.0,30450.0,30310.0,30430.0,28943.875,379333
2023-05-02,30550.0,30570.0,30380.0,30460.0,28972.41015625,217750
2023-05-08,30380.0,30450.0,30220.0,30260.0,28782.177734375,186139
2023-05-09,30340.0,30560.0,30320.0,30530.0,29038.9921875,109361
2023-05-10,30520.0,30540.0,30370.0,30420.0,28934.36328125,141545
2023-05-11,30370.0,30460.0,30320.0,30430.0,28943.875,194675
2023-05-12,30410.0,30740.0,30400.0,30710.0,29210.201171875,201492
2023-05-15,30860.0,30970.0,30800.0,30950.0,29438.478515625,295171
2023-05-16,31160.0,31270.0,31120.0,31180.0,29657.24609375,376869
2023-05-17,31230.0,31470.0,31230.0,31440.0,29904.548828125,385024
2023-05-18,31890.0,32050.0,31750.0,32000.0,30437.201171875,895178
2023-05-19,32260.0,32340.0,32070.0,32220.0,30646.45703125,323464
2023-05-22,32110.0,32490.0,32060.0,32470.0,30884.24609375,301307
2023-05-23,32690.0,32760.0,32220.0,32380.0,30798.642578125,475553
2023-05-24,32150.0,32250.0,31940.0,32070.0,30503.78125,332857
2023-05-25,32080.0,32280.0,32000.0,32170.0,30598.896484375,189149
2023-05-26,32340.0,32510.0,32260.0,32340.0,30760.595703125,535426
2023-05-29,33020.0,33030.0,32570.0,32660.0,31064.96875,396835
2023-05-30,32610.0,32800.0,32460.0,32740.0,31141.060546875,375763
2023-05-31,32500.0,32540.0,32170.0,32260.0,30684.50390625,320561
2023-06-01,32270.0,32600.0,32240.0,32540.0,30950.828125,230774
2023-06-02,32740.0,32950.0,32680.0,32940.0,31331.294921875,299397
2023-06-05,33340.0,33650.0,33240.0,33650.0,32006.62109375,549481
2023-06-06,33450.0,34010.0,33360.0,34000.0,32339.52734375,624427
2023-06-07,34110.0,34190.0,33400.0,33400.0,31768.826171875,734035
2023-06-08,33360.0,33480.0,32840.0,33090.0,31473.96875,743690
2023-06-09,33420.0,33750.0,33350.0,33700.0,32054.17578125,336307
2023-06-12,33900.0,33990.0,33720.0,33920.0,32263.43359375,378091
2023-06-13,34150.0,34620.0,34120.0,34530.0,32843.64453125,453956
2023-06-14,34860.0,35180.0,34690.0,35000.0,33290.68359375,598266
2023-06-15,35010.0,35290.0,34890.0,34990.0,33281.17578125,619470
2023-06-16,34930.0,35300.0,34680.0,35230.0,33509.45703125,450374
2023-06-19,35330.0,35330.0,34720.0,34880.0,33176.546875,558415
2023-06-20,34750.0,34990.0,34570.0,34860.0,33157.52734375,470787
2023-06-21,34680.0,35170.0,34630.0,35110.0,33395.31640625,290841
2023-06-22,34950.0,35160.0,34720.0,34790.0,33090.9453125,306714
2023-06-23,35000.0,35050.0,34040.0,34250.0,32577.31640625,594063
2023-06-26,34090.0,34380.0,33840.0,34190.0,32520.248046875,340732
2023-06-27,34100.0,34150.0,33760.0,34010.0,32349.0390625,236635
2023-06-28,34280.0,34670.0,34120.0,34650.0,32957.78125,408184
2023-06-29,34830.0,35090.0,34710.0,34770.0,33071.921875,523744
2023-06-30,34610.0,34760.0,34430.0,34740.0,33043.3828125,328099
2023-07-03,35060.0,35320.0,35060.0,35300.0,33576.03515625,342606
2023-07-04,35040.0,35080.0,34870.0,34930.0,33224.109375,471788
2023-07-05,34730.0,34920.0,34550.0,34840.0,33138.5,301463
2023-07-06,33980.0,34060.0,33650.0,33810.0,32158.802734375,464212
2023-07-07,33480.0,34090.0,33330.0,33380.0,31749.802734375,314471
2023-07-10,33330.0,33500.0,32970.0,33140.0,32075.005859375,495669
2023-07-11,33360.0,33410.0,32970.0,33130.0,32065.328125,265870
2023-07-12,33240.0,33240.0,32680.0,32840.0,31784.646484375,553651
2023-07-13,33020.0,33400.0,32850.0,33350.0,32278.259765625,287503
2023-07-14,33740.0,33740.0,33130.0,33340.0,32268.578125,428079
2023-07-18,33350.0,33630.0,33230.0,33410.0,32336.33203125,246054
2023-07-19,33760.0,33800.0,33590.0,33790.0,32704.1171875,211121
2023-07-20,33720.0,33770.0,33370.0,33370.0,32297.6171875,226222
2023-07-21,33180.0,33380.0,32980.0,33230.0,32162.115234375,250890
2023-07-24,33550.0,33710.0,33470.0,33630.0,32549.26171875,168228
2023-07-25,33630.0,33630.0,33410.0,33580.0,32500.869140625,187595
2023-07-26,33590.0,33650.0,33400.0,33580.0,32500.869140625,213463
2023-07-27,33420.0,33870.0,33360.0,33820.0,32733.15625,368709
2023-07-28,33360.0,33770.0,32920.0,33690.0,32607.333984375,831563
2023-07-31,34020.0,34340.0,33930.0,34110.0,33013.8359375,401313
2023-08-01,34190.0,34420.0,34140.0,34400.0,33294.515625,280066
2023-08-02,34060.0,34070.0,33550.0,33630.0,32549.26171875,442713
2023-08-03,33280.0,33370.0,33050.0,33070.0,32007.2578125,398417
2023-08-04,32920.0,33210.0,32820.0,33100.0,32036.29296875,255219
2023-08-07,32820.0,33220.0,32720.0,33170.0,32104.04296875,319826
2023-08-08,33330.0,33460.0,33130.0,33260.0,32191.15234375,198510
2023-08-09,33200.0,33330.0,33080.0,33110.0,32045.97265625,178824
2023-08-10,32960.0,33410.0,32930.0,33380.0,32307.29296875,276206
2023-08-14,33390.0,33540.0,32920.0,32970.0,31910.470703125,295588
2023-08-15,33260.0,33310.0,33120.0,33130.0,32065.328125,142086
2023-08-16,32830.0,32900.0,32660.0,32660.0,31610.43359375,244039
2023-08-17,32520.0,32600.0,32190.0,32510.0,31465.25390625,315373
2023-08-18,32200.0,32550.0,32130.0,32340.0,31300.716796875,271084
2023-08-21,32440.0,32650.0,32290.0,32430.0,31387.822265625,226965
2023-08-22,32710.0,32810.0,32570.0,32780.0,31726.576171875,162573
2023-08-23,32620.0,32940.0,32600.0,32940.0,31881.435546875,154347
2023-08-24,33100.0,33210.0,32950.0,33160.0,32094.36328125,193897
2023-08-25,32660.0,32740.0,32440.0,32520.0,31474.931640625,876863
2023-08-28,32820.0,33110.0,32770.0,33100.0,32036.29296875,208146
2023-08-29,33200.0,33300.0,33080.0,33100.0,32036.29296875,196271
2023-08-30,33340.0,33490.0,33210.0,33240.0,32171.794921875,219618
2023-08-31,33280.0,33620.0,33280.0,33530.0,32452.47265625,230937
