Date,Open,High,Low,Close,Adj Close,Volume
2015-10-06,198.30999755859372,198.97999572753903,197.0,197.7899932861328,167.5986328125,110274500
2015-10-07,198.8999938964844,199.8300018310547,197.47999572753903,199.41000366210935,168.9713592529297,124307300
2015-10-08,198.9499969482422,201.5500030517578,198.58999633789065,201.2100067138672,170.49659729003906,153055200
2015-10-09,201.3800048828125,201.8999938964844,200.5800018310547,201.3300018310547,170.59825134277344,107069200
2015-10-12,201.4199981689453,201.75999450683597,200.91000366210935,201.5200042724609,170.75930786132812,56395600
2015-10-13,200.6499938964844,202.16000366210935,200.0500030517578,200.25,169.68312072753906,88038700
2015-10-14,200.17999267578125,200.8699951171875,198.94000244140625,199.2899932861328,168.86964416503906,99106200
2015-10-15,200.0800018310547,202.3600006103516,199.63999938964844,202.3500061035156,171.46255493164062,134142200
2015-10-16,202.8300018310547,203.2899932861328,201.9199981689453,203.2700042724609,172.24221801757812,114580100
2015-10-19,202.5,203.3699951171875,202.1300048828125,203.3699951171875,172.32693481445312,76523900
2015-10-20,202.8500061035156,203.83999633789065,202.5500030517578,203.1100006103516,172.10662841796875,78448500
2015-10-21,203.6100006103516,203.7899932861328,201.6499938964844,201.8500061035156,171.0389404296875,102038000
2015-10-22,202.97999572753903,205.50999450683597,201.8500061035156,205.25999450683597,173.92837524414062,174911700
2015-10-23,207.25,207.9499969482422,206.3000030517578,207.50999450683597,175.83493041992188,144442300
2015-10-26,207.3000030517578,207.3699951171875,206.55999755859372,207.0,175.40280151367188,69033000
2015-10-27,206.1999969482422,207.0,205.7899932861328,206.6000061035156,175.06385803222656,77905800
2015-10-28,207.0,208.97999572753903,206.2100067138672,208.9499969482422,177.0551300048828,135906700
2015-10-29,208.3500061035156,209.2700042724609,208.2100067138672,208.8300018310547,176.95350646972656,90525500
2015-10-30,209.05999755859372,209.44000244140625,207.7400054931641,207.92999267578125,176.19078063964844,131076900
2015-11-02,208.32000732421875,210.6199951171875,208.1699981689453,210.38999938964844,178.2753143310547,86270800
2015-11-03,209.97000122070312,211.66000366210935,209.6999969482422,211.0,178.79222106933594,95246100
2015-11-04,211.3500061035156,211.5,209.72000122070312,210.3600006103516,178.2499237060547,96224500
2015-11-05,210.42999267578125,210.97999572753903,209.08999633789065,210.1499938964844,178.07196044921875,78408700
2015-11-06,209.7400054931641,210.32000732421875,208.4600067138672,210.0399932861328,177.97877502441406,110471500
2015-11-09,209.30999755859372,209.4900054931641,206.9499969482422,208.0800018310547,176.31793212890625,131008700
2015-11-10,207.50999450683597,208.6000061035156,207.19000244140625,208.55999755859372,176.72467041015625,75874600
2015-11-11,208.8800048828125,208.94000244140625,207.66000366210935,207.7400054931641,176.02989196777344,67846000
2015-11-12,206.5,207.05999755859372,204.82000732421875,204.83999633789065,173.57247924804688,121315200
2015-11-13,204.3500061035156,204.6699981689453,202.44000244140625,202.5399932861328,171.62355041503906,153577100
2015-11-16,202.32000732421875,205.69000244140625,202.17999267578125,205.6199951171875,174.2334442138672,117645200
2015-11-17,205.9900054931641,207.0399932861328,204.8800048828125,205.47000122070312,174.1063232421875,121123700
2015-11-18,206.0399932861328,208.8999938964844,205.9900054931641,208.72999572753903,176.86871337890625,121342500
2015-11-19,208.58999633789065,209.0500030517578,208.1999969482422,208.5500030517578,176.71621704101562,88220500
2015-11-20,209.4499969482422,210.1199951171875,208.8600006103516,209.30999755859372,177.3601837158203,94011500
2015-11-23,209.3800048828125,209.97999572753903,208.5200042724609,209.07000732421875,177.15682983398438,64931200
2015-11-24,207.8699951171875,209.8300018310547,207.41000366210935,209.3500061035156,177.3940887451172,98874400
2015-11-25,209.5,209.7400054931641,209.00999450683597,209.32000732421875,177.3686981201172,51980100
2015-11-27,209.42999267578125,209.8000030517578,208.8600006103516,209.55999755859372,177.57199096679688,37317800
2015-11-30,209.75,209.88999938964844,208.55999755859372,208.69000244140625,176.8347930908203,112822700
2015-12-01,209.44000244140625,210.82000732421875,209.1100006103516,210.67999267578125,178.5210723876953,97858400
2015-12-02,210.6199951171875,211.0,208.22999572753903,208.52999877929688,176.69923400878906,108441300
2015-12-03,208.8300018310547,209.1499938964844,204.75,205.6100006103516,174.22494506835938,166224200
2015-12-04,205.6100006103516,209.97000122070312,205.6100006103516,209.6199951171875,177.6228485107422,192913900
2015-12-07,209.22999572753903,209.72999572753903,207.1999969482422,208.3500061035156,176.5467071533203,102027100
2015-12-08,206.4900054931641,208.2899932861328,205.77999877929688,206.9499969482422,175.3604278564453,103372400
2015-12-09,206.19000244140625,208.67999267578125,204.17999267578125,205.33999633789065,173.99615478515625,162401500
2015-12-10,205.4199981689453,207.42999267578125,205.13999938964844,205.8699951171875,174.4452667236328,116128900
2015-12-11,203.3500061035156,204.13999938964844,201.50999450683597,201.8800048828125,171.06436157226562,211173300
2015-12-14,202.07000732421875,203.0500030517578,199.9499969482422,202.8999938964844,171.92861938476562,182385200
2015-12-15,204.6999969482422,206.1100006103516,202.8699951171875,205.02999877929688,173.73350524902344,154069600
2015-12-16,206.3699951171875,208.38999938964844,204.8000030517578,208.02999877929688,176.2755584716797,197017000
2015-12-17,208.3999938964844,208.47999572753903,204.83999633789065,204.8600006103516,173.58946228027344,173092500
2015-12-18,202.7700042724609,202.92999267578125,199.8300018310547,200.0200042724609,170.49693298339844,251393500
2015-12-21,201.41000366210935,201.8800048828125,200.08999633789065,201.6699981689453,171.90335083007812,99094300
2015-12-22,202.72000122070312,203.8500061035156,201.5500030517578,203.5,173.4633026123047,111026200
2015-12-23,204.69000244140625,206.07000732421875,204.5800018310547,206.0200042724609,175.61131286621094,110987200
2015-12-24,205.72000122070312,206.3300018310547,205.4199981689453,205.67999267578125,175.32154846191406,48539600
2015-12-28,204.8600006103516,205.25999450683597,203.94000244140625,205.2100067138672,174.9208526611328,65899900
2015-12-29,206.50999450683597,207.7899932861328,206.47000122070312,207.3999938964844,176.78761291503906,92640700
2015-12-30,207.1100006103516,207.2100067138672,205.75999450683597,205.92999267578125,175.53465270996094,63317700
2015-12-31,205.1300048828125,205.88999938964844,203.8699951171875,203.8699951171875,173.77867126464844,114877900
2016-01-04,200.4900054931641,201.02999877929688,198.58999633789065,201.0200042724609,171.349365234375,222353500
2016-01-05,201.3999938964844,201.8999938964844,200.0500030517578,201.3600006103516,171.63916015625,110845800
2016-01-06,198.33999633789065,200.05999755859372,197.6000061035156,198.82000732421875,169.4740753173828,152112600
2016-01-07,195.3300018310547,197.44000244140625,193.58999633789065,194.0500030517578,165.40811157226562,213436100
2016-01-08,195.19000244140625,195.8500061035156,191.5800018310547,191.9199981689453,163.592529296875,209817200
2016-01-11,193.00999450683597,193.41000366210935,189.82000732421875,192.1100006103516,163.75445556640625,187941300
2016-01-12,193.82000732421875,194.5500030517578,191.13999938964844,193.66000366210935,165.0757293701172,172330500
2016-01-13,194.4499969482422,194.8600006103516,188.3800048828125,188.8300018310547,160.9586181640625,221168900
2016-01-14,189.5500030517578,193.25999450683597,187.66000366210935,191.92999267578125,163.60107421875,240795600
2016-01-15,186.7700042724609,188.75999450683597,185.5200042724609,187.80999755859372,160.08914184570312,324846400
2016-01-19,189.9600067138672,190.1100006103516,186.1999969482422,188.05999755859372,160.30224609375,195244400
2016-01-20,185.02999877929688,187.5,181.0200042724609,185.6499938964844,158.2479248046875,286547800
2016-01-21,186.2100067138672,188.8699951171875,184.63999938964844,186.69000244140625,159.13449096679688,195772900
2016-01-22,189.77999877929688,190.75999450683597,188.8800048828125,190.5200042724609,162.39915466308594,168319600
2016-01-25,189.9199981689453,190.1499938964844,187.41000366210935,187.63999938964844,159.94422912597656,130371700
2016-01-26,188.4199981689453,190.52999877929688,188.0200042724609,190.1999969482422,162.12635803222656,141036800
2016-01-27,189.5800018310547,191.55999755859372,187.05999755859372,188.1300048828125,160.3618927001953,185681700
2016-01-28,189.9600067138672,190.1999969482422,187.16000366210935,189.1100006103516,161.197265625,143798800
2016-01-29,190.0200042724609,193.8800048828125,189.8800048828125,193.72000122070312,165.12686157226562,210529300
2016-02-01,192.52999877929688,194.5800018310547,191.83999633789065,193.6499938964844,165.067138671875,136061600
2016-02-02,191.9600067138672,191.97000122070312,189.5399932861328,190.16000366210935,162.09226989746094,182564900
2016-02-03,191.41000366210935,191.77999877929688,187.1000061035156,191.3000030517578,163.0640106201172,205054900
2016-02-04,190.7100067138672,192.75,189.9600067138672,191.6000061035156,163.31973266601562,139531800
2016-02-05,190.9900054931641,191.6699981689453,187.1999969482422,187.9499969482422,160.20846557617188,180788300
2016-02-08,185.7700042724609,186.1199951171875,182.8000030517578,185.4199981689453,158.0519256591797,191526700
2016-02-09,183.3600006103516,186.94000244140625,183.1999969482422,185.42999267578125,158.06040954589844,184513100
2016-02-10,186.41000366210935,188.33999633789065,185.1199951171875,185.2700042724609,157.92410278320312,148214100
2016-02-11,182.33999633789065,184.1000061035156,181.08999633789065,182.8600006103516,155.86978149414062,219058900
2016-02-12,184.9600067138672,186.6499938964844,183.9600067138672,186.6300048828125,159.08331298828125,127632400
2016-02-16,188.7700042724609,189.80999755859372,187.6300048828125,189.77999877929688,161.7683868408203,120250700
2016-02-17,191.16000366210935,193.32000732421875,191.00999450683597,192.8800048828125,164.41079711914062,136009500
2016-02-18,193.1999969482422,193.2700042724609,191.72000122070312,192.08999633789065,163.73741149902344,102343000
2016-02-19,191.1699981689453,192.17999267578125,190.4499969482422,192.0,163.6607208251953,114793000
2016-02-22,193.8699951171875,194.9499969482422,193.7899932861328,194.77999877929688,166.03038024902344,103640300
2016-02-23,194.0,194.32000732421875,192.17999267578125,192.32000732421875,163.9335174560547,111455300
2016-02-24,190.6300048828125,193.52999877929688,189.32000732421875,193.1999969482422,164.68359375,150812200
2016-02-25,193.72999572753903,195.5500030517578,192.8300018310547,195.5399932861328,166.67816162109375,110728300
2016-02-26,196.57000732421875,196.67999267578125,194.8999938964844,195.08999633789065,166.2946014404297,129833700
2016-02-29,195.1100006103516,196.22999572753903,193.3300018310547,193.55999755859372,164.99044799804688,125918100
2016-03-01,195.00999450683597,198.2100067138672,194.4499969482422,198.1100006103516,168.8688507080078,141799700
2016-03-02,197.7400054931641,199.05999755859372,197.25,199.0,169.6274871826172,102415000
2016-03-03,198.7899932861328,199.8000030517578,198.1100006103516,199.77999877929688,170.29238891601562,95172200
2016-03-04,200.00999450683597,201.3500061035156,199.02999877929688,200.42999267578125,170.846435546875,129293600
2016-03-07,199.33999633789065,201.07000732421875,199.25,200.58999633789065,170.98275756835938,100219000
2016-03-08,199.32000732421875,199.9199981689453,198.2100067138672,198.3999938964844,169.1160125732422,123974900
2016-03-09,199.3600006103516,199.7899932861328,198.42999267578125,199.3800048828125,169.95144653320312,94801200
2016-03-10,199.9600067138672,201.07000732421875,197.3800048828125,199.5399932861328,170.08779907226562,156838700
2016-03-11,201.25999450683597,202.80999755859372,199.5200042724609,202.75999450683597,172.83253479003906,137964500
2016-03-14,202.16000366210935,203.0399932861328,201.7700042724609,202.5,172.61090087890625,73612000
2016-03-15,201.3600006103516,202.52999877929688,201.0500030517578,202.1699981689453,172.32960510253906,93169100
2016-03-16,201.6000061035156,203.82000732421875,201.5500030517578,203.33999633789065,173.32691955566406,129303200
2016-03-17,203.2400054931641,205.22999572753903,202.7700042724609,204.6300048828125,174.426513671875,134278500
2016-03-18,204.1699981689453,204.77999877929688,203.8000030517578,204.3800048828125,175.1119384765625,138372400
2016-03-21,204.07000732421875,204.94000244140625,203.8000030517578,204.6699981689453,175.3604278564453,72926700
2016-03-22,203.75999450683597,205.22999572753903,203.57000732421875,204.55999755859372,175.26620483398438,97471900
2016-03-23,204.1100006103516,204.3300018310547,203.00999450683597,203.2100067138672,174.10946655273438,81052500
2016-03-24,202.0,203.16000366210935,201.7400054931641,203.1199951171875,174.03237915039062,84360900
2016-03-28,203.6100006103516,203.8600006103516,202.7100067138672,203.2400054931641,174.13523864746094,62408200
2016-03-29,202.75999450683597,205.25,202.3999938964844,205.1199951171875,175.74594116210938,92922900
2016-03-30,206.3000030517578,206.8699951171875,205.58999633789065,206.0200042724609,176.51705932617188,86365300
2016-03-31,205.91000366210935,206.41000366210935,205.3300018310547,205.5200042724609,176.08871459960938,94584100
2016-04-01,204.3500061035156,207.13999938964844,203.97999572753903,206.9199981689453,177.28819274902344,114423500
2016-04-04,206.8300018310547,207.07000732421875,205.88999938964844,206.25,176.71408081054688,63497000
2016-04-05,204.6699981689453,206.25999450683597,203.88999938964844,204.19000244140625,174.9491729736328,99662200
2016-04-06,204.19000244140625,206.4900054931641,203.97999572753903,206.4199981689453,176.8598175048828,91839800
2016-04-07,205.13999938964844,205.55999755859372,203.08999633789065,203.9499969482422,174.7435302734375,113859000
2016-04-08,205.33999633789065,205.8500061035156,203.8699951171875,204.5,175.2147979736328,95040600
2016-04-11,205.25,206.07000732421875,203.91000366210935,204.0200042724609,174.80352783203125,83757500
2016-04-12,204.22000122070312,206.25,203.6999969482422,205.9199981689453,176.43142700195312,115350600
2016-04-13,207.0,208.1000061035156,206.83999633789065,208.0,178.2135009765625,96336400
2016-04-14,208.07000732421875,208.6000061035156,207.6000061035156,208.00999450683597,178.22210693359375,65212900
2016-04-15,208.00999450683597,208.1699981689453,207.3999938964844,207.77999877929688,178.0250701904297,75761600
2016-04-18,207.77999877929688,209.27999877929688,207.0,209.2400054931641,179.27598571777344,82531000
2016-04-19,209.7400054931641,210.1999969482422,208.94000244140625,209.8999938964844,179.84140014648438,88316100
2016-04-20,209.9499969482422,210.9199981689453,209.38999938964844,210.1000061035156,180.01280212402344,81100300
2016-04-21,210.1199951171875,210.25,208.6499938964844,208.97000122070312,179.04464721679688,85695000
2016-04-22,208.5500030517578,209.2899932861328,207.91000366210935,208.97000122070312,179.04464721679688,99251700
2016-04-25,208.25999450683597,208.66000366210935,207.5399932861328,208.6100006103516,178.73619079589844,66166500
2016-04-26,209.0399932861328,209.5200042724609,208.3600006103516,208.9199981689453,179.0017852783203,75864200
2016-04-27,208.47000122070312,209.80999755859372,208.0500030517578,209.3500061035156,179.37020874023438,77329400
2016-04-28,208.4600067138672,209.75999450683597,206.9600067138672,207.4499969482422,177.7423095703125,97216200
2016-04-29,206.72000122070312,207.1300048828125,205.02999877929688,206.3300018310547,176.78271484375,142424100
2016-05-02,206.9199981689453,208.17999267578125,206.41000366210935,207.97000122070312,178.18783569335938,62188000
2016-05-03,206.5200042724609,206.8000030517578,205.27999877929688,206.16000366210935,176.6370391845703,106422100
2016-05-04,204.9900054931641,205.8500061035156,204.4199981689453,205.00999450683597,175.6517333984375,92243800
2016-05-05,205.55999755859372,205.97999572753903,204.47000122070312,204.97000122070312,175.6174774169922,67619200
2016-05-06,204.05999755859372,205.7700042724609,203.8800048828125,205.72000122070312,176.26004028320312,89315000
2016-05-09,205.57000732421875,206.3999938964844,205.3600006103516,205.88999938964844,176.40570068359375,74374900
2016-05-10,206.72000122070312,208.47000122070312,206.63999938964844,208.4499969482422,178.59913635253906,77472200
2016-05-11,207.91000366210935,208.5399932861328,206.5,206.5,176.9282989501953,81727000
2016-05-12,207.2899932861328,207.4900054931641,205.3699951171875,206.55999755859372,176.97976684570312,89586300
2016-05-13,206.2100067138672,206.8600006103516,204.3800048828125,204.75999450683597,175.43748474121094,96474600
2016-05-16,204.9600067138672,207.33999633789065,204.88999938964844,206.77999877929688,177.1682586669922,77486800
2016-05-17,206.4600067138672,206.8000030517578,204.22999572753903,204.8500061035156,175.5146484375,114924900
2016-05-18,204.44000244140625,206.3000030517578,203.6300048828125,204.91000366210935,175.5660400390625,120062100
2016-05-19,204.05999755859372,204.5399932861328,202.77999877929688,204.1999969482422,174.95774841308594,115430500
2016-05-20,204.9199981689453,206.1000061035156,204.8600006103516,205.4900054931641,176.06295776367188,104990400
2016-05-23,205.50999450683597,205.83999633789065,204.9900054931641,205.2100067138672,175.8230438232422,58682600
2016-05-24,206.1699981689453,208.2400054931641,206.13999938964844,207.8699951171875,178.10215759277344,93537800
2016-05-25,208.6699981689453,209.7700042724609,207.8699951171875,209.27999877929688,179.3102264404297,76621400
2016-05-26,209.44000244140625,209.7100067138672,208.97000122070312,209.33999633789065,179.36163330078125,55280700
2016-05-27,209.52999877929688,210.25,209.47000122070312,210.2400054931641,180.13275146484375,64211200
2016-05-31,210.55999755859372,210.69000244140625,209.17999267578125,209.83999633789065,179.7900390625,109879400
2016-06-01,209.1199951171875,210.47999572753903,208.88999938964844,210.2700042724609,180.158447265625,69936200
2016-06-02,209.8000030517578,210.92999267578125,209.2400054931641,210.91000366210935,180.70681762695312,63044700
2016-06-03,210.25,210.69000244140625,208.8600006103516,210.27999877929688,180.1670837402344,101757100
2016-06-06,210.6999969482422,211.7700042724609,210.50999450683597,211.3500061035156,181.0838165283203,64887000
2016-06-07,211.52999877929688,212.33999633789065,211.5,211.67999267578125,181.3665771484375,60974800
2016-06-08,211.83999633789065,212.5200042724609,211.69000244140625,212.3699951171875,181.95774841308597,66170900
2016-06-09,211.50999450683597,212.22000122070312,211.19000244140625,212.0800018310547,181.70925903320312,73786900
2016-06-10,210.4600067138672,210.8600006103516,209.42999267578125,210.07000732421875,179.98712158203125,113829200
2016-06-13,209.3600006103516,210.3699951171875,208.3500061035156,208.4499969482422,178.59913635253906,117751200
2016-06-14,208.0,208.7400054931641,206.9199981689453,208.0399932861328,178.24781799316406,125059300
2016-06-15,208.0399932861328,209.3600006103516,207.52999877929688,207.75,177.99932861328125,109124500
2016-06-16,207.75,208.57000732421875,205.58999633789065,208.3699951171875,178.53054809570312,149533100
2016-06-17,207.1699981689453,207.1999969482422,205.75,206.5200042724609,177.86569213867188,117055700
2016-06-20,208.82000732421875,209.6100006103516,207.75,207.8500061035156,179.0111083984375,82789600
2016-06-21,208.3000030517578,208.9199981689453,207.77999877929688,208.44000244140625,179.51927185058594,72461700
2016-06-22,208.6499938964844,209.5,207.92999267578125,208.1000061035156,179.2265167236328,95560500
2016-06-23,209.80999755859372,210.8699951171875,209.2700042724609,210.80999755859372,181.56048583984372,102731400
2016-06-24,203.6300048828125,210.8500061035156,202.72000122070312,203.2400054931641,175.04080200195312,333444400
2016-06-27,201.58999633789065,201.6000061035156,198.6499938964844,199.6000061035156,171.9058380126953,230775800
2016-06-28,201.47999572753903,203.22999572753903,201.1199951171875,203.1999969482422,175.00631713867188,159382400
2016-06-29,204.83999633789065,206.92999267578125,204.72000122070312,206.66000366210935,177.98622131347656,137328600
2016-06-30,207.2100067138672,209.5399932861328,206.55999755859372,209.47999572753903,180.4149932861328,165021900
2016-07-01,209.47999572753903,210.4900054931641,209.2899932861328,209.9199981689453,180.79391479492188,106055300
2016-07-05,208.9499969482422,209.0800018310547,207.7100067138672,208.41000366210935,179.4934539794922,109803700
2016-07-06,207.8300018310547,209.8000030517578,207.05999755859372,209.66000366210935,180.56997680664065,96021500
2016-07-07,209.8699951171875,210.6499938964844,208.6300048828125,209.52999877929688,180.4580078125,85593800
2016-07-08,211.0500030517578,212.94000244140625,210.77999877929688,212.6499938964844,183.1451873779297,133971000
2016-07-11,213.19000244140625,214.07000732421875,212.9499969482422,213.3999938964844,183.79104614257807,73633900
2016-07-12,214.52999877929688,215.3000030517578,213.42999267578125,214.9499969482422,185.12603759765625,101275600
2016-07-13,215.44000244140625,215.4499969482422,214.3500061035156,214.9199981689453,185.1002349853516,87324100
2016-07-14,216.3999938964844,216.6699981689453,215.66000366210935,216.1199951171875,186.13372802734372,91230900
2016-07-15,216.77999877929688,217.00999450683597,215.30999755859372,215.8300018310547,185.8839569091797,107155400
2016-07-18,215.97000122070312,216.6000061035156,215.6699981689453,216.41000366210935,186.3834686279297,58725900
2016-07-19,215.9199981689453,216.22999572753903,215.6300048828125,216.19000244140625,186.1939697265625,54345700
2016-07-20,216.19000244140625,217.3699951171875,216.19000244140625,217.08999633789065,186.9691162109375,58159500
2016-07-21,216.9600067138672,217.22000122070312,215.75,216.2700042724609,186.26290893554688,67777300
2016-07-22,216.41000366210935,217.3000030517578,216.1000061035156,217.2400054931641,187.0983123779297,62787500
2016-07-25,217.0,217.05999755859372,215.97000122070312,216.6499938964844,186.59011840820312,55873100
2016-07-26,216.52999877929688,217.1699981689453,215.75999450683597,216.75,186.6762542724609,70080500
2016-07-27,217.19000244140625,217.2700042724609,215.6199951171875,216.5200042724609,186.47821044921875,84083900
2016-07-28,216.2899932861328,217.1100006103516,215.75,216.7700042724609,186.69351196289065,65035700
2016-07-29,216.4600067138672,217.5399932861328,216.1300048828125,217.1199951171875,186.9949493408203,79519400
2016-08-01,217.19000244140625,217.6499938964844,216.41000366210935,216.94000244140625,186.8399353027344,73311400
2016-08-02,216.6499938964844,216.8300018310547,214.57000732421875,215.5500030517578,185.6427764892578,92295500
2016-08-03,215.47999572753903,216.25,215.1300048828125,216.17999267578125,186.1853790283203,53993600
2016-08-04,216.30999755859372,216.77999877929688,214.25,216.41000366210935,186.3834686279297,46585500
2016-08-05,216.41000366210935,218.22999572753903,216.41000366210935,218.17999267578125,187.90789794921875,71892200
2016-08-08,218.3999938964844,218.5200042724609,217.7400054931641,218.0500030517578,187.7958831787109,39906500
2016-08-09,218.1300048828125,218.75999450683597,217.8000030517578,218.17999267578125,187.90789794921875,51251700
2016-08-10,218.30999755859372,218.3999938964844,217.22999572753903,217.63999938964844,187.4427795410156,57941100
2016-08-11,218.25999450683597,218.94000244140625,217.9499969482422,218.6499938964844,188.31265258789065,72504300
2016-08-12,218.2899932861328,218.7100067138672,217.9900054931641,218.4600067138672,188.1490173339844,61313500
2016-08-15,218.88999938964844,219.5,218.8800048828125,219.08999633789065,188.6915740966797,49813500
2016-08-16,218.6000061035156,218.67999267578125,217.9600067138672,217.9600067138672,187.71841430664065,53213600
2016-08-17,218.0,218.52999877929688,217.0200042724609,218.3699951171875,188.07150268554688,75134300
2016-08-18,218.33999633789065,218.8999938964844,218.2100067138672,218.8600006103516,188.4935302734375,52989300
2016-08-19,218.30999755859372,218.75,217.7400054931641,218.5399932861328,188.2179412841797,75443000
2016-08-22,218.25999450683597,218.8000030517578,217.8300018310547,218.52999877929688,188.20928955078125,61368800
2016-08-23,219.25,219.6000061035156,218.8999938964844,218.97000122070312,188.5882568359375,53399200
2016-08-24,218.8000030517578,218.91000366210935,217.3600006103516,217.8500061035156,187.6236572265625,71728900
2016-08-25,217.3999938964844,218.19000244140625,217.22000122070312,217.6999969482422,187.4944610595703,69224800
2016-08-26,217.9199981689453,219.1199951171875,216.25,217.2899932861328,187.1413116455078,122506300
2016-08-29,217.44000244140625,218.6699981689453,217.3999938964844,218.3600006103516,188.0629119873047,70502200
2016-08-30,218.25999450683597,218.58999633789065,217.3500061035156,218.0,187.7528381347656,58114500
2016-08-31,217.6100006103516,217.75,216.47000122070312,217.3800048828125,187.21890258789065,85269500
2016-09-01,217.3699951171875,217.72999572753903,216.02999877929688,217.38999938964844,187.2274932861328,97844200
2016-09-02,218.38999938964844,218.8699951171875,217.6999969482422,218.3699951171875,188.07150268554688,79293900
2016-09-06,218.6999969482422,219.1199951171875,217.8600006103516,219.02999877929688,188.6399078369141,56702100
2016-09-07,218.83999633789065,219.22000122070312,218.3000030517578,219.00999450683597,188.6226959228516,76554900
2016-09-08,218.6199951171875,218.94000244140625,218.1499938964844,218.50999450683597,188.19207763671875,74102900
2016-09-09,216.97000122070312,217.02999877929688,213.25,213.27999877929688,183.68772888183597,221589100
2016-09-12,212.38999938964844,216.80999755859372,212.30999755859372,216.33999633789065,186.3231658935547,168110900
2016-09-13,214.83999633789065,215.1499938964844,212.5,213.22999572753903,183.6446533203125,182828800
2016-09-14,213.2899932861328,214.6999969482422,212.5,213.1499938964844,183.5757598876953,134185500
2016-09-15,212.9600067138672,215.72999572753903,212.75,215.27999877929688,185.4102020263672,134427900
2016-09-16,213.47999572753903,213.69000244140625,212.57000732421875,213.3699951171875,184.6934967041016,155236400
2016-09-19,214.1300048828125,214.8800048828125,213.02999877929688,213.41000366210935,184.7281494140625,80250500
2016-09-20,214.41000366210935,214.58999633789065,213.3800048828125,213.4199981689453,184.73675537109372,69665300
2016-09-21,214.2400054931641,216.02999877929688,213.44000244140625,215.82000732421875,186.8142852783203,110284400
2016-09-22,217.0,217.52999877929688,216.7100067138672,217.17999267578125,187.99148559570312,76678700
2016-09-23,216.72000122070312,216.8800048828125,215.8800048828125,215.9900054931641,186.9614105224609,73630900
2016-09-26,215.0200042724609,215.22999572753903,214.00999450683597,214.2400054931641,185.44662475585935,89827300
2016-09-27,214.0500030517578,215.67999267578125,213.6199951171875,215.57000732421875,186.59783935546875,78494800
2016-09-28,215.8300018310547,216.82000732421875,214.7100067138672,216.63999938964844,187.5240020751953,87411000
2016-09-29,216.3999938964844,216.8699951171875,214.0399932861328,214.67999267578125,185.82748413085935,128070600
2016-09-30,215.6499938964844,217.1199951171875,215.3600006103516,216.3000030517578,187.229736328125,117202900
2016-10-03,215.82000732421875,216.0399932861328,215.0399932861328,215.77999877929688,186.7795867919922,83512100
2016-10-04,215.91000366210935,216.1699981689453,213.9900054931641,214.67999267578125,185.82748413085935,119948100
2016-10-05,215.41000366210935,216.1300048828125,215.3300018310547,215.6300048828125,186.6498107910156,72816000
2016-10-06,215.3699951171875,216.0399932861328,214.7400054931641,215.77999877929688,186.7795867919922,62927400
2016-10-07,216.1000061035156,216.3000030517578,214.19000244140625,215.0399932861328,186.13905334472656,89788300
2016-10-10,216.16000366210935,216.6999969482422,215.9900054931641,216.16000366210935,187.1085205078125,51855000
2016-10-11,215.66000366210935,215.7400054931641,212.5800018310547,213.42999267578125,184.74546813964844,130367400
2016-10-12,213.58999633789065,214.32000732421875,213.00999450683597,213.7100067138672,184.98779296875,73866100
2016-10-13,212.16000366210935,213.58999633789065,211.2100067138672,213.00999450683597,184.3818817138672,101357000
2016-10-14,214.1499938964844,214.69000244140625,213.02999877929688,213.1199951171875,184.4770965576172,93346200
2016-10-17,213.08999633789065,213.38999938964844,212.1699981689453,212.3800048828125,183.8365631103516,58275700
2016-10-18,214.2400054931641,214.30999755859372,213.2700042724609,213.7100067138672,184.98779296875,76869700
2016-10-19,214.0200042724609,214.63999938964844,213.6000061035156,214.27999877929688,185.4812164306641,66519200
2016-10-20,213.8699951171875,214.52999877929688,213.1100006103516,213.8800048828125,185.1350250244141,73639800
2016-10-21,213.8800048828125,214.0800018310547,212.75999450683597,213.97999572753903,185.22149658203125,89089100
2016-10-24,215.0,215.32000732421875,214.47999572753903,214.88999938964844,186.0092315673828,60146600
2016-10-25,214.67999267578125,214.97999572753903,213.97999572753903,214.1699981689453,185.38597106933597,66542300
2016-10-26,213.2100067138672,214.4199981689453,212.92999267578125,213.7400054931641,185.0138092041016,75705500
2016-10-27,214.5800018310547,214.6199951171875,213.0800018310547,213.1699981689453,184.5203857421875,77220200
2016-10-28,213.13999938964844,213.92999267578125,211.7100067138672,212.5399932861328,183.97506713867188,140623200
2016-10-31,212.92999267578125,213.19000244140625,212.3600006103516,212.5500030517578,183.9837646484375,61272500
2016-11-01,212.92999267578125,212.9900054931641,209.6000061035156,211.00999450683597,182.6507110595703,122781800
2016-11-02,210.6499938964844,211.1000061035156,209.22999572753903,209.7400054931641,181.5514068603516,103330800
2016-11-03,209.9900054931641,210.2400054931641,208.4600067138672,208.77999877929688,180.7203826904297,88939300
2016-11-04,208.91000366210935,209.88999938964844,208.3800048828125,208.5500030517578,180.5213165283203,109122100
2016-11-07,208.5500030517578,213.19000244140625,208.5500030517578,213.1499938964844,184.5030670166016,109794900
2016-11-08,212.69000244140625,214.7700042724609,212.3800048828125,214.1100006103516,185.33409118652344,106772100
2016-11-09,212.3699951171875,217.1000061035156,212.33999633789065,216.3800048828125,187.2989959716797,258429000
2016-11-10,217.3000030517578,218.30999755859372,215.22000122070312,216.9199981689453,187.766357421875,172113300
2016-11-11,216.0800018310547,216.6999969482422,215.32000732421875,216.4199981689453,187.3335723876953,100552700
2016-11-14,217.02999877929688,217.2700042724609,215.72000122070312,216.58999633789065,187.4807586669922,94580000
2016-11-15,217.0399932861328,218.27999877929688,216.8000030517578,218.27999877929688,188.943603515625,91652600
2016-11-16,217.55999755859372,218.13999938964844,217.4199981689453,217.8699951171875,188.58868408203125,65617700
2016-11-17,218.0500030517578,219.05999755859372,217.9199981689453,218.9900054931641,189.5582275390625,69797200
2016-11-18,219.07000732421875,219.2700042724609,218.2899932861328,218.5,189.134033203125,86265800
2016-11-21,219.1699981689453,220.17999267578125,219.0,220.1499938964844,190.5623016357422,72402600
2016-11-22,220.50999450683597,220.7899932861328,219.72999572753903,220.5800018310547,190.93450927734372,67429000
2016-11-23,219.97999572753903,220.75999450683597,219.75,220.6999969482422,191.03839111328125,56620200
2016-11-25,221.1000061035156,221.55999755859372,221.00999450683597,221.5200042724609,191.74815368652344,37872300
2016-11-28,221.16000366210935,221.47999572753903,220.3600006103516,220.47999572753903,190.84796142578125,76572500
2016-11-29,220.5200042724609,221.44000244140625,220.1699981689453,220.91000366210935,191.2201690673828,69886700
2016-11-30,221.6300048828125,221.82000732421875,220.30999755859372,220.3800048828125,190.7614288330078,113291800
2016-12-01,220.72999572753903,220.72999572753903,219.1499938964844,219.57000732421875,190.0601959228516,79040500
2016-12-02,219.6699981689453,220.25,219.25999450683597,219.67999267578125,190.15545654296875,74840300
2016-12-05,220.6499938964844,221.3999938964844,220.4199981689453,221.0,191.29808044433597,67837800
2016-12-06,221.22000122070312,221.7400054931641,220.66000366210935,221.6999969482422,191.90399169921875,59877400
2016-12-07,221.5200042724609,224.6699981689453,221.3800048828125,224.6000061035156,194.4141998291016,110738100
2016-12-08,224.57000732421875,225.6999969482422,224.25999450683597,225.1499938964844,194.8902587890625,99714400
2016-12-09,225.41000366210935,226.52999877929688,225.3699951171875,226.50999450683597,196.06753540039065,88005800
2016-12-12,226.3999938964844,226.9600067138672,225.75999450683597,226.25,195.84246826171875,102016100
2016-12-13,227.0200042724609,228.33999633789065,227.0,227.75999450683597,197.1495513916016,110477500
2016-12-14,227.41000366210935,228.22999572753903,225.3699951171875,225.8800048828125,195.52220153808597,142501800
2016-12-15,226.16000366210935,227.80999755859372,225.88999938964844,226.80999755859372,196.32717895507807,124972600
2016-12-16,226.00999450683597,226.0800018310547,224.6699981689453,225.0399932861328,195.94320678710935,156420200
2016-12-19,225.25,226.0200042724609,225.0800018310547,225.52999877929688,196.3698883056641,90341100
2016-12-20,226.1499938964844,226.57000732421875,225.8800048828125,226.3999938964844,197.1273498535156,89838800
2016-12-21,226.25,226.4499969482422,225.7700042724609,225.7700042724609,196.57884216308597,67909000
2016-12-22,225.6000061035156,225.7400054931641,224.9199981689453,225.3800048828125,196.23928833007807,56219100
2016-12-23,225.42999267578125,225.72000122070312,225.2100067138672,225.7100067138672,196.52658081054688,36697800
2016-12-27,226.0200042724609,226.72999572753903,226.0,226.2700042724609,197.01417541503903,42672500
2016-12-28,226.57000732421875,226.58999633789065,224.2700042724609,224.3999938964844,195.38601684570312,64095000
2016-12-29,224.47999572753903,224.88999938964844,223.83999633789065,224.3500061035156,195.3424224853516,48696100
2016-12-30,224.72999572753903,224.8300018310547,222.72999572753903,223.52999877929688,194.6284942626953,108998300
2017-01-03,225.0399932861328,225.8300018310547,223.8800048828125,225.2400054931641,196.1173858642578,91366500
2017-01-04,225.6199951171875,226.75,225.6100006103516,226.5800018310547,197.28407287597656,78744400
2017-01-05,226.2700042724609,226.5800018310547,225.47999572753903,226.3999938964844,197.1273498535156,78379000
2017-01-06,226.52999877929688,227.75,225.8999938964844,227.2100067138672,197.8326873779297,71559900
2017-01-09,226.91000366210935,227.07000732421875,226.4199981689453,226.4600067138672,197.1796112060547,46939700
2017-01-10,226.47999572753903,227.4499969482422,226.00999450683597,226.4600067138672,197.1796112060547,63771900
2017-01-11,226.3600006103516,227.1000061035156,225.58999633789065,227.1000061035156,197.73687744140625,74650000
2017-01-12,226.5,226.75,224.9600067138672,226.52999877929688,197.24058532714844,72113200
2017-01-13,226.72999572753903,227.3999938964844,226.69000244140625,227.0500030517578,197.69337463378903,62717900
2017-01-17,226.30999755859372,226.77999877929688,225.8000030517578,226.25,196.99679565429688,61240800
2017-01-18,226.5399932861328,226.8000030517578,225.8999938964844,226.75,197.43212890625,54793300
2017-01-19,226.83999633789065,227.0,225.41000366210935,225.91000366210935,196.70071411132807,66608800
2017-01-20,226.6999969482422,227.30999755859372,225.97000122070312,226.7400054931641,197.4234161376953,129168600
2017-01-23,226.7400054931641,226.80999755859372,225.2700042724609,226.1499938964844,196.9097137451172,75061600
2017-01-24,226.3999938964844,228.0800018310547,226.2700042724609,227.6000061035156,198.1722412109375,95555300
2017-01-25,228.6999969482422,229.57000732421875,228.50999450683597,229.57000732421875,199.8875274658203,84437700
2017-01-26,229.3999938964844,229.7100067138672,229.00999450683597,229.3300018310547,199.67855834960935,59970700
2017-01-27,229.4199981689453,229.58999633789065,228.75999450683597,228.97000122070312,199.3651123046875,59711100
2017-01-30,228.1699981689453,228.1999969482422,226.41000366210935,227.5500030517578,198.12872314453125,79737300
2017-01-31,226.97999572753903,227.6000061035156,226.32000732421875,227.52999877929688,198.1112365722656,75880800
2017-02-01,227.52999877929688,228.58999633789065,226.94000244140625,227.6199951171875,198.189697265625,79117700
2017-02-02,227.6199951171875,228.1000061035156,226.82000732421875,227.7700042724609,198.3202209472656,69657600
2017-02-03,228.82000732421875,229.5500030517578,228.4600067138672,229.33999633789065,199.6872711181641,80563200
2017-02-06,228.8699951171875,229.3300018310547,228.5399932861328,228.92999267578125,199.3302764892578,57790100
2017-02-07,229.3800048828125,229.66000366210935,228.72000122070312,228.94000244140625,199.33897399902344,57931200
2017-02-08,228.94000244140625,229.38999938964844,228.30999755859372,229.2400054931641,199.60020446777344,51566200
2017-02-09,229.2400054931641,230.9499969482422,229.2400054931641,230.6000061035156,200.78428649902344,65955200
2017-02-10,231.0,231.7700042724609,230.6199951171875,231.50999450683597,201.57667541503903,66015900
2017-02-13,232.0800018310547,233.07000732421875,232.0500030517578,232.7700042724609,202.67376708984372,55182100
2017-02-14,232.55999755859372,233.7100067138672,232.16000366210935,233.6999969482422,203.48350524902344,71109000
2017-02-15,233.4499969482422,235.13999938964844,233.38999938964844,234.9199981689453,204.5458068847656,86785800
2017-02-16,234.9499969482422,235.16000366210935,233.8500061035156,234.72000122070312,204.3716583251953,84722400
2017-02-17,233.9499969482422,235.08999633789065,233.92999267578125,235.08999633789065,204.6938018798828,77204100
2017-02-21,235.5200042724609,236.69000244140625,235.50999450683597,236.4900054931641,205.9127960205078,88946100
2017-02-22,236.0200042724609,236.5399932861328,235.8300018310547,236.27999877929688,205.72991943359372,62115200
2017-02-23,236.8800048828125,236.8999938964844,235.55999755859372,236.44000244140625,205.8692626953125,74615900
2017-02-24,235.4600067138672,236.7899932861328,235.41000366210935,236.7400054931641,206.13047790527344,82381600
2017-02-27,236.63999938964844,237.30999755859372,236.3500061035156,237.1100006103516,206.45260620117188,56515400
2017-02-28,236.6699981689453,236.9499969482422,236.0200042724609,236.47000122070312,205.89540100097656,96961900
2017-03-01,238.38999938964844,240.32000732421875,238.3699951171875,239.77999877929688,208.77740478515625,149158200
2017-03-02,239.55999755859372,239.57000732421875,238.2100067138672,238.2700042724609,207.4626617431641,70246000
2017-03-03,238.1699981689453,238.6100006103516,237.72999572753903,238.4199981689453,207.59320068359372,81974300
2017-03-06,237.5,238.1199951171875,237.00999450683597,237.7100067138672,206.97509765625,55391500
2017-03-07,237.3600006103516,237.7700042724609,236.75999450683597,237.0,206.3568115234375,65103700
2017-03-08,237.33999633789065,237.63999938964844,236.3999938964844,236.55999755859372,205.9737243652344,78168800
2017-03-09,236.6999969482422,237.2400054931641,235.7400054931641,236.8600006103516,206.2349548339844,90683900
2017-03-10,237.97000122070312,238.0200042724609,236.58999633789065,237.69000244140625,206.9576110839844,81991700
2017-03-13,237.6199951171875,237.8600006103516,237.2400054931641,237.80999755859372,207.0621490478516,57256800
2017-03-14,237.17999267578125,237.2400054931641,236.19000244140625,236.8999938964844,206.26976013183597,59880800
2017-03-15,237.55999755859372,239.44000244140625,237.2899932861328,238.9499969482422,208.0547332763672,96081800
2017-03-16,239.1100006103516,239.1999969482422,238.1000061035156,238.47999572753903,207.6454925537109,78344000
2017-03-17,237.75,237.97000122070312,237.02999877929688,237.02999877929688,207.2808074951172,89002100
2017-03-20,237.02999877929688,237.3600006103516,236.32000732421875,236.7700042724609,207.0534820556641,52537000
2017-03-21,237.47000122070312,237.6100006103516,233.5800018310547,233.72999572753903,204.39498901367188,131809300
2017-03-22,233.7700042724609,234.6100006103516,233.0500030517578,234.27999877929688,204.8759613037109,97569200
2017-03-23,234.27999877929688,235.33999633789065,233.6000061035156,234.02999877929688,204.6573028564453,100410300
2017-03-24,234.3800048828125,235.0399932861328,232.9600067138672,233.8600006103516,204.5086669921875,112504900
2017-03-27,231.92999267578125,233.9199981689453,231.6100006103516,233.6199951171875,204.2988128662109,87454500
2017-03-28,233.2700042724609,235.80999755859372,233.13999938964844,235.32000732421875,205.7854156494141,93483900
2017-03-29,234.9900054931641,235.80999755859372,234.72999572753903,235.5399932861328,205.97781372070312,61950400
2017-03-30,235.47000122070312,236.5200042724609,235.2700042724609,236.2899932861328,206.63363647460935,56737900
2017-03-31,235.8999938964844,236.50999450683597,235.67999267578125,235.7400054931641,206.15272521972656,73733100
2017-04-03,235.8000030517578,236.02999877929688,233.91000366210935,235.3300018310547,205.79421997070312,85546500
2017-04-04,235.0,235.5800018310547,234.55999755859372,235.47999572753903,205.9253692626953,56466200
2017-04-05,236.25999450683597,237.38999938964844,234.5399932861328,234.77999877929688,205.31320190429688,108800600
2017-04-06,234.94000244140625,236.0399932861328,234.42999267578125,235.44000244140625,205.89035034179688,69135800
2017-04-07,235.1499938964844,236.0,234.63999938964844,235.1999969482422,205.6804656982422,74412300
2017-04-10,235.3600006103516,236.25999450683597,234.72999572753903,235.33999633789065,205.8029327392578,67615300
2017-04-11,234.8999938964844,235.17999267578125,233.33999633789065,235.05999755859372,205.5580596923828,88045300
2017-04-12,234.7400054931641,234.9600067138672,233.7700042724609,234.02999877929688,204.6573028564453,81864400
2017-04-13,233.63999938964844,234.4900054931641,232.50999450683597,232.50999450683597,203.328125,92880400
2017-04-17,233.1100006103516,234.57000732421875,232.8800048828125,234.57000732421875,205.12962341308597,68405400
2017-04-18,233.72000122070312,234.4900054931641,233.0800018310547,233.8699951171875,204.51739501953125,83225800
2017-04-19,234.5200042724609,234.9499969482422,233.17999267578125,233.44000244140625,204.14144897460935,68699900
2017-04-20,234.1499938964844,235.8500061035156,233.77999877929688,235.33999633789065,205.8029327392578,92572200
2017-04-21,235.25,235.30999755859372,234.1300048828125,234.58999633789065,205.14703369140625,110389800
2017-04-24,237.17999267578125,237.41000366210935,234.55999755859372,237.1699981689453,207.40321350097656,119209900
2017-04-25,237.91000366210935,238.9499969482422,237.80999755859372,238.5500030517578,208.61004638671875,76698300
2017-04-26,238.50999450683597,239.52999877929688,238.3500061035156,238.3999938964844,208.47886657714844,84702500
2017-04-27,238.7700042724609,238.9499969482422,237.97999572753903,238.6000061035156,208.6537933349609,57410300
2017-04-28,238.8999938964844,238.92999267578125,237.92999267578125,238.0800018310547,208.1990509033203,63532800
2017-05-01,238.67999267578125,239.1699981689453,238.1999969482422,238.67999267578125,208.7237701416016,66882500
2017-05-02,238.83999633789065,238.97999572753903,238.3000030517578,238.7700042724609,208.80239868164065,57375700
2017-05-03,238.7700042724609,238.8800048828125,237.6999969482422,238.47999572753903,208.548828125,73137700
2017-05-04,238.8300018310547,238.9199981689453,237.77999877929688,238.75999450683597,208.79368591308597,61462700
2017-05-05,239.19000244140625,239.72000122070312,238.67999267578125,239.6999969482422,209.6157073974609,62001300
2017-05-08,239.75,239.9199981689453,239.1699981689453,239.66000366210935,209.58078002929688,48385700
2017-05-09,239.9600067138672,240.19000244140625,239.0399932861328,239.44000244140625,209.3883514404297,51363200
2017-05-10,239.38999938964844,239.8699951171875,239.1499938964844,239.8699951171875,209.764404296875,54293800
2017-05-11,239.3500061035156,239.57000732421875,238.1300048828125,239.3800048828125,209.33587646484372,62358300
2017-05-12,239.08999633789065,239.42999267578125,238.6699981689453,238.97999572753903,208.98605346679688,53912700
2017-05-15,239.47000122070312,240.44000244140625,239.4499969482422,240.3000030517578,210.14041137695312,61918900
2017-05-16,240.63999938964844,240.6699981689453,239.6300048828125,240.0800018310547,209.94805908203125,51241800
2017-05-17,240.0800018310547,240.0800018310547,235.75,235.82000732421875,206.2227020263672,172174100
2017-05-18,235.72999572753903,237.75,235.42999267578125,236.7700042724609,207.0534820556641,107047700
2017-05-19,237.3300018310547,239.0800018310547,237.2700042724609,238.30999755859372,208.40020751953125,115011400
2017-05-22,238.8999938964844,239.7100067138672,238.82000732421875,239.5200042724609,209.45834350585935,61010600
2017-05-23,239.9499969482422,240.2400054931641,239.50999450683597,240.0500030517578,209.9218292236328,48341700
2017-05-24,240.32000732421875,240.72999572753903,239.92999267578125,240.6100006103516,210.41148376464844,46927700
2017-05-25,241.1999969482422,242.0800018310547,240.9600067138672,241.75999450683597,211.4171142578125,64071700
2017-05-26,241.5399932861328,241.8999938964844,241.4499969482422,241.7100067138672,211.37347412109372,46629900
2017-05-30,241.33999633789065,241.7899932861328,241.16000366210935,241.5,211.1898193359375,35201900
2017-05-31,241.83999633789065,241.8800048828125,240.63999938964844,241.44000244140625,211.13731384277344,91796000
2017-06-01,241.97000122070312,243.3800048828125,241.63999938964844,243.3600006103516,212.8163909912109,68962000
2017-06-02,243.4199981689453,244.3500061035156,243.0800018310547,244.1699981689453,213.5247039794922,88666100
2017-06-05,243.97000122070312,244.3000030517578,243.75999450683597,243.9900054931641,213.3672790527344,44698800
2017-06-06,243.33999633789065,243.97999572753903,243.1199951171875,243.2100067138672,212.68521118164065,50375400
2017-06-07,243.6000061035156,243.9199981689453,242.8300018310547,243.66000366210935,213.0786895751953,54144300
2017-06-08,243.7700042724609,244.3300018310547,243.1699981689453,243.77999877929688,213.18360900878903,65950700
2017-06-09,244.08999633789065,245.00999450683597,241.9499969482422,243.41000366210935,212.86009216308597,132256400
2017-06-12,243.1300048828125,243.4199981689453,242.3800048828125,243.3600006103516,212.8163909912109,86108100
2017-06-13,243.97999572753903,244.6100006103516,243.5800018310547,244.5500030517578,213.8570556640625,60067000
2017-06-14,244.8600006103516,244.8699951171875,243.2899932861328,244.2400054931641,213.58590698242188,78602300
2017-06-15,242.67999267578125,243.91000366210935,242.3600006103516,243.7700042724609,213.17491149902344,66464900
2017-06-16,242.7700042724609,242.8300018310547,241.6300048828125,242.63999938964844,213.22146606445312,84553100
2017-06-19,243.58999633789065,244.72999572753903,243.47999572753903,244.66000366210935,214.9965362548828,65123800
2017-06-20,244.25,244.25999450683597,242.9900054931641,243.00999450683597,213.54661560058597,56906400
2017-06-21,243.4600067138672,243.58999633789065,242.41000366210935,242.9499969482422,213.4938507080078,55977600
2017-06-22,242.9600067138672,243.52999877929688,242.63999938964844,242.83999633789065,213.39718627929688,44148100
2017-06-23,242.91000366210935,243.50999450683597,242.47000122070312,243.1300048828125,213.6520538330078,66986800
2017-06-26,243.8999938964844,244.3800048828125,243.0500030517578,243.2899932861328,213.79263305664065,56700500
2017-06-27,243.0399932861328,243.3800048828125,241.30999755859372,241.3300018310547,212.07032775878903,82247700
2017-06-28,242.5,243.72000122070312,242.22999572753903,243.4900054931641,213.96841430664065,70042600
2017-06-29,243.66000366210935,243.72000122070312,239.9600067138672,241.3500061035156,212.087890625,106949700
2017-06-30,242.27999877929688,242.7100067138672,241.5800018310547,241.8000030517578,212.4833221435547,86820700
2017-07-03,242.8800048828125,243.3800048828125,242.2100067138672,242.2100067138672,212.8435821533203,39153800
2017-07-05,242.6300048828125,243.00999450683597,241.6999969482422,242.7700042724609,213.3357086181641,54427600
2017-07-06,241.88999938964844,242.02999877929688,240.33999633789065,240.5500030517578,211.3848571777344,65400800
2017-07-07,241.2100067138672,242.27999877929688,240.55999755859372,242.1100006103516,212.7557678222656,57972300
2017-07-10,242.1100006103516,242.8000030517578,241.75999450683597,242.3699951171875,212.98419189453125,36663300
2017-07-11,242.3699951171875,242.5500030517578,240.8500061035156,242.19000244140625,212.8260040283203,50354600
2017-07-12,243.3000030517578,244.1999969482422,243.3000030517578,244.00999450683597,214.4253692626953,59610400
2017-07-13,244.0200042724609,244.5500030517578,243.75999450683597,244.4199981689453,214.7856292724609,39471600
2017-07-14,244.4199981689453,245.97000122070312,244.30999755859372,245.55999755859372,215.78746032714844,60262700
2017-07-17,245.47000122070312,245.91000366210935,245.3300018310547,245.52999877929688,215.76104736328125,33531900
2017-07-18,245.05999755859372,245.72000122070312,244.6699981689453,245.66000366210935,215.8752899169922,42742500
2017-07-19,246.0200042724609,247.0,246.00999450683597,246.9900054931641,217.04405212402344,51034300
2017-07-20,247.27999877929688,247.4199981689453,246.47000122070312,247.1000061035156,217.14073181152344,47135200
2017-07-21,246.44000244140625,246.91000366210935,246.17999267578125,246.8800048828125,216.9473876953125,82340800
2017-07-24,246.7899932861328,246.97999572753903,246.27999877929688,246.82000732421875,216.89468383789065,46622300
2017-07-25,247.67999267578125,247.8000030517578,247.16000366210935,247.4199981689453,217.4219512939453,54915600
2017-07-26,247.75,247.7899932861328,247.1300048828125,247.42999267578125,217.4307556152344,47575400
2017-07-27,247.9600067138672,248.0,245.67999267578125,247.1999969482422,217.2286071777344,70766600
2017-07-28,246.6499938964844,247.05999755859372,246.1300048828125,246.91000366210935,216.97378540039065,50088400
2017-07-31,247.3699951171875,247.47999572753903,246.52999877929688,246.7700042724609,216.8507537841797,65838700
2017-08-01,247.4600067138672,247.5,246.72000122070312,247.32000732421875,217.33409118652344,55050400
2017-08-02,247.47000122070312,247.6000061035156,246.3699951171875,247.44000244140625,217.4395294189453,47211200
2017-08-03,247.30999755859372,247.33999633789065,246.63999938964844,246.9600067138672,217.01768493652344,40856000
2017-08-04,247.5200042724609,247.7899932861328,246.97000122070312,247.41000366210935,217.41314697265625,60191800
2017-08-07,247.4900054931641,247.8699951171875,247.3699951171875,247.8699951171875,217.8173828125,31995000
2017-08-08,247.50999450683597,248.91000366210935,246.8300018310547,247.25999450683597,217.28131103515625,61719400
2017-08-09,246.47000122070312,247.30999755859372,246.05999755859372,247.25,217.2725372314453,62632600
2017-08-10,246.2899932861328,246.44000244140625,243.6999969482422,243.75999450683597,214.20567321777344,120479500
2017-08-11,244.0200042724609,244.8000030517578,243.75,244.1199951171875,214.52200317382807,74869900
2017-08-14,245.58999633789065,246.7899932861328,245.5500030517578,246.5399932861328,216.64862060546875,73291900
2017-08-15,246.97999572753903,247.0,246.16000366210935,246.50999450683597,216.6222686767578,55242700
2017-08-16,247.1100006103516,247.57000732421875,246.4499969482422,246.94000244140625,217.0001220703125,56715500
2017-08-17,246.2400054931641,246.6000061035156,243.08999633789065,243.08999633789065,213.616943359375,128490400
2017-08-18,242.8999938964844,244.19000244140625,242.1999969482422,242.7100067138672,213.2830047607422,136748000
2017-08-21,242.63999938964844,243.1999969482422,241.8300018310547,242.8999938964844,213.4499664306641,65469700
2017-08-22,243.57000732421875,245.6199951171875,243.5500030517578,245.44000244140625,215.6820373535156,63140100
2017-08-23,244.3300018310547,245.0500030517578,244.16000366210935,244.55999755859372,214.90869140625,50203800
2017-08-24,245.0,245.17999267578125,243.75,243.9900054931641,214.4077911376953,50741700
2017-08-25,244.8999938964844,245.6100006103516,244.38999938964844,244.55999755859372,214.90869140625,64445900
2017-08-28,245.1699981689453,245.1999969482422,244.08999633789065,244.57000732421875,214.91749572753903,40565600
2017-08-29,243.05999755859372,245.1499938964844,242.92999267578125,244.8500061035156,215.1635589599609,51135700
2017-08-30,244.8300018310547,246.32000732421875,244.6199951171875,246.00999450683597,216.18289184570312,62030800
2017-08-31,246.72000122070312,247.7700042724609,246.0500030517578,247.4900054931641,217.48342895507807,103803900
2017-09-01,247.9199981689453,248.3300018310547,247.6699981689453,247.83999633789065,217.79103088378903,62007000
2017-09-05,247.25999450683597,247.5200042724609,244.9499969482422,246.05999755859372,216.2268524169922,91398800
2017-09-06,246.83999633789065,247.27999877929688,246.22999572753903,246.8999938964844,216.96495056152344,57916900
2017-09-07,247.25,247.2700042724609,246.3999938964844,246.8699951171875,216.9386138916016,58034700
2017-09-08,246.5399932861328,247.1100006103516,246.3000030517578,246.5800018310547,216.6837310791016,63832800
2017-09-11,248.0399932861328,249.3000030517578,248.0200042724609,249.2100067138672,218.9948883056641,71364800
2017-09-12,249.6300048828125,250.08999633789065,249.4199981689453,250.0500030517578,219.7330474853516,56896000
2017-09-13,249.72000122070312,250.2100067138672,249.58999633789065,250.1699981689453,219.8385009765625,59228000
2017-09-14,249.8000030517578,250.32000732421875,249.6000061035156,250.08999633789065,219.7682037353516,95446300
2017-09-15,248.69000244140625,249.2899932861328,248.57000732421875,249.19000244140625,220.06407165527344,95432400
2017-09-18,249.6100006103516,250.1199951171875,249.27999877929688,249.72000122070312,220.5321044921875,46235200
2017-09-19,250.0,250.07000732421875,249.6000061035156,249.97000122070312,220.7528533935547,47108100
2017-09-20,250.07000732421875,250.19000244140625,248.9199981689453,250.05999755859372,220.83238220214844,59574100
2017-09-21,249.8800048828125,249.97999572753903,249.19000244140625,249.38999938964844,220.2406768798828,48211400
2017-09-22,249.0500030517578,249.6300048828125,249.0200042724609,249.44000244140625,220.28482055664065,51214000
2017-09-25,249.1499938964844,249.5500030517578,248.0800018310547,248.92999267578125,219.83444213867188,57064400
2017-09-26,249.4199981689453,249.6999969482422,248.80999755859372,249.0800018310547,219.9669189453125,54082000
2017-09-27,249.8800048828125,250.4900054931641,248.8699951171875,250.0500030517578,220.8235015869141,81001400
2017-09-28,249.72999572753903,250.44000244140625,249.6300048828125,250.3500061035156,221.0884704589844,44778800
2017-09-29,250.33999633789065,251.32000732421875,250.1300048828125,251.22999572753903,221.86558532714844,85578000
2017-10-02,251.4900054931641,252.32000732421875,251.2899932861328,252.32000732421875,222.82823181152344,59023000
2017-10-03,252.32000732421875,252.88999938964844,252.22999572753903,252.8600006103516,223.30511474609372,66810200
2017-10-04,252.69000244140625,253.44000244140625,252.55999755859372,253.16000366210935,223.57005310058597,55953600
2017-10-05,253.5399932861328,254.67999267578125,253.1999969482422,254.66000366210935,224.894775390625,63522800
2017-10-06,254.1499938964844,254.6999969482422,253.8500061035156,254.3699951171875,224.63861083984372,80646000
2017-10-09,254.6300048828125,254.6999969482422,253.6499938964844,253.9499969482422,224.26768493652344,35803100
2017-10-10,254.6000061035156,255.0500030517578,253.97999572753903,254.6199951171875,224.859375,43057400
2017-10-11,254.50999450683597,255.0200042724609,254.32000732421875,255.0200042724609,225.2126617431641,47674300
2017-10-12,254.66000366210935,255.05999755859372,254.3699951171875,254.63999938964844,224.8770751953125,47065100
2017-10-13,255.13999938964844,255.2700042724609,254.63999938964844,254.9499969482422,225.1508331298828,54800400
2017-10-16,255.2100067138672,255.50999450683597,254.82000732421875,255.2899932861328,225.4510498046875,38221700
2017-10-17,255.22999572753903,255.5200042724609,254.97999572753903,255.47000122070312,225.6100311279297,31561000
2017-10-18,255.8999938964844,255.9499969482422,255.5,255.72000122070312,225.83084106445312,40888300
2017-10-19,254.8300018310547,255.8300018310547,254.3500061035156,255.7899932861328,225.8926696777344,61903800
2017-10-20,256.70001220703125,257.1400146484375,255.7700042724609,257.1099853515625,227.05833435058597,89176400
2017-10-23,257.4800109863281,257.510009765625,256.0199890136719,256.1099853515625,226.1752014160156,63915300
2017-10-24,256.6000061035156,256.8299865722656,256.1499938964844,256.5599975585937,226.5726318359375,66935900
2017-10-25,256.17999267578125,256.3099975585937,254.0,255.2899932861328,225.4510498046875,103715300
2017-10-26,255.9900054931641,256.29998779296875,255.47999572753903,255.6199951171875,225.7424774169922,69798000
2017-10-27,256.4700012207031,257.8900146484375,255.6300048828125,257.7099914550781,227.5882568359375,85562500
2017-10-30,256.4700012207031,257.6000061035156,256.4100036621094,256.75,226.74044799804688,54285700
2017-10-31,257.17999267578125,257.44000244140625,256.8099975585937,257.1499938964844,227.0937042236328,60304800
2017-11-01,258.0400085449219,258.42999267578125,257.07000732421875,257.489990234375,227.3939514160156,54202700
2017-11-02,257.4100036621094,257.75,256.19000244140625,257.5899963378906,227.4822540283203,56449500
2017-11-03,257.7699890136719,258.5,257.29998779296875,258.45001220703125,228.24176025390625,59589700
2017-11-06,258.29998779296875,259.0,258.2200012207031,258.8500061035156,228.59495544433597,49652600
2017-11-07,258.9700012207031,259.3500061035156,258.0899963378906,258.6700134277344,228.4360198974609,57502200
2017-11-08,258.4700012207031,259.2200012207031,258.1499938964844,259.1099853515625,228.8245849609375,50469600
2017-11-09,257.7300109863281,258.3900146484375,256.3599853515625,258.1700134277344,227.99447631835935,95085500
2017-11-10,257.7300109863281,258.2900085449219,257.3699951171875,258.0899963378906,227.923828125,59984700
2017-11-13,257.3099975585937,258.5899963378906,257.2699890136719,258.3299865722656,228.13575744628903,50228600
2017-11-14,257.4100036621094,257.8500061035156,256.5199890136719,257.7300109863281,227.6058654785156,61315200
2017-11-15,256.6199951171875,257.2200012207031,255.6300048828125,256.44000244140625,226.4667053222656,80811500
2017-11-16,257.5199890136719,259.0400085449219,257.4700012207031,258.6199951171875,228.3918914794922,67777000
2017-11-17,258.2200012207031,258.5899963378906,257.7699890136719,257.8599853515625,227.7206878662109,75756800
2017-11-20,258.1400146484375,258.5199890136719,257.8599853515625,258.29998779296875,228.10931396484372,48075500
2017-11-21,259.17999267578125,260.20001220703125,258.260009765625,259.989990234375,229.60174560546875,69176800
2017-11-22,260.0,260.1499938964844,259.57000732421875,259.760009765625,229.3986358642578,45033400
2017-11-24,260.32000732421875,260.4800109863281,260.1600036621094,260.3599853515625,229.9284820556641,27856500
2017-11-27,260.4100036621094,260.75,260.0,260.2300109863281,229.8136749267578,52274900
2017-11-28,260.760009765625,262.8999938964844,260.6499938964844,262.8699951171875,232.14512634277344,98971700
2017-11-29,263.0199890136719,263.6300048828125,262.20001220703125,262.7099914550781,232.0037841796875,77512100
2017-11-30,263.760009765625,266.04998779296875,263.6700134277344,265.010009765625,234.0349578857422,127894400
2017-12-01,264.760009765625,265.3099975585937,260.760009765625,264.4599914550781,233.54928588867188,164390900
2017-12-04,266.3099975585937,266.79998779296875,264.0799865722656,264.1400146484375,233.2666778564453,94040600
2017-12-05,263.19000244140625,265.1499938964844,263.0400085449219,263.19000244140625,232.42767333984372,77994500
2017-12-06,263.29998779296875,263.7300109863281,262.7099914550781,263.239990234375,232.47189331054688,75898600
2017-12-07,264.07000732421875,264.42999267578125,262.94000244140625,264.07000732421875,233.2048492431641,77218600
2017-12-08,265.1600036621094,265.5199890136719,264.0299987792969,265.510009765625,234.4765625,76563900
2017-12-11,266.3099975585937,266.3800048828125,265.4800109863281,266.3099975585937,235.18307495117188,83077500
2017-12-12,267.2099914550781,267.32000732421875,266.3500061035156,266.7799987792969,235.5980682373047,85195800
2017-12-13,267.0599975585937,267.5599975585937,266.6499938964844,266.75,235.57156372070312,102905400
2017-12-14,267.0899963378906,267.2200012207031,265.6000061035156,265.6600036621094,234.6089782714844,100666700
2017-12-15,265.45001220703125,267.0400085449219,265.3900146484375,266.510009765625,236.56272888183597,144610300
2017-12-18,268.1000061035156,268.6000061035156,267.9800109863281,268.20001220703125,238.0627899169922,83653600
2017-12-19,268.4800109863281,268.5299987792969,267.0899963378906,267.1700134277344,237.1485748291016,82382900
2017-12-20,268.2699890136719,268.3299865722656,266.69000244140625,267.0299987792969,237.02423095703125,76751500
2017-12-21,267.739990234375,268.3900146484375,267.29998779296875,267.5799865722656,237.51242065429688,67032300
2017-12-22,267.6000061035156,267.6400146484375,266.8999938964844,267.510009765625,237.45037841796875,78720900
2017-12-26,267.04998779296875,267.44000244140625,266.8900146484375,267.19000244140625,237.1663360595703,45244400
2017-12-27,267.3800048828125,267.7300109863281,267.010009765625,267.32000732421875,237.28170776367188,57751000
2017-12-28,267.8900146484375,267.9200134277344,267.45001220703125,267.8699951171875,237.7698211669922,45116100
2017-12-29,268.5299987792969,268.54998779296875,266.6400146484375,266.8599853515625,236.87339782714844,96007400
2018-01-02,267.8399963378906,268.8099975585937,267.3999938964844,268.7699890136719,238.56878662109372,86655700
2018-01-03,268.9599914550781,270.6400146484375,268.9599914550781,270.4700012207031,240.07774353027344,90070400
2018-01-04,271.20001220703125,272.1600036621094,270.5400085449219,271.6099853515625,241.0896148681641,80636400
2018-01-05,272.510009765625,273.5599975585937,271.95001220703125,273.4200134277344,242.69625854492188,83524000
2018-01-08,273.3099975585937,274.1000061035156,272.9800109863281,273.9200134277344,243.14007568359372,57319200
2018-01-09,274.3999938964844,275.25,274.0799865722656,274.5400085449219,243.6904144287109,57254000
2018-01-10,273.67999267578125,274.4200134277344,272.9200134277344,274.1199951171875,243.31761169433597,69574300
2018-01-11,274.75,276.1199951171875,274.5599975585937,276.1199951171875,245.0927734375,62361500
2018-01-12,276.4200134277344,278.1099853515625,276.0799865722656,277.9200134277344,246.6906280517578,90816100
2018-01-16,279.3500061035156,280.0899963378906,276.17999267578125,276.9700012207031,245.84732055664065,106555100
2018-01-17,278.0299987792969,280.04998779296875,276.9700012207031,279.6099853515625,248.1906280517578,113258800
2018-01-18,279.4800109863281,279.9599914550781,278.5799865722656,279.1400146484375,247.77354431152344,100728000
2018-01-19,279.79998779296875,280.4100036621094,279.1400146484375,280.4100036621094,248.9007568359375,140920100
2018-01-22,280.1700134277344,282.69000244140625,280.1099853515625,282.69000244140625,250.9246063232422,91322400
2018-01-23,282.739990234375,283.6199951171875,282.3699951171875,283.2900085449219,251.4571075439453,97084700
2018-01-24,284.0199890136719,284.70001220703125,281.8399963378906,283.17999267578125,251.3594665527344,134816100
2018-01-25,284.1600036621094,284.2699890136719,282.3999938964844,283.29998779296875,251.46604919433597,84587300
2018-01-26,284.25,286.6300048828125,283.9599914550781,286.5799865722656,254.37744140625,107743100
2018-01-29,285.92999267578125,286.42999267578125,284.5,284.67999267578125,252.69091796875,90118300
2018-01-30,282.6000061035156,284.739990234375,281.2200012207031,281.760009765625,250.0990447998047,131796400
2018-01-31,282.7300109863281,283.29998779296875,280.67999267578125,281.8999938964844,250.2234039306641,108364800
2018-02-01,281.07000732421875,283.0599975585937,280.67999267578125,281.5799865722656,249.9393310546875,90102500
2018-02-02,280.0799865722656,280.2300109863281,275.4100036621094,275.45001220703125,244.4981689453125,173174800
2018-02-05,273.45001220703125,275.8500061035156,263.3099975585937,263.92999267578125,234.27261352539065,294681800
2018-02-06,259.94000244140625,269.70001220703125,258.70001220703125,269.1300048828125,238.8883209228516,355026800
2018-02-07,268.5,272.3599853515625,267.5799865722656,267.6700134277344,237.59230041503903,167376100
2018-02-08,268.010009765625,268.1700134277344,257.5899963378906,257.6300048828125,228.68051147460935,246449500
2018-02-09,260.79998779296875,263.6099853515625,252.9199981689453,261.5,232.11566162109372,283565300
2018-02-12,263.8299865722656,267.010009765625,261.6600036621094,265.3399963378906,235.524169921875,143736000
2018-02-13,263.9700012207031,266.6199951171875,263.3099975585937,266.0,236.1099548339844,81223600
2018-02-14,264.3099975585937,270.0,264.29998779296875,269.5899963378906,239.2965545654297,120735700
2018-02-15,271.57000732421875,273.0400085449219,268.7699890136719,273.0299987792969,242.3500518798828,111200300
2018-02-16,272.32000732421875,275.32000732421875,272.2699890136719,273.1099853515625,242.4210662841797,160420100
2018-02-20,272.0299987792969,273.6700134277344,270.5,271.3999938964844,240.9032287597656,86369700
2018-02-21,271.8999938964844,274.7200012207031,269.94000244140625,270.04998779296875,239.7048797607422,98883700
2018-02-22,271.1000061035156,273.04998779296875,269.6400146484375,270.3999938964844,240.01564025878903,110511300
2018-02-23,271.7900085449219,274.7099914550781,271.25,274.7099914550781,243.8412322998047,92766400
2018-02-26,275.92999267578125,278.010009765625,275.260009765625,277.8999938964844,246.67279052734372,86491400
2018-02-27,278.1099853515625,278.9200134277344,274.3599853515625,274.42999267578125,243.5927581787109,99099200
2018-02-28,275.67999267578125,276.19000244140625,271.2900085449219,271.6499938964844,241.1251220703125,121907800
2018-03-01,271.4100036621094,273.1700134277344,266.0,267.70001220703125,237.6190185546875,176855100
2018-03-02,265.79998779296875,269.7200012207031,264.82000732421875,269.0799865722656,238.84393310546875,139083200
2018-03-05,267.7300109863281,272.8900146484375,267.6099853515625,272.19000244140625,241.6044158935547,97307400
2018-03-06,273.29998779296875,273.3900146484375,271.17999267578125,272.8800048828125,242.21690368652344,79213200
2018-03-07,270.4200134277344,273.17999267578125,270.20001220703125,272.7799987792969,242.12814331054688,87063500
2018-03-08,273.54998779296875,274.239990234375,272.4200134277344,274.1000061035156,243.29977416992188,66901200
2018-03-09,275.70001220703125,278.8699951171875,275.3399963378906,278.8699951171875,247.5337829589844,113625300
2018-03-12,279.20001220703125,279.9100036621094,278.0799865722656,278.5199890136719,247.22311401367188,71924800
2018-03-13,279.8399963378906,280.4100036621094,276.0299987792969,276.7200012207031,245.62533569335935,91968900
2018-03-14,277.8099975585937,278.0199890136719,274.6700134277344,275.29998779296875,244.36502075195312,105895100
2018-03-15,275.8800048828125,276.6099853515625,274.42999267578125,275.0,244.0986175537109,83433000
2018-03-16,274.5,275.3900146484375,274.1400146484375,274.20001220703125,244.36331176757807,100343700
2018-03-19,273.3500061035156,274.3999938964844,268.6199951171875,270.489990234375,241.0570373535156,109208400
2018-03-20,270.94000244140625,271.6700134277344,270.17999267578125,270.95001220703125,241.46702575683597,59757300
2018-03-21,270.8999938964844,273.2699890136719,270.19000244140625,270.42999267578125,241.00364685058597,78709600
2018-03-22,267.9100036621094,268.8699951171875,263.3599853515625,263.6700134277344,234.97923278808597,148785900
2018-03-23,264.1700134277344,264.5400085449219,257.8299865722656,258.04998779296875,229.9706878662109,183534800
2018-03-26,262.1300048828125,265.42999267578125,259.4100036621094,265.1099853515625,236.2624969482422,141956100
2018-03-27,266.1700134277344,266.7699890136719,258.8399963378906,260.6000061035156,232.2432403564453,129941400
2018-03-28,260.75,262.6400146484375,258.5799865722656,259.8299865722656,231.5570373535156,146452300
2018-03-29,261.1199951171875,265.260009765625,259.8399963378906,263.1499938964844,234.51573181152344,111601600
2018-04-02,262.54998779296875,263.1300048828125,254.6699981689453,257.4700012207031,229.45384216308597,186286300
2018-04-03,258.8699951171875,261.3099975585937,256.8399963378906,260.7699890136719,232.39471435546875,119956900
2018-04-04,256.75,264.3599853515625,256.6000061035156,263.5599975585937,234.8811187744141,123715300
2018-04-05,265.54998779296875,266.6400146484375,264.32000732421875,265.6400146484375,236.7348480224609,82652600
2018-04-06,263.4200134277344,265.1099853515625,258.0,259.7200012207031,231.45895385742188,179521200
2018-04-09,261.3699951171875,264.8399963378906,259.94000244140625,261.0,232.5996856689453,105442900
2018-04-10,264.2699890136719,266.0400085449219,262.9800109863281,265.1499938964844,236.29812622070312,103529000
2018-04-11,263.4700012207031,265.6400146484375,263.3900146484375,263.760009765625,235.0593719482422,91140200
2018-04-12,265.260009765625,267.0,265.0599975585937,265.92999267578125,236.99327087402344,68890500
2018-04-13,267.4100036621094,267.5400085449219,264.010009765625,265.1499938964844,236.29812622070312,85079200
2018-04-16,267.0,268.20001220703125,266.07000732421875,267.3299865722656,238.24095153808597,63405300
2018-04-17,269.3299865722656,270.8699951171875,268.75,270.19000244140625,240.78970336914065,64682000
2018-04-18,270.69000244140625,271.29998779296875,269.8699951171875,270.3900146484375,240.96798706054688,57303900
2018-04-19,269.6499938964844,269.8800048828125,267.7200012207031,268.8900146484375,239.6311798095703,77655900
2018-04-20,268.8099975585937,269.0599975585937,265.6099853515625,266.6099853515625,237.5992584228516,99953100
2018-04-23,267.260009765625,267.8900146484375,265.3500061035156,266.57000732421875,237.56358337402344,65558000
2018-04-24,267.7300109863281,267.9800109863281,261.2799987792969,262.9800109863281,234.3642578125,112885500
2018-04-25,262.9100036621094,264.1300048828125,260.8500061035156,263.6300048828125,234.9435272216797,103840900
2018-04-26,264.7900085449219,267.25,264.2900085449219,266.3099975585937,237.3319091796875,67731900
2018-04-27,267.0,267.3399963378906,265.5,266.5599975585937,237.55465698242188,57053600
2018-04-30,267.260009765625,267.8900146484375,264.42999267578125,264.510009765625,235.72776794433597,82182300
2018-05-01,263.8699951171875,265.1000061035156,262.1099853515625,264.9800109863281,236.1466064453125,74203400
2018-05-02,264.760009765625,265.67999267578125,262.760009765625,263.20001220703125,234.5603179931641,86368900
2018-05-03,262.260009765625,263.3599853515625,259.04998779296875,262.6199951171875,234.0434112548828,136311500
2018-05-04,261.5199890136719,266.7900085449219,261.1499938964844,266.0199890136719,237.07345581054688,91222100
2018-05-07,266.8900146484375,268.0199890136719,266.1099853515625,266.9200134277344,237.8755645751953,55304900
2018-05-08,266.5,267.3299865722656,265.1499938964844,266.9200134277344,237.8755645751953,67499200
2018-05-09,267.67999267578125,269.8699951171875,267.0899963378906,269.5,240.1747894287109,59666100
2018-05-10,270.3399963378906,272.3900146484375,270.2200012207031,272.0199890136719,242.42063903808597,72063900
2018-05-11,272.1600036621094,273.1499938964844,271.5799865722656,272.8500061035156,243.1603240966797,59871500
2018-05-14,273.3399963378906,274.0799865722656,272.3599853515625,272.9800109863281,243.27618408203125,54790600
2018-05-15,271.5899963378906,271.6099853515625,270.0299987792969,271.1000061035156,241.6006774902344,87036100
2018-05-16,271.1400146484375,272.760009765625,271.1099853515625,272.239990234375,242.61659240722656,53942600
2018-05-17,271.94000244140625,273.2300109863281,271.1300048828125,272.010009765625,242.4116973876953,56536400
2018-05-18,271.6199951171875,272.0299987792969,270.92999267578125,271.3299865722656,241.8056640625,64368000
2018-05-21,273.010009765625,273.9800109863281,272.57000732421875,273.3699951171875,243.6236267089844,58025900
2018-05-22,273.9599914550781,274.25,272.239990234375,272.6099853515625,242.9463348388672,52966400
2018-05-23,271.1700134277344,273.3900146484375,270.989990234375,273.3599853515625,243.61476135253903,64694200
2018-05-24,272.9100036621094,273.2200012207031,270.7799987792969,272.79998779296875,243.11573791503903,76043800
2018-05-25,272.1499938964844,272.8599853515625,271.5799865722656,272.1499938964844,242.5364227294922,56374800
2018-05-29,270.3099975585937,271.1700134277344,267.760009765625,269.0199890136719,239.7469940185547,115908600
2018-05-30,270.5,273.1099853515625,270.4200134277344,272.6099853515625,242.9463348388672,69678400
2018-05-31,272.1499938964844,272.489990234375,270.260009765625,270.94000244140625,241.4580993652344,93519900
2018-06-01,272.4100036621094,273.94000244140625,272.3299865722656,273.6000061035156,243.8286590576172,71258400
2018-06-04,274.5299987792969,275.19000244140625,274.260009765625,274.8999938964844,244.98719787597656,45385200
2018-06-05,275.04998779296875,275.5299987792969,274.17999267578125,275.1000061035156,245.1654510498047,51135000
2018-06-06,275.7900085449219,277.5199890136719,275.0899963378906,277.3999938964844,247.21519470214844,62732200
2018-06-07,277.95001220703125,278.2799987792969,276.3399963378906,277.3699951171875,247.18841552734372,72969400
2018-06-08,276.8500061035156,278.25,276.6600036621094,278.19000244140625,247.91912841796875,72139700
2018-06-11,278.44000244140625,279.3699951171875,278.3099975585937,278.5599975585937,248.2489776611328,58892500
2018-06-12,279.0299987792969,279.3299865722656,278.19000244140625,278.9200134277344,248.56976318359372,72329000
2018-06-13,279.19000244140625,279.4800109863281,277.79998779296875,278.0299987792969,247.776611328125,79070600
2018-06-14,279.010009765625,279.3299865722656,278.0599975585937,278.7300109863281,248.40042114257807,77097600
2018-06-15,276.6000061035156,277.510009765625,275.3500061035156,277.1300048828125,248.0835723876953,120041600
2018-06-18,275.489990234375,276.70001220703125,274.95001220703125,276.5599975585937,247.57327270507807,52917600
2018-06-19,274.0,275.75,273.5299987792969,275.5,246.6244201660156,97531500
2018-06-20,276.2699890136719,276.7200012207031,275.5899963378906,275.9700012207031,247.045166015625,53785500
2018-06-21,275.9599914550781,275.9800109863281,273.67999267578125,274.239990234375,245.49644470214844,71061400
2018-06-22,275.6600036621094,275.7900085449219,274.489990234375,274.739990234375,245.9440460205078,54898500
2018-06-25,273.44000244140625,273.6199951171875,269.1000061035156,271.0,242.5960235595703,137854200
2018-06-26,271.6400146484375,272.5599975585937,270.7900085449219,271.6000061035156,243.13319396972656,68547400
2018-06-27,272.260009765625,273.8699951171875,269.17999267578125,269.3500061035156,241.11900329589844,105110700
2018-06-28,269.2900085449219,271.75,268.489990234375,270.8900146484375,242.49755859375,76650500
2018-06-29,272.1199951171875,273.6600036621094,271.1499938964844,271.2799987792969,242.84669494628903,97592500
2018-07-02,269.510009765625,272.0400085449219,269.239990234375,271.8599853515625,243.3658599853516,63554800
2018-07-03,272.8699951171875,272.9800109863281,270.4200134277344,270.8999938964844,242.5064697265625,42187100
2018-07-05,272.1700134277344,273.17999267578125,270.9599914550781,273.1099853515625,244.48487854003903,56925900
2018-07-06,273.1400146484375,275.8399963378906,272.7099914550781,275.4200134277344,246.55279541015625,66493700
2018-07-09,276.54998779296875,277.9599914550781,276.5,277.8999938964844,248.7728729248047,50550400
2018-07-10,278.4100036621094,279.010009765625,278.0799865722656,278.8999938964844,249.66802978515625,51966800
2018-07-11,277.1499938964844,278.0400085449219,276.5199890136719,276.8599853515625,247.8418426513672,77054700
2018-07-12,278.2799987792969,279.42999267578125,277.6000061035156,279.3699951171875,250.0887756347656,60124700
2018-07-13,279.1700134277344,279.92999267578125,278.6600036621094,279.5899963378906,250.28567504882807,48216000
2018-07-16,279.6400146484375,279.79998779296875,278.8399963378906,279.3399963378906,250.0619201660156,48201000
2018-07-17,278.4700012207031,280.9100036621094,278.4100036621094,280.4700012207031,251.07347106933597,52315500
2018-07-18,280.5599975585937,281.17999267578125,280.0599975585937,281.0599975585937,251.6016540527344,44593500
2018-07-19,280.3099975585937,280.739990234375,279.4599914550781,280.0,250.6527099609375,61412100
2018-07-20,279.7699890136719,280.4800109863281,279.5,279.67999267578125,250.36624145507807,82337700
2018-07-23,279.45001220703125,280.42999267578125,279.0599975585937,280.20001220703125,250.831787109375,47047600
2018-07-24,281.7900085449219,282.5599975585937,280.6300048828125,281.6099853515625,252.09397888183597,68026900
2018-07-25,281.3299865722656,284.3699951171875,281.2799987792969,284.010009765625,254.2425079345703,78882900
2018-07-26,283.20001220703125,284.1099853515625,283.0899963378906,283.3399963378906,253.6426696777344,57919500
2018-07-27,283.7099914550781,283.82000732421875,280.3800048828125,281.4200134277344,251.9239196777344,76768700
2018-07-30,281.510009765625,281.69000244140625,279.3599853515625,279.95001220703125,250.6080017089844,63742500
2018-07-31,280.8099975585937,282.0199890136719,280.3800048828125,281.3299865722656,251.8433074951172,68570500
2018-08-01,281.5599975585937,282.1300048828125,280.1300048828125,280.8599853515625,251.4226531982422,53853300
2018-08-02,279.3900146484375,282.5799865722656,279.1600036621094,282.3900146484375,252.79232788085935,63426400
2018-08-03,282.5299987792969,283.6600036621094,282.3299865722656,283.6000061035156,253.87542724609372,53935400
2018-08-06,283.6400146484375,284.989990234375,283.20001220703125,284.6400146484375,254.80645751953125,39400900
2018-08-07,285.3900146484375,286.010009765625,285.239990234375,285.5799865722656,255.6478271484375,43196600
2018-08-08,285.3900146484375,285.9100036621094,284.94000244140625,285.4599914550781,255.54054260253903,42114600
2018-08-09,285.5299987792969,285.9700012207031,284.9200134277344,285.07000732421875,255.19134521484372,35717000
2018-08-10,283.45001220703125,284.0599975585937,282.3599853515625,283.1600036621094,253.48150634765625,77076000
2018-08-13,283.4700012207031,284.1600036621094,281.7699890136719,282.1000061035156,252.53260803222656,65732900
2018-08-14,282.9200134277344,284.1700134277344,282.4800109863281,283.8999938964844,254.1439971923828,43842000
2018-08-15,282.3800048828125,282.5400085449219,280.1600036621094,281.7799987792969,252.24615478515625,102925400
2018-08-16,283.3999938964844,285.0400085449219,283.3599853515625,284.0599975585937,254.2872467041016,69967900
2018-08-17,283.8299865722656,285.5599975585937,283.3699951171875,285.0599975585937,255.182373046875,65618500
2018-08-20,285.57000732421875,285.9700012207031,285.0599975585937,285.6700134277344,255.7284240722656,39807500
2018-08-21,286.25,287.3099975585937,285.7099914550781,286.3399963378906,256.32830810546875,67272000
2018-08-22,285.8800048828125,286.760009765625,285.5799865722656,286.1700134277344,256.1760559082031,44993300
2018-08-23,285.9700012207031,286.94000244140625,285.42999267578125,285.7900085449219,255.83583068847656,49204900
2018-08-24,286.44000244140625,287.6700134277344,286.3800048828125,287.510009765625,257.3756103515625,57487400
2018-08-27,288.8599853515625,289.8999938964844,288.67999267578125,289.7799987792969,259.4077453613281,57072400
2018-08-28,290.29998779296875,290.4200134277344,289.3999938964844,289.9200134277344,259.5330505371094,46943500
2018-08-29,290.1600036621094,291.739990234375,289.8900146484375,291.4800109863281,260.9295349121094,61485500
2018-08-30,290.94000244140625,291.3599853515625,289.6300048828125,290.29998779296875,259.8731689453125,61229500
2018-08-31,289.8399963378906,290.8099975585937,289.2900085449219,290.3099975585937,259.8821716308594,66140800
2018-09-04,289.8399963378906,290.2099914550781,288.67999267578125,289.8099975585937,259.4345703125,57594400
2018-09-05,289.4100036621094,289.6400146484375,287.8900146484375,289.0299987792969,258.7362976074219,72452400
2018-09-06,289.1499938964844,289.489990234375,287.0,288.1600036621094,257.9574279785156,65909900
2018-09-07,286.9800109863281,288.70001220703125,286.7099914550781,287.6000061035156,257.4561462402344,73524800
2018-09-10,288.739990234375,289.0400085449219,287.8800048828125,288.1000061035156,257.9037170410156,50210900
2018-09-11,287.3699951171875,289.54998779296875,286.9800109863281,289.04998779296875,258.754150390625,50530500
2018-09-12,289.0599975585937,289.79998779296875,288.2300109863281,289.1199951171875,258.81689453125,59810800
2018-09-13,290.32000732421875,291.0400085449219,290.0,290.8299865722656,260.3476867675781,51034200
2018-09-14,291.0599975585937,291.2699890136719,290.0,290.8800048828125,260.3924255371094,55079900
2018-09-17,290.82000732421875,290.8599853515625,289.0299987792969,289.3399963378906,259.0138244628906,68244000
2018-09-18,289.5799865722656,291.5799865722656,289.54998779296875,290.9100036621094,260.4192810058594,61930400
2018-09-19,290.9700012207031,291.69000244140625,290.8299865722656,291.2200012207031,260.6967468261719,49080600
2018-09-20,292.6400146484375,293.94000244140625,291.239990234375,293.5799865722656,262.809326171875,100360600
2018-09-21,293.0899963378906,293.2200012207031,291.8099975585937,291.989990234375,262.5691833496094,105479700
2018-09-24,291.3399963378906,291.5,290.3699951171875,291.0199890136719,261.6970520019531,53409600
2018-09-25,291.5299987792969,291.6499938964844,290.4800109863281,290.75,261.4542236328125,44370000
2018-09-26,290.9100036621094,292.239990234375,289.4100036621094,289.8800048828125,260.671875,79739700
2018-09-27,290.4100036621094,291.9100036621094,290.1000061035156,290.69000244140625,261.400146484375,59249500
2018-09-28,289.989990234375,291.2799987792969,289.95001220703125,290.7200012207031,261.4271545410156,70091400
2018-10-01,292.1099853515625,292.92999267578125,290.9800109863281,291.7300109863281,262.33551025390625,62078900
2018-10-02,291.5599975585937,292.3599853515625,291.1400146484375,291.5599975585937,262.1825561523437,47258200
2018-10-03,292.739990234375,293.2099914550781,291.32000732421875,291.7200012207031,262.3265075683594,64694600
2018-10-04,291.17999267578125,291.239990234375,287.6600036621094,289.44000244140625,260.2762145996094,111545900
2018-10-05,289.69000244140625,290.2699890136719,286.2200012207031,287.82000732421875,258.8194885253906,105951700
2018-10-08,287.04998779296875,288.2200012207031,285.5,287.82000732421875,258.8194885253906,87742200
2018-10-09,287.3900146484375,288.8599853515625,286.7699890136719,287.3999938964844,258.4418029785156,74339000
2018-10-10,286.8299865722656,286.9100036621094,277.8800048828125,278.29998779296875,250.25872802734372,214731000
2018-10-11,277.0799865722656,278.8999938964844,270.3599853515625,272.1700134277344,244.7463836669922,274840500
2018-10-12,276.7699890136719,277.0899963378906,272.3699951171875,275.95001220703125,248.14552307128903,183186500
2018-10-15,275.54998779296875,277.0400085449219,274.29998779296875,274.3999938964844,246.75167846679688,102263700
2018-10-16,276.6000061035156,280.82000732421875,276.07000732421875,280.3999938964844,252.1470642089844,118255800
2018-10-17,280.44000244140625,281.1499938964844,277.5599975585937,280.45001220703125,252.1920623779297,110626000
2018-10-18,279.3999938964844,280.07000732421875,274.9700012207031,276.3999938964844,248.5500946044922,134557500
2018-10-19,277.1300048828125,279.29998779296875,275.4700012207031,276.25,248.41519165039065,139901600
2018-10-22,277.0,277.3599853515625,274.4100036621094,275.010009765625,247.3002166748047,82415800
2018-10-23,270.95001220703125,274.8699951171875,268.6099853515625,273.6099853515625,246.0413055419922,146352700
2018-10-24,273.3299865722656,273.760009765625,264.70001220703125,265.32000732421875,238.58653259277344,177806700
2018-10-25,267.3800048828125,271.8099975585937,266.2300109863281,270.0799865722656,242.86691284179688,138061500
2018-10-26,265.9200134277344,271.0,262.2900085449219,265.3299865722656,238.5955047607422,201574600
2018-10-29,268.79998779296875,270.25,259.8500061035156,263.8599853515625,237.27366638183597,160749100
2018-10-30,263.6700134277344,268.1199951171875,263.1199951171875,267.7699890136719,240.78970336914065,157116000
2018-10-31,270.6499938964844,273.2300109863281,270.1199951171875,270.6300048828125,243.361572265625,128296300
2018-11-01,271.6000061035156,273.7300109863281,270.3800048828125,273.510009765625,245.95135498046875,99495000
2018-11-02,274.75,275.2300109863281,269.5899963378906,271.8900146484375,244.4945373535156,122634100
2018-11-05,272.44000244140625,274.010009765625,271.3500061035156,273.3900146484375,245.8433990478516,65622500
2018-11-06,273.32000732421875,275.29998779296875,273.25,275.1199951171875,247.39913940429688,60085900
2018-11-07,277.5599975585937,281.1000061035156,277.0799865722656,281.010009765625,252.69558715820312,102752100
2018-11-08,280.1099853515625,281.2200012207031,279.2200012207031,280.5,252.2369842529297,65584900
2018-11-09,279.0299987792969,279.239990234375,276.17999267578125,277.760009765625,249.7730255126953,98812600
2018-11-12,277.19000244140625,277.4599914550781,271.989990234375,272.57000732421875,245.1060943603516,99673600
2018-11-13,273.0899963378906,275.3299865722656,271.25,272.0599975585937,244.6474151611328,98176600
2018-11-14,274.1600036621094,274.6099853515625,268.45001220703125,270.20001220703125,242.97483825683597,125335900
2018-11-15,268.7799987792969,273.5400085449219,267.010009765625,273.0199890136719,245.5106964111328,135101400
2018-11-16,271.7900085449219,274.75,271.2099914550781,273.7300109863281,246.14907836914065,126668000
2018-11-19,273.04998779296875,273.3800048828125,268.07000732421875,269.1000061035156,241.98568725585935,103061700
2018-11-20,265.3599853515625,267.0,263.1499938964844,264.1199951171875,237.5074615478516,136021300
2018-11-21,265.8599853515625,267.1499938964844,265.010009765625,265.0199890136719,238.31671142578125,75563700
2018-11-23,263.17999267578125,264.82000732421875,263.07000732421875,263.25,236.7251434326172,42807900
2018-11-26,265.7799987792969,267.75,265.3399963378906,267.5,240.5469207763672,79981400
2018-11-27,266.3399963378906,268.3999938964844,265.6600036621094,268.3999938964844,241.35617065429688,75502400
2018-11-28,269.6000061035156,274.5799865722656,268.3299865722656,274.5799865722656,246.9134979248047,127629600
2018-11-29,273.7099914550781,275.54998779296875,272.42999267578125,273.9800109863281,246.37396240234372,82346400
2018-11-30,273.8099975585937,276.2799987792969,273.45001220703125,275.6499938964844,247.8755798339844,98204200
2018-12-03,280.2799987792969,280.3999938964844,277.510009765625,279.29998779296875,251.1579132080078,103176300
2018-12-04,278.3699951171875,278.8500061035156,269.8999938964844,270.25,243.019775390625,177986000
2018-12-06,265.9200134277344,269.9700012207031,262.44000244140625,269.8399963378906,242.651123046875,204185400
2018-12-07,269.4599914550781,271.2200012207031,262.6300048828125,263.57000732421875,237.0128326416016,161018900
2018-12-10,263.3699951171875,265.1600036621094,258.6199951171875,264.07000732421875,237.4624938964844,151445900
2018-12-11,267.6600036621094,267.8699951171875,262.4800109863281,264.1300048828125,237.51649475097656,121504400
2018-12-12,267.4700012207031,269.0,265.3699951171875,265.4599914550781,238.71243286132807,97976700
2018-12-13,266.5199890136719,267.489990234375,264.1199951171875,265.3699951171875,238.6314849853516,96662700
2018-12-14,262.9599914550781,264.0299987792969,259.8500061035156,260.4700012207031,234.22520446777344,116961100
2018-12-17,259.3999938964844,260.6499938964844,253.52999877929688,255.3600006103516,229.63011169433597,165492300
2018-12-18,257.20001220703125,257.95001220703125,253.27999877929688,255.0800018310547,229.3783416748047,134515100
2018-12-19,255.1699981689453,259.3999938964844,249.3500061035156,251.25999450683597,225.9432373046875,214992800
2018-12-20,249.8600006103516,251.6199951171875,244.6499938964844,247.1699981689453,222.2653350830078,252053400
2018-12-21,246.7400054931641,249.7100067138672,239.97999572753903,240.6999969482422,217.71121215820312,255345600
2018-12-24,239.0399932861328,240.83999633789065,234.2700042724609,234.33999633789065,211.9586334228516,147311600
2018-12-26,235.97000122070312,246.17999267578125,233.75999450683597,246.17999267578125,222.6678466796875,218485400
2018-12-27,242.57000732421875,248.2899932861328,238.9600067138672,248.07000732421875,224.37730407714844,186267300
2018-12-28,249.5800018310547,251.3999938964844,246.4499969482422,247.75,224.08786010742188,153100200
2018-12-31,249.55999755859372,250.19000244140625,247.47000122070312,249.9199981689453,226.0506134033203,144299400
2019-01-02,245.97999572753903,251.2100067138672,245.9499969482422,250.17999267578125,226.28582763671875,126925200
2019-01-03,248.22999572753903,248.57000732421875,243.6699981689453,244.2100067138672,220.8860015869141,144140700
2019-01-04,247.58999633789065,253.1100006103516,247.1699981689453,252.38999938964844,228.2847137451172,142628800
2019-01-07,252.69000244140625,255.9499969482422,251.69000244140625,254.3800048828125,230.08465576171875,103139100
2019-01-08,256.82000732421875,257.3099975585937,254.0,256.7699890136719,232.24639892578125,102512600
2019-01-09,257.5599975585937,258.9100036621094,256.19000244140625,257.9700012207031,233.33181762695312,95006600
2019-01-10,256.260009765625,259.1600036621094,255.5,258.8800048828125,234.15481567382807,96823900
2019-01-11,257.67999267578125,259.010009765625,257.0299987792969,258.9800109863281,234.245361328125,73858100
2019-01-14,256.8599853515625,258.29998779296875,256.4100036621094,257.3999938964844,232.8161773681641,70908200
2019-01-15,257.82000732421875,260.70001220703125,257.8099975585937,260.3500061035156,235.4844970703125,85208300
2019-01-16,260.8299865722656,261.9700012207031,260.6000061035156,260.9800109863281,236.05430603027344,77636700
2019-01-17,260.010009765625,263.9200134277344,259.9599914550781,262.9599914550781,237.84515380859372,96118400
2019-01-18,264.9800109863281,266.9800109863281,263.0,266.4599914550781,241.0109100341797,127900300
2019-01-22,264.82000732421875,265.0599975585937,261.0599975585937,262.8599853515625,237.75477600097656,115531200
2019-01-23,264.010009765625,264.7900085449219,260.6600036621094,263.4100036621094,238.252197265625,86030300
2019-01-24,263.2099914550781,264.20001220703125,262.0799865722656,263.54998779296875,238.37879943847656,59204100
2019-01-25,265.6099853515625,266.70001220703125,263.6600036621094,265.7799987792969,240.3958740234375,96883400
2019-01-28,263.3900146484375,263.8299865722656,261.7900085449219,263.760009765625,238.5688018798828,85613700
2019-01-29,263.9200134277344,264.54998779296875,262.4800109863281,263.4100036621094,238.252197265625,66136300
2019-01-30,265.1000061035156,268.5199890136719,264.25,267.5799865722656,242.02394104003903,92473700
2019-01-31,267.510009765625,270.4700012207031,267.2699890136719,269.92999267578125,244.1495056152344,104012100
2019-02-01,270.1499938964844,271.20001220703125,269.17999267578125,270.0599975585937,244.26712036132807,85782500
2019-02-04,270.1099853515625,272.0299987792969,269.3599853515625,271.9599914550781,245.985595703125,60744800
2019-02-05,272.44000244140625,273.44000244140625,271.8800048828125,273.1000061035156,247.01675415039065,79552800
2019-02-06,272.7900085449219,273.3399963378906,271.9200134277344,272.739990234375,246.6911773681641,58347800
2019-02-07,270.94000244140625,271.54998779296875,268.2900085449219,270.1400146484375,244.3394317626953,95482000
2019-02-08,268.75,270.5799865722656,267.8299865722656,270.4700012207031,244.63792419433597,75788900
2019-02-11,271.20001220703125,271.489990234375,270.0299987792969,270.6199951171875,244.7736053466797,68021400
2019-02-12,272.4200134277344,274.5199890136719,272.3399963378906,274.1000061035156,247.92124938964844,72270200
2019-02-13,275.0299987792969,275.92999267578125,274.5599975585937,274.989990234375,248.7261962890625,65277200
2019-02-14,273.7799987792969,275.6400146484375,272.8699951171875,274.3800048828125,248.1744842529297,83234400
2019-02-15,276.3599853515625,277.4100036621094,276.1300048828125,277.3699951171875,250.87890625,97088700
2019-02-19,276.4800109863281,278.5799865722656,276.4700012207031,277.8500061035156,251.31309509277344,59120800
2019-02-20,277.8099975585937,278.9200134277344,277.25,278.4100036621094,251.8196258544922,76610800
2019-02-21,277.70001220703125,278.1000061035156,276.3500061035156,277.4200134277344,250.92420959472656,64214700
2019-02-22,278.1099853515625,279.3599853515625,277.3999938964844,279.1400146484375,252.4798583984375,78114600
2019-02-25,280.7300109863281,281.3099975585937,279.42999267578125,279.5199890136719,252.8235626220703,69030700
2019-02-26,279.1300048828125,280.29998779296875,278.8999938964844,279.32000732421875,252.642578125,56844100
2019-02-27,278.5199890136719,279.5899963378906,277.4800109863281,279.20001220703125,252.53419494628903,56921600
2019-02-28,278.9599914550781,279.45001220703125,278.32000732421875,278.67999267578125,252.0637969970703,69268300
2019-03-01,280.44000244140625,280.8800048828125,278.82000732421875,280.4200134277344,253.63763427734372,78880500
2019-03-04,281.6000061035156,281.8699951171875,276.8399963378906,279.3999938964844,252.7150115966797,106494600
2019-03-05,279.5400085449219,279.760009765625,278.4100036621094,279.0199890136719,252.3714141845703,59114600
2019-03-06,279.1499938964844,279.1600036621094,276.9700012207031,277.3299865722656,250.84271240234372,75039800
2019-03-07,276.8299865722656,276.989990234375,274.07000732421875,275.010009765625,248.74436950683597,94885100
2019-03-08,272.94000244140625,274.6499938964844,272.4200134277344,274.4599914550781,248.24693298339844,85795800
2019-03-11,275.260009765625,278.6199951171875,275.2300109863281,278.44000244140625,251.8467712402344,65098900
2019-03-12,279.0599975585937,280.07000732421875,278.8500061035156,279.489990234375,252.7964630126953,79667500
2019-03-13,280.4800109863281,282.3800048828125,280.29998779296875,281.3399963378906,254.4698028564453,80639200
2019-03-14,281.3699951171875,281.8399963378906,280.6700134277344,281.1600036621094,254.30694580078125,67518400
2019-03-15,280.5400085449219,282.2099914550781,280.3299865722656,281.3099975585937,255.5633850097656,81309000
2019-03-18,281.54998779296875,282.6600036621094,281.29998779296875,282.3299865722656,256.489990234375,62199800
2019-03-19,283.510009765625,284.3599853515625,281.4100036621094,282.3999938964844,256.5536499023437,90268100
2019-03-20,282.1600036621094,283.5,280.32000732421875,281.54998779296875,255.78146362304688,84609200
2019-03-21,280.6400146484375,285.17999267578125,280.5899963378906,284.7300109863281,258.6703796386719,79550400
2019-03-22,283.2200012207031,283.79998779296875,279.17999267578125,279.25,253.6919860839844,122659300
2019-03-25,278.8699951171875,280.19000244140625,277.6400146484375,279.0400085449219,253.5011749267578,85575200
2019-03-26,280.989990234375,282.17999267578125,279.5599975585937,281.1199951171875,255.39068603515625,68125900
2019-03-27,281.1099853515625,281.760009765625,277.92999267578125,279.6499938964844,254.0553131103516,72224700
2019-03-28,280.3500061035156,281.2099914550781,279.07000732421875,280.7099914550781,255.018310546875,56238500
2019-03-29,282.3900146484375,282.8399963378906,281.1400146484375,282.4800109863281,256.6263122558594,82186800
2019-04-01,284.70001220703125,286.1600036621094,284.3999938964844,285.8299865722656,259.6697082519531,77617900
2019-04-02,286.0400085449219,286.2300109863281,285.0899963378906,285.9700012207031,259.7968139648437,40070400
2019-04-03,287.32000732421875,287.760009765625,285.75,286.4200134277344,260.2056884765625,68243200
2019-04-04,286.7799987792969,287.4599914550781,286.010009765625,287.17999267578125,260.8961486816406,48997500
2019-04-05,287.9200134277344,288.6300048828125,287.6000061035156,288.57000732421875,262.158935546875,58621700
2019-04-08,288.1000061035156,288.9100036621094,287.3699951171875,288.7900085449219,262.3587951660156,53566300
2019-04-09,287.7200012207031,288.0799865722656,286.70001220703125,287.3099975585937,261.01422119140625,66142300
2019-04-10,287.7699890136719,288.3900146484375,287.3099975585937,288.2900085449219,261.904541015625,52601500
2019-04-11,288.8299865722656,288.8399963378906,287.5799865722656,288.2099914550781,261.831787109375,55093100
2019-04-12,290.0,290.4700012207031,288.260009765625,290.1600036621094,263.6034240722656,69727800
2019-04-15,290.239990234375,290.3500061035156,289.0799865722656,289.9700012207031,263.4306945800781,49596700
2019-04-16,290.95001220703125,291.010009765625,289.5,290.1600036621094,263.6034240722656,52153200
2019-04-17,291.3999938964844,291.42999267578125,288.989990234375,289.45001220703125,262.9583740234375,58268300
2019-04-18,290.1000061035156,290.32000732421875,288.6600036621094,290.0199890136719,263.4761962890625,68708500
2019-04-22,289.1700134277344,290.44000244140625,289.07000732421875,290.2699890136719,263.70330810546875,40160100
2019-04-23,290.67999267578125,293.1400146484375,290.4200134277344,292.8800048828125,266.0744323730469,52246600
2019-04-24,292.7900085449219,293.1600036621094,292.07000732421875,292.2300109863281,265.4839172363281,50392900
2019-04-25,292.1199951171875,292.7799987792969,290.7300109863281,292.04998779296875,265.3204040527344,57770900
2019-04-26,292.1000061035156,293.489990234375,291.239990234375,293.4100036621094,266.5559387207031,50916400
2019-04-29,293.510009765625,294.45001220703125,293.4100036621094,293.8699951171875,266.97381591796875,57197700
2019-04-30,293.489990234375,294.3399963378906,291.9200134277344,294.0199890136719,267.11016845703125,81111700
2019-05-01,294.7200012207031,294.95001220703125,291.79998779296875,291.8099975585937,265.1023864746094,71671900
2019-05-02,291.67999267578125,292.70001220703125,289.5199890136719,291.17999267578125,264.5300598144531,65030200
2019-05-03,292.82000732421875,294.3399963378906,291.29998779296875,294.0299987792969,267.11920166015625,56543700
2019-05-06,289.25,293.3099975585937,288.8999938964844,292.82000732421875,266.0199279785156,107198100
2019-05-07,290.1499938964844,290.8099975585937,285.8099975585937,287.92999267578125,261.5775146484375,144729900
2019-05-08,287.5299987792969,289.42999267578125,286.8699951171875,287.5299987792969,261.2140808105469,91568300
2019-05-09,285.2300109863281,287.3299865722656,283.29998779296875,286.6600036621094,260.4237060546875,103471100
2019-05-10,285.6199951171875,288.94000244140625,282.29998779296875,288.1000061035156,261.73193359375,112429300
2019-05-13,282.4200134277344,283.489990234375,279.92999267578125,280.8599853515625,255.15457153320312,127290500
2019-05-14,281.989990234375,285.1000061035156,281.8500061035156,283.3999938964844,257.46209716796875,77003200
2019-05-15,281.5899963378906,285.7699890136719,281.3599853515625,285.0599975585937,258.9701843261719,73956400
2019-05-16,285.8399963378906,289.2099914550781,285.760009765625,287.70001220703125,261.3685302734375,76749600
2019-05-17,285.1400146484375,288.6000061035156,285.1199951171875,285.8399963378906,259.6787414550781,100353000
2019-05-20,284.0599975585937,285.9599914550781,283.1199951171875,283.95001220703125,257.9617614746094,62877600
2019-05-21,285.8299865722656,286.92999267578125,285.54998779296875,286.510009765625,260.2875061035156,46847100
2019-05-22,285.45001220703125,286.69000244140625,285.1000061035156,285.6300048828125,259.4879455566406,49482500
2019-05-23,283.1600036621094,283.2099914550781,280.57000732421875,282.1400146484375,256.31744384765625,98733800
2019-05-24,283.739990234375,284.20001220703125,282.0899963378906,282.7799987792969,256.8988342285156,55268100
2019-05-28,283.0899963378906,284.1499938964844,280.1300048828125,280.1499938964844,254.50950622558597,70029400
2019-05-29,278.9100036621094,279.3599853515625,276.7099914550781,278.2699890136719,252.80160522460935,104972900
2019-05-30,279.1099853515625,280.0400085449219,277.8099975585937,279.0299987792969,253.49205017089844,62523800
2019-05-31,276.20001220703125,277.1199951171875,275.239990234375,275.2699890136719,250.07620239257807,86862800
2019-06-03,275.3099975585937,276.54998779296875,273.0899963378906,274.57000732421875,249.44024658203125,96428000
2019-06-04,277.1199951171875,280.67999267578125,276.6199951171875,280.5299987792969,254.85479736328125,77231900
2019-06-05,282.3299865722656,282.989990234375,280.32000732421875,282.9599914550781,257.0623779296875,71169700
2019-06-06,283.2900085449219,285.54998779296875,282.57000732421875,284.79998779296875,258.73388671875,69430400
2019-06-07,285.92999267578125,288.8500061035156,285.739990234375,287.6499938964844,261.3230895996094,74272200
2019-06-10,289.3699951171875,290.82000732421875,288.8699951171875,288.9700012207031,262.52227783203125,60799100
2019-06-11,290.989990234375,291.3999938964844,288.17999267578125,288.8999938964844,262.458740234375,58641300
2019-06-12,288.6400146484375,289.260009765625,287.82000732421875,288.3900146484375,261.9953918457031,47096300
2019-06-13,289.3999938964844,289.9800109863281,288.6199951171875,289.5799865722656,263.0765075683594,48945200
2019-06-14,289.260009765625,289.92999267578125,288.4100036621094,289.260009765625,262.7857971191406,52324700
2019-06-17,289.5199890136719,290.2200012207031,289.17999267578125,289.3699951171875,262.88580322265625,39205700
2019-06-18,291.3900146484375,293.57000732421875,290.989990234375,292.3999938964844,265.638427734375,85434800
2019-06-19,292.54998779296875,293.6499938964844,291.4700012207031,293.0599975585937,266.2379150390625,78674400
2019-06-20,296.0400085449219,296.3099975585937,293.1300048828125,295.8599853515625,268.7816467285156,116570000
2019-06-21,294.1300048828125,295.5199890136719,293.760009765625,294.0,268.39093017578125,83309500
2019-06-24,294.2300109863281,294.5799865722656,293.4700012207031,293.6400146484375,268.0623779296875,47582700
2019-06-25,293.70001220703125,293.7300109863281,290.6400146484375,290.760009765625,265.4332275390625,82028700
2019-06-26,291.75,292.3099975585937,290.3500061035156,290.4700012207031,265.1684875488281,51584900
2019-06-27,291.3099975585937,292.0599975585937,290.8900146484375,291.5,266.1087341308594,40355200
2019-06-28,292.5799865722656,293.54998779296875,292.010009765625,293.0,267.47808837890625,59350900
2019-07-01,296.67999267578125,296.9200134277344,294.3299865722656,295.6600036621094,269.90643310546875,78705600
2019-07-02,295.6099853515625,296.489990234375,294.67999267578125,296.42999267578125,270.6092834472656,61504500
2019-07-03,297.17999267578125,298.82000732421875,297.0199890136719,298.79998779296875,272.7728576660156,40898900
2019-07-05,297.44000244140625,298.6400146484375,296.010009765625,298.4599914550781,272.4624328613281,51677300
2019-07-08,297.010009765625,298.260009765625,296.2200012207031,296.82000732421875,270.96539306640625,45841800
2019-07-09,295.5400085449219,297.5199890136719,295.4800109863281,297.19000244140625,271.30322265625,41101300
2019-07-10,298.3699951171875,299.6600036621094,297.7799987792969,298.6099853515625,272.5994567871094,58448500
2019-07-11,299.32000732421875,299.5799865722656,298.20001220703125,299.3099975585937,273.2384033203125,50826100
2019-07-12,299.8500061035156,300.7300109863281,299.510009765625,300.6499938964844,274.4617919921875,40326000
2019-07-15,301.1300048828125,301.1300048828125,300.19000244140625,300.75,274.55303955078125,33900000
2019-07-16,300.6499938964844,300.8800048828125,299.44000244140625,299.7799987792969,273.66748046875,36650100
2019-07-17,299.75,299.92999267578125,297.739990234375,297.739990234375,271.8052062988281,36036300
2019-07-18,297.19000244140625,299.25,296.70001220703125,298.8299865722656,272.8002319335937,51392600
2019-07-19,300.0400085449219,300.07000732421875,296.9800109863281,297.1700134277344,271.2848815917969,58678600
2019-07-22,297.6099853515625,298.5,297.0400085449219,297.8999938964844,271.95123291015625,43638100
2019-07-23,299.1400146484375,300.0299987792969,298.2200012207031,300.0299987792969,273.8957824707031,44564500
2019-07-24,299.19000244140625,301.44000244140625,299.0899963378906,301.44000244140625,275.1829833984375,47213200
2019-07-25,300.94000244140625,301.0,299.1099853515625,300.0,273.8683166503906,55394100
2019-07-26,300.760009765625,302.2300109863281,300.6199951171875,302.010009765625,275.7032470703125,45084100
2019-07-29,301.8800048828125,302.010009765625,300.8500061035156,301.4599914550781,275.2011413574219,38126500
2019-07-30,299.9100036621094,301.1700134277344,299.489990234375,300.7200012207031,274.5256042480469,45849000
2019-07-31,300.989990234375,301.20001220703125,295.20001220703125,297.42999267578125,271.52215576171875,104245200
2019-08-01,297.6000061035156,300.8699951171875,293.9599914550781,294.8399963378906,269.1578063964844,142646600
2019-08-02,293.8500061035156,294.1199951171875,290.8999938964844,292.6199951171875,267.131103515625,116749700
2019-08-05,288.0899963378906,288.2099914550781,281.7200012207031,283.82000732421875,259.0976257324219,178745400
2019-08-06,285.9100036621094,288.0400085449219,284.2799987792969,287.79998779296875,262.7309875488281,120711700
2019-08-07,284.3999938964844,288.82000732421875,282.0400085449219,287.9700012207031,262.8863525390625,140572300
2019-08-08,289.6199951171875,293.6199951171875,289.010009765625,293.6199951171875,268.0440673828125,87713900
2019-08-09,292.5799865722656,293.239990234375,289.6499938964844,291.6199951171875,266.2182922363281,93730000
2019-08-12,289.9599914550781,291.6099853515625,287.0199890136719,288.07000732421875,262.97760009765625,65527600
2019-08-13,287.739990234375,294.1499938964844,287.3599853515625,292.54998779296875,267.0672607421875,94299800
2019-08-14,288.07000732421875,288.739990234375,283.760009765625,283.8999938964844,259.1706848144531,135622100
2019-08-15,284.8800048828125,285.6400146484375,282.3900146484375,284.6499938964844,259.85546875,99556600
2019-08-16,286.4800109863281,289.3299865722656,284.7099914550781,288.8500061035156,263.68963623046875,83018300
2019-08-19,292.19000244140625,293.0799865722656,291.44000244140625,292.3299865722656,266.86639404296875,53571800
2019-08-20,291.7699890136719,292.3599853515625,289.95001220703125,290.0899963378906,264.821533203125,51596400
2019-08-21,292.4800109863281,292.8599853515625,291.7200012207031,292.45001220703125,266.9760437011719,49524700
2019-08-22,293.2300109863281,293.92999267578125,290.3999938964844,292.3599853515625,266.893798828125,51666400
2019-08-23,290.9200134277344,292.760009765625,283.4700012207031,284.8500061035156,260.0380859375,149161500
2019-08-26,287.2699890136719,288.0,285.5799865722656,288.0,262.9136657714844,72423800
2019-08-27,289.5400085449219,289.95001220703125,286.0299987792969,286.8699951171875,261.88214111328125,66668900
2019-08-28,286.1400146484375,289.07000732421875,285.25,288.8900146484375,263.7260437011719,59696700
2019-08-29,291.7200012207031,293.1600036621094,290.6099853515625,292.5799865722656,267.0946655273437,57899400
2019-08-30,294.2200012207031,294.239990234375,291.4200134277344,292.45001220703125,266.9760437011719,62901200
2019-09-03,290.57000732421875,291.5799865722656,289.2699890136719,290.739990234375,265.4149169921875,69101400
2019-09-04,293.1400146484375,294.0599975585937,292.3099975585937,294.0400085449219,268.4275207519531,46887300
2019-09-05,296.7900085449219,298.8299865722656,294.0,297.82000732421875,271.87823486328125,83258100
2019-09-06,298.1700134277344,298.760009765625,297.4200134277344,298.04998779296875,272.0882263183594,49584300
2019-09-09,299.1400146484375,299.239990234375,297.1600036621094,298.20001220703125,272.22515869140625,51260300
2019-09-10,297.3599853515625,298.20001220703125,295.9700012207031,298.1300048828125,272.1612548828125,57947100
2019-09-11,298.4700012207031,300.3399963378906,297.75,300.25,274.0965881347656,68821100
2019-09-12,301.25,302.4599914550781,300.4100036621094,301.2900085449219,275.0459899902344,72908700
2019-09-13,301.7799987792969,302.1700134277344,300.67999267578125,301.0899963378906,274.8634033203125,62104800
2019-09-16,299.8399963378906,301.1400146484375,299.45001220703125,300.1600036621094,274.01434326171875,58191200
2019-09-17,299.94000244140625,301.0199890136719,299.75,300.9200134277344,274.708251953125,41475500
2019-09-18,300.489990234375,301.2200012207031,298.239990234375,301.1000061035156,274.8725280761719,73375800
2019-09-19,301.5299987792969,302.6300048828125,300.7099914550781,301.0799865722656,274.8542785644531,76560500
2019-09-20,300.3599853515625,300.6700134277344,297.4100036621094,298.2799987792969,273.5556945800781,89565000
2019-09-23,297.54998779296875,299.0,297.2699890136719,298.2099914550781,273.491455078125,43476800
2019-09-24,299.4100036621094,299.8399963378906,294.8099975585937,295.8699951171875,271.345458984375,94869400
2019-09-25,295.9599914550781,298.1099853515625,294.3299865722656,297.6199951171875,272.9503479003906,71854000
2019-09-26,297.6300048828125,297.8599853515625,295.45001220703125,297.0,272.3817443847656,56179700
2019-09-27,297.8299865722656,297.95001220703125,293.69000244140625,295.3999938964844,270.9144592285156,84746600
2019-09-30,295.9700012207031,297.54998779296875,295.9200134277344,296.7699890136719,272.1707763671875,51662400
2019-10-01,297.739990234375,298.4599914550781,293.0,293.239990234375,268.9334716796875,88242400
2019-10-02,291.5,291.510009765625,286.6400146484375,288.0599975585937,264.1828308105469,122539500
2019-10-03,287.8099975585937,290.45001220703125,284.82000732421875,290.4200134277344,266.3473205566406,85278800
2019-10-04,291.1400146484375,294.6300048828125,291.0799865722656,294.3500061035156,269.951416015625,65091200
2019-10-07,293.4700012207031,295.260009765625,292.7699890136719,293.0799865722656,268.78668212890625,59610500
2019-10-08,291.0400085449219,291.8500061035156,288.489990234375,288.5299987792969,264.6138000488281,95708100
2019-10-09,290.75,292.29998779296875,290.0599975585937,291.2699890136719,267.12677001953125,62359400
2019-10-10,291.17999267578125,294.2099914550781,291.0,293.239990234375,268.9334716796875,55296300
2019-10-11,296.2699890136719,298.739990234375,296.1400146484375,296.2799987792969,271.721435546875,98720400
2019-10-14,295.92999267578125,296.6700134277344,295.57000732421875,295.95001220703125,271.4187316894531,40394800
2019-10-15,297.1000061035156,299.70001220703125,296.9700012207031,298.8800048828125,274.1058959960937,46754500
2019-10-16,298.3699951171875,299.1600036621094,297.9200134277344,298.3999938964844,273.6657409667969,48928200
2019-10-17,299.67999267578125,300.239990234375,298.5199890136719,299.2799987792969,274.4727783203125,45736600
2019-10-18,298.69000244140625,299.3999938964844,297.0299987792969,297.9700012207031,273.2713623046875,64304000
2019-10-21,299.4200134277344,300.2099914550781,298.94000244140625,299.989990234375,275.1238098144531,39048600
2019-10-22,300.5799865722656,300.8999938964844,298.9100036621094,299.010009765625,274.2251281738281,48594700
2019-10-23,298.7300109863281,299.94000244140625,298.5,299.8800048828125,275.0230712890625,34352200
2019-10-24,300.9100036621094,301.07000732421875,299.4599914550781,300.3699951171875,275.472412109375,35453100
2019-10-25,299.739990234375,302.20001220703125,299.67999267578125,301.6000061035156,276.6004333496094,45205400
2019-10-28,302.94000244140625,303.8500061035156,302.9100036621094,303.29998779296875,278.1595458984375,42147000
2019-10-29,303.0,304.2300109863281,302.8599853515625,303.2099914550781,278.0769958496094,44284900
2019-10-30,303.42999267578125,304.54998779296875,301.989990234375,304.1400146484375,278.9299011230469,49643900
2019-10-31,304.1300048828125,304.1300048828125,301.7300109863281,303.3299865722656,278.1870422363281,69053800
2019-11-01,304.9200134277344,306.19000244140625,304.739990234375,306.1400146484375,280.76422119140625,71141500
2019-11-04,307.8500061035156,308.0,306.9599914550781,307.3699951171875,281.8922424316406,60606900
2019-11-05,307.5899963378906,307.9200134277344,306.7099914550781,307.0299987792969,281.5803527832031,42933200
2019-11-06,307.0299987792969,307.3999938964844,306.0599975585937,307.1000061035156,281.64453125,46487100
2019-11-07,308.57000732421875,309.6499938964844,307.6600036621094,308.17999267578125,282.6349792480469,54272300
2019-11-08,307.79998779296875,309.0,307.0299987792969,308.94000244140625,283.3319396972656,49032100
2019-11-11,307.4200134277344,308.5400085449219,307.2699890136719,308.3500061035156,282.7909240722656,35797300
2019-11-12,308.75,309.989990234375,308.1499938964844,309.0,283.3870544433594,46484600
2019-11-13,307.9100036621094,309.5400085449219,307.6600036621094,309.1000061035156,283.478759765625,53917700
2019-11-14,308.7900085449219,309.6400146484375,308.0899963378906,309.54998779296875,283.8915100097656,51219900
2019-11-15,311.0199890136719,311.8399963378906,310.260009765625,311.7900085449219,285.9457397460937,62023600
2019-11-18,311.5299987792969,312.2799987792969,311.0299987792969,312.0199890136719,286.1567077636719,49228000
2019-11-19,312.67999267578125,312.69000244140625,311.2200012207031,311.92999267578125,286.07421875,67804700
2019-11-20,311.2799987792969,311.8500061035156,309.0599975585937,310.7699890136719,285.01031494140625,79406200
2019-11-21,310.8900146484375,311.010009765625,309.3900146484375,310.2699890136719,284.55181884765625,54664700
2019-11-22,311.0899963378906,311.239990234375,309.8500061035156,310.9599914550781,285.1845703125,44850200
2019-11-25,311.9800109863281,313.3699951171875,311.9800109863281,313.3699951171875,287.39483642578125,48647200
2019-11-26,313.4100036621094,314.2799987792969,313.0599975585937,314.0799865722656,288.0459289550781,37569000
2019-11-27,314.6099853515625,315.4800109863281,314.3699951171875,315.4800109863281,289.3299255371094,44444600
2019-11-29,314.8599853515625,315.1300048828125,314.0599975585937,314.3099975585937,288.25689697265625,36592700
2019-12-02,314.5899963378906,314.6600036621094,311.1700134277344,311.6400146484375,285.8081970214844,75767800
2019-12-03,308.6499938964844,309.6400146484375,307.1300048828125,309.54998779296875,283.8915100097656,73941700
2019-12-04,310.70001220703125,312.1199951171875,310.32000732421875,311.4599914550781,285.6431884765625,49080000
2019-12-05,312.2300109863281,312.25,310.5799865722656,312.0199890136719,286.1567077636719,40709000
2019-12-06,314.1199951171875,315.3099975585937,314.1099853515625,314.8699951171875,288.7705383300781,48927000
2019-12-09,314.44000244140625,315.17999267578125,313.79998779296875,313.8800048828125,287.86260986328125,34838500
2019-12-10,313.82000732421875,314.54998779296875,312.8099975585937,313.5299987792969,287.5415954589844,52649800
2019-12-11,314.0299987792969,314.70001220703125,313.44000244140625,314.4200134277344,288.3578796386719,53429100
2019-12-12,314.42999267578125,317.989990234375,314.1700134277344,317.1300048828125,290.8432312011719,96389600
2019-12-13,316.8699951171875,318.6700134277344,316.0199890136719,317.32000732421875,291.0174560546875,81503900
2019-12-16,319.2200012207031,320.1499938964844,317.25,319.5,293.0167236328125,82749700
2019-12-17,319.9200134277344,320.25,319.4800109863281,319.57000732421875,293.0809631347656,61097700
2019-12-18,320.0,320.25,319.5299987792969,319.5899963378906,293.0993347167969,48133000
2019-12-19,319.79998779296875,320.9800109863281,319.5199890136719,320.8999938964844,294.3007202148437,85310500
2019-12-20,320.4599914550781,321.9700012207031,319.3900146484375,320.7300109863281,295.5909118652344,147142100
2019-12-23,321.5899963378906,321.6499938964844,321.0599975585937,321.2200012207031,296.0425109863281,52990000
2019-12-24,321.4700012207031,321.5199890136719,320.8999938964844,321.2300109863281,296.0517272949219,20270000
2019-12-26,321.6499938964844,322.95001220703125,321.6400146484375,322.94000244140625,297.62774658203125,30911200
2019-12-27,323.739990234375,323.79998779296875,322.2799987792969,322.8599853515625,297.5539855957031,42528800
2019-12-30,322.95001220703125,323.1000061035156,320.54998779296875,321.0799865722656,295.9135437011719,49729100
2019-12-31,320.5299987792969,322.1300048828125,320.1499938964844,321.8599853515625,296.6324157714844,57077300
2020-01-02,323.5400085449219,324.8900146484375,322.5299987792969,324.8699951171875,299.4064025878906,59151200
2020-01-03,321.1600036621094,323.6400146484375,321.1000061035156,322.4100036621094,297.1392822265625,77709700
2020-01-06,320.489990234375,323.7300109863281,320.3599853515625,323.6400146484375,298.2728576660156,55653900
2020-01-07,323.0199890136719,323.5400085449219,322.239990234375,322.7300109863281,297.4341125488281,40496400
2020-01-08,322.94000244140625,325.7799987792969,322.6700134277344,324.45001220703125,299.019287109375,68296000
2020-01-09,326.1600036621094,326.7300109863281,325.5199890136719,326.6499938964844,301.04693603515625,48473300
2020-01-10,327.2900085449219,327.4599914550781,325.20001220703125,325.7099914550781,300.1805725097656,53029300
2020-01-13,326.3900146484375,327.9599914550781,325.9200134277344,327.95001220703125,302.2449951171875,47086800
2020-01-14,327.4700012207031,328.6199951171875,326.8399963378906,327.45001220703125,301.7842712402344,62832800
2020-01-15,327.3500061035156,329.0199890136719,327.260009765625,328.19000244140625,302.4662170410156,72056600
2020-01-16,329.70001220703125,330.9200134277344,329.45001220703125,330.9200134277344,304.9822998046875,54050300
2020-01-17,331.70001220703125,332.17999267578125,330.8500061035156,331.95001220703125,305.9314880371094,95846000
2020-01-21,330.8999938964844,332.17999267578125,330.82000732421875,331.29998779296875,305.3324584960937,77742400
2020-01-22,332.239990234375,332.95001220703125,331.1700134277344,331.3399963378906,305.3692626953125,48914900
2020-01-23,330.6300048828125,332.1700134277344,329.4100036621094,331.7200012207031,305.7195129394531,51963000
2020-01-24,332.44000244140625,332.5299987792969,327.3599853515625,328.7699890136719,303.0007629394531,87578400
2020-01-27,323.0299987792969,325.1199951171875,322.6600036621094,323.5,298.1437683105469,84062500
2020-01-28,325.0599975585937,327.8500061035156,323.6000061035156,326.8900146484375,301.26812744140625,63834000
2020-01-29,328.3800048828125,328.6300048828125,326.3999938964844,326.6199951171875,301.0192565917969,53888900
2020-01-30,324.3599853515625,327.9100036621094,323.5400085449219,327.67999267578125,301.9961853027344,75491800
2020-01-31,327.0,327.1700134277344,320.7300109863281,321.7300109863281,296.51251220703125,113845600
2020-02-03,323.3500061035156,326.1600036621094,323.2200012207031,324.1199951171875,298.7152404785156,69083000
2020-02-04,328.07000732421875,330.010009765625,327.7200012207031,329.0599975585937,303.2679443359375,62573200
2020-02-05,332.2699890136719,333.0899963378906,330.6700134277344,332.8599853515625,306.7701721191406,65951100
2020-02-06,333.9100036621094,334.19000244140625,332.79998779296875,333.9800109863281,307.802490234375,50359700
2020-02-07,332.82000732421875,333.989990234375,331.6000061035156,332.20001220703125,306.1618957519531,64139400
2020-02-10,331.2300109863281,334.75,331.19000244140625,334.67999267578125,308.44757080078125,42070000
2020-02-11,336.1600036621094,337.0199890136719,334.67999267578125,335.260009765625,308.98211669921875,54864500
2020-02-12,336.8299865722656,337.6499938964844,336.42999267578125,337.4200134277344,310.9727478027344,43992700
2020-02-13,335.8599853515625,338.1199951171875,335.5599975585937,337.0599975585937,310.6409912109375,54501900
2020-02-14,337.510009765625,337.7300109863281,336.20001220703125,337.6000061035156,311.138671875,64582200
2020-02-18,336.510009765625,337.6700134277344,335.2099914550781,336.7300109863281,310.3367919921875,57226200
2020-02-19,337.7900085449219,339.0799865722656,337.4800109863281,338.3399963378906,311.8206481933594,48814700
2020-02-20,337.739990234375,338.6400146484375,333.67999267578125,336.95001220703125,310.5396423339844,74163400
2020-02-21,335.4700012207031,335.8099975585937,332.5799865722656,333.4800109863281,307.3416442871094,113788200
2020-02-24,323.1400146484375,333.5599975585937,321.239990234375,322.4200134277344,297.1484069824219,161088400
2020-02-25,323.94000244140625,324.6099853515625,311.69000244140625,312.6499938964844,288.1442565917969,218913200
2020-02-26,314.17999267578125,318.1099853515625,310.70001220703125,311.5,287.0843811035156,194773800
2020-02-27,305.4599914550781,311.5599975585937,297.510009765625,297.510009765625,274.19097900390625,284353500
2020-02-28,288.70001220703125,297.8900146484375,285.5400085449219,296.260009765625,273.0389404296875,384975800
2020-03-02,298.2099914550781,309.1600036621094,294.4599914550781,309.0899963378906,284.8632507324219,238703600
2020-03-03,309.5,313.8399963378906,297.57000732421875,300.239990234375,276.7069396972656,300139100
2020-03-04,306.1199951171875,313.1000061035156,303.3299865722656,312.8599853515625,288.3378295898437,176613400
2020-03-05,304.9800109863281,308.4700012207031,300.010009765625,302.4599914550781,278.75299072265625,186366800
2020-03-06,293.1499938964844,298.7799987792969,290.2300109863281,297.4599914550781,274.1448669433594,228667200
2020-03-09,275.29998779296875,284.19000244140625,273.45001220703125,274.2300109863281,252.7356414794922,309417300
2020-03-10,284.6400146484375,288.5199890136719,273.5,288.4200134277344,265.8134460449219,276444100
2020-03-11,280.70001220703125,281.94000244140625,270.8800048828125,274.3599853515625,252.85543823242188,255316300
2020-03-12,256.0,266.6600036621094,247.67999267578125,248.1100006103516,228.66293334960935,392220700
2020-03-13,263.0899963378906,271.4800109863281,248.5200042724609,269.32000732421875,248.2105865478516,329566100
2020-03-16,241.17999267578125,256.8999938964844,237.3600006103516,239.8500061035156,221.0503692626953,297240000
2020-03-17,245.0399932861328,256.1700134277344,237.07000732421875,252.8000030517578,232.9853515625,262070500
2020-03-18,236.25,248.3699951171875,228.0200042724609,240.0,221.1885986328125,327597100
2020-03-19,239.25,247.3800048828125,232.22000122070312,240.50999450683597,221.6586761474609,289322000
2020-03-20,242.52999877929688,244.47000122070312,228.5,228.8000030517578,212.1064453125,347158800
2020-03-23,228.19000244140625,229.67999267578125,218.25999450683597,222.9499969482422,206.6832427978516,326025200
2020-03-24,234.4199981689453,244.1000061035156,233.8000030517578,243.1499938964844,225.409423828125,235494500
2020-03-25,244.8699951171875,256.3500061035156,239.75,246.7899932861328,228.78384399414065,299430300
2020-03-26,249.5200042724609,262.79998779296875,249.0500030517578,261.20001220703125,242.1425018310547,257632800
2020-03-27,253.2700042724609,260.8099975585937,251.0500030517578,253.4199981689453,234.9301300048828,224341200
2020-03-30,255.6999969482422,262.42999267578125,253.52999877929688,261.6499938964844,242.5596466064453,171369500
2020-03-31,260.5599975585937,263.3299865722656,256.2200012207031,257.75,238.94422912597656,194881100
2020-04-01,247.97999572753903,257.6600036621094,243.8999938964844,246.1499938964844,228.1905670166016,189554600
2020-04-02,245.19000244140625,252.67999267578125,244.58999633789065,251.8300018310547,233.4561309814453,177660400
2020-04-03,250.75999450683597,253.32000732421875,245.22000122070312,248.19000244140625,230.0817108154297,135561200
2020-04-06,257.8399963378906,267.0,248.1699981689453,264.8599853515625,245.5354461669922,188061200
2020-04-07,274.2099914550781,275.0299987792969,264.8900146484375,265.1300048828125,245.78575134277344,201427200
2020-04-08,267.9599914550781,276.0,265.25,274.0299987792969,254.03643798828125,153774500
2020-04-09,277.5799865722656,281.20001220703125,275.4700012207031,278.20001220703125,257.90216064453125,189999200
2020-04-13,277.1400146484375,277.510009765625,271.4100036621094,275.6600036621094,255.5474853515625,114839100
2020-04-14,280.9800109863281,284.8999938964844,275.510009765625,283.7900085449219,263.0843200683594,134143400
2020-04-15,277.57000732421875,283.94000244140625,275.4599914550781,277.760009765625,257.49420166015625,121775000
2020-04-16,279.1499938964844,280.0299987792969,275.760009765625,279.1000061035156,258.7364807128906,131798300
2020-04-17,285.3800048828125,287.29998779296875,282.3999938964844,286.6400146484375,265.72637939453125,146684800
2020-04-20,282.6099853515625,286.7900085449219,281.3500061035156,281.5899963378906,261.0448303222656,100109300
2020-04-21,276.7300109863281,278.0400085449219,272.0199890136719,273.0400085449219,253.11859130859372,126385700
2020-04-22,278.3500061035156,281.0,276.9100036621094,279.1000061035156,258.7364807128906,92951600
2020-04-23,280.489990234375,283.94000244140625,278.75,279.0799865722656,258.7179260253906,104709700
2020-04-24,280.7300109863281,283.70001220703125,278.5,282.9700012207031,262.3241577148437,85063200
2020-04-27,285.1199951171875,288.2699890136719,284.6199951171875,287.04998779296875,266.1063842773437,77896600
2020-04-28,291.0199890136719,291.3999938964844,285.3999938964844,285.7300109863281,264.8827514648437,105270000
2020-04-29,291.5299987792969,294.8800048828125,290.4100036621094,293.2099914550781,271.8170471191406,118745600
2020-04-30,291.7099914550781,293.32000732421875,288.5899963378906,290.4800109863281,269.2862854003906,122901700
2020-05-01,285.3099975585937,290.6600036621094,281.5199890136719,282.7900085449219,262.1572570800781,125180000
2020-05-04,280.739990234375,283.8999938964844,279.1300048828125,283.57000732421875,262.8802795410156,80873200
2020-05-05,286.6400146484375,289.25,283.7099914550781,286.19000244140625,265.3091735839844,79569900
2020-05-06,288.0400085449219,288.4599914550781,283.7799987792969,284.25,263.5107421875,73632600
2020-05-07,287.75,289.7799987792969,287.1300048828125,287.67999267578125,266.6904296875,75250400
2020-05-08,291.0899963378906,292.95001220703125,289.8599853515625,292.44000244140625,271.10321044921875,76452400
2020-05-11,290.3399963378906,294.0,289.8800048828125,292.5,271.1587829589844,79514200
2020-05-12,293.7900085449219,294.239990234375,286.5199890136719,286.6700134277344,265.75421142578125,95870800
2020-05-13,286.0599975585937,287.19000244140625,278.9599914550781,281.6000061035156,261.0540771484375,144721100
2020-05-14,278.95001220703125,285.1099853515625,272.989990234375,284.9700012207031,264.1781311035156,121977900
2020-05-15,282.3699951171875,286.3299865722656,281.3399963378906,286.2799987792969,265.3925476074219,111146300
2020-05-18,293.04998779296875,296.75,292.70001220703125,295.0,273.47637939453125,119703800
2020-05-19,294.3500061035156,296.2099914550781,291.95001220703125,291.9700012207031,270.6675109863281,95189300
2020-05-20,295.82000732421875,297.8699951171875,295.57000732421875,296.92999267578125,275.265625,85861700
2020-05-21,296.7900085449219,297.6700134277344,293.69000244140625,294.8800048828125,273.3651733398437,78293900
2020-05-22,294.57000732421875,295.6300048828125,293.2200012207031,295.44000244140625,273.88433837890625,63958200
2020-05-26,301.92999267578125,302.19000244140625,295.4599914550781,299.0799865722656,277.2586669921875,88951400
2020-05-27,302.1199951171875,303.57000732421875,296.8699951171875,303.5299987792969,281.38409423828125,104817400
2020-05-28,304.6499938964844,306.8399963378906,302.239990234375,302.9700012207031,280.8648681640625,90405200
2020-05-29,302.4599914550781,304.9599914550781,299.4700012207031,304.32000732421875,282.1163635253906,119090800
2020-06-01,303.6199951171875,306.2099914550781,303.0599975585937,305.54998779296875,283.2566223144531,55758300
2020-06-02,306.54998779296875,308.1300048828125,305.1000061035156,308.0799865722656,285.6020812988281,74267200
2020-06-03,310.239990234375,313.2200012207031,309.94000244140625,312.17999267578125,289.40289306640625,92567600
2020-06-04,311.1099853515625,313.0,309.0799865722656,311.3599853515625,288.6427307128906,75794400
2020-06-05,317.2300109863281,321.2699890136719,317.1600036621094,319.3399963378906,296.0405578613281,150524700
2020-06-08,320.2200012207031,323.4100036621094,319.6300048828125,323.20001220703125,299.6188659667969,73641200
2020-06-09,320.29998779296875,323.2799987792969,319.3599853515625,320.7900085449219,297.3847961425781,77479200
2020-06-10,321.4200134277344,322.3900146484375,318.2200012207031,319.0,295.725341796875,95000800
2020-06-11,311.4599914550781,312.1499938964844,300.010009765625,300.6099853515625,278.6771240234375,209243600
2020-06-12,308.239990234375,309.0799865722656,298.6000061035156,304.2099914550781,282.014404296875,194678900
2020-06-15,298.0199890136719,308.2799987792969,296.739990234375,307.04998779296875,284.6471862792969,135782700
2020-06-16,315.4800109863281,315.6400146484375,307.6700134277344,312.9599914550781,290.1260070800781,137627500
2020-06-17,314.07000732421875,314.3900146484375,310.8599853515625,311.6600036621094,288.9208374023437,83398900
2020-06-18,310.010009765625,312.29998779296875,309.510009765625,311.7799987792969,289.0321350097656,80828700
2020-06-19,314.1700134277344,314.3800048828125,306.5299987792969,308.6400146484375,287.3802795410156,135549600
2020-06-22,307.989990234375,311.04998779296875,306.75,310.6199951171875,289.22393798828125,74649400
2020-06-23,313.489990234375,314.5,311.6099853515625,312.04998779296875,290.5553894042969,68471200
2020-06-24,309.8399963378906,310.510009765625,302.1000061035156,304.0899963378906,283.1437072753906,132813500
2020-06-25,303.4700012207031,307.6400146484375,301.2799987792969,307.3500061035156,286.1792297363281,89468000
2020-06-26,306.1600036621094,306.3900146484375,299.4200134277344,300.04998779296875,279.3819580078125,127961000
2020-06-29,301.4100036621094,304.6099853515625,298.92999267578125,304.4599914550781,283.4882202148437,79773300
2020-06-30,303.989990234375,310.20001220703125,303.82000732421875,308.3599853515625,287.1196594238281,113394800
2020-07-01,309.57000732421875,311.8900146484375,309.07000732421875,310.5199890136719,289.1307678222656,72396500
2020-07-02,314.239990234375,315.70001220703125,311.510009765625,312.2300109863281,290.7230529785156,69344200
2020-07-06,316.3699951171875,317.67999267578125,315.5599975585937,317.04998779296875,295.2110290527344,61713800
2020-07-07,315.3800048828125,317.5199890136719,313.3699951171875,313.7799987792969,292.1662902832031,82910000
2020-07-08,314.6099853515625,316.29998779296875,312.70001220703125,316.17999267578125,294.40093994140625,54638600
2020-07-09,316.8399963378906,317.1000061035156,310.67999267578125,314.3800048828125,292.7249450683594,83354200
2020-07-10,314.3099975585937,317.8800048828125,312.760009765625,317.5899963378906,295.7138366699219,57550400
2020-07-13,320.1300048828125,322.7099914550781,314.1300048828125,314.8399963378906,293.1532592773437,102997500
2020-07-14,313.29998779296875,319.760009765625,312.0,318.9200134277344,296.9521789550781,93657000
2020-07-15,322.4100036621094,323.0400085449219,319.2699890136719,321.8500061035156,299.68035888671875,87196500
2020-07-16,319.7900085449219,321.2799987792969,319.0899963378906,320.7900085449219,298.6934814453125,54622500
2020-07-17,321.8800048828125,322.57000732421875,319.739990234375,321.7200012207031,299.559326171875,62774900
2020-07-20,321.42999267578125,325.1300048828125,320.6199951171875,324.32000732421875,301.9801940917969,56308800
2020-07-21,326.45001220703125,326.92999267578125,323.94000244140625,325.010009765625,302.62274169921875,57292200
2020-07-22,324.6199951171875,327.20001220703125,324.5,326.8599853515625,304.34527587890625,57792900
2020-07-23,326.4700012207031,327.2300109863281,321.4800109863281,322.9599914550781,300.7138977050781,75738000
2020-07-24,320.95001220703125,321.989990234375,319.25,320.8800048828125,298.7771911621094,73766600
2020-07-27,321.6300048828125,323.4100036621094,320.7699890136719,323.2200012207031,300.9559326171875,48293000
2020-07-28,322.42999267578125,323.6400146484375,320.8500061035156,321.1700134277344,299.0472412109375,57495000
2020-07-29,322.1199951171875,325.7300109863281,322.0799865722656,325.1199951171875,302.7251281738281,48454200
2020-07-30,321.8999938964844,324.4100036621094,319.6400146484375,323.9599914550781,301.6449890136719,61861700
2020-07-31,325.8999938964844,326.6300048828125,321.3299865722656,326.5199890136719,304.0286560058594,84986800
2020-08-03,328.32000732421875,329.6199951171875,327.7300109863281,328.7900085449219,306.1423645019531,53077900
2020-08-04,327.8599853515625,330.0599975585937,327.8599853515625,330.0599975585937,307.32489013671875,41917900
2020-08-05,331.4700012207031,332.3900146484375,331.17999267578125,332.1099853515625,309.23358154296875,42697700
2020-08-06,331.4800109863281,334.4599914550781,331.1300048828125,334.3299865722656,311.3006896972656,43679400
2020-08-07,333.2799987792969,334.8800048828125,332.29998779296875,334.57000732421875,311.5242004394531,57308300
2020-08-10,335.0599975585937,335.7699890136719,332.9599914550781,335.57000732421875,312.4553527832031,44282100
2020-08-11,336.8500061035156,337.5400085449219,332.010009765625,332.79998779296875,309.8761291503906,69601100
2020-08-12,335.44000244140625,338.2799987792969,335.4100036621094,337.44000244140625,314.19647216796875,53774400
2020-08-13,336.6099853515625,338.25,335.8299865722656,336.8299865722656,313.6285095214844,41816100
2020-08-14,336.4100036621094,337.4200134277344,335.6199951171875,336.8399963378906,313.63775634765625,47260400
2020-08-17,337.94000244140625,338.3399963378906,336.8500061035156,337.9100036621094,314.6340637207031,35481000
2020-08-18,338.3399963378906,339.1000061035156,336.6099853515625,338.6400146484375,315.3138732910156,38733900
2020-08-19,339.04998779296875,339.6099853515625,336.6199951171875,337.2300109863281,314.00103759765625,68054200
2020-08-20,335.3599853515625,338.79998779296875,335.2200012207031,338.2799987792969,314.9786682128906,42207800
2020-08-21,337.9200134277344,339.7200012207031,337.54998779296875,339.4800109863281,316.0959777832031,55106600
2020-08-24,342.1199951171875,343.0,339.45001220703125,342.9200134277344,319.2990417480469,48588700
2020-08-25,343.5299987792969,344.2099914550781,342.2699890136719,344.1199951171875,320.4163513183594,38463400
2020-08-26,344.760009765625,347.8599853515625,344.1700134277344,347.57000732421875,323.6287536621094,50790200
2020-08-27,348.510009765625,349.8999938964844,346.5299987792969,348.3299865722656,324.3363952636719,58034100
2020-08-28,349.44000244140625,350.7200012207031,348.1499938964844,350.5799865722656,326.431396484375,48588900
2020-08-31,350.3500061035156,351.29998779296875,349.0599975585937,349.3099975585937,325.2488708496094,66099200
2020-09-01,350.2099914550781,352.7099914550781,349.239990234375,352.6000061035156,328.3122863769531,54908700
2020-09-02,354.6700134277344,358.75,353.42999267578125,357.70001220703125,333.0608825683594,69540000
2020-09-03,355.8699951171875,356.3800048828125,342.5899963378906,345.3900146484375,321.598876953125,148011100
2020-09-04,346.1300048828125,347.8299865722656,334.8699951171875,342.57000732421875,318.9731750488281,139156300
2020-09-08,336.7099914550781,342.6400146484375,332.8800048828125,333.2099914550781,310.2578430175781,114465300
2020-09-09,337.54998779296875,342.4599914550781,336.6099853515625,339.7900085449219,316.3846435546875,91462300
2020-09-10,341.82000732421875,342.5299987792969,332.8500061035156,333.8900146484375,310.8910522460937,90569500
2020-09-11,335.82000732421875,336.9700012207031,331.0,334.0599975585937,311.0492858886719,84680200
2020-09-14,337.489990234375,340.3800048828125,334.2200012207031,338.4599914550781,315.1462707519531,65605700
2020-09-15,341.1199951171875,342.0199890136719,338.4700012207031,340.1700134277344,316.7384338378906,52920900
2020-09-16,341.510009765625,343.0599975585937,338.5199890136719,338.82000732421875,315.4814453125,82096000
2020-09-17,333.5599975585937,337.70001220703125,332.989990234375,335.8399963378906,312.7066650390625,91523300
2020-09-18,335.3699951171875,335.489990234375,327.9700012207031,330.6499938964844,309.1065673828125,105877900
2020-09-21,325.70001220703125,327.1300048828125,321.7300109863281,326.9700012207031,305.6664123535156,99450800
2020-09-22,328.57000732421875,330.8999938964844,325.8599853515625,330.29998779296875,308.7794494628906,63612100
2020-09-23,330.8999938964844,331.20001220703125,322.1000061035156,322.6400146484375,301.61846923828125,93112200
2020-09-24,321.2200012207031,326.79998779296875,319.79998779296875,323.5,302.4224853515625,76681300
2020-09-25,322.5799865722656,329.5799865722656,321.6400146484375,328.7300109863281,307.311767578125,71069400
2020-09-28,333.2200012207031,334.9599914550781,332.1499938964844,334.19000244140625,312.4159851074219,64584600
2020-09-29,333.9700012207031,334.7699890136719,331.6199951171875,332.3699951171875,310.7145690917969,51304000
2020-09-30,333.0899963378906,338.2900085449219,332.8800048828125,334.8900146484375,313.07037353515625,104081100
2020-10-01,337.69000244140625,338.739990234375,335.010009765625,337.0400085449219,315.080322265625,88698700
2020-10-02,331.70001220703125,337.010009765625,331.19000244140625,333.8399963378906,312.0887451171875,89431100
2020-10-05,336.0599975585937,339.9599914550781,336.010009765625,339.760009765625,317.6231384277344,45713100
2020-10-06,339.9100036621094,342.1700134277344,334.3800048828125,334.92999267578125,313.1077880859375,90128900
2020-10-07,338.1199951171875,341.6300048828125,338.0899963378906,340.760009765625,318.5578918457031,56999600
2020-10-08,342.8500061035156,343.8500061035156,341.8599853515625,343.7799987792969,321.381103515625,45242500
2020-10-09,345.5599975585937,347.3500061035156,344.8900146484375,346.8500061035156,324.2511291503906,59528600
2020-10-12,349.5899963378906,354.0199890136719,349.0599975585937,352.42999267578125,329.467529296875,80388500
2020-10-13,352.2799987792969,352.4700012207031,349.0899963378906,350.1300048828125,327.3173522949219,73255500
2020-10-14,350.75,351.92999267578125,347.1400146484375,347.92999267578125,325.2607421875,57727900
2020-10-15,343.7099914550781,348.0199890136719,343.1300048828125,347.5,324.8588256835937,60357700
2020-10-16,348.9599914550781,350.75,347.1000061035156,347.2900085449219,324.6625061035156,89501900
2020-10-19,348.6499938964844,349.3299865722656,341.0400085449219,342.010009765625,319.7264404296875,68425600
2020-10-20,343.4599914550781,346.8800048828125,342.6400146484375,343.3800048828125,321.0072021484375,60051900
2020-10-21,343.3299865722656,345.6700134277344,342.3999938964844,342.7300109863281,320.39959716796875,63575000
2020-10-22,342.9599914550781,345.239990234375,340.6499938964844,344.6099853515625,322.1570739746094,55399300
2020-10-23,345.92999267578125,345.989990234375,343.1300048828125,345.7799987792969,323.2507629394531,49143900
2020-10-26,342.1300048828125,342.9800109863281,335.6199951171875,339.3900146484375,317.2771911621094,91473000
2020-10-27,339.760009765625,340.1199951171875,337.989990234375,338.2200012207031,316.1834716796875,65994100
2020-10-28,332.1000061035156,338.25,326.1300048828125,326.6600036621094,305.3765869140625,127094300
2020-10-29,326.9100036621094,333.3999938964844,325.0899963378906,329.9800109863281,308.4803161621094,90597700
2020-10-30,328.2799987792969,329.69000244140625,322.6000061035156,326.5400085449219,305.264404296875,120287300
2020-11-02,330.20001220703125,332.3599853515625,327.239990234375,330.20001220703125,308.6860046386719,86068300
2020-11-03,333.69000244140625,338.25,330.2900085449219,336.0299987792969,314.1361389160156,93294200
2020-11-04,340.8599853515625,347.94000244140625,339.5899963378906,343.5400085449219,321.15679931640625,126959700
2020-11-05,349.239990234375,352.19000244140625,348.8599853515625,350.239990234375,327.420166015625,82039700
2020-11-06,349.92999267578125,351.510009765625,347.6499938964844,350.1600036621094,327.345458984375,74973000
2020-11-09,363.9700012207031,364.3800048828125,354.0599975585937,354.5599975585937,331.45880126953125,172304200
2020-11-10,353.489990234375,355.17999267578125,350.510009765625,354.0400085449219,330.97265625,85552000
2020-11-11,356.3999938964844,357.5599975585937,355.0599975585937,356.6700134277344,333.4313049316406,58649000
2020-11-12,355.5799865722656,356.7200012207031,351.260009765625,353.2099914550781,330.1967468261719,67546200
2020-11-13,355.2699890136719,358.8999938964844,354.7099914550781,358.1000061035156,334.7680969238281,62892200
2020-11-16,360.9800109863281,362.7799987792969,359.5899963378906,362.5700073242188,338.9468994140625,74541100
2020-11-17,359.9700012207031,361.9200134277344,358.3399963378906,360.6199951171875,337.1239318847656,66111000
2020-11-18,360.9100036621094,361.5,356.239990234375,356.2799987792969,333.0667419433594,70591300
2020-11-19,355.6000061035156,358.17999267578125,354.1499938964844,357.7799987792969,334.4690246582031,59940900
2020-11-20,357.5,357.7200012207031,355.25,355.3299865722656,332.1785888671875,70417300
2020-11-23,357.2799987792969,358.82000732421875,354.8699951171875,357.4599914550781,334.1697998046875,63230600
2020-11-24,360.2099914550781,363.80999755859375,359.2900085449219,363.2200012207031,339.5545654296875,62415900
2020-11-25,363.1300048828125,363.1600036621094,361.4800109863281,362.6600036621094,339.0310363769531,45330900
2020-11-27,363.8399963378906,364.1799926757813,362.5799865722656,363.6700134277344,339.9752502441406,28514100
2020-11-30,362.8299865722656,363.1199951171875,359.1700134277344,362.05999755859375,338.4700927734375,83872700
2020-12-01,365.5700073242188,367.6799926757813,364.9299926757813,366.0199890136719,342.1721496582031,74231400
2020-12-02,364.8200073242188,366.9599914550781,364.2000122070313,366.7900085449219,342.8919372558594,45927000
2020-12-03,366.6799926757813,368.1900024414063,365.5,366.6900024414063,342.7983703613281,62882000
2020-12-04,367.3200073242188,369.8500061035156,367.2200012207031,369.8500061035156,345.7525634765625,50749900
2020-12-07,369.0199890136719,369.6199951171875,367.7200012207031,369.0899963378906,345.0420837402344,48944300
2020-12-08,367.7200012207031,370.7799987792969,367.6700134277344,370.1700134277344,346.0517272949219,42458900
2020-12-09,370.8800048828125,371.0499877929688,365.9500122070313,366.8500061035156,342.9480895996094,74098300
2020-12-10,365.3699951171875,367.8599853515625,364.4299926757813,366.7300109863281,342.8358764648437,57735400
2020-12-11,364.8999938964844,366.739990234375,363.260009765625,366.2999877929688,342.4338684082031,57698600
2020-12-14,368.6400146484375,369.7999877929688,364.4700012207031,364.6600036621094,340.90069580078125,69216200
2020-12-15,367.3999938964844,369.5899963378906,365.9200134277344,369.5899963378906,345.509521484375,63865300
2020-12-16,369.8200073242188,371.1600036621094,368.8699951171875,370.1700134277344,346.0517272949219,58420500
2020-12-17,371.9400024414063,372.4599914550781,371.0499877929688,372.239990234375,347.9868469238281,64119500
2020-12-18,370.9700012207031,371.1499938964844,367.0199890136719,369.1799926757813,346.597412109375,136542300
2020-12-21,364.9700012207031,378.4599914550781,362.0299987792969,367.8599853515625,345.3580627441406,96386700
2020-12-22,368.2099914550781,368.3299865722656,366.0299987792969,367.239990234375,344.7760009765625,47949000
2020-12-23,368.2799987792969,369.6199951171875,367.2200012207031,367.5700073242188,345.0858459472656,46201400
2020-12-24,368.0799865722656,369.0299987792969,367.4500122070313,369.0,346.4283752441406,26457900
2020-12-28,371.739990234375,372.5899963378906,371.0700073242188,372.1700134277344,349.4044494628906,39000400
2020-12-29,373.80999755859375,374.0,370.8299865722656,371.4599914550781,348.73785400390625,53680500
2020-12-30,372.3399963378906,373.1000061035156,371.5700073242188,371.989990234375,349.2355041503906,49455300
2020-12-31,371.7799987792969,374.6600036621094,371.2300109863281,373.8800048828125,351.0098876953125,78520700
2021-01-04,375.30999755859375,375.4500122070313,364.8200073242188,368.7900085449219,346.23126220703125,110210800
2021-01-05,368.1000061035156,372.5,368.0499877929688,371.3299865722656,348.6158447265625,66426200
2021-01-06,369.7099914550781,376.9800109863281,369.1199951171875,373.5499877929688,350.7001342773437,107997700
2021-01-07,376.1000061035156,379.8999938964844,375.9100036621094,379.1000061035156,355.9105834960937,68766800
2021-01-08,380.5899963378906,381.489990234375,377.1000061035156,381.260009765625,357.9384155273437,71677200
2021-01-11,377.8500061035156,380.5799865722656,377.7200012207031,378.6900024414063,355.5256652832031,51034700
2021-01-12,378.8900146484375,379.8599853515625,376.3599853515625,378.7699890136719,355.6007385253906,52547700
2021-01-13,378.6900024414063,380.8599853515625,377.8500061035156,379.7900085449219,356.55841064453125,45303600
2021-01-14,380.5899963378906,381.1300048828125,378.1000061035156,378.4599914550781,355.3096618652344,49989100
2021-01-15,376.7200012207031,377.5799865722656,373.7000122070313,375.7000122070313,352.7185363769531,107160000
2021-01-19,378.3399963378906,379.2300109863281,376.75,378.6499938964844,355.488037109375,51233300
2021-01-20,381.1099853515625,384.7900085449219,380.6900024414063,383.8900146484375,360.40765380859375,61836100
2021-01-21,384.489990234375,384.9500122070313,383.25,384.239990234375,360.7361755371094,47840100
2021-01-22,382.25,384.1300048828125,381.8399963378906,382.8800048828125,359.45928955078125,52860500
2021-01-25,383.6700134277344,384.7699890136719,378.4599914550781,384.3900146484375,360.876953125,70402000
2021-01-26,385.4100036621094,385.8500061035156,383.5400085449219,383.7900085449219,360.3136901855469,42665300
2021-01-27,380.2200012207031,380.3200073242188,372.010009765625,374.4100036621094,351.5074768066406,123351100
2021-01-28,376.3599853515625,381.9299926757813,375.8900146484375,377.6300048828125,354.5305480957031,94198100
2021-01-29,375.6300048828125,376.6700134277344,368.2699890136719,370.0700073242188,347.43292236328125,126765100
2021-02-01,373.7200012207031,377.3399963378906,370.3800048828125,376.2300109863281,353.2161560058594,75817600
2021-02-02,379.6499938964844,383.2200012207031,376.3200073242188,381.5499877929688,358.2107238769531,64450700
2021-02-03,382.4400024414063,383.7000122070313,380.4800109863281,381.8500061035156,358.4923400878906,52427100
2021-02-04,382.9599914550781,386.239990234375,381.9700012207031,386.1900024414063,362.5668640136719,47142600
2021-02-05,388.2000122070313,388.4700012207031,386.1400146484375,387.7099914550781,363.9938659667969,48669800
2021-02-08,389.2699890136719,390.55999755859375,388.3500061035156,390.510009765625,366.6226196289063,38365200
2021-02-09,389.6099853515625,390.8900146484375,389.1700134277344,390.25,366.3784790039063,35551100
2021-02-10,392.1199951171875,392.2799987792969,387.5,390.0799865722656,366.2189025878906,59154400
2021-02-11,391.239990234375,391.6900024414063,388.1000061035156,390.7099914550781,366.8103332519531,42913300
2021-02-12,389.8500061035156,392.8999938964844,389.7699890136719,392.6400146484375,368.6223449707031,50593300
2021-02-16,393.9599914550781,394.1700134277344,391.5299987792969,392.2999877929688,368.3031311035156,50972400
2021-02-17,390.4200134277344,392.6600036621094,389.3299865722656,392.3900146484375,368.38763427734375,52290600
2021-02-18,389.5899963378906,391.5199890136719,387.739990234375,390.7200012207031,366.81976318359375,59712800
2021-02-19,392.0700073242188,392.3800048828125,389.5499877929688,390.0299987792969,366.17193603515625,83241000
2021-02-22,387.05999755859375,389.6199951171875,386.739990234375,387.0299987792969,363.3554992675781,67414200
2021-02-23,384.6600036621094,388.9500122070313,380.2000122070313,387.5,363.7967529296875,107284100
2021-02-24,386.3299865722656,392.2300109863281,385.2699890136719,391.7699890136719,367.8055419921875,72433900
2021-02-25,390.4100036621094,391.8800048828125,380.7799987792969,382.3299865722656,358.94305419921875,146670500
2021-02-26,384.3500061035156,385.5799865722656,378.2300109863281,380.3599853515625,357.093505859375,152701600
2021-03-01,385.5899963378906,390.9200134277344,380.5700073242188,389.5799865722656,365.74951171875,105348800
2021-03-02,389.8200073242188,390.0700073242188,386.0,386.5400085449219,362.89544677734375,79595300
2021-03-03,385.7900085449219,386.8299865722656,381.30999755859375,381.4200134277344,358.0887145996094,119940200
2021-03-04,381.2200012207031,384.0,371.8800048828125,376.7000122070313,353.6573791503906,183433000
2021-03-05,380.4599914550781,384.760009765625,372.6400146484375,383.6300048828125,360.1634826660156,152039600
2021-03-08,384.6600036621094,387.6799926757813,381.4200134277344,381.7200012207031,358.3702697753906,123149200
2021-03-09,385.8500061035156,389.9100036621094,385.30999755859375,387.1700134277344,363.4869384765625,113633600
2021-03-10,389.6900024414063,391.3999938964844,388.1700134277344,389.5799865722656,365.74951171875,109899400
2021-03-11,392.2300109863281,395.6499938964844,391.739990234375,393.5299987792969,369.4578857421875,86245000
2021-03-12,392.0700073242188,394.2099914550781,391.2000122070313,394.05999755859375,369.9554748535156,64653600
2021-03-15,394.3299865722656,396.6900024414063,392.0299987792969,396.4100036621094,372.1617431640625,73427200
2021-03-16,397.0700073242188,397.8299865722656,395.0799865722656,395.9100036621094,371.6923522949219,73722500
2021-03-17,394.5299987792969,398.1199951171875,393.2999877929688,397.260009765625,372.9596862792969,97959300
2021-03-18,394.4800109863281,396.7200012207031,390.75,391.4800109863281,367.5333251953125,115349100
2021-03-19,389.8800048828125,391.5700073242188,387.1499938964844,389.4800109863281,366.8533020019531,113624500
2021-03-22,390.0299987792969,394.0700073242188,389.9700012207031,392.5899963378906,369.7825012207031,73778600
2021-03-23,391.9100036621094,393.4599914550781,388.6600036621094,389.5,366.8720397949219,90686600
2021-03-24,391.0,392.75,387.4700012207031,387.5199890136719,365.007080078125,97588600
2021-03-25,385.9800109863281,390.5499877929688,383.8999938964844,389.7000122070313,367.060546875,116128600
2021-03-26,390.9299926757813,396.4100036621094,390.2900085449219,395.9800109863281,372.97564697265625,114409100
2021-03-29,394.3999938964844,396.75,392.80999755859375,395.7799987792969,372.7872619628906,108107600
2021-03-30,394.4200134277344,395.4500122070313,393.0199890136719,394.7300109863281,371.7982177734375,76262200
2021-03-31,395.3399963378906,398.0,395.30999755859375,396.3299865722656,373.3052978515625,112734200
2021-04-01,398.3999938964844,400.6700134277344,398.1799926757813,400.6099853515625,377.3365783691406,99682900
2021-04-05,403.4599914550781,406.9400024414063,403.3800048828125,406.3599853515625,382.7525634765625,91684800
2021-04-06,405.760009765625,407.239990234375,405.3999938964844,406.1199951171875,382.5264892578125,62021000
2021-04-07,405.9400024414063,406.9599914550781,405.4500122070313,406.5899963378906,382.96917724609375,55836300
2021-04-08,407.9299926757813,408.5799865722656,406.9299926757813,408.5199890136719,384.7871398925781,57863100
2021-04-09,408.3900146484375,411.6700134277344,408.260009765625,411.489990234375,387.5846252441406,61104600
2021-04-12,410.8500061035156,411.9299926757813,410.2000122070313,411.6400146484375,387.7258911132813,56704900
2021-04-13,411.5299987792969,413.5299987792969,411.1199951171875,412.8599853515625,388.8749084472656,56551000
2021-04-14,412.8299865722656,413.9599914550781,410.8699951171875,411.4500122070313,387.546875,61659900
2021-04-15,413.739990234375,416.1600036621094,413.6900024414063,415.8699951171875,391.7101440429688,60229800
2021-04-16,417.25,417.9100036621094,415.7300109863281,417.260009765625,393.0193481445313,82037300
2021-04-19,416.260009765625,416.739990234375,413.7900085449219,415.2099914550781,391.0884399414063,78498500
2021-04-20,413.9100036621094,415.0899963378906,410.5899963378906,412.1700134277344,388.2250061035156,81851800
2021-04-21,411.510009765625,416.2900085449219,411.3599853515625,416.0700073242188,391.89849853515625,66793000
2021-04-22,415.8900146484375,416.7799987792969,411.1300048828125,412.2699890136719,388.31927490234375,97582800
2021-04-23,412.8699951171875,418.25,412.7900085449219,416.739990234375,392.529541015625,73209200
2021-04-26,417.4400024414063,418.2200012207031,416.80999755859375,417.6099853515625,393.3489990234375,52182400
2021-04-27,417.9299926757813,418.1400146484375,416.2999877929688,417.5199890136719,393.2643127441406,51303100
2021-04-28,417.80999755859375,419.010009765625,416.8999938964844,417.3999938964844,393.1511535644531,51238900
2021-04-29,420.3200073242188,420.7200012207031,416.4400024414063,420.05999755859375,395.65667724609375,78544300
2021-04-30,417.6300048828125,418.5400085449219,416.3399963378906,417.2999877929688,393.0570983886719,85527000
2021-05-03,419.4299926757813,419.8399963378906,417.6700134277344,418.2000122070313,393.9047546386719,68128300
2021-05-04,416.0700073242188,416.6000061035156,411.6700134277344,415.6199951171875,391.4747009277344,101591200
2021-05-05,417.3800048828125,417.6300048828125,415.1499938964844,415.75,391.59710693359375,60162200
2021-05-06,415.8299865722656,419.2099914550781,413.6799926757813,419.0700073242188,394.7241821289063,74321400
2021-05-07,419.8900146484375,422.8200073242188,419.1600036621094,422.1199951171875,397.5969543457031,67733800
2021-05-10,422.5,422.739990234375,417.80999755859375,417.9400024414063,393.6598815917969,81852400
2021-05-11,413.1000061035156,415.2699890136719,410.05999755859375,414.2099914550781,390.1465759277344,116888000
2021-05-12,411.2300109863281,412.5899963378906,404.0,405.4100036621094,381.8577880859375,134811000
2021-05-13,407.0700073242188,412.3500061035156,407.0199890136719,410.2799987792969,386.44482421875,106394000
2021-05-14,413.2099914550781,417.489990234375,413.1799926757813,416.5799865722656,392.37884521484375,82201600
2021-05-17,415.3900146484375,416.3900146484375,413.3599853515625,415.5199890136719,391.3804626464844,65129200
2021-05-18,415.7999877929688,416.05999755859375,411.7699890136719,411.9400024414063,388.0084228515625,59810200
2021-05-19,406.9200134277344,411.0499877929688,405.3299865722656,410.8599853515625,386.9911193847656,106467100
2021-05-20,411.7999877929688,416.6300048828125,411.6700134277344,415.2799987792969,391.1544189453125,78022200
2021-05-21,416.8699951171875,418.2000122070313,414.4500122070313,414.9400024414063,390.8341979980469,76578700
2021-05-24,417.3399963378906,420.3200073242188,417.0799865722656,419.1700134277344,394.8183288574219,51376700
2021-05-25,420.3299865722656,420.7099914550781,417.6199951171875,418.239990234375,393.94244384765625,57451400
2021-05-26,418.8699951171875,419.6099853515625,417.760009765625,419.0700073242188,394.7241821289063,43088600
2021-05-27,420.1700134277344,420.7200012207031,418.989990234375,419.2900085449219,394.9314270019531,56707700
2021-05-28,420.9700012207031,421.25,419.7900085449219,420.0400085449219,395.6379089355469,58520200
2021-06-01,422.5700073242188,422.7200012207031,419.2000122070313,419.6700134277344,395.2893676757813,54216600
2021-06-02,420.3699951171875,421.2300109863281,419.2900085449219,420.3299865722656,395.9109802246094,49097100
2021-06-03,417.8500061035156,419.989990234375,416.2799987792969,418.7699890136719,394.4416198730469,58138800
2021-06-04,420.75,422.9200134277344,418.8399963378906,422.6000061035156,398.0490417480469,55938800
2021-06-07,422.5899963378906,422.7799987792969,421.1900024414063,422.1900024414063,397.6629638671875,51555000
2021-06-08,423.1099853515625,423.2099914550781,420.3200073242188,422.2799987792969,397.747802734375,47134300
2021-06-09,423.1799926757813,423.260009765625,421.4100036621094,421.6499938964844,397.15423583984375,48436300
2021-06-10,422.9599914550781,424.6300048828125,421.5499877929688,423.6099853515625,399.00048828125,51020100
2021-06-11,424.2000122070313,424.4299926757813,422.8200073242188,424.30999755859375,399.6598205566406,45570800
2021-06-14,424.4299926757813,425.3699951171875,423.1000061035156,425.260009765625,400.5545959472656,42358500
2021-06-15,425.4200134277344,425.4599914550781,423.5400085449219,424.4800109863281,399.8199768066406,51508500
2021-06-16,424.6300048828125,424.8699951171875,419.9200134277344,422.1099853515625,397.5875854492188,80386100
2021-06-17,421.6700134277344,423.0199890136719,419.3200073242188,421.9700012207031,397.4557495117188,90949700
2021-06-18,417.0899963378906,417.8299865722656,414.7000122070313,414.9200134277344,392.0938720703125,118676300
2021-06-21,416.7999877929688,421.05999755859375,415.9299926757813,420.8599853515625,397.70709228515625,72822000
2021-06-22,420.8500061035156,424.0,420.0799865722656,423.1099853515625,399.8333129882813,57700300
2021-06-23,423.1900024414063,424.0499877929688,422.510009765625,422.6000061035156,399.3513488769531,49445400
2021-06-24,424.8900146484375,425.5499877929688,424.6199951171875,425.1000061035156,401.7138366699219,45110300
2021-06-25,425.8999938964844,427.0899963378906,425.5499877929688,426.6099853515625,403.1407165527344,58129500
2021-06-28,427.1700134277344,427.6499938964844,425.8900146484375,427.4700012207031,403.9534301757813,53159600
2021-06-29,427.8800048828125,428.55999755859375,427.1300048828125,427.7000122070313,404.1707763671875,35970500
2021-06-30,427.2099914550781,428.7799987792969,427.1799926757813,428.05999755859375,404.5109252929688,64827900
2021-07-01,428.8699951171875,430.6000061035156,428.7999877929688,430.4299926757813,406.7506103515625,53441000
2021-07-02,431.6700134277344,434.1000061035156,430.5199890136719,433.7200012207031,409.8595886230469,57697700
2021-07-06,433.7799987792969,434.010009765625,430.010009765625,432.9299926757813,409.1131591796875,68710400
2021-07-07,433.6600036621094,434.760009765625,431.510009765625,434.4599914550781,410.5588684082031,63549500
2021-07-08,428.7799987792969,431.7300109863281,427.5199890136719,430.9200134277344,407.213623046875,97595200
2021-07-09,432.5299987792969,435.8399963378906,430.7099914550781,435.5199890136719,411.5605773925781,76238600
2021-07-12,435.4299926757813,437.3500061035156,434.9700012207031,437.0799865722656,413.0347900390625,52889600
2021-07-13,436.239990234375,437.8399963378906,435.30999755859375,435.5899963378906,411.6267395019531,52911300
2021-07-14,437.3999938964844,437.9200134277344,434.9100036621094,436.239990234375,412.2409973144531,64130400
2021-07-15,434.80999755859375,435.5299987792969,432.7200012207031,434.75,410.8329772949219,55126400
2021-07-16,436.010009765625,436.05999755859375,430.9200134277344,431.3399963378906,407.6105651855469,75874700
2021-07-19,426.1900024414063,431.4100036621094,421.9700012207031,424.9700012207031,401.5910339355469,147987000
2021-07-20,425.6799926757813,432.4200134277344,424.8299865722656,431.05999755859375,407.3459777832031,99608200
2021-07-21,432.3399963378906,434.7000122070313,431.010009765625,434.5499877929688,410.6440734863281,64724400
2021-07-22,434.739990234375,435.7200012207031,433.6900024414063,435.4599914550781,411.50390625,47878500
2021-07-23,437.5199890136719,440.2999877929688,436.7900085449219,439.9400024414063,415.7373962402344,63766600
2021-07-26,439.30999755859375,441.0299987792969,439.260009765625,441.0199890136719,416.7580261230469,43719200
2021-07-27,439.9100036621094,439.9400024414063,435.989990234375,439.010009765625,414.8586120605469,67397100
2021-07-28,439.6799926757813,440.2999877929688,437.30999755859375,438.8299865722656,414.68853759765625,52472400
2021-07-29,439.8200073242188,441.7999877929688,439.80999755859375,440.6499938964844,416.4084777832031,47435300
2021-07-30,437.9100036621094,440.05999755859375,437.7699890136719,438.510009765625,414.3860778808594,68951200
2021-08-02,440.3399963378906,440.9299926757813,437.2099914550781,437.5899963378906,413.5167541503906,58783300
2021-08-03,438.4400024414063,441.2799987792969,436.1000061035156,441.1499938964844,416.880859375,58053900
2021-08-04,439.7799987792969,441.1199951171875,438.7300109863281,438.9800109863281,414.8302917480469,46732200
2021-08-05,440.2200012207031,441.8500061035156,439.8800048828125,441.760009765625,417.4573669433594,38969700
2021-08-06,442.1000061035156,442.9400024414063,441.7999877929688,442.489990234375,418.1471557617188,46930000
2021-08-09,442.4599914550781,442.7999877929688,441.30999755859375,442.1300048828125,417.8069458007813,41222600
2021-08-10,442.6099853515625,443.4400024414063,441.8800048828125,442.6799926757813,418.3266906738281,43339300
2021-08-11,443.8200073242188,443.8800048828125,442.6199951171875,443.7799987792969,419.3662109375,44034300
2021-08-12,443.6199951171875,445.260009765625,442.6600036621094,445.1099853515625,420.623046875,38909400
2021-08-13,445.5899963378906,445.9400024414063,445.0700073242188,445.9200134277344,421.3884582519531,39470300
2021-08-16,444.5299987792969,447.1099853515625,442.8699951171875,446.9700012207031,422.3807067871094,73740000
2021-08-17,444.239990234375,444.9599914550781,440.8500061035156,444.0400085449219,419.6118774414063,92673900
2021-08-18,442.9599914550781,444.6300048828125,438.9200134277344,439.1799926757813,415.0192260742188,89351900
2021-08-19,436.2699890136719,441.1400146484375,436.1199951171875,439.8599853515625,415.6618041992188,92812200
2021-08-20,440.2300109863281,443.7099914550781,439.7099914550781,443.3599853515625,418.9693603515625,72008700
2021-08-23,445.1600036621094,448.2300109863281,443.4400024414063,447.260009765625,422.6547546386719,54973000
2021-08-24,447.9700012207031,448.5400085449219,447.4200134277344,447.9700012207031,423.3257446289063,38744700
2021-08-25,448.1700134277344,449.4599914550781,447.7699890136719,448.9100036621094,424.2140197753906,40529700
2021-08-26,448.6099853515625,448.8599853515625,446.1600036621094,446.260009765625,421.7097778320313,57829600
2021-08-27,447.1199951171875,450.6499938964844,447.05999755859375,450.25,425.4802856445313,77235100
2021-08-30,450.9700012207031,453.0700073242188,450.7099914550781,452.2300109863281,427.351318359375,48357400
2021-08-31,452.1300048828125,452.489990234375,450.9200134277344,451.55999755859375,426.71820068359375,59300200
2021-09-01,452.55999755859375,453.1099853515625,451.5499877929688,451.7999877929688,426.9449768066406,48721400
2021-09-02,453.3200073242188,454.0499877929688,451.9100036621094,453.1900024414063,428.2585754394531,42501000
2021-09-03,451.9800109863281,453.6300048828125,451.5499877929688,453.0799865722656,428.1545715332031,47170500
2021-09-07,452.7099914550781,452.80999755859375,450.739990234375,451.4599914550781,426.6236877441406,51671500
2021-09-08,450.8900146484375,451.6700134277344,448.8599853515625,450.9100036621094,426.10394287109375,56181900
2021-09-09,450.7000122070313,452.5700073242188,448.7200012207031,448.9800109863281,424.2801818847656,57970400
2021-09-10,451.0400085449219,451.489990234375,445.30999755859375,445.4400024414063,420.9349670410156,89948200
2021-09-13,448.6400146484375,448.9200134277344,444.1099853515625,446.5799865722656,422.01214599609375,83738600
2021-09-14,448.1199951171875,448.3399963378906,443.2200012207031,444.1700134277344,419.7347412109375,78197100
2021-09-15,444.6199951171875,448.4100036621094,443.4400024414063,447.8800048828125,423.24066162109375,78792200
2021-09-16,447.3200073242188,448.3599853515625,444.0199890136719,447.1700134277344,422.56976318359375,77786700
2021-09-17,444.9200134277344,445.3699951171875,441.0199890136719,441.3999938964844,418.4534301757813,118425000
2021-09-20,434.8800048828125,436.55999755859375,428.8599853515625,434.0400085449219,411.47601318359375,166445500
2021-09-21,436.5299987792969,437.9100036621094,433.0700073242188,433.6300048828125,411.0873718261719,92526100
2021-09-22,436.0499877929688,440.0299987792969,433.75,437.8599853515625,415.0974731445313,102350100
2021-09-23,439.8500061035156,444.8900146484375,439.6000061035156,443.1799926757813,420.1409301757813,76396000
2021-09-24,441.4400024414063,444.6700134277344,441.2099914550781,443.9100036621094,420.8328857421875,62094800
2021-09-27,442.80999755859375,444.0499877929688,441.8999938964844,442.6400146484375,419.6290283203125,61371100
2021-09-28,439.6900024414063,440.0400085449219,432.9400024414063,433.7200012207031,411.1726684570313,130436300
2021-09-29,435.1900024414063,437.0400085449219,433.8500061035156,434.4500122070313,411.86474609375,82329200
2021-09-30,436.0199890136719,436.7699890136719,428.7799987792969,429.1400146484375,406.830810546875,140506000
2021-10-01,430.9800109863281,436.0299987792969,427.2300109863281,434.239990234375,411.6656188964844,129240100
2021-10-04,433.0,433.9599914550781,426.3599853515625,428.6400146484375,406.3568115234375,128570000
2021-10-05,430.239990234375,435.489990234375,429.3900146484375,433.1000061035156,410.5849609375,90682500
2021-10-06,429.2699890136719,435.1199951171875,427.5400085449219,434.8999938964844,412.2913208007813,113032200
2021-10-07,438.3900146484375,441.6799926757813,438.2000122070313,438.6600036621094,415.8558654785156,72437500
2021-10-08,439.4800109863281,439.8900146484375,437.1900024414063,437.8599853515625,415.0974731445313,74557400
2021-10-11,437.1600036621094,440.260009765625,434.6199951171875,434.6900024414063,412.09228515625,65233300
2021-10-12,435.6700134277344,436.1000061035156,432.7799987792969,433.6199951171875,411.077880859375,71181200
2021-10-13,434.7099914550781,436.0499877929688,431.5400085449219,435.1799926757813,412.5568237304688,72974000
2021-10-14,439.0799865722656,442.6600036621094,438.5799865722656,442.5,419.4962158203125,70236800
2021-10-15,444.75,446.260009765625,444.0899963378906,445.8699951171875,422.6910705566406,66260200
2021-10-18,443.9700012207031,447.5499877929688,443.2699890136719,447.1900024414063,423.9424133300781,62213200
2021-10-19,448.9200134277344,450.7099914550781,448.2699890136719,450.6400146484375,427.2131042480469,46996800
2021-10-20,451.1300048828125,452.7300109863281,451.010009765625,452.4100036621094,428.8910827636719,49571600
2021-10-21,451.7699890136719,453.8299865722656,451.30999755859375,453.5899963378906,430.00970458984375,41305400
2021-10-22,453.1300048828125,454.6700134277344,451.0499877929688,453.1199951171875,429.5641784667969,58845100
2021-10-25,454.2799987792969,455.8999938964844,452.3900146484375,455.5499877929688,431.8678588867188,45214500
2021-10-26,457.2000122070313,458.489990234375,455.55999755859375,455.9599914550781,432.2565002441406,56075100
2021-10-27,456.4500122070313,457.1600036621094,453.8599853515625,453.9400024414063,430.3415222167969,72438000
2021-10-28,455.4599914550781,458.3999938964844,455.4500122070313,458.3200073242188,434.4938049316406,51437900
2021-10-29,455.8699951171875,459.55999755859375,455.55999755859375,459.25,435.3755187988281,70162400
2021-11-01,460.2999877929688,460.7000122070313,458.2000122070313,460.0400085449219,436.1244201660156,48433600
2021-11-02,460.2200012207031,462.2300109863281,460.0799865722656,461.8999938964844,437.8877258300781,48908400
2021-11-03,461.2999877929688,465.1499938964844,460.8299865722656,464.7200012207031,440.5611877441406,52509800
2021-11-04,465.3599853515625,467.0,464.989990234375,466.9100036621094,442.6372985839844,52847100
2021-11-05,469.2799987792969,470.6499938964844,466.9200134277344,468.5299987792969,444.1731262207031,66390600
2021-11-08,469.7000122070313,470.2300109863281,468.2000122070313,468.9299926757813,444.5523071289063,50405200
2021-11-09,469.3200073242188,469.5700073242188,465.8800048828125,467.3800048828125,443.0828857421875,51149100
2021-11-10,465.5799865722656,467.3800048828125,462.0400085449219,463.6199951171875,439.518310546875,69429700
2021-11-11,465.2099914550781,465.2900085449219,463.75,463.7699890136719,439.6604919433594,34848500
2021-11-12,465.1199951171875,467.8599853515625,464.1099853515625,467.2699890136719,442.9786071777344,53466700
2021-11-15,468.6400146484375,468.80999755859375,466.2300109863281,467.4299926757813,443.1302795410156,46980500
2021-11-16,467.1499938964844,470.489990234375,467.0700073242188,469.2799987792969,444.8840637207031,48857500
2021-11-17,469.0,469.1900024414063,467.4800109863281,468.1400146484375,443.8034057617188,47858300
2021-11-18,469.239990234375,470.010009765625,466.3399963378906,469.7300109863281,445.3106994628906,50625600
2021-11-19,469.6099853515625,470.9400024414063,468.5,468.8900146484375,444.5143737792969,57315600
2021-11-22,470.8900146484375,473.5400085449219,467.3500061035156,467.5700073242188,443.2630004882813,72762000
2021-11-23,467.2200012207031,469.1000061035156,464.4500122070313,468.1900024414063,443.8507385253906,73206500
2021-11-24,466.05999755859375,469.5700073242188,465.1900024414063,469.4400024414063,445.0357666015625,61858800
2021-11-26,462.3399963378906,463.8999938964844,457.7699890136719,458.9700012207031,435.1100463867188,112669600
2021-11-29,464.0700073242188,466.55999755859375,461.7300109863281,464.6000061035156,440.44732666015625,86268800
2021-11-30,462.0,464.0299987792969,455.2999877929688,455.55999755859375,431.8773193359375,148559600
2021-12-01,461.6400146484375,464.6700134277344,450.2900085449219,450.5,427.080322265625,131939200
2021-12-02,450.7300109863281,459.0700073242188,450.30999755859375,457.3999938964844,433.6216735839844,127637800
2021-12-03,459.1700134277344,460.2999877929688,448.9200134277344,453.4200134277344,429.8484802246094,137331600
2021-12-06,456.1300048828125,460.7900085449219,453.55999755859375,458.7900085449219,434.93939208984375,98977500
2021-12-07,464.4100036621094,468.8800048828125,458.6499938964844,468.2799987792969,443.9360961914063,95484700
2021-12-08,468.7000122070313,470.0,466.8299865722656,469.5199890136719,445.111572265625,72238800
2021-12-09,468.1499938964844,469.6300048828125,466.1400146484375,466.3500061035156,442.1064147949219,61272600
2021-12-10,469.2300109863281,470.8999938964844,466.510009765625,470.739990234375,446.2681274414063,77159800
2021-12-13,470.1900024414063,470.55999755859375,466.2699890136719,466.5700073242188,442.31494140625,87724700
2021-12-14,463.0899963378906,465.739990234375,460.25,463.3599853515625,439.2717590332031,97264100
2021-12-15,463.4200134277344,470.8599853515625,460.739990234375,470.6000061035156,446.1354370117188,116899300
2021-12-16,472.5700073242188,472.8699951171875,464.7999877929688,466.4500122070313,442.20123291015625,116568600
2021-12-17,461.5499877929688,464.739990234375,458.05999755859375,459.8699951171875,437.4949951171875,135511600
2021-12-20,454.4800109863281,455.3999938964844,451.1400146484375,454.9800109863281,432.8428649902344,107134800
2021-12-21,458.6099853515625,463.2099914550781,456.30999755859375,463.05999755859375,440.52972412109375,69806300
2021-12-22,462.7900085449219,467.80999755859375,462.5799865722656,467.6900024414063,444.9344482421875,58890200
2021-12-23,468.75,472.1900024414063,468.6400146484375,470.6000061035156,447.7029418945313,56439700
2021-12-27,472.05999755859375,477.30999755859375,472.010009765625,477.260009765625,454.0387573242188,56808600
2021-12-28,477.7200012207031,478.80999755859375,476.05999755859375,476.8699951171875,453.6677551269531,47274600
2021-12-29,476.9800109863281,478.55999755859375,475.9200134277344,477.4800109863281,454.24810791015625,54503000
2021-12-30,477.9299926757813,479.0,475.6700134277344,476.1600036621094,452.9923400878906,55329000
2021-12-31,475.6400146484375,476.8599853515625,474.6700134277344,474.9599914550781,451.8506774902344,65237400
2022-01-03,476.2999877929688,477.8500061035156,473.8500061035156,477.7099914550781,454.46685791015625,72668200
2022-01-04,479.2200012207031,479.9800109863281,475.5799865722656,477.5499877929688,454.3146362304688,71178700
2022-01-05,477.1600036621094,477.9800109863281,468.2799987792969,468.3800048828125,445.59088134765625,104538900
2022-01-06,467.8900146484375,470.8200073242188,465.4299926757813,467.9400024414063,445.1722412109375,86858900
2022-01-07,467.9500122070313,469.2000122070313,464.6499938964844,466.0899963378906,443.4122314453125,85111600
2022-01-10,462.7000122070313,465.739990234375,456.6000061035156,465.510009765625,442.8604736328125,119362000
2022-01-11,465.2300109863281,469.8500061035156,462.0499877929688,469.75,446.8941955566406,74303100
2022-01-12,471.5899963378906,473.2000122070313,468.9400024414063,471.0199890136719,448.1024475097656,67605400
2022-01-13,472.1900024414063,472.8800048828125,463.4400024414063,464.5299987792969,441.92816162109375,91173100
2022-01-14,461.1900024414063,465.0899963378906,459.8999938964844,464.7200012207031,442.1089477539063,95890900
2022-01-18,459.739990234375,459.9599914550781,455.30999755859375,456.489990234375,434.27935791015625,109709100
2022-01-19,458.1300048828125,459.6099853515625,451.4599914550781,451.75,429.76995849609375,109357600
2022-01-20,453.75,458.739990234375,444.5,446.75,425.0132751464844,122379700
2022-01-21,445.55999755859375,448.05999755859375,437.9500122070313,437.9800109863281,416.66998291015625,202271200
2022-01-24,432.0299987792969,440.3800048828125,420.760009765625,439.8399963378906,418.439453125,251783900
2022-01-25,433.05999755859375,439.7200012207031,427.1499938964844,434.4700012207031,413.3307495117188,167997300
2022-01-26,440.7200012207031,444.0400085449219,428.8599853515625,433.3800048828125,412.2937927246094,186391100
2022-01-27,438.260009765625,441.5899963378906,429.4500122070313,431.239990234375,410.25787353515625,149878300
2022-01-28,432.6799926757813,442.0,427.8200073242188,441.9500122070313,420.4467468261719,164457400
2022-01-31,441.239990234375,450.2799987792969,439.80999755859375,449.9100036621094,428.01953125,152251400
2022-02-01,450.6799926757813,453.6300048828125,446.9400024414063,452.9500122070313,430.9116821289063,123155400
2022-02-02,455.5,458.1199951171875,453.0499877929688,457.3500061035156,435.0975341796875,117361000
2022-02-03,450.9500122070313,452.9700012207031,445.7099914550781,446.6000061035156,424.87060546875,118024400
2022-02-04,446.3500061035156,452.7799987792969,443.8299865722656,448.7000122070313,426.8683471679688,118454400
2022-02-07,449.510009765625,450.989990234375,445.8500061035156,447.260009765625,425.49847412109375,84472900
2022-02-08,446.7300109863281,451.9200134277344,445.2200012207031,450.9400024414063,428.9994812011719,81012000
2022-02-09,455.2200012207031,457.8800048828125,455.010009765625,457.5400085449219,435.27825927734375,92589900
2022-02-10,451.3399963378906,457.7099914550781,447.2000122070313,449.3200073242188,427.4581909179688,140103700
2022-02-11,449.4100036621094,451.6099853515625,438.9400024414063,440.4599914550781,419.0293273925781,153214600
2022-02-14,439.9200134277344,441.6000061035156,435.3399963378906,439.0199890136719,417.6593322753906,123006300
2022-02-15,443.7300109863281,446.2799987792969,443.1799926757813,446.1000061035156,424.3949279785156,88482700
2022-02-16,443.9299926757813,448.05999755859375,441.9400024414063,446.6000061035156,424.87060546875,84863600
2022-02-17,443.2200012207031,446.5700073242188,436.4200134277344,437.05999755859375,415.7947082519531,102259100
2022-02-18,437.3299865722656,438.6600036621094,431.8200073242188,434.2300109863281,413.1024475097656,132642900
2022-02-22,431.8900146484375,435.5,425.8599853515625,429.5700073242188,408.6691284179688,124391800
2022-02-23,432.6600036621094,433.260009765625,421.3500061035156,421.9500122070313,401.4198303222656,132578000
2022-02-24,411.0199890136719,428.760009765625,410.6400146484375,428.2999877929688,407.4609375,213942900
2022-02-25,429.6099853515625,437.8399963378906,427.8599853515625,437.75,416.4511413574219,121804500
2022-02-28,432.0299987792969,438.2000122070313,430.7000122070313,436.6300048828125,415.3856201171875,145615000
2022-03-01,435.0400085449219,437.1700134277344,427.1099853515625,429.9800109863281,409.0592346191406,137785900
2022-03-02,432.3699951171875,439.7200012207031,431.5700073242188,437.8900146484375,416.5843505859375,117726500
2022-03-03,440.4700012207031,441.1099853515625,433.7999877929688,435.7099914550781,414.5104064941406,105501700
2022-03-04,431.75,433.3699951171875,427.8800048828125,432.1700134277344,411.14263916015625,113978200
2022-03-07,431.5499877929688,432.2999877929688,419.3599853515625,419.4299926757813,399.0224914550781,137896600
2022-03-08,419.6199951171875,427.2099914550781,415.1199951171875,416.25,395.9972534179688,164772700
2022-03-09,425.1400146484375,429.510009765625,422.8200073242188,427.4100036621094,406.6142883300781,116990800
2022-03-10,422.5199890136719,426.4299926757813,420.4400024414063,425.4800109863281,404.7781677246094,93972700
2022-03-11,428.1199951171875,428.7699890136719,419.5299987792969,420.0700073242188,399.6314392089844,95636300
2022-03-14,420.8900146484375,424.5499877929688,415.7900085449219,417.0,396.7107849121094,95729200
2022-03-15,419.7699890136719,426.8399963378906,418.4200134277344,426.1700134277344,405.43463134765625,106219100
2022-03-16,429.8900146484375,435.6799926757813,424.7999877929688,435.6199951171875,414.4247741699219,144954800
2022-03-17,433.5899963378906,441.0700073242188,433.1900024414063,441.0700073242188,419.6095581054688,102676900
2022-03-18,438.0,444.8599853515625,437.2200012207031,444.5199890136719,424.2055358886719,106345500
2022-03-21,444.3399963378906,446.4599914550781,440.6799926757813,444.3900146484375,424.08148193359375,88349800
2022-03-22,445.8599853515625,450.5799865722656,445.8599853515625,449.5899963378906,429.0438537597656,74650400
2022-03-23,446.9100036621094,448.489990234375,443.7099914550781,443.7999877929688,423.5183715820313,79426100
2022-03-24,445.9400024414063,450.5,444.760009765625,450.489990234375,429.9027404785156,64736900
2022-03-25,451.1600036621094,452.9800109863281,448.4299926757813,452.6900024414063,432.0021362304688,77101300
2022-03-28,452.05999755859375,455.9100036621094,450.05999755859375,455.9100036621094,435.0749816894531,68529800
2022-03-29,460.0199890136719,462.0700073242188,457.1799926757813,461.5499877929688,440.4572448730469,86581500
2022-03-30,460.3399963378906,461.2000122070313,456.4700012207031,458.7000122070313,437.7375793457031,79666900
2022-03-31,457.8900146484375,458.760009765625,451.1600036621094,451.6400146484375,431.0001525878906,121699900
2022-04-01,453.30999755859375,453.4599914550781,449.1400146484375,452.9200134277344,432.2216491699219,89048800
2022-04-04,453.1300048828125,456.9100036621094,452.260009765625,456.7999877929688,435.9243774414063,59601000
2022-04-05,455.2200012207031,457.8299865722656,449.8200073242188,451.0299987792969,430.41802978515625,74214500
2022-04-06,446.8900146484375,448.9299926757813,443.4700012207031,446.5199890136719,426.1141357421875,106898000
2022-04-07,445.5899963378906,450.6900024414063,443.5299987792969,448.7699890136719,428.2612609863281,78097200
2022-04-08,447.9700012207031,450.6300048828125,445.9400024414063,447.5700073242188,427.1161193847656,79272700
2022-04-11,444.1099853515625,445.0,439.3900146484375,439.9200134277344,419.8157653808594,89770500
2022-04-12,443.0799865722656,445.75,436.6499938964844,438.2900085449219,418.26025390625,84363600
2022-04-13,438.0299987792969,444.1099853515625,437.8399963378906,443.30999755859375,423.05084228515625,74070400
2022-04-14,443.5499877929688,444.7300109863281,437.6799926757813,437.7900085449219,417.7830505371094,97869500
2022-04-18,436.80999755859375,439.75,435.6099853515625,437.9700012207031,417.9548950195313,66002500
2022-04-19,437.8599853515625,445.7999877929688,437.6799926757813,445.0400085449219,424.7016906738281,77821000
2022-04-20,446.9200134277344,447.5700073242188,443.4800109863281,444.7099914550781,424.38677978515625,65224400
2022-04-21,448.5400085449219,450.010009765625,437.1000061035156,438.05999755859375,418.0407409667969,85417300
2022-04-22,436.9100036621094,438.0799865722656,425.4400024414063,426.0400085449219,406.570068359375,132471800
2022-04-25,423.6700134277344,428.6900024414063,418.8399963378906,428.510009765625,408.9272155761719,119647700
2022-04-26,425.8299865722656,426.0400085449219,416.0700073242188,416.1000061035156,397.0842895507813,103996300
2022-04-27,417.239990234375,422.9200134277344,415.010009765625,417.2699890136719,398.2008666992188,122030000
2022-04-28,422.2900085449219,429.6400146484375,417.6000061035156,427.80999755859375,408.2591552734375,105449100
2022-04-29,423.5899963378906,425.8699951171875,411.2099914550781,412.0,393.1717224121094,145491100
2022-05-02,412.0700073242188,415.9200134277344,405.0199890136719,414.4800109863281,395.538330078125,158312500
2022-05-03,415.010009765625,418.9299926757813,413.3599853515625,416.3800048828125,397.35150146484375,100028200
2022-05-04,417.0799865722656,429.6600036621094,413.7099914550781,429.05999755859375,409.4519958496094,144247900
2022-05-05,424.5499877929688,425.0,409.4400024414063,413.80999755859375,394.8990173339844,172929100
2022-05-06,411.1000061035156,414.7999877929688,405.7300109863281,411.3399963378906,392.5418395996094,151770800
2022-05-09,405.1000061035156,406.4100036621094,396.5,398.1700134277344,379.9737243652344,155586100
2022-05-10,404.489990234375,406.0799865722656,394.8200073242188,399.0899963378906,380.8516845703125,132497200
2022-05-11,398.0700073242188,404.0400085449219,391.9599914550781,392.75,374.8013916015625,142361000
2022-05-12,389.3699951171875,395.7999877929688,385.1499938964844,392.3399963378906,374.4101867675781,125090800
2022-05-13,396.7099914550781,403.1799926757813,395.6099853515625,401.7200012207031,383.3615112304688,104174400
2022-05-16,399.9800109863281,403.9700012207031,397.6000061035156,400.0899963378906,381.8059387207031,78622400
2022-05-17,406.5299987792969,408.5700073242188,402.5799865722656,408.3200073242188,389.659912109375,83029700
2022-05-18,403.5,403.7999877929688,390.5499877929688,391.8599853515625,373.9520568847656,117674500
2022-05-19,388.6199951171875,394.1400146484375,387.1099853515625,389.4599914550781,371.6617736816406,98510700
2022-05-20,393.25,397.0299987792969,380.5400085449219,389.6300048828125,371.8240356445313,131432200
2022-05-23,392.8299865722656,397.7300109863281,390.3800048828125,396.9200134277344,378.7809143066406,76414900
2022-05-24,392.55999755859375,395.1499938964844,386.9599914550781,393.8900146484375,375.8893127441406,91448800
2022-05-25,392.30999755859375,399.4500122070313,391.8900146484375,397.3699951171875,379.2102661132813,91472900
2022-05-26,398.6700134277344,407.0400085449219,398.4500122070313,405.30999755859375,386.7874450683594,82168300
2022-05-27,407.9100036621094,415.3800048828125,407.7000122070313,415.260009765625,396.2827453613281,84768700
2022-05-31,413.5499877929688,416.4599914550781,410.0299987792969,412.9299926757813,394.0591735839844,95937000
2022-06-01,415.1700134277344,416.239990234375,406.9299926757813,409.5899963378906,390.8717651367188,86585800
2022-06-02,409.4200134277344,417.4400024414063,407.0400085449219,417.3900146484375,398.31536865234375,79609600
2022-06-03,412.3999938964844,414.0400085449219,409.510009765625,410.5400085449219,391.7784423828125,71874300
2022-06-06,414.7799987792969,416.6099853515625,410.5499877929688,411.7900085449219,392.9712524414063,57508900
2022-06-07,408.1000061035156,416.2200012207031,407.6099853515625,415.739990234375,396.74072265625,59272400
2022-06-08,413.9299926757813,415.8200073242188,410.3800048828125,411.2200012207031,392.4273376464844,64350000
2022-06-09,409.3399963378906,411.739990234375,401.4400024414063,401.4400024414063,383.09423828125,86289800
2022-06-10,394.8800048828125,395.7799987792969,389.75,389.7999877929688,371.9862060546875,132893900
2022-06-13,379.8500061035156,381.80999755859375,373.2999877929688,375.0,357.8626403808594,170004900
2022-06-14,376.8500061035156,377.9400024414063,370.5899963378906,373.8699951171875,356.7842102050781,104011800
2022-06-15,377.3599853515625,383.8999938964844,372.1199951171875,379.2000122070313,361.8706970214844,125666800
2022-06-16,370.510009765625,370.9400024414063,364.0799865722656,366.6499938964844,349.8941955566406,134473300
2022-06-17,365.510009765625,369.3800048828125,362.1700134277344,365.8599853515625,350.6484069824219,111113900
2022-06-21,371.8900146484375,376.5299987792969,371.80999755859375,375.0700073242188,359.4754943847656,76811900
2022-06-22,370.6199951171875,378.7200012207031,370.1799926757813,374.3900146484375,358.8238830566406,90059400
2022-06-23,376.6400146484375,378.8299865722656,372.8900146484375,378.05999755859375,362.3411865234375,79292100
2022-06-24,381.3999938964844,390.0899963378906,381.3699951171875,390.0799865722656,373.8614501953125,98050300
2022-06-27,391.0499877929688,391.3599853515625,387.4400024414063,388.5899963378906,372.4334106445313,66009600
2022-06-28,390.2300109863281,393.1600036621094,380.5299987792969,380.6499938964844,364.8235473632813,86548900
2022-06-29,381.2300109863281,382.2699890136719,378.4200134277344,380.3399963378906,364.5263671875,65676000
2022-06-30,376.239990234375,380.6600036621094,372.55999755859375,377.25,361.56488037109375,112508300
2022-07-01,376.55999755859375,381.7000122070313,373.7999877929688,381.239990234375,365.3890075683594,74839700
2022-07-05,375.8800048828125,381.9800109863281,372.8999938964844,381.9599914550781,366.07904052734375,81438000
2022-07-06,382.1099853515625,385.8699951171875,379.6000061035156,383.25,367.31536865234375,70426200
2022-07-07,385.1199951171875,389.8299865722656,383.2699890136719,388.989990234375,372.8167419433594,64525900
2022-07-08,387.2699890136719,390.6400146484375,385.6600036621094,388.6700134277344,372.5100708007813,72397800
2022-07-11,385.8500061035156,386.8699951171875,383.5,384.2300109863281,368.2547302246094,58366900
2022-07-12,383.6499938964844,386.1600036621094,378.989990234375,380.8299865722656,364.99609375,62219200
2022-07-13,375.1000061035156,381.9200134277344,374.6600036621094,378.8299865722656,363.07916259765625,84224600
2022-07-14,373.6099853515625,379.0499877929688,371.0400085449219,377.9100036621094,362.1974182128906,89704800
2022-07-15,382.5499877929688,385.25,380.5400085449219,385.1300048828125,369.1172790527344,79060400
2022-07-18,388.3800048828125,389.0899963378906,380.6600036621094,381.9500122070313,366.0694885253906,63203600
2022-07-19,386.0799865722656,392.8699951171875,385.3900146484375,392.2699890136719,375.96038818359375,78506000
2022-07-20,392.4700012207031,396.260009765625,391.0299987792969,394.7699890136719,378.3564147949219,71843800
2022-07-21,394.1600036621094,398.8399963378906,391.6300048828125,398.7900085449219,382.2093505859375,64903900
2022-07-22,398.9200134277344,400.1799926757813,392.75,395.0899963378906,378.66314697265625,72197300
2022-07-25,395.75,396.4700012207031,393.2099914550781,395.5700073242188,379.1231689453125,53631500
2022-07-26,393.8399963378906,394.05999755859375,389.9500122070313,390.8900146484375,374.6377868652344,52946400
2022-07-27,394.3599853515625,402.8800048828125,394.0499877929688,401.0400085449219,384.3658142089844,82342100
2022-07-28,401.8900146484375,406.7999877929688,398.1499938964844,406.0700073242188,389.1866149902344,73966600
2022-07-29,407.5799865722656,413.0299987792969,406.7699890136719,411.989990234375,394.8605041503906,87003700
2022-08-01,409.1499938964844,413.4100036621094,408.3999938964844,410.7699890136719,393.6912231445313,69997500
2022-08-02,409.1199951171875,413.0,406.8200073242188,408.05999755859375,391.0939025878906,63435400
2022-08-03,410.2999877929688,415.6799926757813,410.0,414.4500122070313,397.21820068359375,67820600
2022-08-04,414.3699951171875,415.0899963378906,412.4400024414063,414.1700134277344,396.9498596191406,45656600
2022-08-05,409.6600036621094,414.1499938964844,409.6000061035156,413.4700012207031,396.2789611816406,56814900
2022-08-08,415.25,417.6199951171875,411.8299865722656,412.989990234375,395.8188781738281,53886100
2022-08-09,412.2200012207031,412.75,410.2200012207031,411.3500061035156,394.2471618652344,44931800
2022-08-10,418.7799987792969,420.1400146484375,416.7200012207031,419.989990234375,402.5278625488281,68665700
2022-08-11,422.989990234375,424.9500122070313,419.2099914550781,419.989990234375,402.5278625488281,59489700
2022-08-12,422.0299987792969,427.2099914550781,421.0299987792969,427.1000061035156,409.34228515625,61694500
2022-08-15,424.7699890136719,429.4100036621094,424.7099914550781,428.8599853515625,411.0291442871094,54048300
2022-08-16,427.7300109863281,431.7300109863281,426.8800048828125,429.7000122070313,411.8341369628906,59289000
2022-08-17,425.9100036621094,429.5,424.5400085449219,426.6499938964844,408.9109191894531,63563400
2022-08-18,426.8599853515625,428.6099853515625,425.5,427.8900146484375,410.0993957519531,49023200
2022-08-19,424.9800109863281,425.260009765625,421.2200012207031,422.1400146484375,404.5884704589844,68016900
2022-08-22,417.0499877929688,417.2300109863281,412.3999938964844,413.3500061035156,396.1639709472656,77695600
2022-08-23,412.8999938964844,415.4200134277344,411.7699890136719,412.3500061035156,395.2055358886719,49105200
2022-08-24,412.1099853515625,415.1099853515625,411.3900146484375,413.6700134277344,396.47064208984375,49177800
2022-08-25,415.239990234375,419.55999755859375,414.0899963378906,419.510009765625,402.06781005859375,50942300
2022-08-26,419.3900146484375,419.9599914550781,405.25,405.30999755859375,388.458251953125,103087000
2022-08-29,402.2000122070313,405.8399963378906,401.2000122070313,402.6300048828125,385.8896484375,65370800
2022-08-30,403.8500061035156,404.1000061035156,396.0,398.2099914550781,381.6534118652344,85652400
2022-08-31,399.9299926757813,401.239990234375,395.0400085449219,395.1799926757813,378.74945068359375,76029700
2022-09-01,392.8900146484375,396.7799987792969,390.0400085449219,396.4200134277344,379.9378051757813,78740100
2022-09-02,400.2799987792969,401.55999755859375,390.3299865722656,392.239990234375,375.9316101074219,99632100
2022-09-06,393.1300048828125,394.1199951171875,388.4200134277344,390.760009765625,374.51318359375,76637400
2022-09-07,390.4299926757813,398.5899963378906,390.2000122070313,397.7799987792969,381.24127197265625,70964200
2022-09-08,395.3900146484375,400.8599853515625,394.1199951171875,400.3800048828125,383.7332458496094,80821700
2022-09-09,402.739990234375,407.510009765625,402.4599914550781,406.6000061035156,389.6946411132813,76706900
2022-09-12,408.7799987792969,411.7300109863281,408.4599914550781,410.9700012207031,393.8829650878906,69256300
2022-09-13,401.8299865722656,403.1000061035156,391.9200134277344,393.1000061035156,376.755859375,122947100
2022-09-14,394.4700012207031,396.2000122070313,391.1199951171875,394.6000061035156,378.1935424804688,85023700
2022-09-15,392.9599914550781,395.9599914550781,388.7799987792969,390.1199951171875,373.8997497558594,87633800
2022-09-16,384.1400146484375,386.25,382.1099853515625,385.55999755859375,371.0473327636719,103084800
2022-09-19,382.260009765625,388.5499877929688,382.1799926757813,388.5499877929688,373.9248046875,73278500
2022-09-20,385.05999755859375,386.1199951171875,381.2000122070313,384.0899963378906,369.6326904296875,77274900
2022-09-21,386.1099853515625,389.30999755859375,377.3800048828125,377.3900146484375,363.1848754882813,106746600
2022-09-22,376.5799865722656,378.2999877929688,373.4400024414063,374.2200012207031,360.1341857910156,89472600
2022-09-23,370.5799865722656,370.6199951171875,363.2900085449219,367.9500122070313,354.1002197265625,122346900
2022-09-26,366.4100036621094,370.2099914550781,363.0299987792969,364.30999755859375,350.59716796875,92581200
2022-09-27,368.0199890136719,370.3999938964844,360.8699951171875,363.3800048828125,349.70220947265625,108294100
2022-09-28,364.3800048828125,372.2999877929688,362.6000061035156,370.5299987792969,356.58306884765625,110802200
2022-09-29,366.80999755859375,367.1099853515625,359.70001220703125,362.7900085449219,349.1344299316406,112952300
2022-09-30,361.7999877929688,365.9100036621094,357.0400085449219,357.17999267578125,343.735595703125,153711200
2022-10-03,361.0799865722656,368.5499877929688,359.2099914550781,366.6099853515625,352.8105773925781,89756500
2022-10-04,372.3999938964844,378.0,366.5700073242188,377.9700012207031,363.7430114746094,103602800
2022-10-05,373.3900146484375,379.4599914550781,370.9500122070313,377.0899963378906,362.8961486816406,88065700
2022-10-06,375.6199951171875,378.7200012207031,372.6799926757813,373.2000122070313,359.15252685546875,82333500
2022-10-07,368.9700012207031,373.2900085449219,360.9400024414063,362.7900085449219,349.1344299316406,107789500
2022-10-10,363.9599914550781,364.2099914550781,357.6700134277344,360.0199890136719,346.46875,76042800
2022-10-11,358.239990234375,363.0299987792969,355.7099914550781,357.739990234375,344.2745056152344,92482800
2022-10-12,358.1700134277344,359.82000732421875,356.29998779296875,356.5599975585937,343.1388854980469,76991800
2022-10-13,349.2099914550781,367.510009765625,348.1099853515625,365.9700012207031,352.1947631835937,147254500
2022-10-14,368.5499877929688,370.260009765625,356.9599914550781,357.6300048828125,344.1686706542969,123737000
2022-10-17,364.010009765625,367.9800109863281,357.2799987792969,366.8200073242188,353.01275634765625,93168200
2022-10-18,375.1300048828125,375.4500122070313,367.5199890136719,371.1300048828125,357.16046142578125,97162900
2022-10-19,368.989990234375,371.8500061035156,365.5499877929688,368.5,354.6295166015625,79746900
2022-10-20,368.0299987792969,372.6700134277344,364.6099853515625,365.4100036621094,351.6557922363281,88283100
2022-10-21,365.1199951171875,374.7999877929688,363.5400085449219,374.2900085449219,360.2015686035156,131038400
2022-10-24,375.8900146484375,380.05999755859375,373.1099853515625,378.8699951171875,364.6091613769531,85436900
2022-10-25,378.7900085449219,385.25,378.6700134277344,384.9200134277344,370.4314575195313,78846300
2022-10-26,381.6199951171875,387.5799865722656,381.3500061035156,382.0199890136719,367.640625,104087300
2022-10-27,383.0700073242188,385.0,379.3299865722656,379.9800109863281,365.6774291992188,81971800
2022-10-28,379.8699951171875,389.5199890136719,379.6799926757813,389.0199890136719,374.3771362304688,100302000
2022-10-31,386.4400024414063,388.3999938964844,385.260009765625,386.2099914550781,371.6728515625,96631300
2022-11-01,390.1400146484375,390.3900146484375,383.2900085449219,384.5199890136719,370.0465087890625,85407600
2022-11-02,383.8999938964844,388.6300048828125,374.760009765625,374.8699951171875,360.7596740722656,126990400
2022-11-03,371.4700012207031,374.2000122070313,368.7900085449219,371.010009765625,357.0450134277344,87100100
2022-11-04,377.0,378.8699951171875,370.0,376.3500061035156,362.18402099609375,103505200
2022-11-07,377.7099914550781,380.5700073242188,375.5299987792969,379.9500122070313,365.64849853515625,68286900
2022-11-08,381.1099853515625,385.1199951171875,377.7200012207031,382.0,367.621337890625,84641100
2022-11-09,379.9299926757813,381.1400146484375,373.6099853515625,374.1300048828125,360.0476379394531,78495500
2022-11-10,388.0499877929688,395.0400085449219,385.6400146484375,394.6900024414063,379.8337097167969,141455800
2022-11-11,395.5899963378906,399.3500061035156,393.6099853515625,398.510009765625,383.5099182128906,93839900
2022-11-14,396.6600036621094,400.1799926757813,394.8299865722656,395.1199951171875,380.2475280761719,71903500
2022-11-15,401.1499938964844,402.30999755859375,394.489990234375,398.489990234375,383.49066162109375,93194500
2022-11-16,396.7799987792969,397.7799987792969,394.7900085449219,395.4500122070313,380.5651245117188,68508500
2022-11-17,390.4599914550781,394.9500122070313,390.1400146484375,394.239990234375,379.4006042480469,74496300
2022-11-18,397.739990234375,397.80999755859375,393.0400085449219,396.0299987792969,381.123291015625,92922500
2022-11-21,394.6400146484375,395.8200073242188,392.6600036621094,394.5899963378906,379.7374267578125,51243200
2022-11-22,396.6300048828125,400.0700073242188,395.1499938964844,399.8999938964844,384.84759521484375,60429000
2022-11-23,399.5499877929688,402.9299926757813,399.30999755859375,402.4200134277344,387.272705078125,68261600
2022-11-25,401.8299865722656,402.9100036621094,401.5400085449219,402.3299865722656,387.1860961914063,30545400
2022-11-28,399.0899963378906,400.80999755859375,395.1099853515625,395.9100036621094,381.0077819824219,67881600
2022-11-29,396.0499877929688,397.2999877929688,393.2999877929688,395.2300109863281,380.3533630371094,52310000
2022-11-30,395.489990234375,407.6799926757813,393.4800109863281,407.6799926757813,392.334716796875,144566700
2022-12-01,408.7699890136719,410.0,404.75,407.3800048828125,392.0460510253906,76398200
2022-12-02,402.25,407.8599853515625,402.1400146484375,406.9100036621094,391.59375,85342700
2022-12-05,403.9500122070313,404.9299926757813,398.1700134277344,399.5899963378906,384.5492858886719,77289800
2022-12-06,399.4200134277344,399.989990234375,391.6400146484375,393.8299865722656,379.0060729980469,77972200
2022-12-07,392.9400024414063,395.6400146484375,391.9700012207031,393.1600036621094,378.3612976074219,65927900
2022-12-08,395.1400146484375,397.3599853515625,393.2699890136719,396.239990234375,381.3253479003906,60737900
2022-12-09,394.9400024414063,397.6199951171875,393.1499938964844,393.2799987792969,378.4767456054688,81447700
2022-12-12,394.1099853515625,398.9500122070313,393.4100036621094,398.9500122070313,383.933349609375,75405800
2022-12-13,410.2200012207031,410.489990234375,399.0700073242188,401.9700012207031,386.8396911621094,123782500
2022-12-14,401.6099853515625,405.5,396.30999755859375,399.3999938964844,384.3663940429688,108111300
2022-12-15,394.2999877929688,395.25,387.8900146484375,389.6300048828125,374.9641723632813,117705900
2022-12-16,385.1799926757813,386.5799865722656,381.0400085449219,383.2699890136719,370.5372619628906,119858000
2022-12-19,383.4700012207031,383.8200073242188,378.2799987792969,380.0199890136719,367.395263671875,79878100
2022-12-20,379.2300109863281,382.2300109863281,377.8500061035156,380.5400085449219,367.8979797363281,74427200
2022-12-21,383.25,387.4100036621094,382.6900024414063,386.2300109863281,373.3989562988281,78167400
2022-12-22,383.0499877929688,386.2099914550781,374.7699890136719,380.7200012207031,368.0719604492188,100120900
2022-12-23,379.6499938964844,383.05999755859375,378.0299987792969,382.9100036621094,370.1892395019531,59857300
2022-12-27,382.7900085449219,383.1499938964844,379.6499938964844,381.3999938964844,368.72943115234375,51638200
2022-12-28,381.3299865722656,383.3900146484375,376.4200134277344,376.6600036621094,364.1468811035156,70911500
2022-12-29,379.6300048828125,384.3500061035156,379.0799865722656,383.4400024414063,370.70166015625,66970900
2022-12-30,380.6400146484375,382.5799865722656,378.4299926757813,382.4299926757813,369.7251892089844,84022200
2023-01-03,384.3699951171875,386.4299926757813,377.8299865722656,380.8200073242188,368.168701171875,74850700
2023-01-04,383.1799926757813,385.8800048828125,380.0,383.760009765625,371.0110778808594,85934100
2023-01-05,381.7200012207031,381.8399963378906,378.760009765625,379.3800048828125,366.7765197753906,76970500
2023-01-06,382.6099853515625,389.25,379.4100036621094,388.0799865722656,375.18743896484375,104189600
2023-01-09,390.3699951171875,393.7000122070313,387.6700134277344,387.8599853515625,374.9747924804688,73978100
2023-01-10,387.25,390.6499938964844,386.2699890136719,390.5799865722656,377.6044616699219,65358100
2023-01-11,392.2300109863281,395.6000061035156,391.3800048828125,395.5199890136719,382.38031005859375,68881100
2023-01-12,396.6700134277344,398.489990234375,392.4200134277344,396.9599914550781,383.7724609375,90157700
2023-01-13,393.6199951171875,399.1000061035156,393.3399963378906,398.5,385.2613830566406,63903900
2023-01-17,398.4800109863281,400.2300109863281,397.05999755859375,397.7699890136719,384.5555725097656,62677300
2023-01-18,399.010009765625,400.1199951171875,391.2799987792969,391.489990234375,378.4841613769531,99632300
2023-01-19,389.3599853515625,391.0799865722656,387.260009765625,388.6400146484375,375.7289123535156,86958900
2023-01-20,390.1000061035156,396.0400085449219,388.3800048828125,395.8800048828125,382.7283935546875,91806400
2023-01-23,396.7200012207031,402.6499938964844,395.7200012207031,400.6300048828125,387.320556640625,84178800
2023-01-24,398.8800048828125,401.1499938964844,397.6400146484375,400.2000122070313,386.9048767089844,59524900
2023-01-25,395.9500122070313,400.7000122070313,393.55999755859375,400.3500061035156,387.0498352050781,84800300
2023-01-26,403.1300048828125,404.9200134277344,400.0299987792969,404.75,391.3037109375,72287400
2023-01-27,403.6600036621094,408.1600036621094,403.4400024414063,405.6799926757813,392.2027893066406,68346200
2023-01-30,402.7999877929688,405.1300048828125,400.2799987792969,400.5899963378906,387.2818908691406,74202000
2023-01-31,401.1300048828125,406.5299987792969,400.7699890136719,406.4800109863281,392.9762573242188,86811800
2023-02-01,405.2099914550781,413.6700134277344,402.3500061035156,410.7999877929688,397.1526794433594,101459200
2023-02-02,414.8599853515625,418.30999755859375,412.8800048828125,416.7799987792969,402.93402099609375,101654500
2023-02-03,411.5899963378906,416.9700012207031,411.0899963378906,412.3500061035156,398.6512451171875,94736800
2023-02-06,409.7900085449219,411.2900085449219,408.1000061035156,409.8299865722656,396.21490478515625,60295300
2023-02-07,408.8699951171875,416.489990234375,407.5700073242188,415.1900024414063,401.3968200683594,90990700
2023-02-08,413.1300048828125,414.5299987792969,409.9299926757813,410.6499938964844,397.0077209472656,76227500
2023-02-09,414.4100036621094,414.5700073242188,405.80999755859375,407.0899963378906,393.5658874511719,78694900
2023-02-10,405.8599853515625,408.4400024414063,405.010009765625,408.0400085449219,394.4844055175781,70769700
2023-02-13,408.7200012207031,412.9700012207031,408.239990234375,412.8299865722656,399.115234375,64913500
2023-02-14,411.239990234375,415.0499877929688,408.510009765625,412.6400146484375,398.9316101074219,88389300
2023-02-15,410.3500061035156,414.05999755859375,409.4700012207031,413.9800109863281,400.22705078125,61555700
2023-02-16,408.7900085449219,412.9100036621094,408.1400146484375,408.2799987792969,394.7164001464844,76431500
2023-02-17,406.05999755859375,407.510009765625,404.0499877929688,407.260009765625,393.7303161621094,89257800
2023-02-21,403.05999755859375,404.1600036621094,398.8200073242188,399.0899963378906,385.8317260742188,82655900
2023-02-22,399.5199890136719,401.1300048828125,397.0199890136719,398.5400085449219,385.2999877929688,83742300
2023-02-23,401.55999755859375,402.2000122070313,396.25,400.6600036621094,387.3495788574219,96242400
2023-02-24,395.4200134277344,397.25,393.6400146484375,396.3800048828125,383.2117309570313,108194400
2023-02-27,399.8699951171875,401.2900085449219,396.75,397.7300109863281,384.5168762207031,80444700
2023-02-28,397.2300109863281,399.2799987792969,396.1499938964844,396.260009765625,383.09576416015625,96438600
2023-03-01,395.4100036621094,396.6900024414063,393.3800048828125,394.739990234375,381.6261901855469,99706800
2023-03-02,392.6799926757813,398.6900024414063,392.3299865722656,397.80999755859375,384.59423828125,85127800
2023-03-03,399.7099914550781,404.4500122070313,399.0299987792969,404.1900024414063,390.7622985839844,90120000
2023-03-06,405.0499877929688,407.4500122070313,404.010009765625,404.4700012207031,391.032958984375,72795900
2023-03-07,404.4200134277344,404.6700134277344,397.6300048828125,398.2699890136719,385.0389709472656,108310600
2023-03-08,398.3900146484375,399.7099914550781,396.5899963378906,398.9200134277344,385.6673583984375,74746600
2023-03-09,399.739990234375,401.4800109863281,390.5299987792969,391.55999755859375,378.5518798828125,111945300
2023-03-10,390.989990234375,393.1600036621094,384.3200073242188,385.9100036621094,373.0896301269531,189253000
2023-03-13,381.80999755859375,390.3900146484375,380.6499938964844,385.3599853515625,372.5578002929688,157790000
2023-03-14,390.5,393.4500122070313,387.0499877929688,391.7300109863281,378.7162170410156,149752400
2023-03-15,385.8900146484375,389.489990234375,383.7099914550781,389.2799987792969,376.3475646972656,172996900
2023-03-16,386.8200073242188,396.4700012207031,386.2900085449219,396.1099853515625,382.9507141113281,143254200
2023-03-17,393.2200012207031,394.3999938964844,388.5499877929688,389.989990234375,378.4729919433594,140553400
2023-03-20,390.7999877929688,394.1700134277344,390.0700073242188,393.739990234375,382.11224365234375,93055800
2023-03-21,397.239990234375,399.4100036621094,395.5799865722656,398.9100036621094,387.1295776367188,91524200
2023-03-22,398.7300109863281,402.489990234375,392.0700073242188,392.1099853515625,380.53033447265625,111746600
2023-03-23,395.0899963378906,399.2900085449219,390.3500061035156,393.1700134277344,381.55902099609375,119351300
2023-03-24,391.8399963378906,395.8399963378906,389.3999938964844,395.75,384.0628967285156,107682400
2023-03-27,398.1199951171875,398.9200134277344,395.55999755859375,396.489990234375,384.781005859375,74010400
2023-03-28,395.7699890136719,396.489990234375,393.6900024414063,395.6000061035156,383.9172973632813,62871700
2023-03-29,399.9299926757813,401.6000061035156,398.6799926757813,401.3500061035156,389.49749755859375,77497900
2023-03-30,404.0899963378906,404.3500061035156,401.760009765625,403.7000122070313,391.7781066894531,69840000
2023-03-31,404.6600036621094,409.7000122070313,404.5499877929688,409.3900146484375,397.300048828125,112062600
2023-04-03,408.8500061035156,411.3699951171875,408.4400024414063,410.9500122070313,398.8139953613281,67391100
2023-04-04,411.6199951171875,411.9200134277344,407.239990234375,408.6700134277344,396.6013488769531,66601500
2023-04-05,407.9100036621094,408.7000122070313,405.8800048828125,407.6000061035156,395.5629577636719,65200200
2023-04-06,406.7699890136719,409.4800109863281,405.6799926757813,409.1900024414063,397.1060180664063,63743300
2023-04-10,406.6099853515625,409.6900024414063,405.9700012207031,409.6099853515625,397.5135498046875,63681000
2023-04-11,410.260009765625,411.1799926757813,408.9200134277344,409.7200012207031,397.6203002929688,59297900
2023-04-12,411.8699951171875,412.1700134277344,407.4400024414063,408.0499877929688,395.9996643066406,86420400
2023-04-13,409.1799926757813,413.8399963378906,407.989990234375,413.4700012207031,401.2596130371094,85814800
2023-04-14,412.80999755859375,415.0899963378906,410.05999755859375,412.4599914550781,400.2794189453125,78161500
2023-04-17,412.3699951171875,413.9599914550781,411.0899963378906,413.9400024414063,401.7157287597656,66436400
2023-04-18,415.5799865722656,415.7200012207031,412.7799987792969,414.2099914550781,401.9777221679688,63560000
2023-04-19,412.2200012207031,415.0799865722656,412.1600036621094,414.1400146484375,401.9097900390625,55227300
2023-04-20,411.2099914550781,413.7000122070313,410.2699890136719,411.8800048828125,399.7165222167969,75840400
2023-04-21,412.1900024414063,412.6799926757813,410.1700134277344,412.2000122070313,400.027099609375,73457400
2023-04-24,411.989990234375,413.0700073242188,410.6000061035156,412.6300048828125,400.4444580078125,64332100
2023-04-25,410.5799865722656,411.1600036621094,406.0199890136719,406.0799865722656,394.0877990722656,97766700
2023-04-26,406.7200012207031,407.8399963378906,403.7799987792969,404.3599853515625,392.4186096191406,80447000
2023-04-27,407.0,412.6900024414063,406.739990234375,412.4100036621094,400.23089599609375,92968400
2023-04-28,411.489990234375,415.9400024414063,411.4299926757813,415.9299926757813,403.64691162109375,89433100
2023-05-01,415.4700012207031,417.6199951171875,415.2699890136719,415.510009765625,403.2393493652344,62122300
2023-05-02,414.7699890136719,414.8200073242188,407.8200073242188,410.8399963378906,398.7072448730469,103998500
2023-05-03,411.3599853515625,413.8699951171875,407.7699890136719,408.0199890136719,395.9705200195313,91531800
2023-05-04,406.9299926757813,407.2699890136719,403.739990234375,405.1300048828125,393.1658325195313,94901900
2023-05-05,408.9100036621094,413.7200012207031,408.6400146484375,412.6300048828125,400.4444580078125,87891800
2023-05-08,412.9700012207031,413.239990234375,411.2799987792969,412.739990234375,400.5511169433594,50046800
2023-05-09,411.1300048828125,412.0899963378906,410.6900024414063,410.9299926757813,398.7946472167969,49220100
2023-05-10,413.8800048828125,414.5400085449219,408.8699951171875,412.8500061035156,400.6578674316406,96142900
2023-05-11,411.9500122070313,412.4299926757813,409.9700012207031,412.1300048828125,399.9591369628906,70157100
2023-05-12,413.4200134277344,413.6400146484375,409.0700073242188,411.5899963378906,399.4351196289063,70481500
2023-05-15,412.2200012207031,413.4299926757813,410.2300109863281,413.010009765625,400.8131408691406,54289400
2023-05-16,411.8599853515625,412.8200073242188,410.239990234375,410.25,398.1346435546875,57705500
2023-05-17,412.3500061035156,415.8599853515625,410.6400146484375,415.2300109863281,402.9675903320313,87287000
2023-05-18,414.8999938964844,419.6700134277344,414.6700134277344,419.2300109863281,406.8494873046875,97177200
2023-05-19,420.1700134277344,420.7200012207031,417.3500061035156,418.6199951171875,406.2574462890625,103793300
2023-05-22,418.6400146484375,420.3900146484375,417.3500061035156,418.7900085449219,406.4225463867188,60745400
2023-05-23,417.0799865722656,418.7200012207031,413.6799926757813,414.0899963378906,401.86126708984375,86383500
2023-05-24,412.4200134277344,412.8200073242188,409.8800048828125,411.0899963378906,398.9498596191406,89213700
2023-05-25,414.739990234375,416.1600036621094,412.4100036621094,414.6499938964844,402.40472412109375,90961600
2023-05-26,415.3299865722656,420.7699890136719,415.25,420.0199890136719,407.6161193847656,93830000
2023-05-30,422.0299987792969,422.5799865722656,418.739990234375,420.1799926757813,407.7713928222656,72216000
2023-05-31,418.2799987792969,419.2200012207031,416.2200012207031,417.8500061035156,405.51025390625,110811800
2023-06-01,418.0899963378906,422.9200134277344,416.7900085449219,421.8200073242188,409.3630065917969,88865000
2023-06-02,424.5,428.739990234375,423.9500122070313,427.9200134277344,415.2828674316406,91426200
2023-06-05,428.2799987792969,429.6199951171875,426.3699951171875,427.1000061035156,414.487060546875,65460200
2023-06-06,426.6700134277344,428.5799865722656,425.989990234375,428.0299987792969,415.3896179199219,64022200
2023-06-07,428.4400024414063,429.6199951171875,426.1099853515625,426.5499877929688,413.9532470703125,85373300
2023-06-08,426.6199951171875,429.6000061035156,425.8200073242188,429.1300048828125,416.45709228515625,61952800
2023-06-09,429.9599914550781,431.989990234375,428.8699951171875,429.8999938964844,417.204345703125,85742800
2023-06-12,430.9200134277344,433.8800048828125,430.1700134277344,433.7999877929688,420.9891662597656,76104300
2023-06-13,435.3200073242188,437.3299865722656,434.6300048828125,436.6600036621094,423.7647399902344,95899700
2023-06-14,437.010009765625,439.05999755859375,433.5899963378906,437.1799926757813,424.2693481445313,100612100
2023-06-15,436.3299865722656,443.8999938964844,436.2300109863281,442.6000061035156,429.5293273925781,110303100
2023-06-16,443.0199890136719,443.6099853515625,438.9700012207031,439.4599914550781,428.0662536621094,114165800
2023-06-20,437.4500122070313,438.3699951171875,435.0299987792969,437.1799926757813,425.8453979492188,76160400
2023-06-21,436.1600036621094,436.989990234375,434.3299865722656,434.9400024414063,423.6634216308594,76982300
2023-06-22,433.9500122070313,436.6199951171875,433.6000061035156,436.510009765625,425.19281005859375,70637200
2023-06-23,432.9299926757813,435.05999755859375,432.4700012207031,433.2099914550781,421.9783020019531,92074500
2023-06-26,432.6199951171875,434.6099853515625,431.1900024414063,431.4400024414063,420.2542114257813,72823600
2023-06-27,432.3500061035156,436.80999755859375,431.8800048828125,436.1700134277344,424.861572265625,72813700
2023-06-28,435.0499877929688,437.4400024414063,434.4100036621094,436.3900146484375,425.0758666992188,75636000
2023-06-29,435.9599914550781,438.2799987792969,435.5400085449219,438.1099853515625,426.7512512207031,67882300
2023-06-30,441.4400024414063,444.2999877929688,441.1099853515625,443.2799987792969,431.7872314453125,104964000
2023-07-03,442.9200134277344,444.0799865722656,442.6300048828125,443.7900085449219,432.2839965820313,32793400
2023-07-05,441.9100036621094,443.8900146484375,441.8999938964844,443.1300048828125,431.64111328125,58418400
2023-07-06,439.4200134277344,440.1000061035156,437.05999755859375,439.6600036621094,428.2610473632813,80658300
2023-07-07,438.6300048828125,442.6400146484375,438.2999877929688,438.5499877929688,427.1798095703125,86134200
2023-07-10,438.1799926757813,439.8399963378906,437.5899963378906,439.6600036621094,428.2610473632813,62443500
2023-07-11,440.4500122070313,442.9700012207031,439.4400024414063,442.4599914550781,430.9884338378906,64463800
2023-07-12,446.3900146484375,447.4800109863281,444.9100036621094,446.0199890136719,434.4561767578125,91924500
2023-07-13,447.8999938964844,450.3800048828125,447.4500122070313,449.55999755859375,437.9043884277344,72425200
2023-07-14,450.4800109863281,451.3599853515625,448.489990234375,449.2799987792969,437.6316528320313,69815800
2023-07-17,449.1300048828125,451.9299926757813,449.0799865722656,450.8399963378906,439.1512145996094,52680200
2023-07-18,450.5,454.8599853515625,450.0499877929688,454.1900024414063,442.4143676757813,80668200
2023-07-19,455.010009765625,456.4299926757813,454.1099853515625,455.2000122070313,443.398193359375,65891700
2023-07-20,454.1700134277344,455.1000061035156,451.4400024414063,452.1799926757813,440.4564208984375,70591600
2023-07-21,453.9599914550781,454.1700134277344,452.1700134277344,452.1799926757813,440.4564208984375,71275600
2023-07-24,453.3699951171875,455.0400085449219,452.2999877929688,454.2000122070313,442.4241333007813,54023400
2023-07-25,453.9200134277344,456.739990234375,453.8699951171875,455.4400024414063,443.6319580078125,55191200
2023-07-26,454.4700012207031,456.989990234375,453.3800048828125,455.510009765625,443.7001647949219,71052900
2023-07-27,459.0199890136719,459.4400024414063,451.5499877929688,452.489990234375,440.7583923339844,92194400
2023-07-28,455.8800048828125,457.7799987792969,452.489990234375,456.9200134277344,445.0736083984375,80011800
2023-07-31,457.4100036621094,458.1600036621094,456.0499877929688,457.7900085449219,445.9210510253906,62040400
2023-08-01,456.2699890136719,457.25,455.489990234375,456.4800109863281,444.64501953125,55291500
2023-08-02,453.25,453.5199890136719,449.3500061035156,450.1300048828125,438.4596557617188,93933400
2023-08-03,448.0400085449219,450.7900085449219,447.3699951171875,448.8399963378906,437.20306396484375,64276100
2023-08-04,450.7200012207031,452.8999938964844,446.2699890136719,446.80999755859375,435.2257385253906,100128900
2023-08-07,448.7099914550781,450.8699951171875,447.989990234375,450.7099914550781,439.0245971679688,58357500
2023-08-08,448.0799865722656,450.7000122070313,445.2699890136719,448.75,437.1153869628906,71361300
2023-08-09,449.0299987792969,449.2000122070313,444.9599914550781,445.75,434.1932067871094,78789600
2023-08-10,448.1900024414063,451.7000122070313,444.7000122070313,445.9100036621094,434.34906005859375,93005500
2023-08-11,443.9700012207031,446.7000122070313,443.3500061035156,445.6499938964844,434.09576416015625,68690900
2023-08-14,444.7000122070313,448.1099853515625,444.3800048828125,448.1099853515625,436.4920043945313,47867400
2023-08-15,446.2699890136719,446.6400146484375,442.2999877929688,442.8900146484375,431.4073486328125,75707500
2023-08-16,442.4599914550781,444.1799926757813,439.5299987792969,439.6400146484375,428.2415771484375,80107200
2023-08-17,441.1600036621094,441.4299926757813,435.75,436.2900085449219,424.9784851074219,95711300
2023-08-18,433.3699951171875,437.5700073242188,433.010009765625,436.5,425.18304443359375,98852000
2023-08-21,437.5499877929688,440.1099853515625,435.3200073242188,439.3399963378906,427.9494323730469,68719000
2023-08-22,441.1799926757813,441.1799926757813,437.5700073242188,438.1499938964844,426.7902221679688,64994200
2023-08-23,439.25,443.6700134277344,439.1000061035156,443.0299987792969,431.5436706542969,68441000
2023-08-24,444.6900024414063,445.2200012207031,436.8599853515625,436.8900146484375,425.56292724609375,88517300
2023-08-25,438.6799926757813,441.2999877929688,435.0,439.9700012207031,428.5630493164063,102325100
2023-08-28,442.239990234375,443.3999938964844,439.9700012207031,442.760009765625,431.2807312011719,61595400
2023-08-29,442.6499938964844,449.4500122070313,442.4599914550781,449.1600036621094,437.5147705078125,83081900
2023-08-30,449.510009765625,451.6700134277344,448.7799987792969,451.010009765625,439.31683349609375,69053900
2023-08-31,451.6499938964844,452.8299865722656,450.1600036621094,450.3500061035156,438.6739196777344,66084600
2023-09-01,453.1700134277344,453.6700134277344,449.6799926757813,451.1900024414063,439.4921875,58944100
2023-09-05,450.7300109863281,451.05999755859375,449.1700134277344,449.239990234375,437.5926818847656,55166200
2023-09-06,448.3999938964844,448.510009765625,443.80999755859375,446.2200012207031,434.6510009765625,70758500
2023-09-07,443.1099853515625,445.5499877929688,442.75,444.8500061035156,433.3165283203125,70355400
2023-09-08,444.8999938964844,447.1099853515625,444.5299987792969,445.5199890136719,433.9691467285156,61659700
2023-09-11,448.239990234375,448.7699890136719,446.4700012207031,448.4500122070313,436.8232116699219,60180100
2023-09-12,446.9500122070313,448.5299987792969,445.3900146484375,445.989990234375,434.4269714355469,67565400
2023-09-13,446.2200012207031,447.7099914550781,445.0799865722656,446.510009765625,434.93353271484375,60199300
2023-09-14,449.0700073242188,451.0799865722656,447.7200012207031,450.3599853515625,438.6836242675781,83430800
2023-09-15,447.1400146484375,447.4800109863281,442.9200134277344,443.3699951171875,433.3982543945313,111848900
