Date,Open,High,Low,Close,Adj Close,Volume
2015-05-28,26000.0,26090.0,25915.0,25915.0,21101.279296875,6850965
2015-05-29,25850.0,26150.0,25810.0,26050.0,21211.20703125,4186642
2015-06-01,25970.0,25970.0,25645.0,25815.0,21019.8515625,3364862
2015-06-02,25790.0,25885.0,25500.0,25570.0,20820.361328125,5480011
2015-06-03,25595.0,25660.0,25315.0,25335.0,20629.015625,4111724
2015-06-04,25405.0,25605.0,25325.0,25430.0,20706.37109375,6092206
2015-06-05,25335.0,25510.0,25295.0,25400.0,20681.943359375,2130295
2015-06-08,25370.0,25395.0,25240.0,25350.0,20641.23046875,4718724
2015-06-09,25350.0,25445.0,25190.0,25310.0,20608.66015625,3595984
2015-06-10,25380.0,25440.0,25115.0,25160.0,20486.521484375,4823410
2015-06-11,25230.0,25280.0,25110.0,25255.0,20563.87109375,7347547
2015-06-12,25300.0,25410.0,24985.0,25040.0,20388.8125,4418643
2015-06-15,24900.0,25050.0,24825.0,24955.0,20319.599609375,5024665
2015-06-16,24935.0,24985.0,24550.0,24750.0,20152.677734375,6558654
2015-06-17,24765.0,24795.0,24630.0,24770.0,20168.966796875,5468238
2015-06-18,24875.0,25015.0,24760.0,24845.0,20230.0390625,7401990
2015-06-19,24980.0,25025.0,24870.0,24970.0,20331.81640625,2963769
2015-06-22,25050.0,25165.0,24965.0,25055.0,20401.02734375,4370440
2015-06-23,25190.0,25420.0,25130.0,25390.0,20673.80078125,4918357
2015-06-24,25425.0,25450.0,25340.0,25380.0,20665.650390625,2756947
2015-06-25,25300.0,25415.0,25255.0,25360.0,20649.37109375,3067299
2015-06-26,25275.0,25435.0,25180.0,25375.0,20661.583984375,3922947
2015-06-29,25145.0,25145.0,24920.0,25050.0,20396.95703125,4950659
2015-06-30,24980.0,25155.0,24960.0,25155.0,20482.44921875,3737577
2015-07-01,25130.0,25460.0,25070.0,25440.0,20714.515625,3259955
2015-07-02,25465.0,25545.0,25440.0,25470.0,20738.9375,1823786
2015-07-03,25455.0,25495.0,25295.0,25395.0,20677.873046875,2570091
2015-07-06,25085.0,25245.0,24750.0,24765.0,20164.89453125,2680197
2015-07-07,24890.0,24920.0,24670.0,24815.0,20205.6015625,4094982
2015-07-08,24810.0,24845.0,24475.0,24475.0,19928.76171875,5077370
2015-07-09,24355.0,24640.0,24180.0,24640.0,20063.111328125,7500968
2015-07-10,24715.0,24740.0,24555.0,24660.0,20079.396484375,2687809
2015-07-13,24660.0,25005.0,24600.0,24925.0,20295.173828125,3015363
2015-07-14,24970.0,24970.0,24735.0,24805.0,20197.458984375,2687928
2015-07-15,24895.0,25105.0,24780.0,24880.0,20258.537109375,3382566
2015-07-16,24840.0,25065.0,24840.0,25065.0,20409.1640625,2613053
2015-07-17,25175.0,25210.0,24850.0,24915.0,20287.029296875,3099818
2015-07-20,24910.0,25030.0,24800.0,24875.0,20254.458984375,2383071
2015-07-21,24880.0,25065.0,24795.0,24925.0,20295.173828125,2609932
2015-07-22,24790.0,24855.0,24625.0,24710.0,20120.10546875,3791661
2015-07-23,24745.0,24765.0,24590.0,24700.0,20111.96484375,3454406
2015-07-24,24575.0,24600.0,24375.0,24420.0,19883.98046875,3678959
2015-07-27,24310.0,24515.0,24275.0,24465.0,19920.615234375,5259322
2015-07-28,24395.0,24545.0,24295.0,24510.0,19957.263671875,3147981
2015-07-29,24600.0,24645.0,24510.0,24610.0,20038.6875,3317404
2015-07-30,24615.0,24655.0,24380.0,24380.0,19855.447265625,3744651
2015-07-31,24385.0,24425.0,24185.0,24305.0,19794.359375,5526586
2015-08-03,24345.0,24345.0,24115.0,24175.0,19688.486328125,5457611
2015-08-04,24165.0,24290.0,24160.0,24280.0,19774.0,3170887
2015-08-05,24265.0,24380.0,24205.0,24295.0,19786.21484375,3171593
2015-08-06,24340.0,24355.0,24025.0,24025.0,19566.326171875,3682357
2015-08-07,23940.0,24020.0,23870.0,23980.0,19529.677734375,3861419
2015-08-10,23920.0,23960.0,23820.0,23915.0,19476.73828125,5220900
2015-08-11,24050.0,24200.0,23810.0,23810.0,19391.22265625,5203868
2015-08-12,23745.0,23870.0,23510.0,23665.0,19273.130859375,7235371
2015-08-13,23635.0,23800.0,23585.0,23770.0,19358.6484375,4190962
2015-08-17,23835.0,23835.0,23565.0,23580.0,19203.912109375,3409036
2015-08-18,23630.0,23685.0,23530.0,23540.0,19171.33203125,5246350
2015-08-19,23510.0,23570.0,23280.0,23360.0,19024.73828125,8097972
2015-08-20,23330.0,23355.0,23120.0,23120.0,18829.275390625,6886636
2015-08-21,22655.0,22840.0,22600.0,22760.0,18536.087890625,13287510
2015-08-24,22540.0,22645.0,21715.0,22230.0,18104.451171875,14211470
2015-08-25,22260.0,22530.0,21825.0,22305.0,18165.52734375,16217400
2015-08-26,22180.0,22775.0,22065.0,22725.0,18507.5859375,11880310
2015-08-27,22865.0,22990.0,22745.0,22860.0,18617.529296875,8587565
2015-08-28,23055.0,23190.0,23030.0,23190.0,18886.28515625,8894637
2015-08-31,23105.0,23165.0,22985.0,23160.0,18861.853515625,4351996
2015-09-01,23120.0,23200.0,22920.0,22930.0,18674.541015625,5071310
2015-09-02,22690.0,23100.0,22685.0,22980.0,18715.26171875,3252097
2015-09-03,23080.0,23145.0,22970.0,23025.0,18751.908203125,4034941
2015-09-04,23045.0,23090.0,22760.0,22830.0,18593.09375,4092879
2015-09-07,22780.0,22950.0,22705.0,22775.0,18548.3046875,4899975
2015-09-08,22830.0,22865.0,22685.0,22820.0,18584.951171875,3696902
2015-09-09,23050.0,23505.0,23040.0,23505.0,19142.826171875,5723114
2015-09-10,23355.0,23615.0,23285.0,23465.0,19110.255859375,7935994
2015-09-11,23465.0,23600.0,23375.0,23405.0,19061.38671875,3957717
2015-09-14,23480.0,23490.0,23155.0,23275.0,18955.509765625,6469649
2015-09-15,23280.0,23395.0,23245.0,23330.0,19000.30859375,4964077
2015-09-16,23485.0,23995.0,23485.0,23840.0,19415.654296875,6664527
2015-09-17,24085.0,24105.0,23920.0,23940.0,19497.1015625,6323058
2015-09-18,23885.0,24180.0,23675.0,24115.0,19639.623046875,6081875
2015-09-21,23835.0,23900.0,23610.0,23690.0,19293.5,5245785
2015-09-22,23765.0,23875.0,23670.0,23820.0,19399.369140625,4088824
2015-09-23,23560.0,23740.0,23465.0,23505.0,19142.826171875,4726640
2015-09-24,23580.0,23615.0,23430.0,23510.0,19146.900390625,3446259
2015-09-30,23130.0,23675.0,23105.0,23640.0,19252.779296875,3990344
2015-10-01,23625.0,24035.0,23565.0,23900.0,19464.521484375,4211761
2015-10-02,23875.0,23925.0,23720.0,23745.0,19338.2890625,2750091
2015-10-05,23840.0,24075.0,23735.0,23770.0,19358.6484375,4309030
2015-10-06,24040.0,24115.0,23965.0,23995.0,19541.89453125,3382426
2015-10-07,24050.0,24370.0,24050.0,24360.0,19839.150390625,5138169
2015-10-08,24460.0,24550.0,24355.0,24535.0,19981.673828125,5799492
2015-10-12,24620.0,24805.0,24565.0,24680.0,20099.763671875,5162261
2015-10-13,24660.0,24755.0,24545.0,24620.0,20050.8984375,3603199
2015-10-14,24580.0,24595.0,24395.0,24530.0,19977.60546875,3080227
2015-10-15,24525.0,24910.0,24510.0,24805.0,20201.5625,4473904
2015-10-16,24860.0,24870.0,24710.0,24760.0,20164.919921875,3405473
2015-10-19,24825.0,24860.0,24660.0,24770.0,20173.0625,3324228
2015-10-20,24750.0,24875.0,24710.0,24825.0,20217.853515625,2615994
2015-10-21,24815.0,25105.0,24815.0,24925.0,20299.298828125,4712135
2015-10-22,24855.0,24930.0,24740.0,24790.0,20189.3515625,5655964
2015-10-23,25040.0,25170.0,24940.0,24980.0,20344.091796875,6844713
2015-10-26,25105.0,25105.0,24995.0,25040.0,20392.958984375,2718462
2015-10-27,25005.0,25065.0,24895.0,25030.0,20384.806640625,2884940
2015-10-28,25035.0,25035.0,24835.0,25015.0,20372.59765625,2854469
2015-10-29,25035.0,25305.0,24885.0,24960.0,20327.802734375,4387556
2015-10-30,24890.0,25095.0,24875.0,25075.0,20421.462890625,4341700
2015-11-02,24995.0,25070.0,24915.0,25015.0,20372.59765625,1721965
2015-11-03,25180.0,25330.0,25165.0,25250.0,20563.9765625,3338528
2015-11-04,25330.0,25370.0,25150.0,25245.0,20559.91015625,4971355
2015-11-05,25185.0,25230.0,25065.0,25210.0,20531.40234375,3459784
2015-11-06,25165.0,25230.0,24985.0,25045.0,20397.02734375,2332079
2015-11-09,24975.0,25025.0,24850.0,24950.0,20319.66015625,3106199
2015-11-10,24815.0,24815.0,24570.0,24585.0,20022.400390625,3110974
2015-11-11,24535.0,24635.0,24420.0,24550.0,19993.892578125,2643248
2015-11-12,24540.0,24600.0,24490.0,24590.0,20026.47265625,1975203
2015-11-13,24325.0,24405.0,24250.0,24250.0,19749.5703125,3181447
2015-11-16,23980.0,24135.0,23965.0,23980.0,19529.677734375,3008624
2015-11-17,24195.0,24260.0,24105.0,24185.0,19696.630859375,2539190
2015-11-18,24130.0,24235.0,24105.0,24120.0,19643.6875,1849020
2015-11-19,24340.0,24460.0,24240.0,24445.0,19908.375,2519470
2015-11-20,24485.0,24535.0,24445.0,24485.0,19940.953125,1414186
2015-11-23,24535.0,24690.0,24525.0,24645.0,20071.2578125,2138180
2015-11-24,24645.0,24765.0,24635.0,24755.0,20160.849609375,1692957
2015-11-25,24740.0,24755.0,24640.0,24735.0,20144.560546875,2452685
2015-11-26,24755.0,25035.0,24750.0,25025.0,20380.740234375,4151732
2015-11-27,25045.0,25075.0,24950.0,24965.0,20331.87109375,3748318
2015-11-30,24855.0,24860.0,24380.0,24490.0,19945.029296875,4817955
2015-12-01,24560.0,24890.0,24560.0,24850.0,20238.216796875,2730676
2015-12-02,24850.0,24865.0,24690.0,24690.0,20107.91015625,1992188
2015-12-03,24540.0,24540.0,24310.0,24470.0,19928.7421875,4347806
2015-12-04,24195.0,24340.0,24180.0,24210.0,19716.98828125,5487061
2015-12-07,24375.0,24395.0,24125.0,24125.0,19647.765625,2565839
2015-12-08,24100.0,24235.0,23965.0,24010.0,19554.103515625,4149116
2015-12-09,24030.0,24090.0,23965.0,24005.0,19550.037109375,2175239
2015-12-10,24000.0,24210.0,23920.0,24150.0,19668.125,6892694
2015-12-11,24105.0,24260.0,24035.0,24100.0,19627.408203125,3814962
2015-12-14,23895.0,23915.0,23740.0,23895.0,19460.447265625,5292090
2015-12-15,23985.0,24030.0,23875.0,23940.0,19497.1015625,3219736
2015-12-16,24140.0,24500.0,24110.0,24420.0,19888.01953125,7021366
2015-12-17,24530.0,24605.0,24325.0,24390.0,19863.583984375,2924948
2015-12-18,24185.0,24470.0,24170.0,24345.0,19826.935546875,3306470
2015-12-21,24370.0,24535.0,24215.0,24455.0,19916.517578125,4002733
2015-12-22,24415.0,24530.0,24290.0,24490.0,19945.029296875,3571195
2015-12-23,24560.0,24805.0,24530.0,24740.0,20148.634765625,5995226
2015-12-24,24855.0,24880.0,24580.0,24580.0,20018.31640625,6689698
2015-12-28,24600.0,24635.0,24250.0,24250.0,19749.5703125,4393479
2015-12-29,24310.0,24470.0,24225.0,24470.0,19928.7421875,4170198
2015-12-30,24530.0,24590.0,24335.0,24345.0,19826.935546875,6615230
2016-01-04,24265.0,24275.0,23850.0,23850.0,19423.796875,5989012
2016-01-05,23805.0,24085.0,23805.0,24000.0,19545.962890625,5306890
2016-01-06,24000.0,24025.0,23705.0,23825.0,19403.443359375,6368977
2016-01-07,23775.0,23865.0,23540.0,23600.0,19220.19921875,6097779
2016-01-08,23460.0,23790.0,23410.0,23765.0,19354.5703125,7938725
2016-01-11,23465.0,23585.0,23405.0,23500.0,19138.755859375,6509273
2016-01-12,23610.0,23670.0,23385.0,23430.0,19081.748046875,6496215
2016-01-13,23540.0,23810.0,23535.0,23760.0,19350.501953125,3158386
2016-01-14,23490.0,23535.0,23315.0,23535.0,19167.2578125,8690735
2016-01-15,23730.0,23780.0,23180.0,23290.0,18967.728515625,6924949
2016-01-18,23050.0,23310.0,22965.0,23270.0,18951.4375,6933123
2016-01-19,23270.0,23395.0,23065.0,23395.0,19053.240234375,4439683
2016-01-20,23285.0,23310.0,22705.0,22860.0,18617.529296875,15308080
2016-01-21,22870.0,23040.0,22795.0,22805.0,18572.73828125,8414266
2016-01-22,23030.0,23300.0,23015.0,23300.0,18975.873046875,7189410
2016-01-25,23385.0,23555.0,23290.0,23425.0,19077.67578125,4456743
2016-01-26,23290.0,23315.0,23000.0,23130.0,18837.423828125,5616269
2016-01-27,23315.0,23500.0,23295.0,23455.0,19102.103515625,5640571
2016-01-28,23280.0,23515.0,23185.0,23490.0,19130.615234375,3898219
2016-01-29,23415.0,23530.0,23270.0,23525.0,19159.11328125,4114782
2016-02-01,23645.0,23805.0,23595.0,23695.0,19297.564453125,3470133
2016-02-02,23605.0,23695.0,23510.0,23530.0,19163.1875,2141152
2016-02-03,23285.0,23305.0,23150.0,23260.0,18943.298828125,2336335
2016-02-04,23425.0,23710.0,23395.0,23690.0,19293.5,3727944
2016-02-05,23655.0,23815.0,23635.0,23750.0,19342.361328125,2348936
2016-02-11,23240.0,23270.0,23055.0,23110.0,18821.13671875,6093176
2016-02-12,22985.0,23085.0,22775.0,22940.0,18682.677734375,10186510
2016-02-15,23180.0,23305.0,23130.0,23240.0,18927.009765625,5712224
2016-02-16,23260.0,23630.0,23260.0,23580.0,19203.912109375,2749173
2016-02-17,23525.0,23725.0,23495.0,23610.0,19228.34375,3573013
2016-02-18,23925.0,23925.0,23790.0,23810.0,19391.22265625,3750301
2016-02-19,23770.0,23885.0,23770.0,23860.0,19431.947265625,4228864
2016-02-22,23800.0,23980.0,23755.0,23900.0,19464.521484375,3596882
2016-02-23,24025.0,24035.0,23850.0,23905.0,19468.59375,3075034
2016-02-24,23875.0,23970.0,23780.0,23885.0,19452.30078125,2961865
2016-02-25,23935.0,24100.0,23825.0,23910.0,19472.6640625,3249346
2016-02-26,24015.0,24070.0,23910.0,23960.0,19513.384765625,3233514
2016-02-29,23895.0,24045.0,23860.0,23930.0,19488.95703125,3505895
2016-03-02,24210.0,24315.0,24190.0,24295.0,19786.21484375,6717076
2016-03-03,24350.0,24375.0,24305.0,24370.0,19847.298828125,5041465
2016-03-04,24370.0,24435.0,24325.0,24375.0,19851.369140625,3307117
2016-03-07,24425.0,24480.0,24410.0,24425.0,19892.091796875,3902348
2016-03-08,24460.0,24470.0,24180.0,24255.0,19753.640625,3738080
2016-03-09,24210.0,24360.0,24170.0,24360.0,19839.150390625,3995149
2016-03-10,24410.0,24705.0,24390.0,24585.0,20022.400390625,5209409
2016-03-11,24595.0,24690.0,24565.0,24640.0,20067.193359375,3541391
2016-03-14,24780.0,24780.0,24600.0,24620.0,20050.8984375,5465710
2016-03-15,24620.0,24695.0,24520.0,24600.0,20034.6171875,3533432
2016-03-16,24660.0,24775.0,24605.0,24665.0,20087.548828125,3582630
2016-03-17,24770.0,25010.0,24755.0,24800.0,20197.490234375,8898042
2016-03-18,24910.0,24915.0,24765.0,24815.0,20209.705078125,1835699
2016-03-21,24905.0,24965.0,24710.0,24785.0,20185.275390625,2536605
2016-03-22,24845.0,24910.0,24795.0,24910.0,20287.08203125,2063906
2016-03-23,24920.0,25000.0,24855.0,24890.0,20270.794921875,2992065
2016-03-24,24815.0,24900.0,24725.0,24825.0,20217.853515625,3419726
2016-03-25,24870.0,24880.0,24770.0,24780.0,20181.20703125,1780344
2016-03-28,24780.0,24895.0,24770.0,24820.0,20213.7890625,1653877
2016-03-29,24820.0,24980.0,24820.0,24950.0,20319.66015625,3243971
2016-03-30,25060.0,25125.0,25035.0,25060.0,20409.2421875,6617355
2016-03-31,25105.0,25110.0,24885.0,24955.0,20323.734375,2747073
2016-04-01,24925.0,24945.0,24600.0,24600.0,20034.6171875,3528606
2016-04-04,24620.0,24675.0,24565.0,24645.0,20071.2578125,2096648
2016-04-05,24580.0,24590.0,24415.0,24440.0,19904.3046875,2223277
2016-04-06,24440.0,24610.0,24430.0,24565.0,20006.111328125,2322086
2016-04-07,24660.0,24705.0,24480.0,24580.0,20018.31640625,1993750
2016-04-08,24435.0,24555.0,24320.0,24530.0,19977.60546875,3336169
2016-04-11,24525.0,24590.0,24425.0,24550.0,19993.892578125,2369598
2016-04-12,24555.0,24760.0,24535.0,24745.0,20152.703125,2598784
2016-04-14,25115.0,25260.0,25050.0,25250.0,20563.9765625,3750346
2016-04-15,25235.0,25310.0,25205.0,25230.0,20547.6953125,2901371
2016-04-18,25045.0,25165.0,25000.0,25145.0,20478.47265625,1863808
2016-04-19,25220.0,25300.0,25165.0,25180.0,20506.97265625,2265993
2016-04-20,25220.0,25340.0,25095.0,25095.0,20437.748046875,2212414
2016-04-21,25210.0,25345.0,25190.0,25290.0,20596.55859375,2092958
2016-04-22,25205.0,25270.0,25160.0,25195.0,20519.193359375,2201562
2016-04-25,25200.0,25210.0,25085.0,25165.0,20494.75390625,2631126
2016-04-26,25160.0,25330.0,25140.0,25240.0,20555.8359375,1463843
2016-04-27,25230.0,25275.0,25215.0,25240.0,20555.8359375,3417117
2016-04-28,24910.0,24910.0,24530.0,24530.0,20345.171875,6591486
2016-04-29,24530.0,24555.0,24345.0,24450.0,20278.818359375,3264952
2016-05-02,24400.0,24405.0,24250.0,24265.0,20125.380859375,3877884
2016-05-03,24365.0,24385.0,24275.0,24340.0,20187.5859375,2720869
2016-05-04,24225.0,24290.0,24145.0,24215.0,20083.9140625,3032361
2016-05-09,24215.0,24255.0,24125.0,24175.0,20050.736328125,2758748
2016-05-10,24125.0,24270.0,24115.0,24270.0,20129.525390625,2297313
2016-05-11,24345.0,24350.0,24125.0,24245.0,20108.794921875,2841452
2016-05-12,24165.0,24260.0,24090.0,24190.0,20063.173828125,3799886
2016-05-13,24180.0,24190.0,23960.0,24000.0,19905.58984375,3016251
2016-05-16,23935.0,24100.0,23915.0,24035.0,19934.62109375,2249479
2016-05-17,24070.0,24080.0,23960.0,24050.0,19947.056640625,2244514
2016-05-18,23985.0,23985.0,23780.0,23915.0,19835.095703125,3764051
2016-05-19,23840.0,23900.0,23810.0,23850.0,19781.177734375,2695976
2016-05-20,23815.0,23915.0,23790.0,23850.0,19781.177734375,1460816
2016-05-23,23890.0,23945.0,23735.0,23915.0,19835.095703125,2338863
2016-05-24,23885.0,23885.0,23740.0,23745.0,19694.08984375,2311181
2016-05-25,23885.0,24095.0,23880.0,24080.0,19971.943359375,4112002
2016-05-26,24090.0,24140.0,24005.0,24035.0,19934.62109375,2773385
2016-05-27,24075.0,24170.0,24030.0,24160.0,20038.296875,3151563
2016-05-30,24160.0,24160.0,23990.0,24105.0,19992.673828125,2568783
2016-05-31,24075.0,24300.0,23970.0,24300.0,20154.40625,3218239
2016-06-01,24225.0,24345.0,24170.0,24315.0,20166.849609375,2245420
2016-06-02,24305.0,24365.0,24270.0,24360.0,20204.171875,2036573
2016-06-03,24405.0,24425.0,24325.0,24400.0,20237.349609375,3011921
2016-06-07,24435.0,24740.0,24435.0,24725.0,20506.90625,5023228
2016-06-08,24725.0,24975.0,24720.0,24975.0,20714.251953125,5567220
2016-06-09,24960.0,25110.0,24845.0,24965.0,20705.958984375,7569605
2016-06-10,24950.0,24955.0,24865.0,24865.0,20623.017578125,3109861
2016-06-13,24685.0,24700.0,24350.0,24350.0,20195.875,4781689
2016-06-14,24310.0,24380.0,24195.0,24270.0,20129.525390625,2174908
2016-06-15,24225.0,24355.0,24160.0,24260.0,20121.234375,2429913
2016-06-16,24270.0,24310.0,23995.0,24075.0,19967.794921875,3832366
2016-06-17,24235.0,24345.0,24100.0,24115.0,20000.970703125,3752496
2016-06-20,24340.0,24490.0,24325.0,24450.0,20278.818359375,2421380
2016-06-21,24430.0,24475.0,24335.0,24450.0,20278.818359375,1929333
2016-06-22,24465.0,24655.0,24400.0,24590.0,20394.935546875,2388555
2016-06-23,24585.0,24640.0,24540.0,24605.0,20407.375,4265957
2016-06-24,24700.0,24765.0,23475.0,23815.0,19752.15234375,17921470
2016-06-27,23760.0,23890.0,23680.0,23880.0,19806.0625,6025508
2016-06-28,23650.0,24015.0,23630.0,23940.0,19855.82421875,10662170
2016-06-29,24060.0,24345.0,24005.0,24225.0,20092.201171875,5391029
2016-06-30,24350.0,24400.0,24215.0,24400.0,20237.349609375,4397053
2016-07-01,24420.0,24675.0,24405.0,24600.0,20403.234375,5231134
2016-07-04,24600.0,24725.0,24560.0,24685.0,20473.724609375,2554464
2016-07-05,24655.0,24700.0,24580.0,24655.0,20448.84765625,1974174
2016-07-06,24555.0,24555.0,24050.0,24160.0,20038.296875,7577224
2016-07-07,24285.0,24480.0,24220.0,24435.0,20266.380859375,2476633
2016-07-08,24375.0,24495.0,24245.0,24310.0,20162.69921875,1934467
2016-07-11,24540.0,24725.0,24540.0,24670.0,20461.28515625,3589301
2016-07-12,24705.0,24810.0,24600.0,24670.0,20461.28515625,3631005
2016-07-13,24860.0,24955.0,24735.0,24835.0,20598.138671875,8253014
2016-07-14,24815.0,24930.0,24790.0,24880.0,20635.462890625,3494928
2016-07-15,24995.0,25105.0,24920.0,25005.0,20739.138671875,6109567
2016-07-18,25015.0,25105.0,25000.0,25050.0,20776.466796875,2397385
2016-07-19,25085.0,25085.0,24950.0,25015.0,20747.431640625,2346206
2016-07-20,25005.0,25005.0,24840.0,24970.0,20710.10546875,3247866
2016-07-21,25070.0,25085.0,24940.0,24995.0,20730.83984375,1221469
2016-07-22,24890.0,25020.0,24825.0,24980.0,20718.40234375,1303347
2016-07-25,25045.0,25100.0,24940.0,24995.0,20730.83984375,2158260
2016-07-26,24970.0,25230.0,24940.0,25215.0,20913.310546875,2231518
2016-07-27,25210.0,25275.0,25195.0,25200.0,20900.87109375,2218108
2016-07-28,25200.0,25250.0,25070.0,25135.0,20855.236328125,2140623
2016-07-29,25130.0,25280.0,25080.0,25115.0,20838.642578125,2233572
2016-08-01,25200.0,25335.0,25200.0,25320.0,21008.734375,3822100
2016-08-02,25250.0,25260.0,25110.0,25125.0,20846.93359375,1537179
2016-08-03,24950.0,24970.0,24790.0,24805.0,20581.423828125,2830800
2016-08-04,24950.0,24955.0,24795.0,24860.0,20627.05859375,1589151
2016-08-05,24920.0,25145.0,24905.0,25130.0,20851.087890625,2954407
2016-08-08,25300.0,25370.0,25185.0,25320.0,21008.734375,2901995
2016-08-09,25370.0,25555.0,25330.0,25515.0,21170.53125,7125813
2016-08-10,25475.0,25550.0,25430.0,25430.0,21100.001953125,6807261
2016-08-11,25430.0,25465.0,25350.0,25460.0,21124.89453125,4112288
2016-08-12,25540.0,25705.0,25505.0,25550.0,21199.57421875,3272021
2016-08-16,25635.0,25710.0,25535.0,25535.0,21187.125,2305957
2016-08-17,25500.0,25560.0,25405.0,25515.0,21170.53125,2455424
2016-08-18,25530.0,25710.0,25495.0,25700.0,21324.033203125,2921920
2016-08-19,25730.0,25770.0,25665.0,25760.0,21373.8125,2230596
2016-08-22,25720.0,25745.0,25595.0,25610.0,21249.357421875,1932119
2016-08-23,25630.0,25745.0,25630.0,25745.0,21361.369140625,1771004
2016-08-24,25735.0,25755.0,25585.0,25625.0,21261.802734375,2519857
2016-08-25,25615.0,25710.0,25530.0,25670.0,21299.1328125,2559512
2016-08-26,25585.0,25595.0,25445.0,25570.0,21216.166015625,1900823
2016-08-29,25405.0,25600.0,25370.0,25575.0,21220.3125,1872357
2016-08-30,25655.0,25815.0,25645.0,25680.0,21307.427734375,3618658
2016-08-31,25680.0,25685.0,25530.0,25585.0,21228.609375,1643936
2016-09-01,25455.0,25520.0,25325.0,25520.0,21174.681640625,3533486
2016-09-02,25525.0,25570.0,25475.0,25570.0,21216.166015625,2638686
2016-09-05,25715.0,25900.0,25695.0,25895.0,21485.826171875,4298056
2016-09-06,25880.0,25995.0,25880.0,25990.0,21564.6484375,3516350
2016-09-07,25995.0,26130.0,25940.0,25940.0,21523.166015625,3670747
2016-09-08,26005.0,26060.0,25880.0,25935.0,21519.017578125,4651387
2016-09-09,25765.0,25785.0,25565.0,25630.0,21265.94921875,4988938
2016-09-12,25215.0,25305.0,24985.0,24985.0,20730.77734375,7260977
2016-09-13,25300.0,25300.0,25075.0,25075.0,20805.451171875,3801446
2016-09-19,25090.0,25350.0,25060.0,25335.0,21021.177734375,1745877
2016-09-20,25240.0,25390.0,25220.0,25375.0,21054.369140625,2382323
2016-09-21,25350.0,25545.0,25340.0,25545.0,21195.421875,1979253
2016-09-22,25725.0,25870.0,25710.0,25770.0,21382.11328125,2850116
2016-09-23,25840.0,25840.0,25710.0,25750.0,21365.51953125,2126722
2016-09-26,25745.0,25855.0,25625.0,25665.0,21294.99609375,2612106
2016-09-27,25575.0,25890.0,25450.0,25840.0,21440.1953125,2854076
2016-09-28,25810.0,25835.0,25735.0,25765.0,21377.958984375,942058
2016-09-29,25875.0,26020.0,25870.0,25945.0,21527.31640625,3460709
2016-09-30,25790.0,25820.0,25650.0,25665.0,21294.99609375,2333345
2016-10-04,25815.0,25890.0,25765.0,25815.0,21419.44921875,1614241
2016-10-05,25635.0,25860.0,25570.0,25800.0,21407.001953125,1894271
2016-10-06,25995.0,26030.0,25870.0,25980.0,21556.359375,1871479
2016-10-07,25955.0,26015.0,25890.0,25900.0,21489.974609375,2522999
2016-10-10,25825.0,25980.0,25710.0,25940.0,21523.166015625,1306837
2016-10-11,25890.0,25975.0,25560.0,25580.0,21224.46484375,4601826
2016-10-12,25435.0,25615.0,25420.0,25560.0,21207.873046875,3118373
2016-10-13,25520.0,25555.0,25295.0,25335.0,21021.177734375,3845012
2016-10-14,25395.0,25530.0,25390.0,25465.0,21129.041015625,1619791
2016-10-17,25495.0,25595.0,25290.0,25505.0,21162.234375,2658838
2016-10-18,25540.0,25700.0,25515.0,25680.0,21307.427734375,1538985
2016-10-19,25650.0,25850.0,25625.0,25710.0,21332.330078125,1616435
2016-10-20,25745.0,25845.0,25715.0,25735.0,21353.0703125,1495507
2016-10-21,25715.0,25765.0,25600.0,25610.0,21249.357421875,1563996
2016-10-24,25725.0,25835.0,25710.0,25805.0,21411.1484375,1319790
2016-10-25,25780.0,25820.0,25720.0,25765.0,21377.958984375,1335999
2016-10-26,25655.0,25655.0,25340.0,25450.0,21116.603515625,6639475
2016-10-27,25540.0,25615.0,25490.0,25565.0,21212.017578125,1861861
2016-10-28,25545.0,25660.0,25525.0,25580.0,21224.46484375,1996357
2016-10-31,25480.0,25595.0,25425.0,25530.0,21182.978515625,2054247
2016-11-01,25520.0,25555.0,25290.0,25540.0,21191.275390625,4074891
2016-11-02,25350.0,25400.0,25205.0,25205.0,20913.314453125,5095809
2016-11-03,25185.0,25315.0,25125.0,25290.0,20983.83984375,3907354
2016-11-04,25225.0,25290.0,25165.0,25200.0,20909.1640625,4581480
2016-11-07,25490.0,25500.0,25360.0,25445.0,21112.455078125,2516671
2016-11-08,25560.0,25560.0,25360.0,25500.0,21158.08984375,2551235
2016-11-09,25570.0,25665.0,24635.0,24975.0,20722.474609375,16089680
2016-11-10,25310.0,25485.0,25260.0,25470.0,21133.19140625,9515068
2016-11-11,25305.0,25335.0,25155.0,25215.0,20921.6171875,3118716
2016-11-14,25170.0,25215.0,24980.0,25015.0,20755.658203125,3420939
2016-11-15,24980.0,25065.0,24915.0,24925.0,20680.994140625,2220176
2016-11-16,25055.0,25110.0,24990.0,25015.0,20755.658203125,1771814
2016-11-17,24930.0,25035.0,24830.0,25000.0,20743.224609375,1886938
2016-11-18,25055.0,25060.0,24885.0,24990.0,20734.921875,2044423
2016-11-21,24930.0,25030.0,24890.0,24940.0,20693.439453125,1430451
2016-11-22,25040.0,25255.0,25025.0,25225.0,20929.912109375,1829485
2016-11-23,25225.0,25420.0,25200.0,25320.0,21008.734375,2626776
2016-11-24,25285.0,25335.0,25125.0,25190.0,20900.87109375,3463291
2016-11-25,25240.0,25265.0,25160.0,25200.0,20909.1640625,1709639
2016-11-28,25210.0,25315.0,25055.0,25275.0,20971.396484375,2369865
2016-11-29,25275.0,25330.0,25225.0,25285.0,20979.697265625,4080144
2016-11-30,25290.0,25465.0,25280.0,25410.0,21083.408203125,2380998
2016-12-01,25435.0,25480.0,25370.0,25430.0,21100.001953125,3054105
2016-12-02,25320.0,25370.0,25205.0,25250.0,20950.650390625,2809376
2016-12-05,25230.0,25270.0,25135.0,25220.0,20925.765625,4478253
2016-12-06,25400.0,25575.0,25400.0,25525.0,21178.828125,4409107
2016-12-07,25595.0,25635.0,25540.0,25595.0,21236.91015625,4634512
2016-12-08,25810.0,26030.0,25810.0,26030.0,21597.83984375,6823269
2016-12-09,26025.0,26065.0,25970.0,26045.0,21610.2890625,4546737
2016-12-12,26130.0,26130.0,25940.0,26010.0,21581.25390625,3919604
2016-12-13,26000.0,26080.0,25980.0,26060.0,21622.732421875,3639198
2016-12-14,26160.0,26235.0,26050.0,26085.0,21643.47265625,3408707
2016-12-15,25900.0,26135.0,25890.0,26075.0,21635.17578125,2475586
2016-12-16,26065.0,26170.0,26035.0,26140.0,21689.109375,2846270
2016-12-19,26065.0,26210.0,26065.0,26160.0,21705.70703125,2114670
2016-12-20,26185.0,26255.0,26170.0,26220.0,21755.494140625,2015668
2016-12-21,26265.0,26360.0,26185.0,26185.0,21726.44921875,2668939
2016-12-22,26205.0,26235.0,26150.0,26170.0,21714.01171875,1977881
2016-12-23,26165.0,26175.0,26110.0,26135.0,21684.96484375,4420493
2016-12-26,26165.0,26195.0,26130.0,26185.0,21726.44921875,2503161
2016-12-27,26170.0,26240.0,26170.0,26225.0,21759.638671875,2444263
2016-12-28,26255.0,26380.0,26255.0,26310.0,21830.1640625,1575374
2016-12-29,26280.0,26335.0,26240.0,26325.0,21842.62109375,2019930
2017-01-02,26320.0,26485.0,26230.0,26415.0,21917.28515625,1137234
2017-01-03,26485.0,26625.0,26450.0,26625.0,22091.529296875,2387363
2017-01-04,26615.0,26665.0,26600.0,26655.0,22116.421875,1906628
2017-01-05,26625.0,26650.0,26540.0,26550.0,22029.296875,4707707
2017-01-06,26610.0,26715.0,26605.0,26665.0,22124.720703125,2191543
2017-01-09,26700.0,26770.0,26675.0,26730.0,22178.65625,1732813
2017-01-10,26645.0,26735.0,26635.0,26695.0,22149.609375,4834596
2017-01-11,26730.0,27260.0,26730.0,27175.0,22547.880859375,3453000
2017-01-12,27210.0,27295.0,27175.0,27245.0,22605.96484375,2113082
2017-01-13,27200.0,27240.0,27170.0,27175.0,22547.880859375,1848879
2017-01-16,27160.0,27220.0,26950.0,27025.0,22423.419921875,5428392
2017-01-17,27055.0,27225.0,27055.0,27130.0,22510.544921875,5309270
2017-01-18,27130.0,27190.0,26915.0,27115.0,22498.09375,2944410
2017-01-19,27225.0,27380.0,26995.0,27130.0,22510.544921875,2663928
2017-01-20,27040.0,27115.0,27015.0,27090.0,22477.357421875,1295054
2017-01-23,27055.0,27155.0,26910.0,27065.0,22456.611328125,2970901
2017-01-24,27080.0,27195.0,27015.0,27070.0,22460.763671875,2486640
2017-01-25,27245.0,27260.0,27075.0,27170.0,22543.734375,2030620
2017-01-26,27270.0,27460.0,27195.0,27390.0,22726.26953125,2384442
2017-01-31,27305.0,27345.0,27220.0,27240.0,22601.810546875,1816682
2017-02-01,27295.0,27345.0,27270.0,27320.0,22668.189453125,4259837
2017-02-02,27315.0,27475.0,27175.0,27215.0,22581.068359375,2536423
2017-02-03,27280.0,27310.0,27115.0,27235.0,22597.666015625,3038339
2017-02-06,27465.0,27500.0,27255.0,27300.0,22651.59375,2197283
2017-02-07,27365.0,27365.0,27220.0,27275.0,22630.85546875,2512438
2017-02-08,27200.0,27205.0,26970.0,27145.0,22522.9921875,6431117
2017-02-09,27180.0,27265.0,27105.0,27185.0,22556.1875,2348163
2017-02-10,27325.0,27365.0,27230.0,27235.0,22597.666015625,1700098
2017-02-13,27235.0,27270.0,27195.0,27250.0,22610.109375,1682513
2017-02-14,27330.0,27330.0,27110.0,27175.0,22547.880859375,3127741
2017-02-15,27160.0,27310.0,27110.0,27260.0,22618.400390625,1733598
2017-02-16,27310.0,27390.0,27215.0,27245.0,22605.96484375,1112301
2017-02-17,27160.0,27285.0,27160.0,27245.0,22605.96484375,1709293
2017-02-20,27295.0,27340.0,27230.0,27335.0,22680.63671875,1165443
2017-02-21,27370.0,27705.0,27345.0,27585.0,22888.07421875,5219950
2017-02-22,27620.0,27680.0,27590.0,27640.0,22933.703125,4473377
2017-02-23,27630.0,27665.0,27590.0,27650.0,22942.001953125,2209138
2017-02-24,27625.0,27660.0,27380.0,27440.0,22767.76171875,4866925
2017-02-27,27430.0,27465.0,27265.0,27315.0,22664.041015625,2920470
2017-02-28,27345.0,27420.0,27310.0,27365.0,22705.525390625,1582542
2017-03-02,27555.0,27705.0,27500.0,27620.0,22917.107421875,3250844
2017-03-03,27505.0,27525.0,27275.0,27355.0,22697.232421875,6205854
2017-03-06,27260.0,27420.0,27215.0,27385.0,22722.123046875,2576217
2017-03-07,27430.0,27595.0,27380.0,27550.0,22859.03125,4340325
2017-03-08,27520.0,27660.0,27470.0,27600.0,22900.515625,1741739
2017-03-09,27610.0,27650.0,27510.0,27545.0,22854.884765625,1960570
2017-03-10,27450.0,27655.0,27375.0,27565.0,22871.478515625,2935966
2017-03-13,27620.0,27960.0,27610.0,27875.0,23128.689453125,3943229
2017-03-14,27980.0,28150.0,27970.0,28130.0,23340.267578125,5433011
2017-03-15,28120.0,28195.0,28080.0,28165.0,23369.314453125,3707765
2017-03-16,28480.0,28535.0,28320.0,28370.0,23539.408203125,4813971
2017-03-17,28390.0,28540.0,28350.0,28495.0,23643.12109375,2341522
2017-03-20,28490.0,28490.0,28370.0,28460.0,23614.080078125,3275045
2017-03-21,28565.0,28825.0,28510.0,28735.0,23842.259765625,3219588
2017-03-22,28545.0,28640.0,28495.0,28640.0,23763.42578125,5766483
2017-03-23,28740.0,28805.0,28650.0,28685.0,23800.767578125,2147793
2017-03-24,28710.0,28795.0,28570.0,28640.0,23763.42578125,1815817
2017-03-27,28510.0,28600.0,28420.0,28460.0,23614.080078125,6413697
2017-03-28,28580.0,28615.0,28480.0,28525.0,23668.01171875,2573218
2017-03-29,28645.0,28665.0,28535.0,28620.0,23746.8359375,3886685
2017-03-30,28650.0,28750.0,28540.0,28595.0,23726.091796875,2783418
2017-03-31,28630.0,28655.0,28530.0,28540.0,23680.45703125,3065830
2017-04-03,28615.0,28710.0,28555.0,28610.0,23738.54296875,1400361
2017-04-04,28580.0,28625.0,28490.0,28550.0,23688.7578125,1320202
2017-04-05,28555.0,28575.0,28320.0,28500.0,23647.2734375,3161345
2017-04-06,28420.0,28420.0,28265.0,28390.0,23556.005859375,3673735
2017-04-07,28445.0,28445.0,28230.0,28340.0,23514.513671875,4046719
2017-04-10,28340.0,28340.0,28115.0,28175.0,23377.60546875,4406672
2017-04-11,28120.0,28190.0,27965.0,28060.0,23282.19140625,3935507
2017-04-12,28065.0,28085.0,27995.0,28075.0,23294.642578125,3214214
2017-04-13,28120.0,28340.0,28055.0,28340.0,23514.513671875,3040416
2017-04-14,28250.0,28270.0,28040.0,28215.0,23410.79296875,3536226
2017-04-17,28255.0,28375.0,28210.0,28275.0,23460.583984375,2346593
2017-04-18,28410.0,28425.0,28180.0,28260.0,23448.134765625,2265025
2017-04-19,28220.0,28275.0,28045.0,28135.0,23344.421875,2339414
2017-04-20,28060.0,28255.0,28025.0,28255.0,23443.9921875,2118878
2017-04-21,28370.0,28535.0,28335.0,28490.0,23638.970703125,2471241
2017-04-24,28610.0,28685.0,28555.0,28640.0,23763.42578125,3097019
2017-04-25,28665.0,28955.0,28650.0,28930.0,24004.056640625,3233003
2017-04-26,29030.0,29165.0,29015.0,29105.0,24149.255859375,3036702
2017-04-27,28610.0,28705.0,28575.0,28685.0,24195.642578125,3335754
2017-04-28,28755.0,28865.0,28715.0,28745.0,24246.259765625,9291094
2017-05-02,28865.0,29145.0,28850.0,28970.0,24436.048828125,4254368
2017-05-04,29085.0,29260.0,29065.0,29260.0,24680.662109375,5795195
2017-05-08,29315.0,30025.0,29290.0,30025.0,25325.93359375,10361350
2017-05-10,30065.0,30560.0,29625.0,29700.0,25051.798828125,10402370
2017-05-11,29855.0,30135.0,29755.0,30070.0,25363.892578125,11774460
2017-05-12,30080.0,30125.0,29900.0,29940.0,25254.232421875,6160955
2017-05-15,29975.0,30105.0,29870.0,30010.0,25313.283203125,5092865
2017-05-16,30205.0,30290.0,29920.0,30050.0,25347.021484375,5218886
2017-05-17,29960.0,30100.0,29915.0,30035.0,25334.3671875,9514724
2017-05-18,29745.0,29980.0,29680.0,29975.0,25283.7578125,7145743
2017-05-19,29945.0,30015.0,29880.0,29915.0,25233.146484375,3977920
2017-05-22,30115.0,30170.0,29995.0,30155.0,25435.5859375,5096335
2017-05-23,30215.0,30480.0,30180.0,30245.0,25511.501953125,10543730
2017-05-24,30325.0,30385.0,30240.0,30275.0,25536.796875,7008316
2017-05-25,30425.0,30650.0,30340.0,30630.0,25836.244140625,9354433
2017-05-26,30655.0,30970.0,30620.0,30820.0,25996.5078125,10907010
2017-05-29,30940.0,31040.0,30620.0,30790.0,25971.208984375,7156142
2017-05-30,30760.0,30805.0,30420.0,30580.0,25794.0703125,10610920
2017-05-31,30515.0,30730.0,30480.0,30585.0,25798.291015625,5796349
2017-06-01,30560.0,30635.0,30415.0,30500.0,25726.59765625,7194418
2017-06-02,30620.0,30910.0,30615.0,30875.0,26042.908203125,9205317
2017-06-05,30920.0,30970.0,30800.0,30830.0,26004.947265625,5950998
2017-06-07,30805.0,30865.0,30645.0,30645.0,25848.90234375,6001745
2017-06-08,30680.0,30815.0,30515.0,30800.0,25979.646484375,4795439
2017-06-09,30825.0,31105.0,30825.0,31030.0,26173.64453125,4822796
2017-06-12,30835.0,30925.0,30680.0,30730.0,25920.595703125,6269617
2017-06-13,30735.0,30940.0,30735.0,30900.0,26063.9921875,4407322
2017-06-14,31010.0,31110.0,30815.0,30895.0,26059.771484375,2849638
2017-06-15,30870.0,30980.0,30605.0,30770.0,25954.333984375,5168480
2017-06-16,30780.0,30850.0,30710.0,30780.0,25962.76953125,2102436
2017-06-19,30770.0,31030.0,30720.0,30945.0,26101.94921875,5855888
2017-06-20,31100.0,31130.0,30975.0,31040.0,26182.080078125,8473545
2017-06-21,30880.0,30910.0,30730.0,30845.0,26017.595703125,8610617
2017-06-22,30935.0,31050.0,30850.0,31050.0,26190.515625,4534611
2017-06-23,31045.0,31180.0,31010.0,31125.0,26253.771484375,8155890
2017-06-26,31155.0,31320.0,31140.0,31295.0,26397.173828125,8098148
2017-06-27,31235.0,31390.0,31225.0,31305.0,26405.607421875,8523771
2017-06-28,31170.0,31300.0,31160.0,31205.0,26321.255859375,5049369
2017-06-29,31370.0,31525.0,31370.0,31420.0,26502.607421875,5008515
2017-06-30,31220.0,31325.0,31190.0,31325.0,26422.478515625,7215441
2017-07-03,31395.0,31430.0,31260.0,31395.0,26481.51953125,4425629
2017-07-04,31405.0,31435.0,31165.0,31200.0,26317.041015625,5992148
2017-07-05,31125.0,31355.0,31115.0,31320.0,26418.259765625,2970956
2017-07-06,31395.0,31395.0,31240.0,31325.0,26422.478515625,4202092
2017-07-07,31200.0,31285.0,31115.0,31200.0,26317.041015625,4031957
2017-07-10,31300.0,31390.0,31220.0,31305.0,26405.607421875,2652643
2017-07-11,31345.0,31500.0,31300.0,31480.0,26553.216796875,2737605
2017-07-12,31480.0,31555.0,31450.0,31475.0,26549.0,5607145
2017-07-13,31655.0,31980.0,31645.0,31815.0,26835.787109375,7769925
2017-07-14,31875.0,31955.0,31835.0,31860.0,26873.74609375,7989075
2017-07-17,32060.0,32095.0,31935.0,31995.0,26987.619140625,4719069
2017-07-18,31980.0,32005.0,31920.0,31985.0,26979.1875,5330283
2017-07-19,32040.0,32055.0,31910.0,32025.0,27012.923828125,2715286
2017-07-20,32110.0,32235.0,32030.0,32190.0,27152.103515625,3490496
2017-07-21,32155.0,32340.0,32155.0,32325.0,27265.96875,3858634
2017-07-24,32325.0,32325.0,32245.0,32315.0,27257.533203125,2350912
2017-07-25,32325.0,32345.0,32135.0,32155.0,27122.580078125,2120125
2017-07-26,32215.0,32225.0,32025.0,32080.0,27059.31640625,3000406
2017-07-27,32185.0,32285.0,32105.0,32185.0,27147.880859375,2295882
2017-07-28,31975.0,31975.0,31430.0,31460.0,26619.052734375,8428689
2017-07-31,31320.0,31510.0,31305.0,31460.0,26619.052734375,5176300
2017-08-01,31395.0,31905.0,31355.0,31740.0,26855.96875,6562207
2017-08-02,31845.0,31910.0,31785.0,31825.0,26927.888671875,3205321
2017-08-03,31725.0,31740.0,31055.0,31260.0,26449.828125,5645088
2017-08-04,31340.0,31470.0,31240.0,31425.0,26589.4375,2870724
2017-08-07,31455.0,31610.0,31395.0,31445.0,26606.36328125,4139010
2017-08-08,31510.0,31605.0,31215.0,31395.0,26564.056640625,6174808
2017-08-09,31155.0,31255.0,30955.0,31000.0,26229.84375,5461964
2017-08-10,30895.0,31020.0,30630.0,30855.0,26107.150390625,4369009
2017-08-11,30420.0,30525.0,30220.0,30290.0,25629.09375,4555175
2017-08-14,30510.0,30610.0,30430.0,30560.0,25857.54296875,3056405
2017-08-16,30835.0,30900.0,30705.0,30745.0,26014.076171875,2866503
2017-08-17,30805.0,30985.0,30735.0,30920.0,26162.150390625,6234031
2017-08-18,30670.0,30925.0,30645.0,30890.0,26136.759765625,5379360
2017-08-21,30975.0,30975.0,30790.0,30855.0,26107.150390625,4704464
2017-08-22,30920.0,31030.0,30895.0,30960.0,26195.9921875,2641939
2017-08-23,31160.0,31170.0,30930.0,30980.0,26212.916015625,4173989
2017-08-24,31010.0,31205.0,31010.0,31125.0,26335.60546875,2759990
2017-08-25,31190.0,31255.0,31080.0,31145.0,26352.5234375,2308061
2017-08-28,31125.0,31210.0,30940.0,30965.0,26200.220703125,1893217
2017-08-29,30800.0,30885.0,30455.0,30885.0,26132.529296875,5678600
2017-08-30,30945.0,31000.0,30875.0,31000.0,26229.84375,1595542
2017-08-31,31025.0,31060.0,30745.0,30810.0,26069.072265625,2646894
2017-09-01,30915.0,30955.0,30700.0,30810.0,26069.072265625,4006606
2017-09-04,30340.0,30675.0,30340.0,30465.0,25777.16796875,4286148
2017-09-05,30585.0,30590.0,30360.0,30435.0,25751.78125,3328354
2017-09-06,30380.0,30425.0,30285.0,30370.0,25696.779296875,3147710
2017-09-07,30475.0,30780.0,30450.0,30750.0,26018.30859375,6822702
2017-09-08,30800.0,30825.0,30705.0,30770.0,26035.228515625,2524111
2017-09-11,30910.0,31170.0,30905.0,31050.0,26272.14453125,2719497
2017-09-12,31190.0,31195.0,31010.0,31075.0,26293.29296875,2914801
2017-09-13,31130.0,31260.0,31005.0,31090.0,26305.990234375,3155327
2017-09-14,31095.0,31210.0,31030.0,31210.0,26407.521484375,3015157
2017-09-15,31190.0,31390.0,31125.0,31385.0,26555.6015625,2862219
2017-09-18,31415.0,31915.0,31415.0,31890.0,26982.88671875,6267960
2017-09-19,31915.0,31955.0,31855.0,31875.0,26970.19921875,4416423
2017-09-20,31940.0,32095.0,31760.0,31855.0,26953.271484375,5928882
2017-09-21,31825.0,31930.0,31780.0,31880.0,26974.423828125,4989680
2017-09-25,31710.0,31745.0,31575.0,31645.0,26775.587890625,1859197
2017-09-26,31540.0,31600.0,31420.0,31485.0,26640.203125,2909218
2017-09-27,31510.0,31510.0,31385.0,31420.0,26585.208984375,2032651
2017-09-28,31460.0,31550.0,31360.0,31455.0,26614.82421875,7827472
2017-09-29,31470.0,31700.0,31470.0,31700.0,26822.125,6359113
2017-10-10,32185.0,32450.0,32105.0,32275.0,27308.64453125,10368610
2017-10-11,32405.0,32625.0,32390.0,32615.0,27596.328125,12786230
2017-10-12,32670.0,32835.0,32640.0,32825.0,27774.013671875,5550722
2017-10-13,32810.0,32875.0,32735.0,32785.0,27740.166015625,2509586
2017-10-16,32865.0,32965.0,32760.0,32815.0,27765.556640625,2569606
2017-10-17,32830.0,32940.0,32815.0,32885.0,27824.783203125,7348755
2017-10-18,32845.0,32970.0,32790.0,32865.0,27807.861328125,2459238
2017-10-19,32950.0,32985.0,32680.0,32735.0,27697.861328125,7051815
2017-10-20,32745.0,32910.0,32735.0,32910.0,27845.9375,4139334
2017-10-23,33040.0,33070.0,32905.0,33010.0,27930.546875,18739030
2017-10-24,33005.0,33055.0,32950.0,32950.0,27879.78125,5457895
2017-10-25,32985.0,33050.0,32850.0,32975.0,27900.927734375,6497190
2017-10-26,32985.0,33000.0,32750.0,32750.0,27710.556640625,2931832
2017-10-27,32770.0,33020.0,32735.0,32975.0,27900.927734375,3168596
2017-10-30,33130.0,33160.0,33000.0,33045.0,27985.619140625,6850739
2017-10-31,33050.0,33460.0,33000.0,33375.0,28265.091796875,15439760
2017-11-01,33665.0,33925.0,33575.0,33925.0,28730.888671875,10816240
2017-11-02,33940.0,33960.0,33730.0,33805.0,28629.26171875,5736274
2017-11-03,33910.0,33960.0,33650.0,33880.0,28692.779296875,4313915
2017-11-06,33880.0,33910.0,33485.0,33745.0,28578.4453125,6771618
2017-11-07,33730.0,33865.0,33660.0,33710.0,28548.802734375,5392472
2017-11-08,33565.0,33930.0,33525.0,33810.0,28633.498046875,9790460
2017-11-09,33880.0,33900.0,33545.0,33715.0,28553.03515625,6601097
2017-11-10,33525.0,33690.0,33495.0,33625.0,28476.81640625,4344500
2017-11-13,33640.0,33760.0,33420.0,33450.0,28328.611328125,3787375
2017-11-14,33475.0,33505.0,33365.0,33425.0,28307.4453125,4041840
2017-11-15,33390.0,33390.0,33180.0,33220.0,28133.828125,3563036
2017-11-16,33300.0,33500.0,33225.0,33435.0,28315.91015625,5123813
2017-11-17,33605.0,33835.0,33425.0,33425.0,28307.4453125,11817320
2017-11-20,33485.0,33545.0,33245.0,33280.0,28184.63671875,12503560
2017-11-21,33410.0,33505.0,33300.0,33355.0,28248.16015625,5621020
2017-11-22,33600.0,33735.0,33485.0,33560.0,28421.775390625,9149799
2017-11-23,33610.0,33615.0,33445.0,33500.0,28370.953125,3586678
2017-11-24,33515.0,33570.0,33410.0,33570.0,28430.24609375,2366406
2017-11-27,33595.0,33605.0,32965.0,33000.0,27947.505859375,5009412
2017-11-28,33005.0,33175.0,32900.0,33090.0,28023.73046875,4329155
2017-11-29,33140.0,33255.0,33045.0,33075.0,28011.029296875,1872899
2017-11-30,32860.0,32975.0,32505.0,32535.0,27553.70703125,4595347
2017-12-01,32630.0,32680.0,32465.0,32525.0,27545.244140625,5771469
2017-12-04,32665.0,32870.0,32515.0,32870.0,27837.412109375,4234241
2017-12-05,32700.0,33040.0,32645.0,32960.0,27913.640625,4168745
2017-12-06,32980.0,32980.0,32490.0,32490.0,27515.59765625,4067313
2017-12-07,32575.0,32590.0,32270.0,32385.0,27426.671875,4418622
2017-12-08,32505.0,32570.0,32370.0,32485.0,27511.3671875,7009353
2017-12-11,32530.0,32560.0,32375.0,32525.0,27545.244140625,5507259
2017-12-12,32520.0,32550.0,32350.0,32415.0,27452.076171875,5811495
2017-12-13,32480.0,32690.0,32360.0,32670.0,27668.033203125,4925477
2017-12-14,32740.0,33150.0,32705.0,32705.0,27697.6796875,6611030
2017-12-15,32820.0,32895.0,32585.0,32650.0,27651.099609375,3586038
2017-12-18,32680.0,32740.0,32600.0,32690.0,27684.974609375,2925228
2017-12-19,32815.0,32975.0,32615.0,32700.0,27693.4453125,3456263
2017-12-21,32530.0,32590.0,31975.0,31975.0,27079.4453125,6925311
2017-12-22,32065.0,32205.0,31985.0,32130.0,27210.712890625,5318185
2017-12-26,32200.0,32395.0,32000.0,32000.0,27100.61328125,6545963
2017-12-27,32110.0,32375.0,32045.0,32375.0,27418.197265625,10001130
2017-12-28,32390.0,32815.0,32385.0,32780.0,27761.1953125,5852990
2018-01-02,32910.0,33005.0,32805.0,32925.0,27883.994140625,3280831
2018-01-03,33070.0,33170.0,32990.0,33065.0,28002.55859375,3659050
2018-01-04,33260.0,33275.0,32800.0,32805.0,27782.3671875,5501615
2018-01-05,32895.0,33250.0,32895.0,33250.0,28159.234375,3928549
2018-01-08,33390.0,33530.0,33205.0,33475.0,28349.78125,3906015
2018-01-09,33380.0,33620.0,33200.0,33340.0,28235.453125,4285662
2018-01-10,33435.0,33450.0,33085.0,33125.0,28053.369140625,5506520
2018-01-11,33110.0,33160.0,32885.0,32955.0,27909.400390625,1950740
2018-01-12,33030.0,33100.0,32790.0,33015.0,27960.212890625,2965849
2018-01-15,33185.0,33255.0,32995.0,33090.0,28023.73046875,1795690
2018-01-16,33095.0,33415.0,33025.0,33350.0,28243.921875,2836642
2018-01-17,33280.0,33370.0,33175.0,33270.0,28176.177734375,3286732
2018-01-18,33460.0,33550.0,33235.0,33295.0,28197.345703125,4652555
2018-01-19,33330.0,33410.0,33255.0,33320.0,28218.521484375,2349827
2018-01-22,33290.0,33290.0,32830.0,32980.0,27930.57421875,3305211
2018-01-23,33125.0,33425.0,33085.0,33425.0,28307.4453125,5815976
2018-01-24,33415.0,33620.0,33395.0,33480.0,28354.021484375,5094628
2018-01-25,33415.0,33800.0,33415.0,33740.0,28574.212890625,7148421
2018-01-26,33735.0,33875.0,33660.0,33875.0,28688.541015625,3062961
2018-01-29,34050.0,34290.0,34040.0,34105.0,28883.33203125,7198032
2018-01-30,34080.0,34150.0,33680.0,33680.0,28523.3984375,10143280
2018-01-31,33565.0,34200.0,33565.0,33705.0,28544.576171875,10648610
2018-02-01,33845.0,33905.0,33650.0,33715.0,28553.03515625,2602288
2018-02-02,33630.0,33660.0,33005.0,33065.0,28002.55859375,8581155
2018-02-06,32045.0,32305.0,31660.0,32250.0,27312.341796875,12570940
2018-02-07,32545.0,32555.0,31430.0,31435.0,26622.123046875,6016419
2018-02-08,31445.0,31805.0,31360.0,31700.0,26846.546875,8596071
2018-02-09,31340.0,31400.0,30705.0,30860.0,26135.15625,9375300
2018-02-12,31005.0,31340.0,30885.0,31205.0,26427.333984375,6877480
2018-02-13,31420.0,31805.0,31295.0,31445.0,26630.591796875,7209424
2018-02-14,31645.0,31935.0,31640.0,31855.0,26977.81640625,2939679
2018-02-19,32285.0,32295.0,31830.0,32020.0,27117.55078125,6064781
2018-02-20,31920.0,31935.0,31585.0,31650.0,26804.203125,3745254
2018-02-21,31675.0,31870.0,31450.0,31815.0,26943.94140625,4689428
2018-02-22,31615.0,31705.0,31480.0,31605.0,26766.08984375,3211158
2018-02-23,31730.0,32100.0,31730.0,32100.0,27185.314453125,3244557
2018-02-26,32245.0,32260.0,32020.0,32155.0,27231.890625,2996204
2018-02-27,32325.0,32470.0,32055.0,32055.0,27147.19921875,3217208
2018-02-28,31945.0,32100.0,31650.0,31690.0,26838.076171875,3827364
2018-03-06,31110.0,31465.0,31085.0,31455.0,26639.0625,5804435
2018-03-07,31580.0,31800.0,31295.0,31495.0,26672.939453125,3123014
2018-03-08,31725.0,31815.0,31520.0,31815.0,26943.94140625,4943835
2018-03-09,31970.0,32435.0,31855.0,32180.0,27253.05859375,7371696
2018-03-12,32480.0,32565.0,32325.0,32465.0,27494.419921875,3296713
2018-03-13,32460.0,32615.0,32395.0,32615.0,27621.458984375,3439809
2018-03-14,32385.0,32595.0,32385.0,32590.0,27600.283203125,3015234
2018-03-15,32620.0,32730.0,32360.0,32705.0,27697.6796875,2107652
2018-03-16,32675.0,32715.0,32410.0,32645.0,27646.8671875,2434586
2018-03-19,32590.0,32645.0,32350.0,32410.0,27447.83984375,2727916
2018-03-20,32230.0,32565.0,32170.0,32565.0,27579.115234375,3885088
2018-03-21,32565.0,32665.0,32520.0,32570.0,27583.34765625,1716337
2018-03-22,32600.0,32865.0,32565.0,32695.0,27689.208984375,6301695
2018-03-23,32025.0,32100.0,31535.0,31605.0,26766.08984375,6937693
2018-03-26,31525.0,31880.0,31365.0,31880.0,26998.98828125,6174425
2018-03-27,32110.0,32130.0,31945.0,32015.0,27113.314453125,6317146
2018-03-28,31675.0,31690.0,31435.0,31620.0,26778.798828125,6314383
2018-03-29,31655.0,31945.0,31550.0,31880.0,26998.98828125,6624647
2018-03-30,32115.0,32195.0,31960.0,31960.0,27066.744140625,5669555
2018-04-02,32025.0,32205.0,31865.0,31885.0,27003.22265625,2287312
2018-04-03,31585.0,31820.0,31505.0,31820.0,26948.169921875,2336529
2018-04-04,31860.0,31875.0,31305.0,31330.0,26533.19921875,3834407
2018-04-05,31550.0,31920.0,31520.0,31765.0,26901.59765625,3961416
2018-04-06,31535.0,31700.0,31445.0,31610.0,26770.326171875,2377542
2018-04-09,31580.0,31875.0,31560.0,31830.0,26956.646484375,1806138
2018-04-10,31710.0,31955.0,31450.0,31860.0,26982.052734375,3369969
2018-04-11,31885.0,31995.0,31740.0,31760.0,26897.361328125,5337970
2018-04-12,31870.0,31945.0,31755.0,31755.0,26893.126953125,6738503
2018-04-13,31870.0,32020.0,31815.0,31965.0,27070.9765625,3543876
2018-04-16,32130.0,32155.0,31905.0,31990.0,27092.1484375,3471971
2018-04-17,32025.0,32115.0,31890.0,31945.0,27054.033203125,3393924
2018-04-18,32155.0,32410.0,32135.0,32300.0,27354.68359375,3094686
2018-04-19,32395.0,32545.0,32350.0,32480.0,27507.125,2441832
2018-04-20,32325.0,32405.0,32230.0,32265.0,27325.041015625,1864783
2018-04-23,32190.0,32305.0,32145.0,32245.0,27308.103515625,1705145
2018-04-24,32300.0,32310.0,31930.0,32065.0,27155.66015625,2720547
2018-04-25,31840.0,31905.0,31705.0,31860.0,26982.052734375,2987390
2018-04-26,31970.0,32385.0,31950.0,32260.0,27320.8125,2558566
2018-04-27,32120.0,32315.0,31985.0,32090.0,27569.966796875,5428885
2018-04-30,32185.0,32305.0,32140.0,32300.0,27750.380859375,2985622
2018-05-02,32185.0,32250.0,32025.0,32070.0,27552.775390625,2496864
2018-05-03,31965.0,32065.0,31855.0,31960.0,27458.275390625,2091177
2018-05-04,31935.0,32015.0,31705.0,31705.0,27239.189453125,2924980
2018-05-08,31855.0,31925.0,31515.0,31560.0,27114.615234375,4574050
2018-05-09,31565.0,31620.0,31280.0,31455.0,27024.41015625,2769001
2018-05-10,31625.0,31730.0,31550.0,31670.0,27209.123046875,2139522
2018-05-11,31810.0,31985.0,31805.0,31865.0,27376.65234375,2029828
2018-05-14,31945.0,31975.0,31755.0,31800.0,27320.80859375,2152641
2018-05-15,31780.0,31845.0,31470.0,31510.0,27071.658203125,2241599
2018-05-16,31405.0,31695.0,31375.0,31610.0,27157.5703125,3080195
2018-05-17,31705.0,31815.0,31485.0,31495.0,27058.775390625,2361879
2018-05-18,31555.0,31610.0,31495.0,31595.0,27144.685546875,2207259
2018-05-21,31665.0,31745.0,31380.0,31645.0,27187.646484375,1950338
2018-05-23,31630.0,31885.0,31605.0,31860.0,27372.357421875,3136393
2018-05-24,31925.0,31940.0,31675.0,31760.0,27286.443359375,3444155
2018-05-25,31615.0,31890.0,31605.0,31810.0,27329.40234375,2853523
2018-05-28,31945.0,31990.0,31875.0,31945.0,27445.3828125,1854670
2018-05-29,31900.0,31945.0,31645.0,31650.0,27191.93359375,3133334
2018-05-30,31515.0,31525.0,30795.0,30975.0,26612.01171875,7661928
2018-05-31,31120.0,31170.0,30975.0,31100.0,26719.408203125,5851370
2018-06-01,31120.0,31405.0,30995.0,31290.0,26882.642578125,4611611
2018-06-04,31340.0,31535.0,31300.0,31455.0,27024.41015625,3571124
2018-06-05,31470.0,31545.0,31275.0,31525.0,27084.54296875,4168124
2018-06-07,31675.0,31910.0,31675.0,31800.0,27320.80859375,3957769
2018-06-08,31750.0,31755.0,31465.0,31490.0,27054.478515625,2692568
2018-06-11,31545.0,31780.0,31470.0,31765.0,27290.73828125,3118091
2018-06-12,31830.0,31900.0,31680.0,31725.0,27256.376953125,2346988
2018-06-14,31515.0,31525.0,31110.0,31145.0,26758.072265625,3214481
2018-06-15,31215.0,31250.0,30990.0,30990.0,26624.90234375,4057501
2018-06-18,30980.0,30985.0,30475.0,30620.0,26307.015625,5512924
2018-06-19,30555.0,30635.0,30140.0,30225.0,25967.65625,4598014
2018-06-20,30320.0,30625.0,30245.0,30440.0,26152.373046875,4022310
2018-06-21,30415.0,30535.0,30160.0,30180.0,25928.994140625,4939471
2018-06-22,29900.0,30410.0,29895.0,30410.0,26126.599609375,5456410
2018-06-25,30330.0,30465.0,30100.0,30395.0,26113.712890625,5747772
2018-06-26,30120.0,30425.0,30000.0,30360.0,26083.640625,4611046
2018-06-27,30275.0,30440.0,30230.0,30250.0,25989.134765625,5246462
2018-06-28,30155.0,30220.0,29900.0,29980.0,25757.16796875,4841587
2018-06-29,30015.0,30120.0,29695.0,30045.0,25813.0078125,5150527
2018-07-02,29995.0,30080.0,29375.0,29375.0,25237.384765625,5744397
2018-07-03,29540.0,29595.0,29200.0,29415.0,25271.748046875,5284633
2018-07-04,29430.0,29560.0,29305.0,29330.0,25198.72265625,4615651
2018-07-05,29330.0,29465.0,29090.0,29260.0,25138.580078125,3820560
2018-07-06,29250.0,29605.0,29130.0,29470.0,25319.0,5294536
2018-07-09,29460.0,29785.0,29375.0,29690.0,25508.015625,4911683
2018-07-10,29810.0,29905.0,29710.0,29730.0,25542.380859375,3032943
2018-07-11,29515.0,29635.0,29280.0,29560.0,25396.33203125,5975272
2018-07-12,29615.0,29800.0,29500.0,29650.0,25473.646484375,3651354
2018-07-13,29695.0,30040.0,29685.0,29945.0,25727.09765625,4289480
2018-07-16,29975.0,30050.0,29825.0,29855.0,25649.7734375,3540156
2018-07-17,29860.0,29925.0,29680.0,29820.0,25619.705078125,3265388
2018-07-18,29975.0,30115.0,29715.0,29750.0,25559.56640625,3761061
2018-07-19,29855.0,29905.0,29650.0,29670.0,25490.822265625,3060333
2018-07-20,29700.0,29860.0,29515.0,29815.0,25615.40625,4216449
2018-07-23,29800.0,29810.0,29525.0,29575.0,25409.212890625,3783040
2018-07-24,29630.0,29720.0,29470.0,29665.0,25486.53125,2162311
2018-07-25,29730.0,29845.0,29575.0,29610.0,25439.27734375,2295248
2018-07-26,29780.0,29935.0,29655.0,29810.0,25611.11328125,2598338
2018-07-27,29850.0,29900.0,29755.0,29900.0,25688.435546875,1656990
2018-07-30,29755.0,29850.0,29645.0,29765.0,25628.162109375,2977606
2018-07-31,29775.0,29815.0,29680.0,29805.0,25662.607421875,2586106
2018-08-01,29865.0,30035.0,29845.0,29910.0,25753.005859375,2676229
2018-08-02,29905.0,29905.0,29345.0,29375.0,25292.37109375,2992221
2018-08-03,29465.0,29620.0,29385.0,29605.0,25490.400390625,2066364
2018-08-06,29630.0,29785.0,29560.0,29560.0,25451.65234375,2082646
2018-08-07,29615.0,29770.0,29485.0,29760.0,25623.85546875,3529353
2018-08-08,29835.0,29890.0,29740.0,29765.0,25628.162109375,2495491
2018-08-09,29765.0,29800.0,29625.0,29750.0,25615.248046875,2210596
2018-08-10,29690.0,29690.0,29365.0,29425.0,25335.41796875,2680401
2018-08-13,29220.0,29265.0,28885.0,29035.0,24999.619140625,3406405
2018-08-14,29050.0,29220.0,29035.0,29165.0,25111.55078125,2349728
2018-08-16,28810.0,28970.0,28620.0,28880.0,24866.166015625,3396646
2018-08-17,28895.0,28980.0,28830.0,28890.0,24874.775390625,1781358
2018-08-20,29015.0,29150.0,28880.0,28915.0,24896.30078125,1768677
2018-08-21,28910.0,29270.0,28850.0,29230.0,25167.51953125,1920159
2018-08-22,29260.0,29420.0,29215.0,29335.0,25257.927734375,3353615
2018-08-23,29475.0,29480.0,29300.0,29455.0,25361.24609375,3671674
2018-08-24,29405.0,29635.0,29305.0,29570.0,25460.26953125,2589415
2018-08-27,29680.0,29770.0,29580.0,29720.0,25589.41796875,2472213
2018-08-28,29860.0,29935.0,29730.0,29740.0,25606.640625,3401332
2018-08-29,29780.0,29865.0,29730.0,29825.0,25679.822265625,2301610
2018-08-30,29870.0,30025.0,29770.0,29840.0,25692.7421875,3488998
2018-08-31,29710.0,29975.0,29655.0,29960.0,25796.0625,2663215
2018-09-03,29945.0,29945.0,29745.0,29785.0,25645.380859375,3103704
2018-09-04,29795.0,29945.0,29735.0,29915.0,25757.314453125,2960994
2018-09-05,29815.0,29875.0,29485.0,29530.0,25425.828125,2889590
2018-09-06,29460.0,29620.0,29415.0,29485.0,25387.076171875,1677992
2018-09-07,29265.0,29430.0,29120.0,29320.0,25245.015625,3673679
2018-09-10,29310.0,29450.0,29280.0,29385.0,25300.98046875,2688131
2018-09-11,29365.0,29510.0,29200.0,29290.0,25219.177734375,2049498
2018-09-12,29320.0,29365.0,29125.0,29260.0,25193.345703125,4041157
2018-09-13,29280.0,29380.0,29230.0,29300.0,25227.7890625,2810209
2018-09-14,29490.0,29800.0,29490.0,29765.0,25628.162109375,3642232
2018-09-17,29675.0,29690.0,29445.0,29530.0,25425.828125,3511470
2018-09-18,29335.0,29690.0,29320.0,29660.0,25537.755859375,2448479
2018-09-19,29800.0,29800.0,29570.0,29685.0,25559.28125,3497365
2018-09-20,29785.0,30075.0,29745.0,29965.0,25800.3671875,3953177
2018-09-21,30050.0,30085.0,29935.0,30085.0,25903.6875,5469249
2018-09-27,30025.0,30370.0,30015.0,30315.0,26101.72265625,3041003
2018-09-28,30355.0,30355.0,30110.0,30125.0,25938.126953125,3478828
2018-10-01,30175.0,30265.0,30010.0,30120.0,25933.818359375,2831055
2018-10-02,30095.0,30180.0,29735.0,29755.0,25619.552734375,2774295
2018-10-04,29795.0,29795.0,29240.0,29295.0,25223.484375,4316389
2018-10-05,29250.0,29360.0,29055.0,29250.0,25184.736328125,4824060
2018-10-08,29115.0,29335.0,29095.0,29105.0,25059.888671875,2754978
2018-10-10,29155.0,29170.0,28815.0,28915.0,24896.30078125,4439279
2018-10-11,28195.0,28375.0,27695.0,27720.0,23867.3828125,9634450
2018-10-12,27705.0,28215.0,27670.0,27990.0,24099.857421875,11122780
2018-10-15,27915.0,27980.0,27760.0,27835.0,23966.3984375,3122491
2018-10-16,27955.0,28045.0,27725.0,27760.0,23901.822265625,2458305
2018-10-17,28100.0,28290.0,28015.0,28120.0,24211.794921875,3006347
2018-10-18,28020.0,28105.0,27845.0,27870.0,23996.5390625,2474640
2018-10-19,27660.0,28020.0,27500.0,27980.0,24091.24609375,2795608
2018-10-22,27785.0,28100.0,27720.0,28035.0,24138.59765625,2640433
2018-10-23,27835.0,27865.0,27205.0,27385.0,23578.943359375,5839579
2018-10-24,27530.0,27555.0,27200.0,27245.0,23458.3984375,4858128
2018-10-25,26680.0,26825.0,26425.0,26810.0,23083.857421875,9371845
2018-10-26,26840.0,26845.0,26150.0,26385.0,22717.9296875,7519180
2018-10-29,26480.0,26655.0,26125.0,26170.0,22532.8046875,4949517
2018-10-30,26060.0,26510.0,25965.0,26270.0,22688.267578125,6411243
2018-10-31,26345.0,26425.0,26130.0,26390.0,22791.908203125,4961741
2018-11-01,26435.0,26725.0,26280.0,26280.0,22696.8984375,3891970
2018-11-02,26625.0,27295.0,26580.0,27275.0,23556.240234375,5189842
2018-11-05,27155.0,27155.0,26660.0,26975.0,23297.14453125,3800380
2018-11-06,27120.0,27210.0,26870.0,27165.0,23461.23828125,4458994
2018-11-07,27160.0,27410.0,26960.0,27025.0,23340.330078125,4680729
2018-11-08,27460.0,27630.0,27255.0,27255.0,23538.970703125,4929032
2018-11-09,27250.0,27350.0,27075.0,27090.0,23396.470703125,5953463
2018-11-12,26890.0,27220.0,26850.0,27160.0,23456.92578125,2430093
2018-11-13,26750.0,27000.0,26495.0,26955.0,23279.869140625,4562730
2018-11-14,26980.0,27010.0,26815.0,26885.0,23219.412109375,2925969
2018-11-15,26860.0,27180.0,26765.0,27155.0,23452.599609375,4271224
2018-11-16,27270.0,27335.0,27100.0,27135.0,23435.330078125,3356449
2018-11-19,27185.0,27405.0,27100.0,27230.0,23517.380859375,2666672
2018-11-20,26940.0,27090.0,26885.0,26960.0,23284.189453125,5398316
2018-11-21,26615.0,26865.0,26535.0,26830.0,23171.91796875,4113793
2018-11-22,26840.0,26925.0,26750.0,26800.0,23146.00390625,4093673
2018-11-23,26790.0,26865.0,26515.0,26630.0,22999.1796875,3209890
2018-11-26,26700.0,27015.0,26675.0,26990.0,23310.099609375,3634125
2018-11-27,27085.0,27255.0,26935.0,27200.0,23491.46875,3549561
2018-11-28,27295.0,27375.0,27155.0,27365.0,23633.97265625,2538744
2018-11-29,27740.0,27780.0,27355.0,27415.0,23677.15234375,2762362
2018-11-30,27480.0,27535.0,27100.0,27160.0,23456.92578125,2650097
2018-12-03,27550.0,27705.0,27375.0,27635.0,23867.16015625,4804101
2018-12-04,27525.0,27560.0,27190.0,27325.0,23599.423828125,5339318
2018-12-05,26970.0,27260.0,26970.0,27160.0,23456.92578125,4835105
2018-12-06,27025.0,27035.0,26705.0,26755.0,23107.13671875,5983795
2018-12-07,26870.0,26970.0,26730.0,26845.0,23184.87109375,5267793
2018-12-10,26485.0,26645.0,26400.0,26595.0,22968.958984375,9193145
2018-12-11,26635.0,26660.0,26445.0,26530.0,22912.81640625,8901803
2018-12-12,26635.0,26925.0,26600.0,26875.0,23210.78125,10237970
2018-12-13,26875.0,27150.0,26850.0,27015.0,23331.69140625,11176350
2018-12-14,27000.0,27010.0,26460.0,26585.0,22960.322265625,10740080
2018-12-17,26670.0,26765.0,26625.0,26660.0,23025.09375,7015431
2018-12-18,26520.0,26710.0,26480.0,26565.0,22943.04296875,4557060
2018-12-19,26635.0,26785.0,26580.0,26740.0,23094.189453125,6042374
2018-12-20,26585.0,26650.0,26350.0,26505.0,22891.2265625,5790840
2018-12-21,26445.0,26535.0,26370.0,26480.0,22869.6328125,5096066
2018-12-24,26435.0,26505.0,26330.0,26490.0,22878.265625,4294795
2018-12-26,26175.0,26295.0,25990.0,26145.0,22580.310546875,6861828
2018-12-27,26500.0,26590.0,26405.0,26470.0,22860.998046875,5319245
2018-12-28,26535.0,26700.0,26535.0,26580.0,22956.0,3708023
2019-01-02,26780.0,26820.0,26185.0,26270.0,22688.267578125,4436064
2019-01-03,26265.0,26295.0,25985.0,26015.0,22468.033203125,3470214
2019-01-04,26005.0,26250.0,25935.0,26215.0,22640.765625,4733260
2019-01-07,26545.0,26785.0,26530.0,26590.0,22964.63671875,2947481
2019-01-09,26525.0,27045.0,26525.0,26960.0,23284.189453125,3482073
2019-01-10,26985.0,27110.0,26880.0,26950.0,23275.55078125,2718357
2019-01-11,27065.0,27195.0,26975.0,27115.0,23418.056640625,3985366
2019-01-14,27060.0,27090.0,26855.0,26880.0,23215.09765625,1940834
2019-01-15,26980.0,27435.0,26965.0,27420.0,23681.47265625,3317853
2019-01-16,27410.0,27540.0,27330.0,27540.0,23785.111328125,3302017
2019-01-17,27600.0,27720.0,27500.0,27600.0,23836.935546875,3722421
2019-01-18,27755.0,27835.0,27690.0,27810.0,24018.294921875,3172305
2019-01-21,27995.0,28000.0,27665.0,27825.0,24031.251953125,3515767
2019-01-22,27850.0,27895.0,27585.0,27685.0,23910.341796875,3987636
2019-01-23,27580.0,27905.0,27565.0,27845.0,24048.5234375,3217514
2019-01-24,27830.0,28075.0,27795.0,28075.0,24247.166015625,3800098
2019-01-25,28160.0,28605.0,28125.0,28585.0,24687.630859375,6060433
2019-01-28,28640.0,28765.0,28475.0,28570.0,24674.67578125,5070421
2019-01-29,28525.0,28705.0,28390.0,28705.0,24791.267578125,4452212
2019-01-30,28690.0,29055.0,28660.0,29055.0,25093.548828125,7314232
2019-01-31,29330.0,29340.0,29020.0,29025.0,25067.638671875,5880436
2019-02-01,29125.0,29265.0,28955.0,28995.0,25041.734375,6311960
2019-02-07,29160.0,29195.0,28915.0,28995.0,25041.734375,4161669
2019-02-08,28840.0,28855.0,28530.0,28585.0,24687.630859375,5460700
2019-02-11,28590.0,28635.0,28450.0,28635.0,24730.8203125,6091902
2019-02-12,28640.0,28860.0,28590.0,28790.0,24864.685546875,8475630
2019-02-13,28920.0,28970.0,28840.0,28935.0,24989.912109375,2471927
2019-02-14,28845.0,29215.0,28710.0,29215.0,25231.732421875,3807831
2019-02-15,29090.0,29090.0,28710.0,28830.0,24899.228515625,3222287
2019-02-18,28975.0,29140.0,28915.0,29040.0,25080.591796875,4332836
2019-02-19,28985.0,29050.0,28740.0,28905.0,24964.0,3356371
2019-02-20,29100.0,29350.0,29030.0,29240.0,25253.326171875,5829073
2019-02-21,29140.0,29355.0,29020.0,29240.0,25253.326171875,3343135
2019-02-22,29185.0,29255.0,29090.0,29255.0,25266.279296875,1627660
2019-02-25,29420.0,29465.0,29205.0,29315.0,25318.1015625,3563999
2019-02-26,29300.0,29335.0,29145.0,29205.0,25223.1015625,2292864
2019-02-27,29305.0,29370.0,29240.0,29300.0,25305.146484375,2632946
2019-02-28,29255.0,29300.0,28805.0,28805.0,24877.630859375,4207458
2019-03-04,29005.0,29115.0,28660.0,28665.0,24756.72265625,3608799
2019-03-05,28575.0,28605.0,28375.0,28465.0,24583.990234375,3056659
2019-03-06,28445.0,28445.0,28320.0,28385.0,24514.904296875,4014878
2019-03-07,28365.0,28520.0,28195.0,28300.0,24441.48828125,6051864
2019-03-08,28170.0,28215.0,27915.0,27915.0,24108.98046875,5327232
2019-03-11,27950.0,28030.0,27835.0,27935.0,24126.25390625,5519759
2019-03-12,28130.0,28280.0,28130.0,28220.0,24372.400390625,3950534
2019-03-13,28135.0,28140.0,27820.0,28015.0,24195.349609375,4683833
2019-03-14,28105.0,28195.0,27925.0,28090.0,24260.1171875,3729342
2019-03-15,28060.0,28515.0,28055.0,28415.0,24540.80859375,4143656
2019-03-18,28475.0,28525.0,28370.0,28440.0,24562.404296875,4332942
2019-03-19,28470.0,28495.0,28315.0,28410.0,24536.4921875,2612525
2019-03-20,28335.0,28450.0,28085.0,28445.0,24566.720703125,3821265
2019-03-21,28500.0,28885.0,28500.0,28640.0,24735.1328125,5280026
2019-03-22,28785.0,28865.0,28650.0,28705.0,24791.267578125,3061279
2019-03-25,28330.0,28375.0,28150.0,28150.0,24311.947265625,2898902
2019-03-26,28210.0,28265.0,28135.0,28170.0,24329.212890625,3430954
2019-03-27,28110.0,28260.0,27930.0,28165.0,24324.8984375,4415741
2019-03-28,28000.0,28120.0,27885.0,28010.0,24191.029296875,3250308
2019-03-29,28030.0,28190.0,27960.0,28175.0,24333.53125,4734115
2019-04-01,28315.0,28585.0,28315.0,28550.0,24657.40234375,2160709
2019-04-02,28610.0,28735.0,28600.0,28660.0,24752.408203125,2229905
2019-04-03,28690.0,29080.0,28625.0,29080.0,25115.14453125,2591755
2019-04-04,29075.0,29295.0,29030.0,29110.0,25141.056640625,4693934
2019-04-05,29115.0,29255.0,29095.0,29165.0,25188.548828125,3042912
2019-04-08,29270.0,29290.0,29015.0,29095.0,25128.09765625,4483423
2019-04-09,29130.0,29300.0,29035.0,29145.0,25171.28125,4423511
2019-04-10,29040.0,29300.0,29025.0,29295.0,25300.828125,4116696
2019-04-11,29330.0,29365.0,29125.0,29230.0,25244.69140625,4104946
2019-04-12,29205.0,29360.0,29075.0,29300.0,25305.146484375,3374150
2019-04-15,29390.0,29570.0,29390.0,29420.0,25408.783203125,4358021
2019-04-16,29375.0,29555.0,29375.0,29535.0,25508.1015625,2023233
2019-04-17,29550.0,29600.0,29480.0,29515.0,25490.830078125,3678037
2019-04-18,29540.0,29575.0,29005.0,29045.0,25084.9140625,3603858
2019-04-19,29155.0,29220.0,29045.0,29050.0,25089.23046875,2224390
2019-04-22,29060.0,29230.0,28930.0,29055.0,25093.548828125,2645763
2019-04-23,29050.0,29165.0,29000.0,29105.0,25136.73046875,3606409
2019-04-24,29220.0,29245.0,28660.0,28790.0,24864.685546875,4316616
2019-04-25,28755.0,28885.0,28675.0,28745.0,24825.818359375,2040089
2019-04-26,28610.0,28690.0,28435.0,28575.0,24678.9921875,2996424
2019-04-29,28220.0,28675.0,28165.0,28675.0,25175.033203125,2164206
2019-04-30,28675.0,28675.0,28260.0,28495.0,25017.0078125,3234671
2019-05-02,28390.0,28700.0,28310.0,28620.0,25126.7421875,1208012
2019-05-03,28600.0,28600.0,28315.0,28365.0,24902.869140625,1735201
2019-05-07,28115.0,28165.0,27870.0,28140.0,24705.333984375,2900579
2019-05-08,27775.0,28175.0,27765.0,28010.0,24591.19921875,2167560
2019-05-09,27890.0,27935.0,27155.0,27190.0,23871.287109375,5553676
2019-05-10,27320.0,27445.0,26980.0,27240.0,23915.18359375,5120428
2019-05-13,27030.0,27155.0,26870.0,26920.0,23634.2421875,3513295
2019-05-14,26625.0,27060.0,26600.0,26870.0,23590.34375,6234543
2019-05-15,26960.0,27090.0,26750.0,26995.0,23700.08984375,3911797
2019-05-16,26955.0,26995.0,26555.0,26615.0,23366.466796875,7121653
2019-05-17,26740.0,26815.0,26400.0,26440.0,23212.82421875,3981900
2019-05-20,26530.0,26770.0,26455.0,26510.0,23274.291015625,2935237
2019-05-21,26510.0,26860.0,26480.0,26640.0,23388.419921875,4344525
2019-05-22,26710.0,26770.0,26400.0,26700.0,23441.095703125,4078279
2019-05-23,26700.0,26720.0,26465.0,26665.0,23410.36328125,3304788
2019-05-24,26560.0,26645.0,26335.0,26470.0,23239.169921875,3667436
2019-05-27,26440.0,26605.0,26345.0,26490.0,23256.720703125,2551605
2019-05-28,26480.0,26620.0,26365.0,26530.0,23291.841796875,2672494
2019-05-29,26445.0,26455.0,26050.0,26170.0,22975.78125,4378978
2019-05-30,26230.0,26430.0,26205.0,26410.0,23186.490234375,3212928
2019-05-31,26360.0,26525.0,26190.0,26365.0,23146.98828125,5798455
2019-06-03,26320.0,26830.0,26245.0,26800.0,23528.890625,2769099
2019-06-04,26780.0,26845.0,26685.0,26750.0,23484.994140625,3631111
2019-06-05,27000.0,27060.0,26745.0,26780.0,23511.330078125,3543181
2019-06-07,26780.0,26995.0,26615.0,26790.0,23520.109375,3028214
2019-06-10,26930.0,27240.0,26865.0,27180.0,23862.509765625,2871894
2019-06-11,27130.0,27375.0,27105.0,27335.0,23998.587890625,1700625
2019-06-12,27330.0,27430.0,27215.0,27240.0,23915.18359375,2278066
2019-06-13,27140.0,27265.0,26830.0,27015.0,23717.646484375,3670032
2019-06-14,27015.0,27160.0,26870.0,27010.0,23713.2578125,4061312
2019-06-17,26985.0,27160.0,26925.0,27025.0,23726.42578125,1860460
2019-06-18,27005.0,27200.0,26985.0,27160.0,23844.947265625,2449029
2019-06-19,27465.0,27565.0,27415.0,27500.0,24143.44921875,2174759
2019-06-20,27510.0,27610.0,27455.0,27595.0,24226.849609375,1979648
2019-06-21,27610.0,27630.0,27465.0,27520.0,24161.0078125,3139462
2019-06-24,27545.0,27680.0,27530.0,27565.0,24200.51171875,2500167
2019-06-25,27540.0,27705.0,27415.0,27525.0,24165.3984375,4001177
2019-06-26,27490.0,27625.0,27470.0,27555.0,24191.734375,2783551
2019-06-27,27635.0,27940.0,27580.0,27890.0,24485.8515625,3439937
2019-06-28,27890.0,27935.0,27755.0,27820.0,24424.392578125,3020101
2019-07-01,28030.0,28100.0,27785.0,27825.0,24428.779296875,3670674
2019-07-02,27705.0,27830.0,27550.0,27670.0,24292.703125,3291432
2019-07-03,27650.0,27740.0,27275.0,27315.0,23981.03515625,3097923
2019-07-04,27345.0,27550.0,27285.0,27545.0,24182.953125,2841982
2019-07-05,27550.0,27605.0,27335.0,27505.0,24147.841796875,2125406
2019-07-08,27305.0,27305.0,26925.0,26930.0,23643.021484375,3605201
2019-07-09,27010.0,27105.0,26875.0,26875.0,23594.736328125,2838948
2019-07-10,26975.0,27110.0,26970.0,26975.0,23682.533203125,2416813
2019-07-11,27135.0,27390.0,27105.0,27305.0,23972.251953125,2866043
2019-07-12,27265.0,27405.0,27215.0,27365.0,24024.92578125,1782395
2019-07-15,27275.0,27415.0,27185.0,27350.0,24011.7578125,1294606
2019-07-16,27385.0,27535.0,27310.0,27470.0,24117.107421875,2343196
2019-07-17,27310.0,27340.0,27130.0,27225.0,23902.01953125,1886064
2019-07-18,27180.0,27260.0,27065.0,27165.0,23849.337890625,2289131
2019-07-19,27315.0,27610.0,27315.0,27545.0,24182.953125,2531561
2019-07-22,27470.0,27620.0,27435.0,27535.0,24174.17578125,1794369
2019-07-23,27600.0,27755.0,27555.0,27670.0,24292.703125,2105177
2019-07-24,27605.0,27740.0,27375.0,27405.0,24060.044921875,1924406
2019-07-25,27480.0,27535.0,27215.0,27355.0,24016.150390625,2938107
2019-07-26,27230.0,27335.0,27165.0,27295.0,23963.46875,2076755
2019-07-29,27250.0,27275.0,26830.0,26930.0,23643.021484375,3331828
2019-07-30,26955.0,27020.0,26885.0,26940.0,23704.6171875,2580864
2019-07-31,26850.0,26975.0,26575.0,26670.0,23467.0390625,2745596
2019-08-01,26505.0,26795.0,26490.0,26640.0,23440.646484375,2146728
2019-08-02,26355.0,26420.0,26210.0,26340.0,23176.671875,5140427
2019-08-05,26210.0,26500.0,25730.0,25770.0,22675.125,8266518
2019-08-06,25185.0,25745.0,25125.0,25410.0,22358.361328125,8825204
2019-08-07,25410.0,25520.0,25160.0,25255.0,22221.974609375,3333444
2019-08-08,25465.0,25580.0,25275.0,25365.0,22318.76171875,3710833
2019-08-09,25520.0,25645.0,25485.0,25540.0,22472.75390625,3033584
2019-08-12,25560.0,25670.0,25480.0,25580.0,22507.9453125,2153510
2019-08-13,25470.0,25480.0,25305.0,25320.0,22279.16796875,3511773
2019-08-14,25570.0,25710.0,25480.0,25500.0,22437.55078125,6126555
2019-08-16,25350.0,25415.0,25175.0,25415.0,22362.759765625,3038038
2019-08-19,25575.0,25620.0,25465.0,25575.0,22503.55078125,2914213
2019-08-20,25560.0,25875.0,25525.0,25825.0,22723.51953125,3492615
2019-08-21,25775.0,25970.0,25760.0,25875.0,22767.515625,4711183
2019-08-22,25900.0,25900.0,25645.0,25670.0,22587.138671875,3391452
2019-08-23,25560.0,25705.0,25530.0,25645.0,22565.13671875,2994065
2019-08-26,25195.0,25330.0,25130.0,25270.0,22235.173828125,2618334
2019-08-27,25395.0,25510.0,25295.0,25350.0,22305.56640625,2425269
2019-08-28,25440.0,25615.0,25390.0,25595.0,22521.138671875,1845817
2019-08-29,25605.0,25620.0,25395.0,25455.0,22397.955078125,3050467
2019-08-30,25620.0,25980.0,25620.0,25875.0,22767.515625,3176629
2019-09-02,25840.0,25985.0,25810.0,25920.0,22807.1171875,1785651
2019-09-03,25850.0,25990.0,25770.0,25820.0,22719.119140625,3691214
2019-09-04,25800.0,26205.0,25775.0,26205.0,23057.884765625,2639496
2019-09-05,26250.0,26620.0,26235.0,26435.0,23260.265625,3360391
2019-09-06,26615.0,26625.0,26490.0,26555.0,23365.85546875,3421205
2019-09-09,26615.0,26885.0,26605.0,26770.0,23555.033203125,2623180
2019-09-10,26800.0,26910.0,26750.0,26885.0,23656.224609375,2472060
2019-09-11,26970.0,27130.0,26960.0,27085.0,23832.203125,3424701
2019-09-16,27195.0,27200.0,26975.0,27170.0,23907.0,2772633
2019-09-17,27170.0,27230.0,27080.0,27160.0,23898.193359375,4243469
2019-09-18,27210.0,27370.0,27120.0,27310.0,24030.18359375,2891876
2019-09-19,27280.0,27610.0,27280.0,27490.0,24188.564453125,4104276
2019-09-20,27480.0,27680.0,27440.0,27640.0,24320.5546875,3713630
2019-09-23,27580.0,27705.0,27575.0,27675.0,24351.349609375,3868698
2019-09-24,27675.0,27840.0,27580.0,27840.0,24496.53125,4924502
2019-09-25,27705.0,27720.0,27430.0,27440.0,24144.568359375,3807415
2019-09-26,27530.0,27650.0,27360.0,27490.0,24188.564453125,4153064
2019-09-27,27440.0,27445.0,27120.0,27200.0,23933.388671875,2487450
2019-09-30,27135.0,27455.0,27085.0,27430.0,24135.765625,2494451
2019-10-01,27390.0,27620.0,27360.0,27495.0,24192.9609375,2215522
2019-10-02,27300.0,27300.0,26910.0,26910.0,23678.216796875,3261248
2019-10-04,26845.0,27090.0,26800.0,26800.0,23581.4296875,2992239
2019-10-07,26930.0,27040.0,26775.0,26845.0,23621.025390625,2255723
2019-10-08,26920.0,27255.0,26905.0,27240.0,23968.5859375,2697678
2019-10-10,26940.0,27155.0,26690.0,27045.0,23797.00390625,3894024
2019-10-11,27265.0,27345.0,27140.0,27235.0,23964.19140625,3528399
2019-10-14,27540.0,27650.0,27495.0,27515.0,24210.55859375,2612258
2019-10-15,27470.0,27590.0,27470.0,27550.0,24241.353515625,1550976
2019-10-16,27710.0,27840.0,27615.0,27705.0,24377.744140625,2730059
2019-10-17,27735.0,27755.0,27565.0,27615.0,24298.55078125,1864048
2019-10-18,27680.0,27790.0,27320.0,27340.0,24056.576171875,4060845
2019-10-21,27365.0,27500.0,27365.0,27495.0,24192.9609375,1653346
2019-10-22,27605.0,27900.0,27600.0,27860.0,24514.126953125,4021151
2019-10-23,27800.0,27835.0,27630.0,27690.0,24364.54296875,2601126
2019-10-24,27800.0,27840.0,27530.0,27765.0,24430.537109375,3021126
2019-10-25,27845.0,27855.0,27665.0,27790.0,24452.53125,2762210
2019-10-28,27910.0,28035.0,27840.0,27895.0,24544.921875,4093710
2019-10-29,28005.0,28040.0,27790.0,27835.0,24492.126953125,5513969
2019-10-30,27795.0,27795.0,27535.0,27555.0,24306.8828125,4852015
2019-10-31,27700.0,27935.0,27610.0,27660.0,24399.5078125,4497259
2019-11-01,27645.0,27870.0,27580.0,27870.0,24584.755859375,3888893
2019-11-04,28130.0,28290.0,28030.0,28270.0,24937.6015625,5395382
2019-11-05,28300.0,28480.0,28265.0,28460.0,25105.201171875,5564332
2019-11-06,28460.0,28655.0,28410.0,28475.0,25118.4375,10161690
2019-11-07,28440.0,28510.0,28340.0,28440.0,25087.564453125,6131191
2019-11-08,28590.0,28640.0,28315.0,28345.0,25003.76171875,5305643
2019-11-11,28330.0,28340.0,28075.0,28125.0,24809.6953125,6818165
2019-11-12,28200.0,28385.0,28110.0,28375.0,25030.22265625,6359356
2019-11-13,28280.0,28280.0,28075.0,28145.0,24827.337890625,4864168
2019-11-14,28200.0,28370.0,28140.0,28370.0,25025.814453125,2495380
2019-11-15,28440.0,28800.0,28365.0,28770.0,25378.66015625,5760390
2019-11-18,28745.0,28780.0,28645.0,28740.0,25352.203125,5057125
2019-11-19,28595.0,28650.0,28410.0,28615.0,25241.931640625,4429797
2019-11-20,28470.0,28550.0,28235.0,28245.0,24915.548828125,5636452
2019-11-21,28215.0,28245.0,27755.0,27830.0,24549.466796875,3820061
2019-11-22,27865.0,28015.0,27855.0,27965.0,24668.5546875,5160995
2019-11-25,28135.0,28370.0,28130.0,28275.0,24942.015625,5374312
2019-11-26,28335.0,28515.0,28280.0,28280.0,24946.42578125,5389081
2019-11-27,28365.0,28465.0,28170.0,28310.0,24972.884765625,4811190
2019-11-28,28185.0,28305.0,28115.0,28185.0,24862.62109375,2283605
2019-11-29,28245.0,28285.0,27680.0,27700.0,24434.79296875,5197991
2019-12-02,27875.0,27980.0,27765.0,27790.0,24514.18359375,6322101
2019-12-03,27550.0,27700.0,27420.0,27650.0,24390.689453125,4002906
2019-12-04,27465.0,27520.0,27325.0,27465.0,24227.494140625,4910700
2019-12-05,27610.0,27695.0,27285.0,27400.0,24170.15625,5578222
2019-12-06,27510.0,27755.0,27510.0,27720.0,24452.43359375,7610072
2019-12-09,27860.0,27925.0,27750.0,27845.0,24562.697265625,7642071
2019-12-10,27760.0,28005.0,27730.0,27985.0,24686.193359375,5955793
2019-12-11,27975.0,28145.0,27900.0,28095.0,24783.23046875,5802595
2019-12-12,28260.0,28605.0,28215.0,28605.0,25233.11328125,7154565
2019-12-13,28965.0,29075.0,28915.0,29050.0,25625.654296875,7460134
2019-12-16,29050.0,29145.0,29020.0,29040.0,25616.83203125,5343162
2019-12-17,29155.0,29495.0,29110.0,29440.0,25969.6875,10572970
2019-12-18,29480.0,29625.0,29365.0,29435.0,25965.275390625,6714137
2019-12-19,29540.0,29625.0,29330.0,29465.0,25991.73828125,6879979
2019-12-20,29570.0,29605.0,29430.0,29530.0,26049.076171875,7391862
2019-12-23,29650.0,29655.0,29445.0,29525.0,26044.66796875,7256939
2019-12-24,29545.0,29565.0,29310.0,29335.0,25877.060546875,5534357
2019-12-26,29330.0,29455.0,29235.0,29455.0,25982.91796875,4166555
2019-12-27,29580.0,30140.0,29535.0,29885.0,26362.228515625,5550797
2019-12-30,29970.0,29980.0,29780.0,29780.0,26269.609375,4046520
2020-01-02,29805.0,29880.0,29410.0,29465.0,25991.73828125,4789254
2020-01-03,29725.0,29890.0,29305.0,29460.0,25987.328125,7936853
2020-01-06,29255.0,29340.0,29175.0,29235.0,25788.8515625,5762210
2020-01-07,29430.0,29645.0,29360.0,29530.0,26049.076171875,5533809
2020-01-08,29305.0,29500.0,29150.0,29340.0,25881.47265625,6390929
2020-01-09,29745.0,29830.0,29635.0,29830.0,26313.712890625,4573148
2020-01-10,29830.0,30100.0,29825.0,30075.0,26529.830078125,3365491
2020-01-13,30075.0,30405.0,30055.0,30385.0,26803.29296875,5358828
2020-01-14,30545.0,30740.0,30505.0,30530.0,26931.19921875,5973830
2020-01-15,30460.0,30500.0,30300.0,30350.0,26772.4140625,4884428
2020-01-16,30350.0,30670.0,30315.0,30660.0,27045.873046875,6501932
2020-01-17,30815.0,30995.0,30665.0,30730.0,27107.625,12015350
2020-01-20,30865.0,31135.0,30850.0,30960.0,27310.509765625,5988445
2020-01-21,30935.0,30995.0,30580.0,30615.0,27006.18359375,6020932
2020-01-22,30550.0,31050.0,30535.0,31020.0,27363.4375,3640021
2020-01-23,30820.0,30860.0,30590.0,30615.0,27006.18359375,5614407
2020-01-28,29900.0,30055.0,29535.0,29685.0,26185.8046875,8162182
2020-01-29,29815.0,29940.0,29635.0,29785.0,26274.013671875,2968338
2020-01-30,29695.0,29765.0,29095.0,29175.0,25779.19921875,8272628
2020-01-31,29370.0,29485.0,28865.0,28865.0,25505.279296875,3341177
2020-02-03,28540.0,28995.0,28400.0,28895.0,25531.787109375,8098255
2020-02-04,28900.0,29475.0,28875.0,29390.0,25969.173828125,16169650
2020-02-05,29690.0,29765.0,29380.0,29535.0,26097.294921875,8868720
2020-02-06,29855.0,30465.0,29810.0,30415.0,26874.873046875,7722910
2020-02-07,30350.0,30350.0,29970.0,30160.0,26649.546875,6169272
2020-02-10,29815.0,30030.0,29690.0,30000.0,26508.173828125,5082298
2020-02-11,30095.0,30480.0,30095.0,30290.0,26764.419921875,7530168
2020-02-12,30255.0,30590.0,30170.0,30540.0,26985.318359375,6612638
2020-02-13,30610.0,30790.0,30385.0,30465.0,26919.052734375,7663996
2020-02-14,30410.0,30770.0,30265.0,30650.0,27082.515625,7689335
2020-02-17,30600.0,30760.0,30470.0,30625.0,27060.42578125,4963297
2020-02-18,30400.0,30470.0,30095.0,30140.0,26631.875,8312288
2020-02-19,30300.0,30360.0,29915.0,30195.0,26680.4765625,7431960
2020-02-20,30390.0,30480.0,29860.0,30040.0,26543.509765625,5903424
2020-02-21,29620.0,29880.0,29540.0,29610.0,26163.56640625,9081062
2020-02-24,29110.0,29110.0,28475.0,28495.0,25178.345703125,13008270
2020-02-25,28480.0,28820.0,28350.0,28810.0,25456.6796875,6870850
2020-02-26,28390.0,28565.0,28185.0,28390.0,25085.568359375,10156090
2020-02-27,28380.0,28470.0,28000.0,28095.0,24824.90234375,12999940
2020-02-28,27685.0,27780.0,27135.0,27190.0,24025.244140625,21569020
2020-03-02,27325.0,27615.0,26980.0,27450.0,24254.9765625,14252990
2020-03-03,28065.0,28130.0,27440.0,27575.0,24365.4296875,9381632
2020-03-04,27360.0,28245.0,27360.0,28200.0,24917.68359375,6263925
2020-03-05,28370.0,28580.0,28125.0,28450.0,25138.583984375,7628273
2020-03-06,28075.0,28190.0,27745.0,27880.0,24634.92578125,9931963
2020-03-09,27000.0,27120.0,26525.0,26705.0,23596.693359375,9080890
2020-03-10,26660.0,26940.0,26495.0,26855.0,23729.232421875,11906530
2020-03-11,26810.0,26870.0,25945.0,26055.0,23022.3515625,12151440
2020-03-12,25860.0,25910.0,24700.0,25180.0,22249.19921875,20023290
2020-03-13,23225.0,25045.0,23060.0,24530.0,21674.84765625,20127280
2020-03-16,24700.0,24970.0,23570.0,23640.0,20888.443359375,23580770
2020-03-17,22775.0,23815.0,22595.0,23110.0,20420.130859375,39520570
2020-03-18,23120.0,23295.0,21840.0,21840.0,19297.955078125,21312230
2020-03-19,22335.0,22490.0,19945.0,20240.0,17884.17578125,51860190
2020-03-20,20825.0,21795.0,20385.0,21795.0,19258.189453125,24123910
2020-03-23,20230.0,21020.0,20190.0,20515.0,18127.173828125,21981540
2020-03-24,21100.0,22420.0,20795.0,22420.0,19810.439453125,17505230
2020-03-25,23090.0,23760.0,22780.0,23705.0,20945.873046875,31112730
2020-03-26,23695.0,24050.0,22885.0,23245.0,20539.416015625,14333410
2020-03-27,24230.0,24350.0,23010.0,23805.0,21034.234375,15419080
2020-03-30,23060.0,23910.0,22915.0,23665.0,20910.52734375,13594960
2020-03-31,23815.0,24140.0,23640.0,24085.0,21281.6484375,11775880
2020-04-01,23870.0,24145.0,22955.0,22955.0,20283.171875,16330220
2020-04-02,23075.0,23665.0,22755.0,23660.0,20906.11328125,12982550
2020-04-03,23710.0,23865.0,23315.0,23600.0,20853.095703125,12634670
2020-04-06,23835.0,24580.0,23810.0,24540.0,21683.681640625,12547450
2020-04-07,24910.0,25190.0,24495.0,24925.0,22023.875,11469910
2020-04-08,24795.0,25115.0,24560.0,24560.0,21701.357421875,10002900
2020-04-09,24990.0,25030.0,24685.0,24950.0,22045.9609375,15407600
2020-04-10,24900.0,25195.0,24820.0,25160.0,22231.51953125,10582920
2020-04-13,25085.0,25085.0,24720.0,24730.0,21851.5703125,18836970
2020-04-14,24940.0,25295.0,24855.0,25160.0,22231.51953125,11593020
2020-04-16,24895.0,25205.0,24750.0,25160.0,22231.51953125,7818456
2020-04-17,25675.0,26135.0,25650.0,25925.0,22907.482421875,10773350
2020-04-20,25890.0,25980.0,25545.0,25615.0,22633.56640625,7132724
2020-04-21,25490.0,25595.0,24910.0,25330.0,22381.732421875,17159400
2020-04-22,24990.0,25650.0,24855.0,25550.0,22576.12890625,17968040
2020-04-23,25710.0,25950.0,25555.0,25800.0,22797.03125,12776990
2020-04-24,25650.0,25705.0,25300.0,25415.0,22456.83984375,5649702
2020-04-27,25505.0,26020.0,25465.0,25920.0,22903.064453125,6073125
2020-04-28,25590.0,25740.0,25335.0,25650.0,23042.306640625,5994490
2020-04-29,25680.0,25995.0,25605.0,25820.0,23195.01953125,7228447
2020-05-04,25320.0,25385.0,25000.0,25035.0,22489.826171875,8156063
2020-05-06,25500.0,25500.0,25125.0,25500.0,22907.55859375,9817405
2020-05-07,25405.0,25625.0,25315.0,25440.0,22853.65625,5366589
2020-05-08,25610.0,25845.0,25610.0,25660.0,23051.283203125,5422137
2020-05-11,25720.0,25885.0,25440.0,25475.0,22885.095703125,4125466
2020-05-12,25505.0,25530.0,25075.0,25295.0,22723.396484375,6335250
2020-05-13,25000.0,25585.0,24965.0,25585.0,22983.91015625,5355888
2020-05-14,25350.0,25420.0,25170.0,25315.0,22741.361328125,4350368
2020-05-15,25525.0,25525.0,25190.0,25375.0,22795.259765625,5123430
2020-05-18,25505.0,25620.0,25285.0,25540.0,22943.490234375,5149328
2020-05-19,26110.0,26260.0,26020.0,26200.0,23536.38671875,6469729
2020-05-20,26095.0,26335.0,26075.0,26260.0,23590.287109375,4169296
2020-05-21,26420.0,26465.0,26300.0,26375.0,23693.59375,4766277
2020-05-22,26375.0,26410.0,25815.0,25930.0,23293.837890625,6828391
2020-05-25,26070.0,26260.0,25885.0,26255.0,23585.796875,5169598
2020-05-26,26295.0,26730.0,26280.0,26730.0,24012.50390625,7188289
2020-05-27,26605.0,26885.0,26555.0,26745.0,24025.9765625,6852185
2020-05-28,26940.0,27110.0,26510.0,26825.0,24097.84765625,8587048
2020-05-29,26650.0,26950.0,26520.0,26775.0,24052.931640625,6165792
2020-06-01,26840.0,27305.0,26840.0,27305.0,24529.048828125,5652096
2020-06-02,27305.0,27635.0,27240.0,27590.0,24785.076171875,5629814
2020-06-03,27830.0,28775.0,27830.0,28600.0,25692.392578125,9224967
2020-06-04,28965.0,29280.0,28535.0,28635.0,25723.8359375,10180220
2020-06-05,28565.0,29145.0,28480.0,29115.0,26155.0390625,8439651
2020-06-08,29500.0,29635.0,28975.0,29075.0,26119.1015625,8293513
2020-06-09,29290.0,29485.0,28785.0,29090.0,26132.57421875,6794283
2020-06-10,29080.0,29300.0,28965.0,29180.0,26213.4296875,5691207
2020-06-11,28950.0,29185.0,28390.0,28700.0,25782.220703125,7922550
2020-06-12,27670.0,28185.0,27570.0,28115.0,25256.69921875,11764980
2020-06-15,27800.0,28025.0,26700.0,26700.0,23985.552734375,16303800
2020-06-16,27390.0,28340.0,27355.0,28340.0,25458.826171875,11371940
2020-06-17,28275.0,28465.0,27795.0,28260.0,25386.9609375,9731193
2020-06-18,28135.0,28300.0,27955.0,28180.0,25315.08984375,5713051
2020-06-22,28025.0,28325.0,27985.0,28080.0,25225.255859375,4964054
2020-06-23,28310.0,28550.0,27880.0,28155.0,25292.6328125,10265760
2020-06-24,28290.0,28780.0,28280.0,28615.0,25705.865234375,6322855
2020-06-25,28190.0,28375.0,27895.0,27895.0,25059.072265625,12679280
2020-06-26,28165.0,28425.0,28005.0,28285.0,25409.416015625,12521360
2020-06-29,27935.0,28195.0,27730.0,27830.0,25000.671875,8476172
2020-06-30,28230.0,28430.0,28070.0,28070.0,25216.279296875,6166217
2020-07-01,28385.0,28415.0,28005.0,28085.0,25229.751953125,4415776
2020-07-02,28165.0,28440.0,28145.0,28440.0,25548.658203125,2907794
2020-07-06,28735.0,29180.0,28690.0,29115.0,26155.0390625,5381896
2020-07-07,29280.0,29365.0,28745.0,28765.0,25840.6171875,5361100
2020-07-08,28765.0,28895.0,28600.0,28680.0,25764.255859375,4845039
2020-07-09,28825.0,29030.0,28785.0,28815.0,25885.53515625,4880889
2020-07-10,28870.0,28890.0,28405.0,28535.0,25633.998046875,4581647
2020-07-13,28830.0,29105.0,28725.0,29080.0,26123.59375,3131356
2020-07-14,28875.0,29035.0,28755.0,29035.0,26083.169921875,3587560
2020-07-15,29350.0,29535.0,29175.0,29325.0,26343.68359375,4931552
2020-07-16,29325.0,29340.0,28920.0,29005.0,26056.21875,4557155
2020-07-17,29045.0,29270.0,29040.0,29225.0,26253.853515625,3884905
2020-07-20,29310.0,29355.0,28965.0,29155.0,26190.974609375,3207409
2020-07-21,29420.0,29695.0,29390.0,29580.0,26572.759765625,4859066
2020-07-22,29570.0,29685.0,29420.0,29470.0,26473.943359375,4883828
2020-07-23,29480.0,29480.0,29095.0,29295.0,26316.736328125,4958368
2020-07-24,29050.0,29320.0,29005.0,29135.0,26173.0,2683670
2020-07-27,29085.0,29580.0,29070.0,29415.0,26424.53515625,3795641
2020-07-28,29625.0,30190.0,29625.0,30030.0,26977.015625,6080440
2020-07-29,30030.0,30380.0,30005.0,30185.0,27116.251953125,7738469
2020-07-30,30250.0,30400.0,30160.0,30170.0,27152.25390625,3642152
2020-07-31,30295.0,30415.0,29880.0,29930.0,26936.259765625,4577474
2020-08-03,29935.0,30015.0,29740.0,29930.0,26936.259765625,3750003
2020-08-04,30110.0,30405.0,30105.0,30290.0,27260.25,6553108
2020-08-05,30375.0,30625.0,30270.0,30620.0,27557.2421875,4857641
2020-08-06,30720.0,31280.0,30720.0,31105.0,27993.7265625,6407187
2020-08-07,31200.0,31395.0,30965.0,31235.0,28110.728515625,6374329
2020-08-10,31180.0,31760.0,31145.0,31700.0,28529.216796875,7559793
2020-08-11,31775.0,32275.0,31715.0,32100.0,28889.208984375,7701540
2020-08-12,31985.0,32275.0,31735.0,32275.0,29046.69921875,6388936
2020-08-13,32605.0,32625.0,31925.0,32260.0,29033.197265625,7295260
2020-08-14,32215.0,32255.0,31635.0,31920.0,28727.208984375,6985384
2020-08-18,32035.0,32170.0,31165.0,31260.0,28133.224609375,5474847
2020-08-19,31480.0,31690.0,31330.0,31370.0,28232.22265625,5118590
2020-08-20,31110.0,31255.0,30115.0,30160.0,27143.25390625,7308573
2020-08-21,30510.0,30980.0,30305.0,30615.0,27552.744140625,5607570
2020-08-24,30690.0,31010.0,30360.0,30955.0,27858.732421875,5169147
2020-08-25,31180.0,31415.0,31040.0,31360.0,28223.228515625,5533658
2020-08-26,31330.0,31490.0,30965.0,31365.0,28227.728515625,5346871
2020-08-27,31435.0,31485.0,31085.0,31085.0,27975.73046875,5036480
2020-08-28,31305.0,31600.0,31075.0,31250.0,28124.228515625,5041898
2020-08-31,31480.0,31615.0,30745.0,30745.0,27669.73828125,6344963
2020-09-01,30805.0,31100.0,30750.0,30985.0,27885.734375,4541993
2020-09-02,31195.0,31290.0,30840.0,31145.0,28029.732421875,5281268
2020-09-03,31440.0,31730.0,31420.0,31615.0,28452.71875,5511645
2020-09-04,30810.0,31225.0,30790.0,31175.0,28056.728515625,4785769
2020-09-07,31175.0,31410.0,31055.0,31315.0,28182.728515625,4530517
2020-09-08,31580.0,31715.0,31450.0,31715.0,28542.71484375,5917810
2020-09-09,31335.0,31555.0,31270.0,31325.0,28191.7265625,5123407
2020-09-10,31625.0,31760.0,31530.0,31625.0,28461.716796875,6850697
2020-09-11,31475.0,31635.0,31285.0,31605.0,28443.720703125,7401274
2020-09-14,31885.0,32080.0,31815.0,32030.0,28826.2109375,5434844
2020-09-15,32135.0,32310.0,32005.0,32280.0,29051.19921875,8060980
2020-09-16,32255.0,32380.0,32130.0,32190.0,28970.201171875,7833456
2020-09-17,32120.0,32155.0,31655.0,31715.0,28542.71484375,9847284
2020-09-18,31850.0,31915.0,31625.0,31820.0,28637.2109375,6623670
2020-09-21,31780.0,32060.0,31465.0,31550.0,28394.220703125,6270369
2020-09-22,31495.0,31560.0,30680.0,30815.0,27732.740234375,14939810
2020-09-23,31005.0,31085.0,30325.0,30930.0,27836.232421875,16353760
2020-09-24,30535.0,30645.0,30200.0,30215.0,27192.75,18314430
2020-09-25,30425.0,30490.0,30205.0,30350.0,27314.248046875,8259364
2020-09-28,30645.0,30870.0,30525.0,30795.0,27714.73828125,4154438
2020-09-29,31105.0,31195.0,30940.0,31085.0,27975.73046875,9889919
2020-10-05,31070.0,31540.0,31015.0,31425.0,28281.71875,8151844
2020-10-06,31550.0,31710.0,31395.0,31495.0,28344.72265625,5997425
2020-10-07,31300.0,31815.0,31255.0,31800.0,28619.2109375,4835485
2020-10-08,32020.0,32080.0,31710.0,31810.0,28628.21484375,5810172
2020-10-12,32015.0,32055.0,31845.0,31940.0,28745.2109375,6248197
2020-10-13,32130.0,32170.0,31725.0,31965.0,28767.708984375,7941594
2020-10-14,32000.0,32020.0,31590.0,31650.0,28484.21875,6823431
2020-10-15,31595.0,31625.0,31275.0,31415.0,28272.72265625,5250154
2020-10-16,31490.0,31560.0,31020.0,31230.0,28106.232421875,6415664
2020-10-19,31330.0,31550.0,31280.0,31300.0,28169.2265625,6577611
2020-10-20,31165.0,31520.0,31050.0,31520.0,28367.22265625,7297337
2020-10-21,31575.0,31710.0,31470.0,31620.0,28457.216796875,6794454
2020-10-22,31445.0,31460.0,31220.0,31405.0,28263.724609375,5069706
2020-10-23,31535.0,31625.0,31280.0,31520.0,28367.22265625,4933403
2020-10-26,31615.0,31725.0,31430.0,31460.0,28313.224609375,8527343
2020-10-27,31235.0,31425.0,31120.0,31190.0,28070.23046875,7747750
2020-10-28,31075.0,31360.0,30980.0,31355.0,28218.7265625,5507810
2020-10-29,30915.0,31010.0,30635.0,30980.0,27925.763671875,9810541
2020-10-30,30860.0,30875.0,30140.0,30140.0,27168.580078125,19943620
2020-11-02,30210.0,30630.0,30180.0,30600.0,27583.232421875,8292707
2020-11-03,30725.0,31245.0,30720.0,31210.0,28133.091796875,6876811
2020-11-04,31420.0,31580.0,31155.0,31405.0,28308.865234375,14605120
2020-11-05,31600.0,32120.0,31535.0,32095.0,28930.841796875,8860281
2020-11-06,32220.0,32420.0,32085.0,32175.0,29002.953125,11045240
2020-11-09,32485.0,32825.0,32465.0,32580.0,29368.02734375,9336664
2020-11-10,32735.0,32735.0,32350.0,32575.0,29363.51953125,12650450
2020-11-11,32695.0,33155.0,32665.0,33100.0,29836.7578125,10103590
2020-11-12,33085.0,33135.0,32840.0,32940.0,29692.53515625,13036770
2020-11-13,32815.0,33295.0,32780.0,33285.0,30003.5234375,8850114
2020-11-16,33505.0,34085.0,33420.0,33995.0,30643.51953125,9500098
2020-11-17,34080.0,34205.0,33895.0,33985.0,30634.5078125,11097290
2020-11-18,34000.0,34145.0,33875.0,33950.0,30602.96484375,7758962
2020-11-19,33815.0,34005.0,33725.0,33995.0,30643.51953125,7315728
2020-11-20,33925.0,34140.0,33845.0,34030.0,30675.072265625,7299698
2020-11-23,34150.0,34850.0,34055.0,34810.0,31378.18359375,8953550
2020-11-24,34935.0,35210.0,34820.0,35000.0,31549.44140625,11447200
2020-11-25,35225.0,35340.0,34615.0,34795.0,31364.64453125,11035670
2020-11-26,34780.0,35140.0,34690.0,35140.0,31675.640625,8207226
2020-11-27,35140.0,35270.0,35025.0,35220.0,31747.759765625,9576308
2020-11-30,35330.0,35470.0,34685.0,34685.0,31265.5,15007660
2020-12-01,34900.0,35335.0,34890.0,35235.0,31761.275390625,5413649
2020-12-02,35405.0,35900.0,35360.0,35850.0,32315.642578125,7917365
2020-12-03,35970.0,36145.0,35825.0,36105.0,32545.509765625,12162280
2020-12-04,36245.0,36965.0,36235.0,36750.0,33126.91015625,11121190
2020-12-07,37060.0,37115.0,36510.0,36950.0,33307.19140625,18683260
2020-12-08,36915.0,36935.0,36360.0,36360.0,32775.37109375,13169930
2020-12-09,36580.0,37200.0,36535.0,37200.0,33532.55078125,13249820
2020-12-10,36780.0,37240.0,36575.0,36905.0,33266.640625,11741640
2020-12-11,37145.0,37400.0,37120.0,37225.0,33555.08984375,10436500
2020-12-14,37250.0,37430.0,37035.0,37080.0,33424.3828125,13687580
2020-12-15,37100.0,37150.0,36710.0,37080.0,33424.3828125,13771840
2020-12-16,37370.0,37465.0,37130.0,37235.0,33564.1015625,7680296
2020-12-17,37260.0,37270.0,36815.0,37200.0,33532.55078125,8171245
2020-12-18,37290.0,37315.0,37055.0,37150.0,33487.48046875,7557423
2020-12-21,37205.0,37225.0,36740.0,37195.0,33528.0390625,14016370
2020-12-22,37055.0,37145.0,36590.0,36590.0,32982.69140625,13099470
2020-12-23,36780.0,37160.0,36465.0,37110.0,33451.421875,15811480
2020-12-24,37180.0,37985.0,37180.0,37850.0,34118.46484375,10047320
2020-12-28,38090.0,38370.0,37890.0,38040.0,34289.734375,9844360
2020-12-29,38395.0,38720.0,37940.0,38685.0,34871.1484375,16423350
2020-12-30,38520.0,39590.0,38440.0,39500.0,35605.8046875,12736960
2021-01-04,39585.0,40615.0,39405.0,40540.0,36543.2734375,12183540
2021-01-05,40325.0,41150.0,40200.0,41150.0,37093.13671875,9125147
2021-01-06,41270.0,41680.0,40595.0,40750.0,36732.5703125,15221580
2021-01-07,41210.0,42040.0,41190.0,41700.0,37588.9140625,8752294
2021-01-08,42245.0,43785.0,42115.0,43545.0,39252.015625,11521190
2021-01-11,44000.0,45370.0,42930.0,43655.0,39351.171875,23107660
2021-01-12,43430.0,43725.0,42125.0,43315.0,39044.6875,25493980
2021-01-13,43360.0,43895.0,43015.0,43560.0,39265.53515625,11986770
2021-01-14,43340.0,43830.0,43240.0,43505.0,39215.96484375,9083116
2021-01-15,43735.0,44185.0,42535.0,42550.0,38355.1171875,11910700
2021-01-18,42095.0,42495.0,41455.0,41560.0,37462.70703125,11959320
2021-01-19,41785.0,42950.0,41590.0,42655.0,38449.76171875,9746645
2021-01-20,43410.0,43495.0,42445.0,42900.0,38670.60546875,10680030
2021-01-21,43300.0,43590.0,43010.0,43530.0,39238.4921875,9087554
2021-01-22,43675.0,43930.0,43225.0,43225.0,38963.56640625,13042940
2021-01-25,43405.0,44320.0,43265.0,44260.0,39896.52734375,6384939
2021-01-26,44160.0,44195.0,42855.0,43055.0,38810.328125,10607370
2021-01-27,43370.0,43805.0,42775.0,42910.0,38679.62890625,8779909
2021-01-28,42155.0,42645.0,41830.0,42070.0,37966.671875,10835060
2021-01-29,42555.0,42620.0,40910.0,41125.0,37113.83984375,13333220
2021-02-01,41000.0,42170.0,40705.0,42150.0,38038.87109375,10696360
2021-02-02,42600.0,43400.0,42330.0,42775.0,38602.9140625,12520130
2021-02-03,43125.0,43405.0,42580.0,43130.0,38923.28515625,10276900
2021-02-04,43030.0,43030.0,42125.0,42410.0,38273.50390625,18128560
2021-02-05,42660.0,43030.0,42385.0,42950.0,38760.8359375,13252960
2021-02-08,42905.0,43090.0,42475.0,42530.0,38381.80078125,7391704
2021-02-09,42835.0,43145.0,42385.0,42385.0,38250.94921875,8236149
2021-02-10,42525.0,42795.0,42095.0,42680.0,38517.17578125,6526416
2021-02-15,43305.0,43510.0,43145.0,43305.0,39081.21875,6603808
2021-02-16,43475.0,43870.0,43280.0,43495.0,39252.6875,8542745
2021-02-17,43255.0,43270.0,42735.0,43025.0,38828.53125,17530610
2021-02-18,42950.0,43125.0,42385.0,42410.0,38273.50390625,8841408
2021-02-19,42440.0,42805.0,41720.0,42780.0,38607.4296875,9728222
2021-02-22,43055.0,43260.0,42290.0,42330.0,38201.31640625,8518245
2021-02-23,42050.0,42615.0,41730.0,42285.0,38160.6953125,7733807
2021-02-24,42250.0,42680.0,41350.0,41385.0,37348.484375,10408900
2021-02-25,42010.0,42920.0,41960.0,42890.0,38706.6953125,8858726
2021-02-26,41960.0,41995.0,41325.0,41705.0,37637.2734375,10297430
2021-03-02,42705.0,42920.0,41835.0,42170.0,38056.921875,8601611
2021-03-03,42070.0,42650.0,41925.0,42640.0,38481.07421875,6142052
2021-03-04,42095.0,42435.0,41790.0,42095.0,37989.234375,6777655
2021-03-05,41470.0,42005.0,41235.0,41870.0,37786.18359375,10363860
2021-03-08,42250.0,42250.0,41390.0,41475.0,37429.703125,8296841
2021-03-09,41485.0,41540.0,40565.0,41215.0,37195.06640625,11896440
2021-03-10,41760.0,41760.0,40875.0,40980.0,36982.98046875,8187756
2021-03-11,41145.0,41935.0,41130.0,41815.0,37736.546875,6417962
2021-03-12,42255.0,42415.0,42015.0,42185.0,38070.4453125,6953557
2021-03-15,42230.0,42315.0,41935.0,41980.0,37885.4453125,8495978
2021-03-16,42180.0,42435.0,42090.0,42330.0,38201.31640625,5575783
2021-03-17,42340.0,42355.0,41730.0,41995.0,37898.98828125,8129905
2021-03-18,42320.0,42715.0,42300.0,42300.0,38174.23828125,8690814
2021-03-19,41715.0,42075.0,41645.0,41855.0,37772.640625,9277711
2021-03-22,42025.0,42095.0,41615.0,41925.0,37835.80859375,6345196
2021-03-23,42180.0,42270.0,41485.0,41530.0,37479.34375,6645759
2021-03-24,41265.0,41515.0,41015.0,41340.0,37307.87109375,5672036
2021-03-25,41230.0,41795.0,41210.0,41520.0,37470.3203125,9780916
2021-03-26,41685.0,41955.0,41575.0,41905.0,37817.76953125,6635123
2021-03-29,42050.0,42060.0,41670.0,41830.0,37750.078125,6417371
2021-03-30,41940.0,42455.0,41940.0,42300.0,38174.23828125,5099664
2021-03-31,42410.0,42695.0,42175.0,42185.0,38070.4453125,7237093
2021-04-01,42485.0,42650.0,42315.0,42570.0,38417.90625,5221705
2021-04-02,42920.0,43190.0,42895.0,43045.0,38846.578125,5352010
2021-04-05,43200.0,43260.0,42880.0,43130.0,38923.28515625,5186919
2021-04-06,43380.0,43405.0,42960.0,43190.0,38977.421875,4911544
2021-04-07,43270.0,43445.0,43135.0,43295.0,39072.19921875,5107254
2021-04-08,43230.0,43350.0,43065.0,43255.0,39036.09765625,5325846
2021-04-09,43290.0,43475.0,42945.0,43050.0,38851.08984375,7187076
2021-04-12,43200.0,43255.0,42950.0,43050.0,38851.08984375,5890537
2021-04-13,43060.0,43690.0,43045.0,43540.0,39293.29296875,4687090
2021-04-14,43660.0,43895.0,43480.0,43840.0,39564.03515625,6682250
2021-04-15,43765.0,44135.0,43725.0,43880.0,39600.12890625,6682443
2021-04-16,44025.0,44040.0,43715.0,43855.0,39577.57421875,5925140
2021-04-19,43855.0,44120.0,43730.0,43850.0,39573.0625,5106949
2021-04-20,43760.0,44170.0,43760.0,44125.0,39821.2421875,5454369
2021-04-21,43840.0,43905.0,43195.0,43335.0,39108.296875,11608960
2021-04-22,43520.0,43690.0,43355.0,43400.0,39166.953125,6251618
2021-04-23,43170.0,43550.0,42925.0,43425.0,39189.5078125,4199882
2021-04-26,43540.0,43830.0,43500.0,43820.0,39545.98046875,4703970
2021-04-27,43860.0,43910.0,43680.0,43870.0,39591.10546875,4696932
2021-04-28,43820.0,43825.0,43320.0,43405.0,39171.4609375,3886549
2021-04-29,42885.0,43020.0,42505.0,42590.0,39038.5546875,5172662
2021-04-30,42525.0,42655.0,42135.0,42295.0,38768.1484375,5000310
2021-05-03,42250.0,42630.0,41975.0,42025.0,38520.6640625,5093573
2021-05-04,42070.0,42380.0,41930.0,42380.0,38846.06640625,4407448
2021-05-06,42205.0,42650.0,42155.0,42630.0,39075.21484375,4079571
2021-05-07,42695.0,43040.0,42635.0,42905.0,39327.2890625,4762435
2021-05-10,43140.0,43730.0,43050.0,43625.0,39987.25390625,5371064
2021-05-11,43310.0,43385.0,42695.0,42860.0,39286.0390625,5376252
2021-05-12,42880.0,42880.0,41850.0,42150.0,38635.24609375,7015716
2021-05-13,41590.0,42090.0,41480.0,41665.0,38190.68359375,6430467
2021-05-14,41825.0,42200.0,41775.0,42055.0,38548.16796875,7032555
2021-05-17,42295.0,42310.0,41640.0,41875.0,38383.171875,5220610
2021-05-18,42005.0,42435.0,42005.0,42370.0,38836.89453125,4389457
2021-05-20,42045.0,42345.0,41955.0,42235.0,38713.15625,4215729
2021-05-21,42470.0,42835.0,42130.0,42215.0,38694.82421875,8246703
2021-05-24,42170.0,42340.0,41990.0,42095.0,38584.828125,6106818
2021-05-25,42310.0,42555.0,42210.0,42495.0,38951.46875,5805624
2021-05-26,42550.0,42670.0,42325.0,42410.0,38873.55859375,5204460
2021-05-27,42440.0,42490.0,42035.0,42335.0,38804.8203125,13177330
2021-05-28,42460.0,42760.0,42385.0,42595.0,39043.140625,5215301
2021-05-31,42730.0,42760.0,42430.0,42760.0,39194.37890625,4618216
2021-06-01,42760.0,43240.0,42700.0,43005.0,39418.94921875,5297118
2021-06-02,43015.0,43260.0,42925.0,42970.0,39386.859375,4844660
2021-06-03,43050.0,43550.0,43050.0,43370.0,39753.51171875,4755748
2021-06-04,43200.0,43295.0,42925.0,43205.0,39602.26953125,5274101
2021-06-07,43455.0,43575.0,43070.0,43360.0,39744.34375,4247539
2021-06-08,43360.0,43500.0,43215.0,43275.0,39666.43359375,2840242
2021-06-09,43180.0,43235.0,42785.0,42785.0,39217.296875,3459079
2021-06-10,42815.0,43060.0,42745.0,42930.0,39350.203125,4871454
2021-06-11,43050.0,43335.0,43045.0,43245.0,39638.9296875,4378278
2021-06-14,43285.0,43285.0,43075.0,43225.0,39620.6015625,3097154
2021-06-15,43255.0,43390.0,43175.0,43325.0,39712.26171875,3073690
2021-06-16,43270.0,43650.0,43260.0,43590.0,39955.1640625,3676301
2021-06-17,43350.0,43420.0,43165.0,43340.0,39726.015625,5396436
2021-06-18,43440.0,43585.0,43350.0,43470.0,39845.1796875,3680167
2021-06-21,43025.0,43200.0,42860.0,43050.0,39460.19921875,5570443
2021-06-22,43285.0,43405.0,43240.0,43345.0,39730.59375,4466264
2021-06-23,43495.0,43640.0,43380.0,43570.0,39936.8359375,4384229
2021-06-24,43640.0,43855.0,43635.0,43735.0,40088.06640625,3152929
2021-06-25,43910.0,44175.0,43880.0,43955.0,40289.7265625,4136736
2021-06-28,44015.0,44060.0,43800.0,43910.0,40248.484375,3513373
2021-06-29,43935.0,43960.0,43605.0,43740.0,40092.65625,3939461
2021-06-30,43845.0,44020.0,43805.0,43895.0,40234.73046875,3252256
2021-07-01,43915.0,43915.0,43575.0,43640.0,40000.9921875,4290079
2021-07-02,43625.0,43815.0,43580.0,43585.0,39950.58203125,3436772
2021-07-05,43770.0,43910.0,43710.0,43790.0,40138.48828125,2774715
2021-07-06,43910.0,44100.0,43895.0,43990.0,40321.80859375,4009188
2021-07-07,43840.0,43840.0,43605.0,43715.0,40069.75,3816728
2021-07-08,43765.0,43875.0,43260.0,43260.0,39652.68359375,5209381
2021-07-09,42840.0,43050.0,42445.0,42800.0,39231.0390625,8288519
2021-07-12,43060.0,43260.0,43060.0,43185.0,39583.9375,3929269
2021-07-13,43380.0,43565.0,43380.0,43550.0,39918.5,3654600
2021-07-14,43400.0,43465.0,43225.0,43400.0,39781.01171875,3453656
2021-07-15,43525.0,43720.0,43380.0,43695.0,40051.41796875,2841123
2021-07-16,43500.0,43560.0,43345.0,43510.0,39881.8359375,3617046
2021-07-19,43135.0,43155.0,42930.0,43020.0,39432.69921875,4034494
2021-07-20,42705.0,42930.0,42660.0,42880.0,39304.37109375,3885032
2021-07-21,43145.0,43145.0,42625.0,42660.0,39102.70703125,4986269
2021-07-22,42910.0,43280.0,42910.0,43190.0,39588.515625,3684633
2021-07-23,43260.0,43400.0,43140.0,43270.0,39661.84375,5383684
2021-07-26,43405.0,43405.0,42805.0,42805.0,39235.62109375,3752968
2021-07-27,43030.0,43195.0,42875.0,42875.0,39299.78515625,3617517
2021-07-28,42800.0,43070.0,42650.0,43005.0,39418.94921875,3691893
2021-07-29,43075.0,43160.0,42865.0,43010.0,39474.015625,3999341
2021-07-30,42830.0,42845.0,42450.0,42485.0,38992.17578125,5066159
2021-08-02,42685.0,42755.0,42370.0,42685.0,39175.734375,5666629
2021-08-03,42630.0,43060.0,42600.0,43060.0,39519.90625,4634044
2021-08-04,43170.0,43710.0,43095.0,43665.0,40075.1640625,6976309
2021-08-05,43655.0,43835.0,43510.0,43585.0,40001.75,5139328
2021-08-06,43580.0,43680.0,43280.0,43380.0,39813.59765625,3737342
2021-08-09,43190.0,43350.0,43035.0,43180.0,39630.04296875,3972301
2021-08-10,43325.0,43325.0,42755.0,42900.0,39373.0625,3407441
2021-08-11,42785.0,42920.0,42490.0,42515.0,39019.7109375,4612520
2021-08-12,42505.0,42595.0,42200.0,42345.0,38863.6875,4505379
2021-08-13,42245.0,42275.0,41455.0,41630.0,38207.47265625,7095485
2021-08-17,41670.0,41775.0,41090.0,41160.0,37776.10546875,5913734
2021-08-18,41175.0,41570.0,40955.0,41365.0,37964.25,4808571
2021-08-19,41045.0,41300.0,40540.0,40540.0,37207.08203125,6759342
2021-08-20,40700.0,40870.0,39980.0,40145.0,36844.5625,8408192
2021-08-23,40420.0,40825.0,40260.0,40505.0,37174.953125,5409615
2021-08-24,40840.0,41300.0,40840.0,41275.0,37881.64453125,4241423
2021-08-25,41385.0,41610.0,41125.0,41405.0,38000.96875,3821022
2021-08-26,41470.0,41595.0,41025.0,41095.0,37716.45703125,3769213
2021-08-27,40945.0,41235.0,40765.0,41070.0,37693.51171875,5072400
2021-08-30,41480.0,41560.0,41070.0,41170.0,37785.2890625,4219723
2021-08-31,41205.0,41985.0,41005.0,41985.0,38533.28515625,4764658
2021-09-01,41935.0,42165.0,41750.0,42045.0,38588.35546875,4582369
2021-09-02,41960.0,42040.0,41525.0,41660.0,38235.01171875,5990056
2021-09-03,41790.0,42020.0,41670.0,41930.0,38482.80078125,4498314
2021-09-06,41975.0,42125.0,41835.0,42075.0,38615.8828125,4452547
2021-09-07,42040.0,42055.0,41675.0,41825.0,38386.4375,3591745
2021-09-08,41675.0,41805.0,41390.0,41460.0,38051.4453125,4229352
2021-09-09,41330.0,41370.0,40695.0,40725.0,37376.875,4219444
2021-09-10,40800.0,41015.0,40670.0,40915.0,37551.25390625,4861901
2021-09-13,40765.0,41140.0,40705.0,41005.0,37633.85546875,4517520
2021-09-14,41160.0,41510.0,41160.0,41265.0,37872.4765625,5231165
2021-09-15,41275.0,41480.0,41095.0,41325.0,37927.54296875,4602430
2021-09-16,41490.0,41490.0,40880.0,40965.0,37597.13671875,5613806
2021-09-17,40820.0,41140.0,40675.0,41070.0,37693.51171875,4331783
2021-09-23,40820.0,41110.0,40745.0,41005.0,37633.85546875,5441902
2021-09-24,41200.0,41270.0,40910.0,40965.0,37597.13671875,6265872
2021-09-27,40970.0,41295.0,40880.0,41100.0,37721.04296875,4760621
2021-09-28,41070.0,41070.0,40560.0,40565.0,37230.0234375,5408563
2021-09-29,40075.0,40240.0,39665.0,40030.0,36739.0078125,10565670
2021-09-30,39955.0,40295.0,39805.0,40195.0,36890.44140625,6593205
2021-10-01,39970.0,40065.0,39415.0,39445.0,36202.10546875,4788681
2021-10-05,39085.0,39245.0,38540.0,38860.0,35665.1953125,8937945
2021-10-06,39060.0,39260.0,38260.0,38260.0,35114.52734375,7893498
2021-10-07,38600.0,38995.0,38590.0,38900.0,35701.91015625,5015041
2021-10-08,39070.0,39090.0,38760.0,38815.0,35623.89453125,4381313
2021-10-12,38695.0,38725.0,37990.0,38150.0,35013.5703125,5355639
2021-10-13,38120.0,38670.0,38065.0,38535.0,35366.91796875,4243628
2021-10-14,38755.0,39040.0,38750.0,39020.0,35812.04296875,4368453
2021-10-15,39290.0,39530.0,39265.0,39420.0,36179.15625,3721040
2021-10-18,39465.0,39495.0,39025.0,39295.0,36064.44140625,3503005
2021-10-19,39575.0,39695.0,39430.0,39625.0,36367.30859375,3872812
2021-10-20,39780.0,39895.0,39450.0,39450.0,36206.69140625,3835724
2021-10-21,39500.0,39635.0,39330.0,39380.0,36142.44921875,3907613
2021-10-22,39330.0,39575.0,39250.0,39415.0,36174.5703125,2771293
2021-10-25,39315.0,39680.0,39100.0,39620.0,36362.71875,3550983
2021-10-26,39840.0,40060.0,39730.0,39990.0,36702.296875,3599613
2021-10-27,39865.0,39930.0,39515.0,39655.0,36394.83984375,2868589
2021-10-28,39540.0,39735.0,39445.0,39460.0,36293.6640625,3524611
2021-10-29,39625.0,39635.0,38740.0,38825.0,35709.62109375,5479280
2021-11-01,39150.0,39175.0,38945.0,38985.0,35856.78125,4179211
2021-11-02,39195.0,39815.0,39195.0,39505.0,36335.05078125,3437518
2021-11-03,39660.0,39660.0,38845.0,38945.0,35819.99609375,4442344
2021-11-04,39315.0,39545.0,39095.0,39165.0,36022.34375,5563851
2021-11-05,39455.0,39520.0,38770.0,38995.0,35865.9765625,5550859
2021-11-08,39070.0,39090.0,38555.0,38945.0,35819.99609375,5076877
2021-11-09,38955.0,39345.0,38830.0,39045.0,35911.9765625,4565165
2021-11-10,38825.0,39055.0,38580.0,38630.0,35530.26171875,4753805
2021-11-11,38370.0,38625.0,38270.0,38625.0,35525.671875,4274634
2021-11-12,38885.0,39180.0,38730.0,39035.0,35902.7734375,3505198
2021-11-15,39300.0,39560.0,39230.0,39485.0,36316.66015625,5272240
2021-11-16,39470.0,39650.0,39260.0,39415.0,36252.26953125,4428306
2021-11-17,39490.0,39495.0,38870.0,38920.0,35796.99609375,4195620
2021-11-18,38760.0,38990.0,38665.0,38760.0,35649.83203125,4510585
2021-11-19,38865.0,39105.0,38695.0,39045.0,35911.9765625,4258535
2021-11-22,39255.0,39980.0,39240.0,39950.0,36744.3515625,5040107
2021-11-23,39885.0,39935.0,39545.0,39600.0,36422.4296875,5007395
2021-11-24,39715.0,39910.0,39315.0,39520.0,36348.8515625,5758295
2021-11-25,39545.0,39545.0,39160.0,39230.0,36082.125,3914923
2021-11-26,39050.0,39235.0,38445.0,38510.0,35419.90234375,5059924
2021-11-29,38115.0,38510.0,38005.0,38205.0,35139.3671875,5194357
2021-11-30,38540.0,38620.0,37095.0,37430.0,34426.5546875,7565591
2021-12-01,37545.0,38405.0,37435.0,38330.0,35254.33984375,5262582
2021-12-02,38080.0,38955.0,37990.0,38935.0,35810.80078125,5465496
2021-12-03,38805.0,39340.0,38630.0,39230.0,36082.125,6274555
2021-12-06,39100.0,39480.0,38755.0,39305.0,36151.10546875,9783182
2021-12-07,39345.0,39665.0,39095.0,39630.0,36450.0234375,5021847
2021-12-08,39975.0,40280.0,39680.0,39805.0,36610.98828125,7043627
2021-12-09,39755.0,40070.0,39730.0,39925.0,36721.35546875,7336363
2021-12-10,39785.0,39895.0,39620.0,39705.0,36519.00390625,2822148
2021-12-13,39900.0,40365.0,39695.0,39735.0,36546.60546875,4707617
2021-12-14,39500.0,39710.0,39340.0,39510.0,36339.65234375,5005482
2021-12-15,39335.0,39535.0,39250.0,39520.0,36348.8515625,3644663
2021-12-16,39840.0,39935.0,39500.0,39750.0,36560.40234375,5060072
2021-12-17,39510.0,39880.0,39390.0,39850.0,36652.375,3682394
2021-12-20,39650.0,39650.0,39045.0,39115.0,35976.34375,4632691
2021-12-21,39320.0,39560.0,39160.0,39415.0,36252.26953125,5241992
2021-12-22,39640.0,39815.0,39495.0,39625.0,36445.42578125,4839291
2021-12-23,39840.0,39860.0,39610.0,39820.0,36624.77734375,4722100
2021-12-24,39975.0,40280.0,39965.0,40115.0,36896.10546875,4644586
2021-12-27,40130.0,40145.0,39880.0,39880.0,36679.96875,3732560
2021-12-28,40040.0,40205.0,39745.0,40205.0,36978.890625,5060924
2021-12-29,40205.0,40375.0,40065.0,40115.0,36896.10546875,4309822
2021-12-30,40145.0,40255.0,39790.0,39870.0,36670.76171875,3863164
2022-01-04,40070.0,40070.0,39720.0,39940.0,36735.1484375,4708649
2022-01-05,39850.0,39905.0,39160.0,39370.0,36210.88671875,8813841
2022-01-06,39100.0,39460.0,38935.0,38975.0,35847.58203125,10391290
2022-01-07,39225.0,39550.0,39145.0,39465.0,36298.265625,3681317
2022-01-10,39420.0,39445.0,38880.0,39165.0,36022.34375,4980669
2022-01-11,39225.0,39445.0,39050.0,39280.0,36128.1015625,4298895
2022-01-12,39545.0,39935.0,39530.0,39925.0,36721.35546875,4323445
2022-01-13,39975.0,40030.0,39680.0,39720.0,36532.8125,4178583
2022-01-14,39405.0,39480.0,39035.0,39105.0,35967.15234375,4234215
2022-01-17,39105.0,39145.0,38600.0,38820.0,35705.01953125,5841437
2022-01-18,38940.0,38995.0,38410.0,38520.0,35429.08984375,5738430
2022-01-19,38255.0,38630.0,38120.0,38240.0,35171.5703125,5790865
2022-01-20,38245.0,38465.0,38100.0,38465.0,35378.5078125,4624230
2022-01-21,38100.0,38180.0,37780.0,38030.0,34978.4140625,9151779
2022-01-24,37920.0,38040.0,37450.0,37600.0,34582.91796875,10270660
2022-01-25,37505.0,37535.0,36490.0,36685.0,33741.3359375,11372530
2022-01-26,36810.0,37010.0,36535.0,36570.0,33635.5625,5888382
2022-01-27,36600.0,36650.0,35305.0,35305.0,32525.435546875,10446220
2022-01-28,35495.0,36485.0,35200.0,36250.0,33396.03125,11148430
2022-02-03,36875.0,37200.0,36600.0,36600.0,33718.48046875,6866201
2022-02-04,36700.0,37090.0,36605.0,37080.0,34160.69140625,5619747
2022-02-07,37005.0,37080.0,36355.0,36700.0,33810.60546875,7116290
2022-02-08,36990.0,37160.0,36505.0,36770.0,33875.08984375,4930794
2022-02-09,37100.0,37290.0,37005.0,37280.0,34344.9296875,4851709
2022-02-10,37505.0,37670.0,37340.0,37590.0,34630.5390625,4664133
2022-02-11,37250.0,37505.0,37065.0,37240.0,34308.08984375,4820161
2022-02-15,36850.0,36885.0,36340.0,36515.0,33640.16796875,5334150
2022-02-16,36915.0,37205.0,36900.0,37175.0,34248.21875,4230431
2022-02-17,37290.0,37740.0,37010.0,37415.0,34469.31640625,8161860
2022-02-18,37020.0,37375.0,36905.0,37275.0,34340.32421875,5459390
2022-02-21,36830.0,37300.0,36530.0,37300.0,34363.3671875,3998311
2022-02-22,36710.0,36910.0,36510.0,36760.0,33865.87890625,5092278
2022-02-23,37020.0,37100.0,36695.0,36890.0,33985.65234375,4660928
2022-02-24,36440.0,36500.0,35815.0,35925.0,33096.62109375,10463990
2022-02-25,36260.0,36530.0,36150.0,36330.0,33469.73828125,8181295
2022-02-28,36095.0,36605.0,36010.0,36605.0,33723.08203125,6546067
2022-03-02,36625.0,36720.0,36415.0,36455.0,33584.90234375,5075944
2022-03-03,36795.0,37175.0,36750.0,37150.0,34225.171875,4082459
2022-03-04,37010.0,37040.0,36415.0,36575.0,33695.4453125,7789332
2022-03-07,36000.0,36025.0,35530.0,35755.0,32940.01171875,14965080
2022-03-08,35305.0,35680.0,35165.0,35290.0,32511.619140625,6369838
2022-03-10,36000.0,36170.0,35905.0,36020.0,33184.1484375,2368076
2022-03-11,35915.0,36030.0,35695.0,35885.0,33059.76953125,9987144
2022-03-14,35845.0,36040.0,35680.0,35820.0,32999.88671875,8660429
2022-03-15,35705.0,35765.0,35395.0,35510.0,32714.294921875,13216340
2022-03-16,35880.0,36095.0,35615.0,36040.0,33202.56640625,5859523
2022-03-17,36645.0,36860.0,36575.0,36585.0,33704.6640625,8279341
2022-03-18,36485.0,36685.0,36405.0,36665.0,33778.359375,4372507
2022-03-21,36850.0,36850.0,36250.0,36290.0,33432.88671875,5565648
2022-03-22,36290.0,36650.0,36265.0,36620.0,33736.90234375,4524529
2022-03-23,36825.0,37090.0,36740.0,36940.0,34031.7109375,6119415
2022-03-24,36685.0,36780.0,36485.0,36770.0,33875.08984375,5749483
2022-03-25,36930.0,36935.0,36545.0,36620.0,33736.90234375,4337330
2022-03-28,36500.0,36745.0,36300.0,36645.0,33759.9375,4105327
2022-03-29,36835.0,36995.0,36700.0,36835.0,33934.9765625,4225755
2022-03-30,37080.0,37200.0,36890.0,36965.0,34054.734375,4375540
2022-03-31,36940.0,37230.0,36885.0,37080.0,34160.69140625,4502992
2022-04-01,36925.0,36930.0,36615.0,36795.0,33898.12890625,4077720
2022-04-04,36725.0,37005.0,36555.0,36970.0,34059.34765625,4646082
2022-04-05,37115.0,37160.0,36840.0,36935.0,34027.10546875,4490357
2022-04-06,36700.0,36760.0,36530.0,36555.0,33677.0234375,5233744
2022-04-07,36385.0,36385.0,35995.0,36075.0,33234.8125,10234720
2022-04-08,36150.0,36195.0,35905.0,36100.0,33257.84765625,6370443
2022-04-11,35960.0,36240.0,35830.0,36100.0,33257.84765625,8974553
2022-04-12,35850.0,35990.0,35620.0,35760.0,32944.6171875,9639935
2022-04-13,35860.0,36470.0,35815.0,36440.0,33571.08203125,6828087
2022-04-14,36430.0,36430.0,36115.0,36235.0,33382.2109375,7430712
2022-04-15,36000.0,36000.0,35730.0,35805.0,32986.0625,6497906
2022-04-18,35690.0,35950.0,35570.0,35835.0,33013.70703125,5517718
2022-04-19,35980.0,36340.0,35970.0,36255.0,33400.64453125,3026251
2022-04-20,36265.0,36310.0,35955.0,36225.0,33373.00390625,2807810
2022-04-21,36340.0,36585.0,36315.0,36385.0,33520.40234375,5716294
2022-04-22,36060.0,36095.0,35840.0,35985.0,33151.8984375,5189540
2022-04-25,35595.0,35695.0,35395.0,35410.0,32622.1640625,6727922
2022-04-26,35555.0,35715.0,35500.0,35560.0,32760.357421875,2878893
2022-04-27,35080.0,35180.0,34850.0,35140.0,32373.41796875,4420137
2022-04-28,34850.0,34995.0,34575.0,34985.0,32695.8515625,6629596
2022-04-29,35010.0,35540.0,34895.0,35510.0,33186.5,6267371
2022-05-03,35380.0,35645.0,35290.0,35290.0,32980.8984375,5987778
2022-05-04,35450.0,35570.0,35245.0,35375.0,33060.33203125,5560940
2022-05-06,35010.0,35010.0,34785.0,34885.0,32602.392578125,6080928
2022-05-10,34295.0,34445.0,33855.0,34375.0,32125.765625,7914490
2022-05-11,34195.0,34420.0,34105.0,34370.0,32121.091796875,6549110
2022-05-12,34020.0,34295.0,33785.0,33805.0,31593.05859375,7111368
2022-05-13,34010.0,34645.0,33990.0,34605.0,32340.71484375,5262557
2022-05-16,34850.0,34925.0,34395.0,34470.0,32214.55078125,7376786
2022-05-17,34525.0,34850.0,34520.0,34805.0,32527.62890625,3999458
2022-05-18,34990.0,35145.0,34770.0,34870.0,32588.376953125,6376438
2022-05-19,34125.0,34450.0,34060.0,34370.0,32121.091796875,6054919
2022-05-20,34515.0,35025.0,34485.0,34985.0,32695.8515625,4661990
2022-05-23,35135.0,35225.0,34915.0,35100.0,32803.328125,5876025
2022-05-24,34950.0,35030.0,34450.0,34450.0,32195.857421875,5416640
2022-05-25,34660.0,34825.0,34430.0,34595.0,32331.37890625,6735545
2022-05-26,34595.0,34945.0,34355.0,34480.0,32223.900390625,6777076
2022-05-27,34835.0,34985.0,34790.0,34845.0,32565.01171875,5885635
2022-05-30,35225.0,35340.0,35070.0,35300.0,32990.23828125,5384386
2022-05-31,35240.0,35505.0,35075.0,35440.0,33121.078125,5485464
2022-06-02,35240.0,35275.0,34980.0,35055.0,32761.263671875,5957733
2022-06-03,35355.0,35430.0,35165.0,35250.0,32943.51171875,6270309
2022-06-07,35080.0,35100.0,34525.0,34595.0,32331.37890625,3766658
2022-06-08,34620.0,34845.0,34590.0,34670.0,32401.462890625,3703196
2022-06-09,34550.0,34695.0,34410.0,34565.0,32303.33203125,4675166
2022-06-10,34295.0,34340.0,34070.0,34210.0,31971.560546875,4388043
2022-06-13,33510.0,33610.0,33000.0,33000.0,30840.736328125,9434444
2022-06-14,32410.0,32955.0,32410.0,32870.0,30719.240234375,12194950
2022-06-15,32805.0,32865.0,32080.0,32285.0,30172.521484375,10540450
2022-06-16,32695.0,32930.0,32220.0,32265.0,30153.826171875,9186440
2022-06-17,31680.0,32105.0,31570.0,32025.0,29929.529296875,7291657
2022-06-20,32240.0,32430.0,31265.0,31510.0,29448.228515625,9595269
2022-06-21,31680.0,31935.0,30725.0,31690.0,29616.44921875,7526326
2022-06-22,31805.0,31805.0,30890.0,30890.0,28868.796875,10200810
2022-06-23,30870.0,31160.0,30510.0,30640.0,28635.154296875,13143290
2022-06-24,30800.0,31410.0,30700.0,31285.0,29237.953125,10451950
2022-06-27,31520.0,31930.0,31235.0,31685.0,29611.78125,8572714
2022-06-28,31725.0,31930.0,31560.0,31930.0,29840.748046875,6746503
2022-06-29,31555.0,31655.0,31365.0,31395.0,29340.75390625,6177527
2022-06-30,31280.0,31280.0,30870.0,30875.0,28854.77734375,7940411
2022-07-01,31050.0,31175.0,30335.0,30560.0,28560.390625,6240988
2022-07-04,30570.0,30750.0,30265.0,30570.0,28569.73828125,8932236
2022-07-05,30855.0,31165.0,30715.0,31055.0,29023.00390625,7245145
2022-07-06,30810.0,30925.0,30325.0,30350.0,28364.12890625,9116536
2022-07-07,30590.0,31145.0,30525.0,30960.0,28934.216796875,6746537
2022-07-08,31185.0,31435.0,31130.0,31130.0,29093.08984375,8836853
2022-07-11,31200.0,31325.0,30925.0,30955.0,28929.54296875,6570561
2022-07-12,30830.0,30900.0,30495.0,30660.0,28653.845703125,5551637
2022-07-13,30735.0,31030.0,30660.0,30820.0,28803.375,6840518
2022-07-14,30590.0,30935.0,30500.0,30710.0,28700.576171875,5896627
2022-07-15,30900.0,30935.0,30335.0,30895.0,28873.47265625,7255044
2022-07-18,31205.0,31615.0,31160.0,31580.0,29513.646484375,7193533
2022-07-19,31455.0,31500.0,31290.0,31475.0,29415.51953125,4685922
2022-07-20,31985.0,32065.0,31650.0,31710.0,29635.138671875,6810248
2022-07-21,31755.0,32075.0,31720.0,32055.0,29957.572265625,5550883
2022-07-22,31985.0,32190.0,31815.0,31855.0,29770.65625,6243090
2022-07-25,31750.0,32135.0,31725.0,31980.0,29887.474609375,4950143
2022-07-26,31870.0,32115.0,31810.0,32095.0,29994.951171875,2281501
2022-07-27,32085.0,32110.0,31870.0,32105.0,30004.29296875,2100721
2022-07-28,32345.0,32470.0,32145.0,32245.0,30135.134765625,7307853
2022-07-29,32500.0,32670.0,32275.0,32385.0,30265.9765625,8390909
2022-08-01,32305.0,32515.0,32155.0,32370.0,30251.955078125,6077218
2022-08-02,32335.0,32335.0,32095.0,32195.0,30088.40625,6319529
2022-08-03,32210.0,32420.0,32085.0,32420.0,30298.685546875,5553911
2022-08-04,32635.0,32690.0,32465.0,32585.0,30452.890625,7454291
2022-08-05,32685.0,32900.0,32685.0,32800.0,30653.818359375,6228446
2022-08-08,32575.0,32770.0,32550.0,32740.0,30597.748046875,5426099
2022-08-09,32750.0,32895.0,32585.0,32845.0,30695.876953125,6100712
2022-08-10,32670.0,32705.0,32430.0,32460.0,30336.068359375,6396791
2022-08-11,32830.0,33000.0,32825.0,33000.0,30840.736328125,6979981
2022-08-12,32965.0,33175.0,32965.0,33125.0,30957.556640625,6411616
2022-08-16,33350.0,33385.0,33170.0,33210.0,31036.9921875,6804788
2022-08-17,33270.0,33365.0,33000.0,33040.0,30878.1171875,7081131
2022-08-18,32865.0,32985.0,32655.0,32915.0,30761.298828125,7571930
2022-08-19,32950.0,32950.0,32685.0,32725.0,30583.7265625,4518760
2022-08-22,32375.0,32475.0,32230.0,32300.0,30186.537109375,5786119
2022-08-23,32075.0,32200.0,31860.0,31895.0,29808.033203125,6152631
2022-08-24,32000.0,32110.0,31875.0,32025.0,29929.529296875,5808668
2022-08-25,32150.0,32400.0,32115.0,32400.0,30279.994140625,5407046
2022-08-26,32555.0,32685.0,32390.0,32420.0,30298.685546875,4996787
2022-08-29,31645.0,31765.0,31575.0,31640.0,29569.72265625,6758410
2022-08-30,31790.0,32000.0,31740.0,31985.0,29892.150390625,4446039
2022-08-31,31690.0,32355.0,31640.0,32230.0,30121.119140625,7892835
2022-09-01,31820.0,31845.0,31480.0,31500.0,29438.884765625,13628110
2022-09-02,31635.0,31665.0,31200.0,31325.0,29275.333984375,10253320
2022-09-05,31320.0,31605.0,31205.0,31325.0,29275.333984375,7281688
2022-09-06,31400.0,31560.0,31225.0,31325.0,29275.333984375,7524220
2022-09-07,31110.0,31110.0,30685.0,30870.0,28850.10546875,9564382
2022-09-08,31085.0,31090.0,30850.0,30930.0,28906.177734375,6406307
2022-09-13,31495.0,31985.0,31435.0,31905.0,29817.380859375,5592132
2022-09-14,30990.0,31415.0,30920.0,31275.0,29228.60546875,7826668
2022-09-15,31345.0,31390.0,31065.0,31100.0,29065.0546875,7403788
2022-09-16,30805.0,30945.0,30715.0,30880.0,28859.453125,8142741
2022-09-19,30950.0,31010.0,30600.0,30660.0,28653.845703125,6177702
2022-09-20,30875.0,31025.0,30720.0,30765.0,28751.974609375,5210543
2022-09-21,30535.0,30640.0,30415.0,30480.0,28485.623046875,7105697
2022-09-22,30115.0,30215.0,29950.0,30150.0,28177.21875,13016860
2022-09-23,30145.0,30200.0,29700.0,29780.0,27831.427734375,9183764
2022-09-26,29400.0,29440.0,28990.0,29050.0,27149.19140625,10502040
2022-09-27,29075.0,29130.0,28770.0,29105.0,27200.591796875,8734976
2022-09-28,28770.0,28995.0,28160.0,28390.0,26532.376953125,12791890
2022-09-29,28740.0,28930.0,28400.0,28400.0,26541.72265625,7949033
2022-09-30,28290.0,28590.0,28020.0,28275.0,26424.900390625,7626010
2022-10-04,28685.0,29030.0,28655.0,28960.0,27065.08203125,4502303
2022-10-05,29465.0,29465.0,28850.0,28965.0,27069.751953125,10693950
2022-10-06,29200.0,29435.0,29100.0,29285.0,27368.81640625,12374320
2022-10-07,28970.0,29320.0,28905.0,29175.0,27266.015625,10320180
2022-10-11,28600.0,28605.0,28330.0,28580.0,26709.9453125,10921720
2022-10-12,28525.0,28830.0,28505.0,28825.0,26938.916015625,9665913
2022-10-13,28720.0,28740.0,28365.0,28365.0,26509.013671875,11078770
2022-10-14,28780.0,29170.0,28780.0,29055.0,27153.86328125,10890570
2022-10-17,28670.0,29120.0,28600.0,29075.0,27172.556640625,7384949
2022-10-18,29500.0,29500.0,29100.0,29450.0,27523.017578125,6971894
2022-10-19,29470.0,29635.0,29205.0,29210.0,27298.724609375,8116868
2022-10-20,29045.0,29095.0,28760.0,28925.0,27032.369140625,8545515
2022-10-21,28840.0,29160.0,28820.0,28985.0,27088.443359375,6552147
2022-10-24,29440.0,29555.0,29165.0,29255.0,27340.77734375,7609488
2022-10-25,29295.0,29510.0,29210.0,29300.0,27382.8359375,6172207
2022-10-26,29290.0,29655.0,29245.0,29500.0,27569.751953125,3811327
2022-10-27,29670.0,30055.0,29640.0,30015.0,28132.109375,7998093
2022-10-28,29690.0,29875.0,29515.0,29525.0,27769.9921875,8458719
2022-10-31,29845.0,30035.0,29675.0,29965.0,28183.837890625,6592231
2022-11-01,30045.0,30425.0,30000.0,30420.0,28611.794921875,7492177
2022-11-02,30270.0,30500.0,30205.0,30365.0,28560.06640625,6338612
2022-11-03,29855.0,30385.0,29735.0,30195.0,28400.16796875,6889893
2022-11-04,30065.0,30460.0,29960.0,30460.0,28649.416015625,7785493
2022-11-07,30555.0,30830.0,30485.0,30785.0,28955.095703125,8097421
2022-11-08,31020.0,31295.0,30945.0,31230.0,29373.646484375,9122938
2022-11-09,31375.0,31665.0,31300.0,31540.0,29665.220703125,8762093
2022-11-10,31300.0,31525.0,31145.0,31145.0,29293.69921875,9085819
2022-11-11,32140.0,32430.0,32105.0,32395.0,30469.396484375,16211530
2022-11-14,32435.0,32520.0,32170.0,32190.0,30276.578125,11317750
2022-11-15,32285.0,32355.0,32065.0,32280.0,30361.232421875,6874640
2022-11-16,32345.0,32345.0,31870.0,32220.0,30304.802734375,9267661
2022-11-17,32050.0,32085.0,31755.0,31795.0,29905.0625,6539407
2022-11-18,31795.0,32105.0,31700.0,31725.0,29839.220703125,7653425
2022-11-21,31800.0,31810.0,31375.0,31480.0,29608.78515625,10615730
2022-11-22,31405.0,31555.0,31255.0,31255.0,29397.158203125,7751187
2022-11-23,31480.0,31565.0,31345.0,31465.0,29594.67578125,7472325
2022-11-24,31685.0,31775.0,31565.0,31760.0,29872.142578125,11526270
2022-11-25,31780.0,31815.0,31620.0,31630.0,29749.869140625,4544368
2022-11-28,31430.0,31440.0,31165.0,31245.0,29387.751953125,6537635
2022-11-29,31230.0,31610.0,31160.0,31600.0,29721.65234375,6566545
2022-11-30,31430.0,32075.0,31430.0,32075.0,30168.419921875,4160884
2022-12-01,32535.0,32610.0,32210.0,32265.0,30347.123046875,7577432
2022-12-02,32150.0,32150.0,31545.0,31545.0,29669.921875,8153695
2022-12-05,31655.0,31750.0,31355.0,31445.0,29575.8671875,9855214
2022-12-06,31175.0,31370.0,31025.0,31045.0,29199.642578125,5119207
2022-12-07,30935.0,31065.0,30850.0,30870.0,29035.044921875,3129663
2022-12-08,30895.0,30935.0,30660.0,30870.0,29035.044921875,7341164
2022-12-09,31025.0,31275.0,30905.0,31230.0,29373.646484375,5317174
2022-12-12,31010.0,31100.0,30930.0,31035.0,29190.236328125,5504100
2022-12-13,31200.0,31225.0,30900.0,31010.0,29166.724609375,6070944
2022-12-14,31125.0,31395.0,31115.0,31360.0,29495.919921875,4928094
2022-12-15,31170.0,31210.0,30840.0,30840.0,29006.828125,7233435
2022-12-16,30380.0,30735.0,30375.0,30695.0,28870.44921875,5847327
2022-12-19,30620.0,30835.0,30575.0,30700.0,28875.150390625,4226027
2022-12-20,30585.0,30690.0,30320.0,30445.0,28635.3046875,5809168
2022-12-21,30630.0,30635.0,30335.0,30370.0,28564.767578125,5724378
2022-12-22,30510.0,30765.0,30440.0,30765.0,28936.28515625,4637378
2022-12-23,30420.0,30500.0,30180.0,30235.0,28437.791015625,7174835
2022-12-26,30205.0,30315.0,30130.0,30280.0,28480.119140625,5992640
2022-12-27,30410.0,30565.0,30355.0,30495.0,28682.33203125,2912644
2022-12-28,30355.0,30395.0,30100.0,30135.0,28343.732421875,7272311
2022-12-29,29970.0,30010.0,29595.0,29595.0,27835.833984375,5512087
2023-01-02,29665.0,29830.0,29390.0,29420.0,27671.232421875,5627556
2023-01-03,29455.0,29545.0,28870.0,29420.0,27671.232421875,9260988
2023-01-04,29255.0,30110.0,29240.0,30040.0,28254.380859375,8096923
2023-01-05,30210.0,30425.0,30045.0,30280.0,28480.119140625,8142508
2023-01-06,30070.0,30765.0,30070.0,30605.0,28785.796875,7372663
2023-01-09,30945.0,31440.0,30895.0,31430.0,29561.755859375,7939187
2023-01-10,31345.0,31675.0,31295.0,31470.0,29599.376953125,7504527
2023-01-11,31610.0,31705.0,31375.0,31525.0,29651.111328125,6027427
2023-01-12,31715.0,31750.0,31445.0,31615.0,29735.76171875,5442438
2023-01-13,31695.0,32025.0,31685.0,31845.0,29952.08984375,6258098
2023-01-16,31905.0,32235.0,31875.0,32100.0,30191.9296875,6503180
2023-01-17,32080.0,32130.0,31800.0,31845.0,29952.08984375,4685873
2023-01-18,31810.0,31880.0,31465.0,31640.0,29759.2734375,5638277
2023-01-19,31470.0,31840.0,31470.0,31835.0,29942.681640625,5645260
2023-01-20,31805.0,32055.0,31715.0,32045.0,30140.19921875,6784232
2023-01-25,32495.0,32650.0,32450.0,32550.0,30615.181640625,2773316
2023-01-26,32580.0,33035.0,32500.0,33000.0,31038.435546875,3786065
2023-01-27,33070.0,33475.0,32940.0,33260.0,31282.98046875,4113349
2023-01-30,33200.0,33290.0,32650.0,32660.0,30788.0703125,6923472
2023-01-31,32660.0,32720.0,32115.0,32155.0,30312.015625,7811334
2023-02-01,32385.0,32585.0,32280.0,32505.0,30641.955078125,6413355
2023-02-02,32950.0,33085.0,32595.0,32855.0,30971.89453125,8822068
2023-02-03,32795.0,33080.0,32660.0,32990.0,31099.15625,5538504
2023-02-06,32695.0,32780.0,32240.0,32240.0,30392.142578125,9254976
2023-02-07,32265.0,32540.0,32190.0,32440.0,30580.681640625,5380254
2023-02-08,32645.0,33050.0,32640.0,32945.0,31056.736328125,7531065
2023-02-09,32750.0,32970.0,32665.0,32840.0,30957.75390625,6633140
2023-02-10,32635.0,32790.0,32520.0,32755.0,30877.625,8029663
2023-02-13,32585.0,32675.0,32340.0,32560.0,30693.802734375,10210780
2023-02-14,32825.0,32990.0,32695.0,32755.0,30877.625,6964312
2023-02-15,32825.0,32830.0,32115.0,32135.0,30293.162109375,11497540
2023-02-16,32350.0,32850.0,32330.0,32775.0,30896.482421875,7077262
2023-02-17,32315.0,32770.0,32315.0,32485.0,30623.1015625,7266595
2023-02-20,32520.0,32705.0,32200.0,32595.0,30726.798828125,6087937
2023-02-21,32590.0,32680.0,32390.0,32550.0,30684.373046875,5417319
2023-02-22,32160.0,32265.0,31970.0,31985.0,30151.759765625,8547649
2023-02-23,32110.0,32515.0,32100.0,32390.0,30533.548828125,12572480
2023-02-24,32330.0,32520.0,32080.0,32100.0,30260.166015625,6935454
2023-02-27,31810.0,31825.0,31545.0,31815.0,29991.505859375,11282430
2023-02-28,31930.0,32180.0,31815.0,31905.0,30076.34765625,7805412
2023-03-02,31930.0,32270.0,31815.0,31985.0,30151.759765625,9905318
2023-03-03,32160.0,32205.0,31915.0,32055.0,30217.748046875,7146172
2023-03-06,32330.0,32520.0,32190.0,32505.0,30641.955078125,9192392
2023-03-07,32455.0,32605.0,32335.0,32335.0,30481.697265625,6041336
2023-03-08,32040.0,32055.0,31820.0,31875.0,30048.060546875,10926000
2023-03-09,32000.0,32075.0,31775.0,31775.0,29953.796875,6727453
2023-03-10,31400.0,31530.0,31265.0,31430.0,29628.568359375,8278301
2023-03-13,31575.0,31760.0,31205.0,31685.0,29868.955078125,8695718
2023-03-14,31380.0,31390.0,30920.0,30945.0,29171.3671875,12296610
2023-03-15,31260.0,31530.0,31180.0,31335.0,29539.01171875,8461081
2023-03-16,31015.0,31310.0,30855.0,31220.0,29430.607421875,8495023
2023-03-17,31575.0,31660.0,31355.0,31580.0,29769.970703125,6982096
2023-03-20,31570.0,31725.0,31345.0,31350.0,29553.15625,5826171
2023-03-21,31525.0,31600.0,31360.0,31430.0,29628.568359375,5667089
2023-03-22,31710.0,31835.0,31605.0,31825.0,30000.927734375,6252859
2023-03-23,31590.0,31940.0,31555.0,31920.0,30090.482421875,5458177
2023-03-24,31910.0,31955.0,31640.0,31810.0,29986.7890625,6994412
2023-03-27,31915.0,31915.0,31505.0,31665.0,29850.1015625,5621782
2023-03-28,31775.0,32035.0,31735.0,32035.0,30198.892578125,5838145
2023-03-29,31975.0,32100.0,31885.0,32085.0,30246.029296875,4037083
2023-03-30,32280.0,32430.0,32130.0,32310.0,30458.12890625,7446921
2023-03-31,32425.0,32755.0,32375.0,32690.0,30816.349609375,5144213
2023-04-03,32785.0,32785.0,32475.0,32525.0,30660.80859375,5461242
2023-04-04,32555.0,32780.0,32510.0,32675.0,30802.208984375,7988788
2023-04-05,32680.0,32895.0,32635.0,32860.0,30976.607421875,6321033
2023-04-06,32720.0,32745.0,32260.0,32275.0,30425.138671875,6729393
2023-04-07,32510.0,32885.0,32510.0,32825.0,30943.61328125,6587819
2023-04-10,32805.0,33295.0,32765.0,33140.0,31240.560546875,8112053
2023-04-11,33235.0,33660.0,33205.0,33575.0,31650.625,5502605
2023-04-12,33540.0,33775.0,33495.0,33680.0,31749.607421875,5098099
2023-04-13,33515.0,33780.0,33445.0,33745.0,31810.884765625,6098806
2023-04-14,33950.0,34090.0,33760.0,33865.0,31924.00390625,6593733
2023-04-17,33850.0,33920.0,33715.0,33875.0,31933.43359375,5285508
2023-04-18,33900.0,33945.0,33615.0,33825.0,31886.29296875,7293412
2023-04-19,33810.0,33980.0,33780.0,33850.0,31909.865234375,5738461
2023-04-20,33735.0,33845.0,33625.0,33750.0,31815.59765625,6235271
2023-04-21,33675.0,33740.0,33460.0,33580.0,31655.337890625,4914696
2023-04-24,33470.0,33520.0,33325.0,33350.0,31438.5234375,4922359
2023-04-25,33430.0,33475.0,32765.0,32930.0,31042.595703125,3317457
2023-04-26,32905.0,33045.0,32830.0,32895.0,31009.599609375,2520056
2023-04-27,32470.0,32580.0,32160.0,32560.0,31114.71875,6525733
2023-04-28,32735.0,32895.0,32490.0,32625.0,31176.83203125,9407032
2023-05-02,32720.0,32980.0,32675.0,32980.0,31516.07421875,6646106
2023-05-03,32725.0,32820.0,32620.0,32685.0,31234.16796875,6572422
2023-05-04,32555.0,32650.0,32455.0,32560.0,31114.71875,7297380
2023-05-08,32920.0,33070.0,32875.0,32970.0,31506.517578125,6547105
2023-05-09,32910.0,32925.0,32760.0,32870.0,31410.9609375,4545144
2023-05-10,32860.0,32860.0,32535.0,32665.0,31215.05859375,6417438
2023-05-11,32780.0,32895.0,32575.0,32575.0,31129.0546875,5099307
2023-05-12,32455.0,32580.0,32355.0,32420.0,30980.93359375,6233274
2023-05-15,32350.0,32510.0,32220.0,32510.0,31066.9375,6872961
2023-05-16,32720.0,32835.0,32535.0,32600.0,31152.94140625,5661588
2023-05-17,32540.0,32805.0,32530.0,32705.0,31253.28125,4019257
2023-05-19,33260.0,33505.0,33260.0,33485.0,31998.662109375,5211634
2023-05-22,33485.0,33840.0,33425.0,33700.0,32204.111328125,3957548
2023-05-23,33815.0,33920.0,33715.0,33800.0,32299.677734375,5034538
2023-05-25,33840.0,33865.0,33565.0,33645.0,32151.556640625,5259621
2023-05-26,33700.0,33865.0,33635.0,33760.0,32261.451171875,5966030
2023-05-30,34100.0,34225.0,34030.0,34215.0,32696.255859375,4103040
2023-05-31,34170.0,34300.0,33970.0,33970.0,32462.12890625,5638414
2023-06-01,33925.0,34020.0,33780.0,33860.0,32357.01171875,4794356
2023-06-02,34080.0,34295.0,34050.0,34295.0,32772.70703125,6094219
2023-06-05,34500.0,34515.0,34345.0,34395.0,32868.265625,4238342
2023-06-07,34495.0,34580.0,34320.0,34320.0,32796.59765625,2843547
2023-06-08,34215.0,34300.0,34100.0,34275.0,32753.591796875,3996672
2023-06-09,34450.0,34780.0,34340.0,34730.0,33188.3984375,4790733
2023-06-12,34810.0,34855.0,34420.0,34505.0,32973.3828125,6195794
2023-06-13,34705.0,34785.0,34575.0,34670.0,33131.05859375,6870619
2023-06-14,34670.0,34710.0,34435.0,34500.0,32968.60546875,6200984
2023-06-15,34585.0,34700.0,34340.0,34380.0,32853.9296875,5777708
2023-06-16,34555.0,34575.0,34350.0,34545.0,33011.60546875,5714938
2023-06-19,34445.0,34490.0,34260.0,34355.0,32830.04296875,3673429
2023-06-20,34260.0,34340.0,34155.0,34295.0,32772.70703125,4699219
2023-06-21,34230.0,34235.0,33960.0,33975.0,32466.91015625,4799234
2023-06-22,33910.0,34180.0,33895.0,34060.0,32548.134765625,3096561
2023-06-23,34195.0,34225.0,33855.0,33895.0,32390.458984375,6266048
2023-06-26,33840.0,34100.0,33805.0,34065.0,32552.916015625,3577737
2023-06-27,34000.0,34070.0,33885.0,34050.0,32538.583984375,4294631
2023-06-28,34175.0,34175.0,33805.0,33865.0,32361.791015625,5107857
2023-06-29,33965.0,34175.0,33860.0,33860.0,32357.01171875,4378180
2023-06-30,33870.0,34050.0,33620.0,33960.0,32452.57421875,5393824
2023-07-07,33575.0,33580.0,33185.0,33290.0,31812.314453125,5853036
2023-07-10,33340.0,33505.0,33185.0,33235.0,31759.7578125,4109417
2023-07-14,34540.0,34855.0,34450.0,34855.0,33307.84765625,7292260
2023-07-17,34670.0,34865.0,34635.0,34720.0,33178.8359375,4184041
2023-07-19,34685.0,34710.0,34350.0,34455.0,32925.6015625,4500641
2023-07-20,34230.0,34485.0,34200.0,34350.0,32825.26171875,4496190
2023-07-21,34100.0,34385.0,33895.0,34385.0,32858.7109375,4175557
2023-07-24,34365.0,34725.0,34215.0,34610.0,33073.72265625,5106302
2023-07-26,34655.0,34720.0,34165.0,34220.0,32701.03515625,3558154
2023-07-28,34415.0,34535.0,34225.0,34480.0,32949.4921875,4229850
2023-08-03,34450.0,34555.0,34080.0,34210.0,32691.478515625,4962396
2023-08-04,34275.0,34320.0,34110.0,34215.0,32696.255859375,4834540
2023-08-07,34040.0,34380.0,34000.0,34130.0,32615.02734375,4514528
2023-08-08,34250.0,34290.0,33770.0,33845.0,32342.673828125,4778109
2023-08-09,33900.0,34295.0,33895.0,34215.0,32696.255859375,4899630
2023-08-10,34005.0,34105.0,33970.0,34105.0,32591.138671875,5871749
2023-08-11,34175.0,34370.0,33975.0,33995.0,32486.01953125,4256388
2023-08-14,33890.0,34000.0,33585.0,33690.0,32194.556640625,2612622
2023-08-16,33435.0,33445.0,33140.0,33185.0,31711.974609375,4192173
2023-08-17,32980.0,33085.0,32655.0,33085.0,31616.4140625,6816054
2023-08-18,32700.0,33090.0,32655.0,32910.0,31449.185546875,6251548
2023-08-21,32985.0,33175.0,32900.0,32935.0,31473.072265625,3525107
2023-08-22,33135.0,33290.0,32935.0,33065.0,31597.3046875,6094050
2023-08-23,32905.0,33085.0,32855.0,32995.0,31530.41015625,4340162
2023-08-24,33345.0,33465.0,33300.0,33445.0,31960.43359375,4040484
2023-08-25,32980.0,33210.0,32960.0,33080.0,31611.634765625,4595875
2023-08-28,33290.0,33340.0,33160.0,33305.0,31826.646484375,4015465
2023-08-29,33470.0,33515.0,33350.0,33460.0,31974.76953125,4018417
2023-08-30,33790.0,33825.0,33560.0,33560.0,32070.330078125,3237969
2023-08-31,33630.0,33675.0,33430.0,33575.0,32084.662109375,3830111
2023-09-01,33485.0,33970.0,33475.0,33910.0,32404.79296875,7052806
2023-09-04,34010.0,34125.0,33850.0,34125.0,32610.24609375,3263322
2023-09-05,34040.0,34195.0,34010.0,34090.0,32576.80078125,3559458
2023-09-06,34025.0,34125.0,33815.0,33850.0,32347.453125,3958831
2023-09-07,33755.0,33855.0,33600.0,33680.0,32185.001953125,3837258
2023-09-08,33725.0,33740.0,33480.0,33730.0,32232.783203125,4100271
2023-09-11,33745.0,33845.0,33625.0,33825.0,32323.56640625,4173679
2023-09-12,33940.0,33970.0,33630.0,33650.0,32156.333984375,4650274
2023-09-13,33650.0,33835.0,33570.0,33675.0,32180.2265625,4489610
2023-09-14,33770.0,34150.0,33755.0,34150.0,32634.142578125,3539713
2023-09-15,34190.0,34725.0,34170.0,34595.0,33059.39453125,10140950
2023-09-18,34325.0,34490.0,34175.0,34180.0,32662.810546875,4430765
2023-09-19,34250.0,34250.0,33870.0,33920.0,32414.349609375,5277235
2023-09-20,33900.0,34025.0,33825.0,33915.0,32409.5703125,4933163
2023-09-21,33715.0,33780.0,33315.0,33320.0,31840.984375,8451806
2023-09-22,33005.0,33290.0,32930.0,33200.0,31726.310546875,7803331
2023-09-25,33105.0,33295.0,33055.0,33230.0,31754.9765625,5527636
2023-09-26,33230.0,33240.0,32760.0,32795.0,31339.2890625,8274671
2023-09-27,32620.0,32875.0,32595.0,32875.0,31415.736328125,11126320
2023-10-04,32480.0,32480.0,31990.0,32005.0,30584.353515625,12823220
2023-10-05,32235.0,32260.0,32000.0,32015.0,30593.908203125,8742454
2023-10-06,32060.0,32225.0,32005.0,32075.0,30651.24609375,5530666
2023-10-10,32405.0,32665.0,32130.0,32150.0,30722.91796875,5059978
2023-10-11,32595.0,32925.0,32590.0,32690.0,31238.947265625,6209888
2023-10-12,32865.0,33075.0,32865.0,33060.0,31592.525390625,6337428
2023-10-13,32755.0,32880.0,32685.0,32770.0,31315.3984375,3346991
2023-10-16,32610.0,32755.0,32320.0,32520.0,31076.494140625,4402616
2023-10-17,32750.0,32995.0,32680.0,32920.0,31458.73828125,4094158
2023-10-18,32835.0,33090.0,32825.0,33060.0,31592.525390625,5119785
2023-10-19,32635.0,32675.0,32410.0,32430.0,30990.490234375,5179844
2023-10-20,32175.0,32200.0,31815.0,31940.0,30522.23828125,5747441
2023-10-23,31905.0,31985.0,31715.0,31770.0,30359.78515625,3815317
2023-10-24,31920.0,32035.0,31375.0,32015.0,30593.908203125,5387775
2023-10-25,32105.0,32120.0,31830.0,31840.0,30426.6796875,3758074
2023-10-26,31355.0,31420.0,30995.0,31025.0,29647.85546875,4681591
2023-10-27,31165.0,31230.0,30940.0,31055.0,29676.5234375,4329063
2023-10-30,30810.0,31120.0,30800.0,31040.0,29758.01171875,3535956
2023-10-31,31205.0,31270.0,30625.0,30660.0,29393.70703125,5657280
2023-11-01,30855.0,31150.0,30840.0,31085.0,29801.154296875,4694504
2023-11-02,31600.0,31750.0,31520.0,31600.0,30294.87890625,6131947
2023-11-03,31900.0,31985.0,31765.0,31920.0,30601.666015625,4490811
2023-11-06,32445.0,33415.0,32335.0,33415.0,32034.921875,10194150
2023-11-07,33155.0,33215.0,32490.0,32810.0,31454.90625,8868833
2023-11-08,33050.0,33110.0,32420.0,32505.0,31162.50390625,4718349
2023-11-09,32505.0,32780.0,32445.0,32660.0,31311.10546875,4401718
2023-11-10,32335.0,32495.0,32215.0,32475.0,31133.74609375,5273275
2023-11-13,32795.0,32815.0,32345.0,32450.0,31109.775390625,6351729
2023-11-14,32725.0,32880.0,32695.0,32785.0,31430.94140625,4710485
2023-11-15,33470.0,33520.0,33220.0,33495.0,32111.61328125,9679173
2023-11-16,33470.0,33575.0,33315.0,33470.0,32087.650390625,5466819
2023-11-17,33445.0,33460.0,33210.0,33300.0,31924.671875,6010766
2023-11-20,33250.0,33680.0,33220.0,33565.0,32178.72265625,7426441
2023-11-21,33730.0,33875.0,33670.0,33725.0,32332.115234375,7262668
2023-11-22,33490.0,33850.0,33430.0,33785.0,32389.642578125,5610303
2023-11-23,33800.0,33895.0,33650.0,33790.0,32394.435546875,4815864
2023-11-24,33790.0,33855.0,33515.0,33525.0,32140.376953125,4913581
2023-11-27,33535.0,33695.0,33370.0,33485.0,32102.033203125,4318291
2023-11-28,33600.0,33870.0,33570.0,33870.0,32471.12890625,4270900
2023-11-29,33815.0,33815.0,33530.0,33760.0,32365.671875,3312281
2023-11-30,33685.0,33955.0,33595.0,33955.0,32552.619140625,6834917
2023-12-01,33780.0,33780.0,33550.0,33570.0,32183.51953125,4988163
2023-12-04,33810.0,33890.0,33680.0,33740.0,32346.498046875,6735167
2023-12-05,33585.0,33610.0,33370.0,33370.0,31991.77734375,4349890
2023-12-06,33530.0,33675.0,33480.0,33480.0,32097.23828125,7820757
2023-12-07,33375.0,33505.0,33250.0,33350.0,31972.607421875,9681266
2023-12-08,33630.0,33855.0,33615.0,33835.0,32437.572265625,8598566
2023-12-11,33905.0,33950.0,33690.0,33950.0,32547.826171875,7031812
2023-12-12,34035.0,34195.0,34025.0,34090.0,32682.041015625,11151250
2023-12-13,34075.0,34075.0,33745.0,33760.0,32365.671875,3987975
2023-12-14,34220.0,34375.0,34055.0,34170.0,32758.740234375,8792731
2023-12-15,34280.0,34680.0,34280.0,34365.0,32945.68359375,6261323
2023-12-18,34455.0,34515.0,34280.0,34475.0,33051.140625,4133230
2023-12-19,34385.0,34525.0,34280.0,34505.0,33079.90234375,5012552
2023-12-20,34765.0,35170.0,34750.0,35170.0,33717.4375,9403237
2023-12-21,34910.0,35060.0,34775.0,34940.0,33496.93359375,6310580
2023-12-22,35265.0,35335.0,35050.0,35050.0,33602.390625,3155432
2023-12-26,35225.0,35250.0,35025.0,35195.0,33741.40625,2667076
2023-12-27,35260.0,35585.0,35165.0,35585.0,34115.296875,10959810
2023-12-28,35600.0,36170.0,35540.0,36170.0,34676.13671875,10582820
2024-01-02,35985.0,36530.0,35925.0,36390.0,34887.046875,7419568
2024-01-03,35975.0,35975.0,35380.0,35380.0,33918.765625,8099979
2024-01-04,35110.0,35350.0,34975.0,35070.0,33621.56640625,8879926
2024-01-05,35055.0,35170.0,34910.0,34970.0,33525.6953125,6663218
2024-01-08,35155.0,35245.0,34815.0,34855.0,33415.4453125,5362721
2024-01-09,35310.0,35365.0,34630.0,34725.0,33290.81640625,7512393
2024-01-10,34725.0,34795.0,34320.0,34345.0,32926.5078125,4007127
2024-01-11,34410.0,34610.0,34290.0,34400.0,32979.23828125,5403988
2024-01-12,34280.0,34405.0,34005.0,34070.0,32662.86328125,8090307
2024-01-15,34165.0,34365.0,34085.0,34215.0,32801.8828125,6318099
2024-01-16,34010.0,34155.0,33705.0,33745.0,32351.294921875,5992875
2024-01-17,33885.0,33915.0,32905.0,32920.0,31560.365234375,13766680
2024-01-19,33420.0,33630.0,33380.0,33570.0,32183.51953125,8205234
2024-01-22,33925.0,33945.0,33605.0,33605.0,32217.076171875,6761069
2024-01-23,33760.0,33845.0,33560.0,33780.0,32384.845703125,4506031
2024-01-24,33805.0,33805.0,33370.0,33650.0,32260.21484375,5453870
2024-01-25,33670.0,33740.0,33480.0,33690.0,32298.560546875,7350090
2024-01-26,33530.0,34090.0,33415.0,33750.0,32356.0859375,4530850
2024-01-29,33865.0,34370.0,33780.0,34150.0,32739.56640625,4271662
2024-01-30,34230.0,34365.0,33915.0,33995.0,32681.876953125,7939707
2024-01-31,33740.0,33920.0,33735.0,33830.0,32523.255859375,8485416
2024-02-01,33790.0,34465.0,33775.0,34410.0,33080.8515625,7021653
2024-02-02,34690.0,35575.0,34665.0,35520.0,34147.9765625,11476190
2024-02-05,35425.0,35425.0,34650.0,35090.0,33734.5859375,11378060
2024-02-06,34945.0,35250.0,34750.0,34955.0,33604.80078125,9454374
2024-02-07,35130.0,35730.0,35120.0,35450.0,34080.68359375,7548365
2024-02-08,35595.0,35755.0,35430.0,35490.0,34119.140625,6259742
2024-02-13,35915.0,36130.0,35850.0,35925.0,34537.3359375,6108254
2024-02-14,35370.0,35570.0,35250.0,35435.0,34066.26171875,7163970
2024-02-15,35805.0,35825.0,35360.0,35385.0,34018.1875,6137814
2024-02-16,35670.0,35775.0,35480.0,35740.0,34359.484375,7035777
2024-02-19,35845.0,36375.0,35840.0,36300.0,34897.84375,6673013
2024-02-20,36200.0,36220.0,35670.0,35875.0,34489.2578125,6441149
2024-02-21,35855.0,36110.0,35675.0,35795.0,34412.35546875,6976327
2024-02-22,36130.0,36165.0,35845.0,35980.0,34590.2109375,6463600
2024-02-23,36300.0,36510.0,36040.0,36090.0,34695.9609375,6739000
2024-02-26,35875.0,35960.0,35510.0,35800.0,34417.16015625,5130714
2024-02-27,35815.0,35900.0,35455.0,35495.0,34123.94140625,5199598
2024-02-28,35585.0,36040.0,35495.0,35930.0,34542.140625,5641427
2024-02-29,35800.0,35950.0,35610.0,35835.0,34450.8125,6145314
2024-03-04,36210.0,36540.0,36150.0,36350.0,34945.91796875,6037381
2024-03-05,36235.0,36545.0,36060.0,36060.0,34667.12109375,5784831
2024-03-06,35880.0,36015.0,35765.0,35930.0,34542.140625,5517887
2024-03-07,36070.0,36200.0,35785.0,35955.0,34566.17578125,4849264
2024-03-08,36385.0,36615.0,36340.0,36480.0,35070.89453125,7394314
2024-03-11,36270.0,36410.0,36130.0,36175.0,34777.67578125,6073156
2024-03-12,36290.0,36565.0,36110.0,36485.0,35075.703125,8134832
2024-03-13,36625.0,36805.0,36490.0,36655.0,35239.1328125,8736002
2024-03-14,36695.0,37020.0,36695.0,36985.0,35556.39453125,9555540
2024-03-15,36685.0,36770.0,36290.0,36290.0,34888.23046875,6009649
2024-03-18,36405.0,36530.0,36210.0,36520.0,35109.34765625,5967833
2024-03-19,36235.0,36235.0,35885.0,36085.0,34691.15234375,7383566
2024-03-20,36360.0,36740.0,36360.0,36720.0,35301.62890625,4822500
2024-03-21,37315.0,37785.0,37295.0,37715.0,36258.19140625,9692134
2024-03-22,37710.0,37910.0,37450.0,37605.0,36152.4453125,6003798
2024-03-25,37755.0,37895.0,37375.0,37455.0,36008.23046875,4720635
2024-03-26,37770.0,38210.0,37740.0,37825.0,36363.9375,6553288
2024-03-27,37630.0,37950.0,37595.0,37845.0,36383.171875,5449895
2024-03-28,37830.0,38020.0,37730.0,37825.0,36363.9375,4745970
2024-03-29,37990.0,38100.0,37765.0,37950.0,36484.11328125,5014519
2024-04-01,38305.0,38345.0,37970.0,37975.0,36508.14453125,3538372
2024-04-02,37950.0,38255.0,37860.0,38080.0,36609.08984375,6365867
2024-04-03,37850.0,37870.0,37490.0,37505.0,36056.3046875,7079000
2024-04-04,37925.0,38085.0,37855.0,38040.0,36570.640625,5544692
2024-04-05,37675.0,37905.0,37505.0,37650.0,36195.69921875,6309280
2024-04-08,37730.0,37895.0,37625.0,37810.0,36349.51953125,5115111
2024-04-09,38000.0,38085.0,37520.0,37575.0,36123.59375,5176282
2024-04-11,36980.0,37725.0,36915.0,37560.0,36109.17578125,8686248
2024-04-12,37565.0,37615.0,37160.0,37195.0,35758.2734375,7688584
2024-04-15,36940.0,37045.0,36575.0,37030.0,35599.6484375,8579198
2024-04-16,36565.0,36670.0,35995.0,36175.0,34777.67578125,10000030
2024-04-17,36250.0,36355.0,35780.0,35780.0,34397.9296875,7809241
2024-04-18,35875.0,36475.0,35820.0,36405.0,34998.78515625,6719354
2024-04-19,35845.0,35955.0,35175.0,35720.0,34340.25390625,17572130
2024-04-22,36025.0,36290.0,35880.0,36200.0,34801.71484375,8495605
2024-04-23,36280.0,36365.0,36075.0,36160.0,34763.25390625,5182915
2024-04-24,36650.0,36940.0,36650.0,36825.0,35402.5703125,6215061
2024-04-25,36375.0,36510.0,36190.0,36190.0,34792.1015625,2622964
2024-04-26,36570.0,36720.0,36360.0,36605.0,35191.06640625,4275438
2024-04-29,36465.0,36550.0,36310.0,36520.0,35536.5078125,3692589
2024-04-30,36540.0,36865.0,36455.0,36650.0,35663.0078125,5097163
2024-05-02,36355.0,36615.0,36335.0,36515.0,35531.64453125,3981801
2024-05-03,36900.0,36920.0,36470.0,36485.0,35502.4453125,6246363
2024-05-07,37075.0,37370.0,37075.0,37330.0,36324.6953125,4327481
2024-05-08,37310.0,37495.0,37260.0,37460.0,36451.19140625,5577808
2024-05-09,37480.0,37515.0,36980.0,37040.0,36042.5,4485528
2024-05-10,37360.0,37490.0,37150.0,37230.0,36227.38671875,5938367
2024-05-13,37335.0,37425.0,36995.0,37160.0,36159.27734375,5686980
2024-05-14,37260.0,37290.0,37115.0,37235.0,36232.25390625,6314959
2024-05-16,37870.0,37950.0,37560.0,37590.0,36577.69140625,6494830
2024-05-17,37515.0,37545.0,37145.0,37150.0,36149.54296875,4716522
2024-05-20,37480.0,37695.0,37355.0,37460.0,36451.19140625,4447271
2024-05-21,37335.0,37420.0,37215.0,37265.0,36261.4453125,5812774
2024-05-22,37200.0,37375.0,36950.0,37265.0,36261.4453125,6379874
2024-05-23,37215.0,37440.0,36980.0,37265.0,36261.4453125,5226850
2024-05-24,36715.0,36825.0,36585.0,36685.0,35697.06640625,5643266
2024-05-27,36785.0,37275.0,36705.0,37195.0,36193.32421875,6649585
2024-05-28,37080.0,37305.0,37025.0,37235.0,36232.25390625,4056913
2024-05-29,37100.0,37190.0,36615.0,36690.0,35701.9296875,8392854
2024-05-30,36380.0,36385.0,35995.0,36025.0,35054.83984375,6689431
2024-05-31,36325.0,36410.0,36010.0,36010.0,35040.2421875,5019907
2024-06-03,36265.0,36805.0,36250.0,36660.0,35672.73828125,4712955
2024-06-04,36430.0,36580.0,36315.0,36390.0,35410.00390625,5221701
2024-06-05,36695.0,36860.0,36430.0,36755.0,35765.17578125,5142891
2024-06-07,37105.0,37395.0,37000.0,37240.0,36237.12109375,5570430
2024-06-10,36805.0,37130.0,36685.0,36915.0,35920.875,3841367
2024-06-11,36990.0,37030.0,36760.0,36950.0,35954.92578125,2917811
2024-06-12,36875.0,37275.0,36875.0,37275.0,36271.171875,2806005
2024-06-13,37735.0,37980.0,37530.0,37530.0,36519.30859375,5844059
2024-06-14,37550.0,37795.0,37490.0,37655.0,36640.94140625,6306218
2024-06-17,37470.0,37635.0,37365.0,37450.0,36441.46484375,7201864
2024-06-18,37710.0,37910.0,37610.0,37845.0,36825.828125,4844002
2024-06-19,38195.0,38430.0,38160.0,38410.0,37375.609375,6540410
2024-06-20,38375.0,38650.0,38325.0,38560.0,37521.5703125,4450633
2024-06-21,38260.0,38335.0,38025.0,38230.0,37200.45703125,5744918
2024-06-24,37950.0,38055.0,37780.0,37940.0,36918.265625,4284623
2024-06-25,37950.0,38140.0,37905.0,38050.0,37025.3046875,4339239
2024-06-26,37870.0,38365.0,37805.0,38365.0,37331.8203125,6350700
2024-06-27,37970.0,38345.0,37885.0,38320.0,37288.0390625,5404909
2024-06-28,38460.0,38545.0,38300.0,38545.0,37506.97265625,5339707
2024-07-01,38390.0,38645.0,38355.0,38620.0,37579.953125,3782571
2024-07-02,38415.0,38570.0,38230.0,38345.0,37312.35546875,5676869
2024-07-03,38505.0,38520.0,38180.0,38505.0,37468.05078125,4825685
2024-07-04,38815.0,39020.0,38805.0,39020.0,37969.18359375,5995175
2024-07-05,39225.0,39885.0,39215.0,39740.0,38669.79296875,6869265
2024-07-08,39695.0,39825.0,39600.0,39610.0,38543.29296875,4212277
2024-07-09,39860.0,39870.0,39515.0,39750.0,38679.5234375,4884271
2024-07-10,39595.0,39795.0,39585.0,39735.0,38664.92578125,3486449
2024-07-11,40055.0,40190.0,39860.0,39980.0,38903.328125,7478311
2024-07-12,39665.0,39735.0,39260.0,39430.0,38368.140625,5269595
2024-07-15,39650.0,39685.0,39320.0,39680.0,38611.40625,4369898
2024-07-16,39550.0,39830.0,39505.0,39705.0,38635.734375,7029476
2024-07-17,39710.0,39730.0,39350.0,39375.0,38314.62109375,4714961
2024-07-18,38870.0,39085.0,38705.0,39085.0,38032.43359375,5775029
2024-07-19,38655.0,38720.0,38350.0,38625.0,37584.8203125,5641558
2024-07-22,38590.0,38635.0,38035.0,38240.0,37210.1875,5494148
2024-07-23,38525.0,38680.0,38265.0,38350.0,37317.22265625,4976800
2024-07-24,38025.0,38400.0,37945.0,38125.0,37098.28125,5948102
2024-07-25,37575.0,37625.0,37285.0,37430.0,36422.0,6100001
2024-07-26,37505.0,37745.0,37425.0,37630.0,36616.6171875,2981453
2024-07-29,37870.0,38225.0,37760.0,38080.0,37054.49609375,2556935
2024-07-30,37495.0,37655.0,37435.0,37575.0,36707.6875,5637616
2024-07-31,37575.0,38125.0,37500.0,38125.0,37244.99609375,3964583
2024-08-01,38435.0,38465.0,38125.0,38155.0,37274.3046875,5783088
2024-08-02,37240.0,37315.0,36460.0,36620.0,35774.734375,8886834
2024-08-05,35660.0,35660.0,32445.0,33260.0,32492.29296875,26274100
2024-08-06,34585.0,35200.0,33830.0,34180.0,33391.0546875,23712220
2024-08-07,34040.0,35330.0,33900.0,34960.0,34153.05078125,11282630
2024-08-08,34355.0,34935.0,34160.0,34700.0,33899.046875,9767765
2024-08-09,35360.0,35390.0,34990.0,35175.0,34363.0859375,8290829
2024-08-12,35430.0,35715.0,35355.0,35580.0,34758.7421875,5631349
2024-08-13,35715.0,35890.0,35525.0,35700.0,34875.96875,4852824
2024-08-14,36145.0,36240.0,35930.0,36035.0,35203.234375,6244494
2024-08-16,36835.0,36980.0,36690.0,36890.0,36038.50390625,8459225
2024-08-19,37000.0,37025.0,36415.0,36565.0,35721.0,6736568
2024-08-20,36960.0,37105.0,36795.0,36930.0,36077.578125,5472924
2024-08-21,36695.0,36960.0,36690.0,36880.0,36028.73046875,6776592
2024-08-22,36995.0,37045.0,36735.0,36935.0,36082.46484375,5570074
2024-08-23,36710.0,37045.0,36695.0,36910.0,36058.0390625,5766510
2024-08-26,37025.0,37070.0,36595.0,36715.0,35867.54296875,4216064
2024-08-28,36505.0,36595.0,36270.0,36595.0,35750.3125,6708121
2024-08-29,36020.0,36235.0,35910.0,36110.0,35276.51171875,6493190
2024-08-30,36310.0,36410.0,36160.0,36300.0,35462.1171875,4963885
2024-09-02,36300.0,36340.0,35865.0,36260.0,35423.04296875,6423898
2024-09-03,36260.0,36420.0,35950.0,35955.0,35125.08203125,5515228
2024-09-04,34865.0,35150.0,34645.0,34705.0,33903.93359375,7172762
2024-09-05,34875.0,35185.0,34460.0,34650.0,33850.20703125,5346956
2024-09-06,34675.0,34700.0,34095.0,34340.0,33547.359375,5168464
2024-09-09,33640.0,34240.0,33500.0,34110.0,33322.671875,5952857
2024-09-10,34130.0,34215.0,33850.0,33965.0,33181.015625,5218848
2024-09-11,33890.0,33915.0,33355.0,33645.0,32868.40234375,5017069
2024-09-12,34105.0,34415.0,34045.0,34415.0,33620.6328125,4568052
2024-09-13,34435.0,34645.0,34235.0,34490.0,33693.8984375,4802842
2024-09-19,34695.0,34725.0,33965.0,34430.0,33635.28515625,6043733
2024-09-20,34805.0,35000.0,34515.0,34515.0,33718.3203125,6874828
2024-09-23,34610.0,34695.0,34480.0,34620.0,33820.89453125,4645629
2024-09-24,34805.0,35035.0,34525.0,35035.0,34226.32421875,6212802
2024-09-25,35360.0,35535.0,34520.0,34520.0,33723.20703125,7750557
2024-09-26,35125.0,35680.0,35110.0,35680.0,34856.4296875,6994284
2024-09-27,35765.0,36025.0,35535.0,35535.0,34714.77734375,6771255
2024-09-30,35760.0,35830.0,34720.0,34720.0,33918.58984375,7175102
2024-10-02,34160.0,34670.0,34095.0,34355.0,33562.01171875,6121360
2024-10-04,34270.0,34640.0,34140.0,34340.0,33547.359375,6396033
2024-10-07,34425.0,34975.0,34175.0,34885.0,34079.78125,5638671
2024-10-08,34605.0,34725.0,34440.0,34620.0,33820.89453125,4408500
2024-10-10,34900.0,34950.0,34635.0,34685.0,33884.3984375,6478450
2024-10-11,34895.0,35055.0,34670.0,34730.0,33928.359375,5585424
2024-10-14,34800.0,35265.0,34800.0,35140.0,34328.8984375,5728670
2024-10-15,35320.0,35345.0,35040.0,35265.0,34451.01171875,5409366
2024-10-16,34780.0,35085.0,34690.0,34945.0,34138.3984375,6674005
2024-10-17,35050.0,35090.0,34845.0,35025.0,34216.55078125,5635313
2024-10-18,35090.0,35145.0,34660.0,34820.0,34016.28125,6168840
2024-10-21,34840.0,35085.0,34710.0,34920.0,34113.96875,4704271
2024-10-22,34780.0,34815.0,34310.0,34410.0,33615.74609375,7816564
2024-10-23,34445.0,34985.0,34315.0,34855.0,34050.4765625,6679313
2024-10-24,34650.0,34780.0,34495.0,34565.0,33767.16796875,7024836
2024-10-25,34610.0,34900.0,34460.0,34590.0,33791.58984375,5844114
2024-10-28,34635.0,34965.0,34605.0,34905.0,34099.3203125,3512787
2024-10-29,34850.0,34995.0,34655.0,34995.0,34187.2421875,4158363
2024-10-31,34215.0,34380.0,34005.0,34085.0,33412.8203125,7856335
2024-11-01,33820.0,34055.0,33720.0,33845.0,33177.5546875,4997821
2024-11-04,33930.0,34430.0,33835.0,34410.0,33731.4140625,6150133
2024-11-06,34355.0,34470.0,33850.0,34135.0,33461.83984375,8834595
2024-11-07,33985.0,34360.0,33805.0,34120.0,33447.1328125,6664655
2024-11-08,34440.0,34560.0,33980.0,34080.0,33407.91796875,7350207
2024-11-11,33865.0,33870.0,33420.0,33530.0,32868.76953125,7768380
2024-11-12,33365.0,33460.0,32790.0,32830.0,32182.572265625,9429911
2024-11-13,32565.0,32755.0,31940.0,31990.0,31359.138671875,10612090
2024-11-14,32035.0,32250.0,31810.0,31855.0,31226.80078125,10261930
2024-11-15,31870.0,32280.0,31680.0,32085.0,31452.263671875,8507787
2024-11-18,32440.0,33095.0,32420.0,32830.0,32182.572265625,5891926
2024-11-19,32775.0,33020.0,32770.0,32945.0,32295.302734375,7100086
2024-11-20,32890.0,33085.0,32810.0,33010.0,32359.0234375,4688772
2024-11-21,32835.0,33230.0,32820.0,33050.0,32398.234375,7895737
2024-11-22,33205.0,33500.0,33145.0,33345.0,32687.41796875,5007775
2024-11-25,33645.0,33870.0,33520.0,33735.0,33069.72265625,6798558
2024-11-26,33520.0,33660.0,33465.0,33630.0,32966.796875,5023904
2024-11-27,33525.0,33660.0,33280.0,33370.0,32711.919921875,5547080
2024-11-28,33275.0,33425.0,33200.0,33270.0,32613.892578125,3664913
2024-11-29,33150.0,33150.0,32415.0,32640.0,31996.318359375,9016177
2024-12-02,32960.0,33010.0,32575.0,32700.0,32055.13671875,7351735
2024-12-03,32865.0,33260.0,32865.0,33180.0,32525.669921875,5701518
2024-12-04,32595.0,32970.0,32475.0,32730.0,32084.54296875,11354760
2024-12-05,32755.0,32800.0,32375.0,32500.0,31859.080078125,8795714
2024-12-06,32585.0,32730.0,31840.0,32335.0,31697.33203125,12257740
2024-12-09,31880.0,32015.0,31500.0,31530.0,30908.20703125,10662480
2024-12-10,31840.0,32245.0,31825.0,32170.0,31535.587890625,5652081
2024-12-11,32025.0,32525.0,32010.0,32505.0,31863.978515625,4672310
2024-12-12,32710.0,33070.0,32590.0,32970.0,32319.8125,6775672
2024-12-13,32890.0,33255.0,32810.0,33120.0,32466.8515625,7191550
2024-12-16,33345.0,33440.0,32935.0,33000.0,32349.21875,4979861
2024-12-17,32955.0,32975.0,32570.0,32620.0,31976.71484375,5459570
2024-12-18,32700.0,33180.0,32700.0,33080.0,32427.640625,4437805
2024-12-19,32255.0,32495.0,32175.0,32330.0,31692.431640625,5702060
2024-12-20,32195.0,32195.0,31625.0,31865.0,31236.6015625,9703770
2024-12-23,32140.0,32510.0,32025.0,32400.0,31761.05078125,6926535
2024-12-24,32545.0,32580.0,32290.0,32425.0,31785.55859375,5201448
2024-12-26,32540.0,32540.0,32210.0,32235.0,31599.3046875,3206208
2024-12-27,32180.0,32320.0,31875.0,32145.0,31511.080078125,4849717
2024-12-30,32030.0,32450.0,31945.0,32060.0,31427.755859375,4162622
2025-01-02,31930.0,32095.0,31740.0,31990.0,31359.138671875,5735290
2025-01-03,31980.0,32855.0,31970.0,32630.0,31986.515625,8939357
2025-01-06,32730.0,33410.0,32680.0,33330.0,32672.7109375,7620755
2025-01-07,33645.0,33860.0,33330.0,33340.0,32682.515625,7687264
2025-01-08,33060.0,33840.0,33060.0,33660.0,32996.203125,8151095
2025-01-09,33645.0,33980.0,33605.0,33685.0,33020.7109375,8978910
2025-01-10,33665.0,33870.0,33480.0,33635.0,32971.69140625,10497610
2025-01-13,33450.0,33550.0,33105.0,33190.0,32535.470703125,8008114
2025-01-14,33385.0,33410.0,33075.0,33335.0,32677.61328125,5880779
2025-01-15,33465.0,33715.0,33215.0,33285.0,32628.59765625,7096912
2025-01-16,33740.0,33890.0,33645.0,33760.0,33094.23046875,6733592
2025-01-17,33625.0,33785.0,33510.0,33690.0,33025.61328125,5405536
2025-01-20,33855.0,33870.0,33560.0,33635.0,32971.69140625,5681869
2025-01-21,33840.0,34100.0,33475.0,33665.0,33001.10546875,7125158
2025-01-22,33905.0,34155.0,33735.0,34050.0,33378.515625,5013881
2025-01-23,34005.0,34015.0,33635.0,33685.0,33020.7109375,3950876
2025-01-24,33740.0,33920.0,33605.0,33775.0,33217.41015625,7810490
2025-01-31,33405.0,33495.0,33155.0,33445.0,32892.85546875,7775839
2025-02-03,32730.0,32730.0,32280.0,32530.0,31992.962890625,15606930
2025-02-04,32930.0,33400.0,32800.0,32935.0,32391.275390625,12055350
2025-02-05,33290.0,33485.0,33210.0,33325.0,32774.83984375,6499482
2025-02-06,33540.0,33670.0,33395.0,33660.0,33104.30859375,5068191
2025-02-07,33680.0,33710.0,33405.0,33440.0,32887.94140625,7857348
2025-02-10,33265.0,33590.0,33115.0,33510.0,32956.78515625,6491519
2025-02-11,33685.0,33935.0,33580.0,33775.0,33217.41015625,7792158
2025-02-12,33720.0,33860.0,33535.0,33820.0,33261.6640625,7996959
2025-02-13,33935.0,34195.0,33905.0,34195.0,33630.4765625,6598772
2025-02-14,34250.0,34525.0,34210.0,34365.0,33797.66796875,7663353
2025-02-17,34480.0,34660.0,34410.0,34615.0,34043.5390625,5249340
2025-02-18,34650.0,34930.0,34560.0,34870.0,34294.328125,4974895
2025-02-19,35000.0,35730.0,35000.0,35580.0,34992.61328125,6247515
2025-02-20,35485.0,35530.0,35220.0,35270.0,34687.7265625,8145518
2025-02-21,35350.0,35350.0,35070.0,35310.0,34727.0703125,6400775
2025-02-24,35010.0,35095.0,34860.0,35090.0,34510.69921875,6901016
2025-02-25,34660.0,35025.0,34630.0,34905.0,34328.75390625,5857816
2025-02-26,34870.0,35195.0,34725.0,35080.0,34500.86328125,5199986
2025-02-27,35110.0,35130.0,34760.0,34940.0,34363.17578125,6840998
2025-02-28,34380.0,34415.0,33655.0,33780.0,33222.328125,19442420
2025-03-04,33610.0,33920.0,33440.0,33695.0,33138.73046875,7227954
2025-03-05,33940.0,34140.0,33665.0,33950.0,33389.51953125,8433469
2025-03-06,34110.0,34390.0,34050.0,34285.0,33718.98828125,7170876
2025-03-07,33970.0,34275.0,33785.0,34125.0,33561.6328125,4542551
2025-03-10,33925.0,34305.0,33885.0,34205.0,33640.30859375,4776508
2025-03-11,33395.0,33915.0,33295.0,33820.0,33261.6640625,7793370
2025-03-12,33970.0,34440.0,33805.0,34355.0,33787.83203125,7072173
2025-03-13,34560.0,34740.0,34160.0,34190.0,33625.55859375,8755466
2025-03-14,34230.0,34480.0,34170.0,34380.0,33812.421875,6932300
2025-03-17,34640.0,35110.0,34640.0,35050.0,34471.359375,5497062
2025-03-18,35450.0,35580.0,35065.0,35135.0,34554.95703125,6196410
2025-03-19,35155.0,35647.0,35155.0,35435.0,34850.00390625,4697251
2025-03-20,35695.0,35815.0,35500.0,35675.0,35086.0390625,5627694
2025-03-21,35600.0,35900.0,35525.0,35845.0,35253.23828125,6252137
2025-03-24,35705.0,35935.0,35595.0,35720.0,35130.30078125,6277697
2025-03-25,35930.0,35940.0,35475.0,35555.0,34968.0234375,6571405
2025-03-26,35705.0,35970.0,35580.0,35855.0,35263.06640625,5126765
2025-03-27,35485.0,35740.0,35385.0,35415.0,34830.33203125,7191086
2025-03-28,35270.0,35270.0,34670.0,34845.0,34269.74609375,9416839
2025-03-31,34220.0,34220.0,33765.0,33865.0,33305.921875,10984450
2025-04-01,34120.0,34480.0,33940.0,34350.0,33782.9140625,9143106
2025-04-02,34395.0,34440.0,34040.0,34180.0,33615.72265625,6797136
2025-04-03,33150.0,33785.0,33100.0,33755.0,33197.73828125,11098090
2025-04-04,33320.0,34015.0,33010.0,33455.0,32902.69140625,20483990
2025-04-07,31960.0,32050.0,31400.0,31550.0,31029.142578125,25201100
2025-04-08,32150.0,32200.0,31400.0,31535.0,31014.388671875,19784950
2025-04-09,31470.0,31565.0,30840.0,31010.0,30498.056640625,17841140
2025-04-10,32740.0,32920.0,32370.0,32920.0,32376.5234375,11829120
2025-04-11,32375.0,32820.0,32260.0,32820.0,32278.173828125,12284500
2025-04-14,33000.0,33230.0,32925.0,33030.0,32484.70703125,5510556
2025-04-15,33075.0,33445.0,33075.0,33355.0,32804.34375,8739314
2025-04-16,33215.0,33275.0,32820.0,32835.0,32292.927734375,7035487
2025-04-17,32925.0,33220.0,32855.0,33160.0,32612.560546875,6814121
2025-04-18,33215.0,33385.0,33110.0,33385.0,32833.84765625,5906332
2025-04-21,33390.0,33585.0,33295.0,33430.0,32878.10546875,4921214
2025-04-22,33265.0,33490.0,33255.0,33320.0,32769.921875,5665232
2025-04-23,33875.0,33965.0,33705.0,33920.0,33360.015625,6686259
2025-04-24,33925.0,33970.0,33645.0,33860.0,33301.0078125,6733860
2025-04-25,34230.0,34335.0,34060.0,34175.0,33610.8046875,5791540
2025-04-28,34235.0,34355.0,34140.0,34200.0,33635.390625,2920421
2025-04-29,33870.0,34185.0,33755.0,34005.0,33868.453125,7061405
2025-04-30,33970.0,34135.0,33790.0,33935.0,33798.734375,6329504
2025-05-02,33910.0,34115.0,33690.0,33965.0,33828.61328125,5644954
2025-05-07,34330.0,34400.0,34040.0,34255.0,34117.44921875,6838613
2025-05-08,34310.0,34470.0,34255.0,34270.0,34132.38671875,6263717
2025-05-09,34335.0,34415.0,34160.0,34265.0,34127.41015625,6422377
2025-05-12,34500.0,34750.0,34430.0,34750.0,34610.4609375,6345461
2025-05-13,34900.0,35045.0,34750.0,34830.0,34690.140625,8491033
2025-05-14,35145.0,35455.0,35065.0,35295.0,35153.2734375,9598145
2025-05-15,35200.0,35375.0,34990.0,35035.0,34894.31640625,6696380
2025-05-16,35165.0,35275.0,35070.0,35165.0,35023.79296875,6437268
2025-05-19,34995.0,35030.0,34645.0,34770.0,34630.3828125,7732398
2025-05-20,35040.0,35125.0,34800.0,34840.0,34700.1015625,6059352
2025-05-21,35005.0,35252.0,34995.0,35060.0,34919.21484375,6282240
2025-05-22,34865.0,34900.0,34525.0,34610.0,34471.0234375,4417566
2025-05-23,34705.0,34785.0,34610.0,34640.0,34500.90234375,5583567
2025-05-26,34725.0,35225.0,34700.0,35190.0,35048.6953125,5660635
2025-05-27,35095.0,35330.0,35060.0,35300.0,35158.25390625,6195383
2025-05-28,35415.0,36110.0,35360.0,35780.0,35636.32421875,11074770
2025-05-29,36185.0,36515.0,36040.0,36490.0,36343.47265625,13905920
2025-05-30,36355.0,36460.0,36080.0,36140.0,35994.87890625,7705176
2025-06-02,36040.0,36480.0,35950.0,36125.0,35979.94140625,7397312
2025-06-04,36615.0,37170.0,36610.0,37140.0,36990.86328125,10197240
2025-06-05,37430.0,38180.0,37400.0,37790.0,37638.25390625,12933070
2025-06-09,38380.0,38695.0,38290.0,38445.0,38290.625,12580880
2025-06-10,38705.0,38890.0,38335.0,38670.0,38514.71875,9797525
2025-06-11,38865.0,39190.0,38795.0,39125.0,38967.89453125,6636335
2025-06-12,39150.0,39470.0,39120.0,39195.0,39037.61328125,10534350
2025-06-13,39345.0,39385.0,38660.0,38865.0,38708.9375,8973193
2025-06-16,39000.0,39615.0,38745.0,39575.0,39416.0859375,10145210
2025-06-17,39720.0,40415.0,39420.0,39680.0,39520.6640625,13232190
2025-06-18,39405.0,40175.0,39380.0,40015.0,39854.3203125,12608820
2025-06-19,40275.0,40395.0,39755.0,40080.0,39919.05859375,11440480
2025-06-20,40245.0,40665.0,40040.0,40640.0,40476.80859375,11672070
2025-06-23,40260.0,40660.0,39885.0,40600.0,40436.96875,12359660
2025-06-24,41225.0,41970.0,41225.0,41940.0,41771.58984375,13522360
2025-06-25,42225.0,42380.0,41705.0,42070.0,41901.06640625,14993820
2025-06-26,42070.0,42175.0,41150.0,41690.0,41522.59375,13922730
2025-06-27,41695.0,41950.0,41295.0,41435.0,41268.6171875,10455560
2025-06-30,41690.0,41945.0,41540.0,41700.0,41532.5546875,9792586
2025-07-01,41890.0,42555.0,41820.0,41820.0,41652.0703125,10688570
2025-07-02,41725.0,41890.0,41145.0,41660.0,41492.71484375,12092460
2025-07-03,41950.0,42310.0,41805.0,42305.0,42135.125,12124430
2025-07-04,42475.0,42490.0,41485.0,41490.0,41323.3984375,13216540
2025-07-07,41280.0,41715.0,41105.0,41555.0,41388.13671875,11472290
2025-07-08,41685.0,42390.0,41650.0,42325.0,42155.04296875,12388990
2025-07-09,42340.0,42540.0,42135.0,42450.0,42279.54296875,10021590
2025-07-10,42570.0,43035.0,42385.0,43000.0,42827.33203125,12995120
2025-07-11,43085.0,43645.0,42955.0,43025.0,42852.234375,13469700
2025-07-14,42985.0,43495.0,42930.0,43425.0,43250.625,9855981
2025-07-15,43310.0,43715.0,43145.0,43710.0,43534.48046875,12530720
2025-07-16,43615.0,43620.0,43150.0,43300.0,43126.12890625,10089300
2025-07-17,43445.0,43485.0,42810.0,43385.0,43210.7890625,10528810
2025-07-18,43470.0,43630.0,43105.0,43340.0,43165.96875,9757191
2025-07-21,43315.0,43760.0,43310.0,43690.0,43514.5625,8552783
2025-07-22,43660.0,43820.0,42890.0,43090.0,42916.97265625,12362870
2025-07-23,43390.0,43485.0,42700.0,43245.0,43071.34765625,10985820
2025-07-24,43500.0,43985.0,43165.0,43200.0,43026.53125,13290710
2025-07-25,43105.0,43490.0,43080.0,43310.0,43136.08984375,9565750
2025-07-28,43710.0,43830.0,43085.0,43535.0,43360.18359375,7342844
2025-07-29,43355.0,43895.0,42965.0,43830.0,43654.0,6718539
2025-07-30,43645.0,44305.0,43620.0,44030.0,44030.0,9812193
2025-07-31,44375.0,44530.0,43735.0,43925.0,43925.0,13790810
2025-08-01,43290.0,43385.0,42100.0,42140.0,42140.0,17550630
2025-08-04,42130.0,42750.0,41940.0,42625.0,42625.0,11482490
2025-08-05,43105.0,43465.0,42885.0,43205.0,43205.0,11202260
2025-08-06,42905.0,43200.0,42820.0,43180.0,43180.0,7972658
2025-08-07,43495.0,43555.0,43145.0,43550.0,43550.0,9515224
2025-08-08,43590.0,43720.0,43310.0,43445.0,43445.0,11031420
2025-08-11,43505.0,43605.0,43315.0,43455.0,43455.0,7679003
2025-08-12,43500.0,44020.0,43275.0,43315.0,43315.0,9060486
2025-08-13,43735.0,43800.0,43320.0,43760.0,43760.0,10331610
2025-08-14,43870.0,43995.0,43555.0,43720.0,43720.0,8615857
2025-08-18,43495.0,43495.0,43060.0,43060.0,43060.0,7647067
2025-08-19,43175.0,43230.0,42640.0,42755.0,42755.0,8157192
2025-08-20,42370.0,42530.0,41835.0,42500.0,42500.0,12481030
2025-08-21,42600.0,42950.0,42530.0,42605.0,42605.0,6174316
2025-08-22,42880.0,43175.0,42820.0,42960.0,42960.0,9010296
2025-08-25,43335.0,43485.0,43135.0,43485.0,43485.0,7659332
2025-08-26,43350.0,43400.0,42985.0,43075.0,43075.0,9098615
2025-08-27,43120.0,43165.0,42820.0,43145.0,43145.0,8221425
2025-08-28,42930.0,43560.0,42780.0,43365.0,43365.0,7090464
2025-08-29,43495.0,43585.0,43160.0,43200.0,43200.0,10134290
2025-09-01,42810.0,42985.0,42370.0,42475.0,42475.0,6651031
2025-09-02,42575.0,42987.0,42575.0,42925.0,42925.0,8514530
2025-09-03,42935.0,43210.0,42865.0,43140.0,43140.0,7579492
2025-09-04,43120.0,43475.0,43115.0,43300.0,43300.0,7637405
2025-09-05,43435.0,43610.0,43310.0,43475.0,43475.0,8861335
2025-09-08,43575.0,43670.0,43440.0,43645.0,43645.0,7216048
2025-09-09,43770.0,44290.0,43650.0,44240.0,44240.0,11791440
2025-09-10,44400.0,45245.0,44400.0,45170.0,45170.0,14970760
2025-09-11,45440.0,45615.0,45095.0,45465.0,45465.0,10367430
2025-09-12,45985.0,46450.0,45870.0,46385.0,46385.0,11640430
2025-09-15,46725.0,46915.0,46415.0,46660.0,46660.0,11063351
