Date,Open,High,Low,Close,Adj Close,Volume
2015-06-05,5.199999809265137,5.25,5.051000118255615,5.178999900817871,4.392735004425049,1440508515
2015-06-08,5.195000171661377,5.349999904632568,5.131999969482422,5.306000232696533,4.500454425811768,2523308005
2015-06-09,5.315000057220459,5.322999954223633,5.196000099182129,5.263000011444092,4.463983058929443,1762319871
2015-06-10,5.234000205993652,5.3470001220703125,5.196000099182129,5.257999897003174,4.459741592407227,703178992
2015-06-11,5.257999897003174,5.300000190734863,5.205999851226807,5.258999824523926,4.46058988571167,734093714
2015-06-12,5.281000137329102,5.328000068664551,5.235000133514404,5.297999858856201,4.493669033050537,820533246
2015-06-15,5.313000202178955,5.330999851226807,5.1579999923706055,5.171000003814697,4.385950088500977,877839273
2015-06-16,5.14900016784668,5.165999889373779,4.980000019073486,5.034999847412109,4.270596504211426,912758569
2015-06-17,5.037000179290772,5.138000011444092,4.934999942779541,5.110000133514404,4.334211349487305,1094024217
2015-06-18,5.078999996185303,5.090000152587891,4.894000053405762,4.908999919891357,4.16372537612915,872297835
2015-06-19,4.843999862670898,4.888999938964844,4.591000080108643,4.603000164031982,3.904181957244873,1084007913
2015-06-23,4.616000175476074,4.783999919891357,4.446000099182129,4.765999794006348,4.042435169219971,1760686559
2015-06-24,4.789999961853027,4.876999855041504,4.679999828338623,4.870999813079834,4.131494998931885,1341641268
2015-06-25,4.892000198364258,4.914999961853027,4.662000179290772,4.696000099182129,3.983063697814941,676086220
2015-06-26,4.590000152587891,4.6579999923706055,4.229000091552734,4.3460001945495605,3.6862001419067374,989303614
2015-06-29,4.442999839782715,4.445000171661377,3.9600000381469727,4.182000160217285,3.54709792137146,1734793983
2015-06-30,4.190000057220459,4.485000133514404,3.996000051498413,4.484000205993652,3.803248882293701,2765317587
2015-07-01,4.414000034332275,4.5320000648498535,4.171000003814697,4.197000026702881,3.55981969833374,1386366359
2015-07-02,4.28000020980835,4.322000026702881,3.9600000381469727,4.107999801635742,3.4843318462371826,2261637316
2015-07-03,4.107999801635742,4.184999942779541,3.785000085830689,3.9189999103546143,3.324025630950928,3581953789
2015-07-06,4.308000087738037,4.308000087738037,3.829999923706055,4.025000095367432,3.413933038711548,4918303700
2015-07-07,3.920000076293945,3.982000112533569,3.7690000534057617,3.848000049591065,3.2638049125671387,3383389046
2015-07-08,3.549999952316284,3.700000047683716,3.463000059127808,3.463000059127808,2.937254905700684,1658607447
2015-07-09,3.4200000762939453,3.809000015258789,3.4100000858306885,3.809000015258789,3.2307255268096924,1392556530
2015-07-10,3.930000066757202,4.190000057220459,3.861999988555908,4.189000129699707,3.5530343055725098,1249760084
2015-07-13,4.150000095367432,4.315999984741211,4.099999904632568,4.234000205993652,3.591203451156616,1032250428
2015-07-14,4.164999961853027,4.296999931335449,4.0920000076293945,4.15399980545044,3.523348569869995,909731909
2015-07-15,4.0920000076293945,4.138999938964844,3.900000095367432,3.944999933242798,3.346078634262085,600683545
2015-07-16,3.930000066757202,4.103000164031982,3.890000104904175,4.035999774932861,3.42326283454895,633754913
2015-07-17,4.070000171661377,4.230000019073486,4.0229997634887695,4.199999809265137,3.5623645782470703,733647705
2015-07-20,4.183000087738037,4.254000186920166,4.133999824523926,4.188000202178955,3.5521864891052246,689596119
2015-07-21,4.133999824523926,4.24399995803833,4.105000019073486,4.214000225067139,3.574239730834961,471259379
2015-07-22,4.199999809265137,4.224999904632568,4.136000156402588,4.193999767303467,3.5572755336761475,366573757
2015-07-23,4.198999881744385,4.320000171661377,4.181000232696533,4.308000087738037,3.653968334197998,520488965
2015-07-24,4.302000045776367,4.335999965667725,4.191999912261963,4.2179999351501465,3.577631950378418,420040939
2015-07-27,4.136000156402588,4.196000099182129,3.796000003814697,3.799999952316284,3.2230918407440186,508691385
2015-07-28,3.721999883651733,3.920000076293945,3.6659998893737793,3.845999956130981,3.262108325958252,761611896
2015-07-29,3.88100004196167,3.996000051498413,3.809999942779541,3.989000082015991,3.383398532867432,524545692
2015-07-30,3.950000047683716,4.011000156402588,3.83899998664856,3.849999904632568,3.265500783920288,390171505
2015-07-31,3.8410000801086426,3.910000085830689,3.805000066757202,3.8510000705718994,3.2663493156433105,350509161
2015-08-03,3.7939999103546143,3.859999895095825,3.765000104904175,3.8519999980926514,3.267197847366333,219344059
2015-08-04,3.861000061035156,4.011000156402588,3.83899998664856,4.005000114440918,3.3969693183898926,282740109
2015-08-05,3.986999988555908,3.994999885559082,3.877000093460083,3.9159998893737793,3.3214809894561768,373591690
2015-08-06,3.8559999465942383,3.930000066757202,3.838000059127808,3.872999906539917,3.285009384155273,295871439
2015-08-07,3.901000022888184,3.9800000190734863,3.900000095367432,3.953000068664551,3.3528637886047363,685893268
2015-08-10,3.9800000190734863,4.164000034332275,3.9609999656677246,4.1479997634887695,3.5182595252990723,399159524
2015-08-11,4.135000228881836,4.1479997634887695,4.080999851226807,4.098999977111816,3.476698160171509,300425219
2015-08-12,4.058000087738037,4.127999782562256,4.047999858856201,4.057000160217285,3.441074848175049,388521573
2015-08-13,4.058000087738037,4.117000102996826,4.000999927520752,4.111999988555908,3.487724781036377,465258759
2015-08-14,4.126999855041504,4.144999980926514,4.091000080108643,4.102000236511231,3.479243278503418,545842857
2015-08-17,4.079999923706055,4.116000175476074,4.045000076293945,4.109000205993652,3.485180377960205,345598624
2015-08-18,4.110000133514404,4.135000228881836,3.819999933242798,3.82699990272522,3.245992422103882,460601202
2015-08-19,3.795000076293945,3.934999942779541,3.700000047683716,3.9149999618530273,3.320633172988892,591963489
2015-08-20,3.874000072479248,3.913000106811523,3.8010001182556152,3.815000057220459,3.2358148097991943,233326435
2015-08-21,3.799999952316284,3.812999963760376,3.615999937057495,3.625,3.074660062789917,693137987
2015-08-24,3.509999990463257,3.513999938964844,3.263000011444092,3.263000011444092,2.767618417739868,542239636
2015-08-25,3.1050000190734863,3.2300000190734863,2.9739999771118164,2.9830000400543213,2.5301272869110107,710535841
2015-08-26,3.069999933242798,3.220999956130981,2.986000061035156,3.066999912261963,2.601374626159668,735620662
2015-08-27,3.122999906539917,3.2699999809265137,3.065999984741211,3.256999969482422,2.762529134750366,708696214
2015-08-28,3.2769999504089355,3.4200000762939453,3.236000061035156,3.4019999504089355,2.8855159282684326,568256026
2015-08-31,3.319999933242798,3.4019999504089355,3.244999885559082,3.3949999809265137,2.8795785903930664,313629095
2015-09-01,3.3010001182556152,3.3980000019073486,3.2179999351501465,3.381999969482422,2.8685519695281982,227411321
2015-09-02,3.2790000438690186,3.4200000762939453,3.2309999465942383,3.371999979019165,2.86007022857666,244408893
2015-09-07,3.369999885559082,3.4719998836517334,3.2769999504089355,3.2890000343322754,2.789670944213867,178587489
2015-09-08,3.25,3.3940000534057617,3.190000057220459,3.378000020980835,2.865159273147583,203250023
2015-09-09,3.3980000019073486,3.4679999351501465,3.372999906539917,3.441999912261963,2.919442892074585,188386447
2015-09-10,3.3970000743865967,3.447999954223633,3.375999927520752,3.38100004196167,2.867703676223755,101627981
2015-09-11,3.388999938964844,3.441999912261963,3.358999967575073,3.388000011444092,2.873640775680542,255079986
2015-09-14,3.3980000019073486,3.407000064849853,3.200000047683716,3.2690000534057617,2.772707462310791,198007174
2015-09-15,3.23799991607666,3.2769999504089355,3.1619999408721924,3.1730000972747803,2.691281795501709,216623773
2015-09-16,3.183000087738037,3.3949999809265137,3.1600000858306885,3.345000028610229,2.8371694087982178,572357366
2015-09-17,3.302999973297119,3.38100004196167,3.2739999294281006,3.2799999713897705,2.7820372581481934,419773130
2015-09-18,3.299999952316284,3.312999963760376,3.259999990463257,3.2790000438690186,2.78118896484375,258148381
2015-09-21,3.250999927520752,3.359999895095825,3.2309999465942383,3.33899998664856,2.832080125808716,252574446
2015-09-22,3.338000059127808,3.4130001068115234,3.3289999961853027,3.365000009536743,2.854132890701294,211611262
2015-09-23,3.299999952316284,3.3499999046325684,3.2799999713897705,3.2869999408721924,2.78797459602356,87301995
2015-09-24,3.319999933242798,3.3329999446868896,3.2799999713897705,3.315000057220459,2.811723470687866,77205840
2015-09-25,3.302999973297119,3.313999891281128,3.2230000495910645,3.243000030517578,2.750654697418213,112398720
2015-09-28,3.249000072479248,3.2739999294281006,3.2249999046325684,3.26200008392334,2.766770362854004,101835984
2015-09-29,3.2239999771118164,3.2330000400543213,3.180000066757202,3.1989998817443848,2.713334321975708,73216674
2015-09-30,3.211999893188477,3.25,3.2100000381469727,3.220999956130981,2.73199462890625,50208266
2015-10-08,3.3550000190734863,3.361999988555908,3.3359999656677246,3.336999893188477,2.830383539199829,110258919
2015-10-09,3.3299999237060547,3.3989999294281006,3.3299999237060547,3.378999948501587,2.8660073280334477,97261864
2015-10-12,3.380000114440918,3.5450000762939453,3.380000114440918,3.5199999809265137,2.98560094833374,196904376
2015-10-13,3.4830000400543213,3.505000114440918,3.463000059127808,3.494999885559082,2.964396476745605,144310758
2015-10-14,3.4779999256134038,3.507999897003174,3.4549999237060547,3.4570000171661377,2.9321656227111816,113842553
2015-10-15,3.447999954223633,3.5480000972747803,3.440000057220459,3.5460000038146973,3.0076537132263184,126322277
2015-10-16,3.559999942779541,3.5980000495910645,3.5450000762939453,3.595000028610229,3.049214601516724,207569965
2015-10-19,3.5969998836517334,3.624000072479248,3.562999963760376,3.58899998664856,3.044125556945801,120340775
2015-10-20,3.586999893188477,3.640000104904175,3.563999891281128,3.635999917984009,3.0839900970458984,79532845
2015-10-21,3.640000104904175,3.6470000743865967,3.4719998836517334,3.5269999504089355,2.9915382862091064,165859614
2015-10-22,3.5,3.5789999961853027,3.497999906539917,3.572000026702881,3.029706716537476,97325109
2015-10-23,3.572999954223633,3.641000032424927,3.568000078201294,3.634999990463257,3.0831422805786133,119779881
2015-10-26,3.6659998893737793,3.671999931335449,3.61899995803833,3.641000032424927,3.088231086730957,180318324
2015-10-27,3.632999897003174,3.658999919891357,3.5380001068115234,3.642999887466431,3.0899274349212646,132236099
2015-10-28,3.622999906539917,3.6459999084472656,3.568000078201294,3.5789999961853027,3.0356438159942627,174448320
2015-10-29,3.5820000171661377,3.619999885559082,3.558000087738037,3.5840001106262207,3.0398848056793213,121324456
2015-10-30,3.57699990272522,3.625999927520752,3.5450000762939453,3.5850000381469727,3.040732860565185,99564884
2015-11-02,3.553999900817871,3.594000101089477,3.513999938964844,3.525000095367432,2.989842414855957,268080333
2015-11-03,3.5309998989105225,3.539999961853028,3.4800000190734863,3.497999906539917,2.9669411182403564,221278067
2015-11-04,3.506999969482422,3.714999914169312,3.506999969482422,3.7079999446868896,3.14505934715271,271206812
2015-11-05,3.696000099182129,3.8550000190734863,3.671000003814697,3.766999959945679,3.1951022148132324,272744328
2015-11-06,3.766000032424927,3.867000102996826,3.755000114440918,3.857000112533569,3.2714385986328125,264607632
2015-11-09,3.849999904632568,3.940000057220459,3.849999904632568,3.8970000743865967,3.305365562438965,251780519
2015-11-10,3.859999895095825,3.92300009727478,3.858999967575073,3.885999917984009,3.2960357666015625,140106416
2015-11-11,3.884999990463257,3.8949999809265137,3.829999923706055,3.88100004196167,3.291794538497925,176515062
2015-11-12,3.884999990463257,3.890000104904175,3.812999963760376,3.8410000801086426,3.257867813110352,144470283
2015-11-13,3.815999984741211,3.8410000801086426,3.7820000648498535,3.803999900817871,3.226484537124634,147450630
2015-11-16,3.757999897003174,3.829999923706055,3.740000009536743,3.825999975204468,3.2451446056365967,137476088
2015-11-17,3.8429999351501465,3.9179999828338623,3.799999952316284,3.812000036239624,3.2332704067230225,148675852
2015-11-18,3.813999891281128,3.828000068664551,3.6989998817443848,3.7790000438690186,3.205280303955078,137045472
2015-11-19,3.7809998989105225,3.838000059127808,3.766000032424927,3.8359999656677246,3.253626585006714,100104858
2015-11-20,3.8350000381469727,3.848999977111816,3.811000108718872,3.825000047683716,3.2442965507507324,119001859
2015-11-23,3.819999933242798,3.861999988555908,3.799999952316284,3.805999994277954,3.2281813621521,87720256
2015-11-24,3.7939999103546143,3.809999942779541,3.75,3.809000015258789,3.2307255268096924,125306848
2015-11-25,3.802000045776367,3.8359999656677246,3.786999940872192,3.8320000171661377,3.250233888626098,148588894
2015-11-26,3.8559999465942383,3.857000112533569,3.802000045776367,3.813999891281128,3.234966278076172,126799420
2015-11-27,3.799999952316284,3.799999952316284,3.5859999656677246,3.608000040054321,3.060241222381592,185180577
2015-11-30,3.615000009536743,3.638000011444092,3.509999990463257,3.608999967575073,3.061089038848877,203567284
2015-12-01,3.6040000915527344,3.663000106811523,3.5799999237060547,3.63700008392334,3.0848381519317627,279014346
2015-12-02,3.634000062942505,3.799999952316284,3.618000030517578,3.7929999828338623,3.2171547412872314,186980377
2015-12-03,3.7829999923706055,3.815999984741211,3.749000072479248,3.8010001182556152,3.223940372467041,145664390
2015-12-04,3.7829999923706055,3.7829999923706055,3.71399998664856,3.7290000915527344,3.1628713607788086,139429870
2015-12-07,3.732000112533569,3.759999990463257,3.7070000171661377,3.734999895095825,3.167959928512573,78512644
2015-12-08,3.7109999656677246,3.7170000076293945,3.663000106811523,3.680999994277954,3.1221582889556885,94908142
2015-12-09,3.678999900817871,3.7079999446868896,3.660000085830689,3.686000108718872,3.126399278640747,94259041
2015-12-10,3.696000099182129,3.733999967575073,3.6559998989105225,3.678999900817871,3.1204617023468018,210355633
2015-12-11,3.660000085830689,3.687999963760376,3.634999990463257,3.66100001335144,3.105194568634033,150733983
2015-12-14,3.638999938964844,3.775000095367432,3.628999948501587,3.7730000019073486,3.200191020965576,198995061
2015-12-15,3.7699999809265137,3.7720000743865967,3.7260000705718994,3.736999988555908,3.16965651512146,140912682
2015-12-16,3.750999927520752,3.767999887466431,3.7309999465942383,3.73799991607666,3.170504331588745,97198442
2015-12-17,3.759000062942505,3.819000005722046,3.759000062942505,3.808000087738037,3.2298777103424072,157151362
2015-12-18,3.808000087738037,3.8559999465942383,3.796999931335449,3.822000026702881,3.2417516708374023,148984514
2015-12-21,3.809999942779541,3.9489998817443848,3.799999952316284,3.921999931335449,3.3265702724456787,159482597
2015-12-22,3.927999973297119,3.933000087738037,3.882999897003174,3.927000045776367,3.330811023712158,154148488
2015-12-23,3.927999973297119,3.9800000190734863,3.911999940872192,3.921999931335449,3.3265702724456787,289263641
2015-12-24,3.9159998893737793,3.921999931335449,3.8429999351501465,3.875,3.28670597076416,198218870
2015-12-25,3.884999990463257,3.8989999294281006,3.861000061035156,3.8949999809265137,3.303669214248657,147544494
2015-12-28,3.884000062942505,3.8989999294281006,3.7739999294281006,3.7780001163482666,3.204432249069214,166164893
2015-12-29,3.7709999084472656,3.813999891281128,3.766000032424927,3.812999963760376,3.2341184616088867,152912918
2015-12-30,3.812999963760376,3.818000078201294,3.7809998989105225,3.812000036239624,3.2332704067230225,139157511
2015-12-31,3.8010001182556152,3.828999996185303,3.776000022888184,3.7780001163482666,3.204432249069214,127070020
2016-01-04,3.776000022888184,3.776000022888184,3.5280001163482666,3.5350000858306885,2.998323917388916,310853942
2016-01-05,3.4670000076293945,3.578000068664551,3.428999900817871,3.5269999504089355,2.9915382862091064,426887761
2016-01-06,3.525000095367432,3.5920000076293945,3.5199999809265137,3.5820000171661377,3.0381882190704346,175246565
2016-01-07,3.5390000343322754,3.5390000343322754,3.4030001163482666,3.483999967575073,2.955066204071045,75040500
2016-01-08,3.484999895095825,3.484999895095825,3.289999961853028,3.407999992370605,2.890604019165039,408336021
2016-01-11,3.345000028610229,3.38700008392334,3.2300000190734863,3.2330000400543213,2.742173194885254,461218760
2016-01-12,3.259999990463257,3.2950000762939453,3.220999956130981,3.25600004196167,2.761681079864502,276690207
2016-01-13,3.282999992370605,3.3010001182556152,3.190000057220459,3.2109999656677246,2.723512887954712,250040943
2016-01-14,3.134999990463257,3.2720000743865967,3.128000020980835,3.265000104904175,2.7693145275115967,346908803
2016-01-15,3.244999885559082,3.259000062942505,3.1459999084472656,3.1689999103546143,2.6878890991210938,301465118
2016-01-18,3.128999948501587,3.2070000171661377,3.119999885559082,3.1710000038146973,2.6895856857299805,314291235
2016-01-19,3.1700000762939453,3.275000095367432,3.157999992370605,3.26200008392334,2.766770362854004,252318423
2016-01-20,3.200000047683716,3.2160000801086426,3.1449999809265137,3.1689999103546143,2.730580568313598,256534366
2016-01-21,3.138000011444092,3.1989998817443848,3.071000099182129,3.078000068664551,2.652170181274414,273331611
2016-01-22,3.111999988555908,3.130000114440918,3.049999952316284,3.1080000400543213,2.678019523620605,243967259
2016-01-25,3.135999917984009,3.1459999084472656,3.0920000076293945,3.119999885559082,2.68835973739624,179548311
2016-01-26,3.075000047683716,3.1029999256134038,2.930000066757202,2.944000005722046,2.5367085933685303,298712099
2016-01-27,2.950000047683716,2.9800000190734863,2.838000059127808,2.9119999408721924,2.5091352462768555,535087740
2016-01-28,2.8989999294281006,2.933000087738037,2.8350000381469727,2.8489999771118164,2.454851627349853,243514887
2016-01-29,2.8499999046325684,2.9609999656677246,2.845999956130981,2.930000066757202,2.5246458053588867,305349768
2016-02-01,2.927999973297119,2.937999963760376,2.859999895095825,2.8980000019073486,2.497072696685791,166983659
2016-02-02,2.8919999599456787,2.9660000801086426,2.8919999599456787,2.9600000381469727,2.550495147705078,221015984
2016-02-03,2.930000066757202,2.95199990272522,2.9019999504089355,2.946000099182129,2.5384321212768555,227830715
2016-02-04,2.9549999237060547,2.99399995803833,2.95199990272522,2.984999895095825,2.5720362663269043,427360671
2016-02-05,2.9830000400543213,2.9830000400543213,2.947999954223633,2.950000047683716,2.541878700256348,476611165
2016-02-15,2.8989999294281006,2.9539999961853027,2.884999990463257,2.938999891281128,2.532400369644165,221657203
2016-02-16,2.950999975204468,3.032000064849853,2.950000047683716,3.0239999294281006,2.6056408882141118,271988474
2016-02-17,3.0230000019073486,3.058000087738037,3.015000104904175,3.055000066757202,2.632352113723755,235182071
2016-02-18,3.075000047683716,3.0899999141693115,3.0420000553131104,3.049000024795532,2.627182006835937,221163948
2016-02-19,3.046999931335449,3.065999984741211,3.025000095367432,3.0409998893737797,2.620288848876953,211377526
2016-02-22,3.088000059127808,3.115999937057495,3.062000036239624,3.1040000915527344,2.6745731830596924,732868230
2016-02-23,3.101999998092652,3.1059999465942383,3.052000045776367,3.0799999237060547,2.653893232345581,230079769
2016-02-24,3.072000026702881,3.1070001125335693,3.0429999828338623,3.1029999256134038,2.67371129989624,280592207
2016-02-25,3.0980000495910645,3.0980000495910645,2.884999990463257,2.9049999713897705,2.5031039714813232,375768215
2016-02-26,2.9260001182556152,2.9549999237060547,2.8989999294281006,2.933000087738037,2.527230262756348,461895738
2016-02-29,2.9210000038146973,2.928999900817871,2.811000108718872,2.864000082015991,2.4677765369415283,394030333
2016-03-01,2.871000051498413,2.940000057220459,2.809999942779541,2.9179999828338623,2.514305591583252,234562572
2016-03-02,2.9210000038146973,3.055999994277954,2.9210000038146973,3.049000024795532,2.627182006835937,451413432
2016-03-03,3.0480000972747803,3.0859999656677246,3.032999992370605,3.0420000553131104,2.6211507320404053,238875815
2016-03-04,3.039999961853028,3.095000028610229,3.0209999084472656,3.0789999961853027,2.653031587600708,460608313
2016-03-07,3.0920000076293945,3.177999973297119,3.069999933242798,3.1029999256134038,2.67371129989624,342306558
2016-03-08,3.0859999656677246,3.095999956130981,2.999000072479248,3.0920000076293945,2.664233446121216,289042280
2016-03-09,3.0429999828338623,3.052999973297119,3.00600004196167,3.0460000038146973,2.624597549438477,264769484
2016-03-10,3.0420000553131104,3.069999933242798,3.000999927520752,3.005000114440918,2.5892693996429443,137343306
2016-03-11,2.9800000190734863,3.0179998874664307,2.9590001106262207,2.999000072479248,2.584099769592285,158993200
2016-03-14,3.0269999504089355,3.1050000190734863,3.0269999504089355,3.063999891281128,2.6401073932647705,578053418
2016-03-15,3.058000087738037,3.065000057220459,3.0179998874664307,3.053999900817871,2.631490468978882,293101026
2016-03-16,3.0409998893737797,3.0989999771118164,3.0409998893737797,3.0739998817443848,2.648723602294922,287722068
2016-03-17,3.078000068664551,3.150000095367432,3.062999963760376,3.124000072479248,2.6918063163757324,409964975
2016-03-18,3.125,3.197999954223633,3.124000072479248,3.1679999828338623,2.7297191619873047,968766520
2016-03-21,3.190999984741211,3.26200008392334,3.190999984741211,3.23799991607666,2.7900350093841557,388550106
2016-03-22,3.2179999351501465,3.240000009536743,3.2109999656677246,3.2160000801086426,2.77107834815979,168862775
2016-03-23,3.213000059127808,3.23799991607666,3.190000057220459,3.2219998836517334,2.776247978210449,252646768
2016-03-24,3.200999975204468,3.211999893188477,3.1700000762939453,3.171999931335449,2.7331652641296387,353711508
2016-03-25,3.174000024795532,3.200000047683716,3.164999961853028,3.184999942779541,2.7443668842315674,255432765
2016-03-28,3.197000026702881,3.226999998092652,3.150000095367432,3.1549999713897705,2.718518018722534,253708460
2016-03-29,3.157999992370605,3.1679999828338623,3.111000061035156,3.128999948501587,2.6961143016815186,510634474
2016-03-30,3.1489999294281006,3.2179999351501465,3.1489999294281006,3.2149999141693115,2.770216703414917,321345997
2016-03-31,3.2249999046325684,3.2320001125335693,3.194000005722046,3.2090001106262207,2.7650468349456787,267776952
2016-04-01,3.200000047683716,3.220000028610229,3.1530001163482666,3.219000101089477,2.773663282394409,255475694
2016-04-05,3.2039999961853027,3.2690000534057617,3.196000099182129,3.25,2.8003745079040527,341087921
2016-04-06,3.236999988555908,3.25600004196167,3.2320001125335693,3.24399995803833,2.7952046394348145,282223573
2016-04-07,3.253000020980835,3.263999938964844,3.196000099182129,3.2039999961853027,2.760738611221313,235979540
2016-04-08,3.180000066757202,3.2039999961853027,3.150000095367432,3.177000045776367,2.737473964691162,287695308
2016-04-11,3.203000068664551,3.247999906539917,3.203000068664551,3.211999893188477,2.7676315307617188,293934447
2016-04-12,3.213000059127808,3.219000101089477,3.187999963760376,3.2079999446868896,2.7641849517822266,423792609
2016-04-13,3.2260000705718994,3.289999961853028,3.2260000705718994,3.249000072479248,2.799513339996338,664723733
2016-04-14,3.26200008392334,3.275000095367432,3.240999937057495,3.260999917984009,2.809852361679077,196376388
2016-04-15,3.2679998874664307,3.2739999294281006,3.25,3.263999938964844,2.8124375343322754,190846492
2016-04-18,3.242000102996826,3.242000102996826,3.2100000381469727,3.2179999351501465,2.772801637649536,225522391
2016-04-19,3.2290000915527344,3.244999885559082,3.2090001106262207,3.2219998836517334,2.776247978210449,276854283
2016-04-20,3.234999895095825,3.23799991607666,3.0899999141693115,3.1659998893737797,2.7279958724975586,467962419
2016-04-21,3.1470000743865967,3.194999933242798,3.135999917984009,3.151000022888184,2.7150707244873047,254742919
2016-04-22,3.1410000324249268,3.1689999103546143,3.130000114440918,3.164999961853028,2.7271339893341064,153401499
2016-04-25,3.1630001068115234,3.1630001068115234,3.111000061035156,3.1549999713897705,2.718518018722534,156096951
2016-04-26,3.1530001163482666,3.177999973297119,3.138000011444092,3.1730000972747803,2.734027147293091,130165933
2016-04-27,3.1730000972747803,3.178999900817871,3.150000095367432,3.157999992370605,2.721102476119995,144753386
2016-04-28,3.1589999198913574,3.1659998893737797,3.128000020980835,3.1559998989105225,2.71937894821167,144567963
2016-04-29,3.1480000019073486,3.1659998893737797,3.1419999599456787,3.1519999504089355,2.715932130813598,113589098
2016-05-03,3.157000064849853,3.2179999351501465,3.138000011444092,3.213000059127808,2.768493175506592,234118098
2016-05-04,3.197999954223633,3.2179999351501465,3.186000108718872,3.200999975204468,2.7581534385681152,184462270
2016-05-05,3.197000026702881,3.2090001106262207,3.187000036239624,3.200999975204468,2.7581534385681152,132028313
2016-05-06,3.203000068664551,3.2070000171661377,3.125999927520752,3.128000020980835,2.6952524185180664,215542840
2016-05-09,3.119999885559082,3.119999885559082,3.053999900817871,3.063999891281128,2.6401073932647705,327203388
2016-05-10,3.059999942779541,3.075999975204468,3.052999973297119,3.061000108718872,2.6375222206115723,113547933
2016-05-11,3.069999933242798,3.095000028610229,3.059000015258789,3.072999954223633,2.64786148071289,99451509
2016-05-12,3.059999942779541,3.08899998664856,3.032999992370605,3.0840001106262207,2.6573400497436523,119507818
2016-05-13,3.072999954223633,3.1010000705718994,3.059000015258789,3.072999954223633,2.64786148071289,90896427
2016-05-16,3.066999912261963,3.088000059127808,3.0409998893737797,3.0850000381469727,2.6582019329071045,110290661
2016-05-17,3.088000059127808,3.0980000495910645,3.062000036239624,3.0799999237060547,2.653893232345581,96106445
2016-05-18,3.072000026702881,3.072999954223633,3.0299999713897705,3.059999942779541,2.636660099029541,119244145
2016-05-19,3.058000087738037,3.0850000381469727,3.049999952316284,3.053999900817871,2.631490468978882,111260472
2016-05-20,3.0480000972747803,3.075999975204468,3.0380001068115234,3.0739998817443848,2.648723602294922,139069288
2016-05-23,3.078000068664551,3.0999999046325684,3.068000078201294,3.0789999961853027,2.653031587600708,107809105
2016-05-24,3.0789999961853027,3.0789999961853027,3.0480000972747803,3.059999942779541,2.636660099029541,96780922
2016-05-25,3.065999984741211,3.0859999656677246,3.052999973297119,3.058000087738037,2.634937047958374,83786394
2016-05-26,3.058000087738037,3.072000026702881,3.026000022888184,3.058000087738037,2.634937047958374,142476437
2016-05-27,3.055999994277954,3.068000078201294,3.0460000038146973,3.059999942779541,2.636660099029541,85685190
2016-05-30,3.055999994277954,3.072000026702881,3.0269999504089355,3.062000036239624,2.638383626937866,79238252
2016-05-31,3.062999963760376,3.171999931335449,3.062000036239624,3.1689999103546143,2.730580568313598,494593315
2016-06-01,3.1700000762939453,3.174999952316284,3.1519999504089355,3.1559998989105225,2.71937894821167,171347808
2016-06-02,3.157999992370605,3.1610000133514404,3.1440000534057617,3.1589999198913574,2.721963882446289,92385756
2016-06-03,3.1619999408721924,3.2060000896453857,3.157000064849853,3.196000099182129,2.75384521484375,177793222
2016-06-06,3.190999984741211,3.2039999961853027,3.171999931335449,3.177000045776367,2.737473964691162,81647929
2016-06-07,3.180999994277954,3.184999942779541,3.1710000038146973,3.177000045776367,2.737473964691162,57621036
2016-06-08,3.174000024795532,3.181999921798706,3.1519999504089355,3.1730000972747803,2.734027147293091,72625043
2016-06-13,3.150000095367432,3.150000095367432,3.065999984741211,3.069000005722046,2.644415140151977,329962423
2016-06-14,3.065000057220459,3.0829999446868896,3.062000036239624,3.0820000171661377,2.655616521835327,175090226
2016-06-15,3.059000015258789,3.1519999504089355,3.049999952316284,3.122999906539917,2.6909444332122803,194595117
2016-06-16,3.121999979019165,3.121999979019165,3.095000028610229,3.1040000915527344,2.6745731830596924,87724465
2016-06-17,3.1059999465942383,3.140000104904175,3.1050000190734863,3.117000102996826,2.6857750415802,201308067
2016-06-20,3.119999885559082,3.130000114440918,3.0969998836517334,3.118000030517578,2.686635971069336,82108494
2016-06-21,3.130000114440918,3.1679999828338623,3.0999999046325684,3.111000061035156,2.680604696273804,144544590
2016-06-22,3.108999967575073,3.134000062942505,3.0969998836517334,3.130000114440918,2.6969761848449707,117291372
2016-06-23,3.130000114440918,3.131999969482422,3.1010000705718994,3.119999885559082,2.68835973739624,99387293
2016-06-24,3.119999885559082,3.13700008392334,3.039999961853028,3.086999893188477,2.6599249839782715,154395516
2016-06-27,3.0799999237060547,3.128000020980835,3.07699990272522,3.125999927520752,2.6935293674468994,135557760
2016-06-28,3.115999937057495,3.1449999809265137,3.1010000705718994,3.1419999599456787,2.7073161602020264,181488939
2016-06-29,3.1449999809265137,3.1659998893737797,3.1440000534057617,3.1559998989105225,2.71937894821167,119541995
2016-06-30,3.157000064849853,3.1689999103546143,3.1519999504089355,3.1610000133514404,2.7236874103546143,92851291
2016-07-01,3.1610000133514404,3.177000045776367,3.1549999713897705,3.157999992370605,2.721102476119995,93766657
2016-07-04,3.1530001163482666,3.2249999046325684,3.1429998874664307,3.2109999656677246,2.766770124435425,137810706
2016-07-05,3.2109999656677246,3.2300000190734863,3.2070000171661377,3.219000101089477,2.773663282394409,160714354
2016-07-06,3.2160000801086426,3.23799991607666,3.2060000896453857,3.234999895095825,2.787449836730957,278068713
2016-07-07,3.2309999465942383,3.25,3.2170000076293945,3.239000082015991,2.790896415710449,185677172
2016-07-08,3.233999967575073,3.236000061035156,3.2219998836517334,3.226999998092652,2.7805566787719727,168019456
2016-07-11,3.2320001125335693,3.275000095367432,3.2309999465942383,3.234999895095825,2.787449836730957,107960088
2016-07-12,3.2330000400543213,3.319000005722046,3.2330000400543213,3.316999912261963,2.858105182647705,172362881
2016-07-13,3.319999933242798,3.3489999771118164,3.315000057220459,3.3239998817443848,2.8641369342803955,249841642
2016-07-14,3.3239998817443848,3.325000047683716,3.305999994277954,3.319000005722046,2.8598287105560303,130428056
2016-07-15,3.325999975204468,3.3299999237060547,3.312999963760376,3.322999954223633,2.8632752895355225,91696966
2016-07-18,3.318000078201294,3.325000047683716,3.299000024795532,3.311000108718872,2.852936029434204,138478162
2016-07-19,3.309000015258789,3.312999963760376,3.2769999504089355,3.2939999103546143,2.838287353515625,116901083
2016-07-20,3.289999961853028,3.302999973297119,3.282999992370605,3.2869999408721924,2.8322558403015137,64802024
2016-07-21,3.2869999408721924,3.3239998817443848,3.2869999408721924,3.305000066757202,2.8477654457092285,107390332
2016-07-22,3.2980000972747803,3.303999900817871,3.2730000019073486,3.276000022888184,2.822777509689331,115224737
2016-07-25,3.2730000019073486,3.2960000038146973,3.2699999809265137,3.275000095367432,2.821915626525879,95011247
2016-07-26,3.275000095367432,3.318000078201294,3.275000095367432,3.316999912261963,2.858105182647705,108020908
2016-07-27,3.318000078201294,3.322999954223633,3.2060000896453857,3.25600004196167,2.80554461479187,228730897
2016-07-28,3.244999885559082,3.2839999198913574,3.24399995803833,3.265000104904175,2.8132994174957275,212210696
2016-07-29,3.265000104904175,3.2739999294281006,3.243000030517578,3.253999948501587,2.803821325302124,126724461
2016-08-01,3.244999885559082,3.252000093460083,3.2109999656677246,3.226999998092652,2.7805566787719727,133376245
2016-08-02,3.2260000705718994,3.247999906539917,3.2179999351501465,3.234999895095825,2.787449836730957,116491586
2016-08-03,3.2300000190734863,3.246000051498413,3.2249999046325684,3.239000082015991,2.790896415710449,201883691
2016-08-04,3.23799991607666,3.25,3.220000028610229,3.249000072479248,2.799513339996338,93097489
2016-08-05,3.25,3.2769999504089355,3.243000030517578,3.26200008392334,2.8107149600982666,101415033
2016-08-08,3.26200008392334,3.289999961853028,3.240000009536743,3.2890000343322754,2.83397912979126,84969760
2016-08-09,3.282999992370605,3.309999942779541,3.2799999713897705,3.303999900817871,2.8469040393829346,231288258
2016-08-10,3.303999900817871,3.312000036239624,3.2909998893737797,3.2939999103546143,2.838287353515625,176568231
2016-08-11,3.2920000553131104,3.328000068664551,3.2860000133514404,3.289999961853028,2.8348405361175537,126506962
2016-08-12,3.282000064849853,3.3529999256134038,3.2809998989105225,3.3480000495910645,2.884816646575928,217390163
2016-08-15,3.3550000190734863,3.483999967575073,3.3529999256134038,3.447000026702881,2.970120668411255,392578074
2016-08-16,3.4570000171661377,3.4760000705718994,3.431999921798706,3.437000036239624,2.9615039825439453,274130428
2016-08-17,3.430999994277954,3.4489998817443848,3.4159998893737797,3.428999900817871,2.954610824584961,118831100
2016-08-18,3.434999942779541,3.447999954223633,3.407000064849853,3.424000024795532,2.950302600860596,95390557
2016-08-19,3.421999931335449,3.427000045776367,3.3929998874664307,3.4200000762939453,2.9468557834625244,132203904
2016-08-22,3.4200000762939453,3.431999921798706,3.3929998874664307,3.3959999084472656,2.926175832748413,105378309
2016-08-23,3.3959999084472656,3.4159998893737797,3.378000020980835,3.3980000019073486,2.9278993606567383,241625141
2016-08-24,3.3980000019073486,3.4019999504089355,3.378000020980835,3.384000062942505,2.9158360958099365,154267096
2016-08-25,3.367000102996826,3.375,3.3350000381469727,3.365999937057495,2.9003260135650635,126229180
2016-08-26,3.368000030517578,3.3929998874664307,3.3580000400543213,3.361999988555908,2.8968796730041504,79142269
2016-08-29,3.3570001125335693,3.369999885559082,3.3510000705718994,3.361000061035156,2.8960182666778564,77872739
2016-08-30,3.36299991607666,3.385999917984009,3.3580000400543213,3.375,2.9080810546875,103444542
2016-08-31,3.371999979019165,3.3959999084472656,3.358999967575073,3.388999938964844,2.920144557952881,112057117
2016-09-01,3.388000011444092,3.388999938964844,3.3499999046325684,3.3529999256134038,2.889124870300293,92390242
2016-09-02,3.3499999046325684,3.377000093460083,3.3499999046325684,3.368000030517578,2.9020495414733887,98875543
2016-09-05,3.375,3.4019999504089355,3.369999885559082,3.375,2.9080810546875,159225737
2016-09-06,3.377000093460083,3.4110000133514404,3.351999998092652,3.4040000438690186,2.933069467544556,142875576
2016-09-07,3.407000064849853,3.4230000972747803,3.401000022888184,3.4059998989105225,2.934792280197144,196966881
2016-09-08,3.4030001163482666,3.4059998989105225,3.3929998874664307,3.401000022888184,2.9304840564727783,74892456
2016-09-09,3.401000022888184,3.407000064849853,3.381999969482422,3.384000062942505,2.9158360958099365,120461526
2016-09-12,3.3399999141693115,3.3429999351501465,3.2980000972747803,3.316999912261963,2.858105182647705,206472538
2016-09-13,3.319000005722046,3.32699990272522,3.309999942779541,3.316999912261963,2.858105182647705,95438184
2016-09-14,3.308000087738037,3.313999891281128,3.2929999828338623,3.296999931335449,2.840872287750244,71966886
2016-09-19,3.2980000972747803,3.321000099182129,3.2960000038146973,3.318000078201294,2.858967065811157,100797674
2016-09-20,3.319999933242798,3.3239998817443848,3.309000015258789,3.313999891281128,2.855520009994507,70694357
2016-09-21,3.313999891281128,3.3320000171661377,3.311000108718872,3.32699990272522,2.8667216300964355,68012760
2016-09-22,3.3410000801086426,3.365000009536743,3.3350000381469727,3.3489999771118164,2.88567852973938,98900069
2016-09-23,3.3499999046325684,3.3550000190734863,3.338000059127808,3.3410000801086426,2.8787853717803955,67358775
2016-09-26,3.336999893188477,3.336999893188477,3.282999992370605,3.2850000858306885,2.8305323123931885,163349220
2016-09-27,3.2850000858306885,3.303999900817871,3.2799999713897705,3.302000045776367,2.845180988311768,106896159
2016-09-28,3.302000045776367,3.305000066757202,3.2920000553131104,3.296999931335449,2.840872287750244,47131670
2016-09-29,3.3010001182556152,3.319999933242798,3.3010001182556152,3.312000036239624,2.853797197341919,111132006
2016-09-30,3.305000066757202,3.32699990272522,3.305000066757202,3.322000026702881,2.8624138832092285,109625583
2016-10-10,3.3299999237060547,3.365999937057495,3.319999933242798,3.359999895095825,2.8951563835144043,156366066
2016-10-11,3.361999988555908,3.371000051498413,3.3540000915527344,3.368000030517578,2.9020495414733887,101921091
2016-10-12,3.358999967575073,3.364000082015991,3.3510000705718994,3.359999895095825,2.8951563835144043,68982158
2016-10-13,3.365000009536743,3.369999885559082,3.3529999256134038,3.359999895095825,2.8951563835144043,95024582
2016-10-14,3.358999967575073,3.371999979019165,3.3429999351501465,3.369999885559082,2.903773307800293,116980175
2016-10-17,3.369999885559082,3.372999906539917,3.309999942779541,3.33899998664856,2.8770618438720703,116946886
2016-10-18,3.33899998664856,3.381999969482422,3.3350000381469727,3.38100004196167,2.9132511615753174,185419311
2016-10-19,3.381999969482422,3.3949999809265137,3.371999979019165,3.378999948501587,2.9115278720855717,133499853
2016-10-20,3.377000093460083,3.382999897003174,3.371000051498413,3.374000072479248,2.907219886779785,108766472
2016-10-21,3.375999927520752,3.3980000019073486,3.367000102996826,3.3910000324249268,2.921867847442627,152925363
2016-10-24,3.3910000324249268,3.4489998817443848,3.388000011444092,3.431999921798706,2.957195520401001,206599173
2016-10-25,3.431999921798706,3.433000087738037,3.414999961853028,3.4230000972747803,2.949440717697144,188178229
2016-10-26,3.421999931335449,3.424999952316284,3.407999992370605,3.4130001068115234,2.940824270248413,142670985
2016-10-27,3.4100000858306885,3.4130001068115234,3.3949999809265137,3.407999992370605,2.9365153312683105,89222498
2016-10-28,3.4059998989105225,3.436000108718872,3.4019999504089355,3.4030001163482666,2.9322078227996826,149226831
2016-10-31,3.4019999504089355,3.4019999504089355,3.372999906539917,3.3959999084472656,2.926175832748413,89194562
2016-11-01,3.3940000534057617,3.421999931335449,3.3919999599456787,3.4170000553131104,2.9442708492279053,86692429
2016-11-02,3.4119999408721924,3.4119999408721924,3.390000104904175,3.3940000534057617,2.924453020095825,85254005
2016-11-03,3.381999969482422,3.437000036239624,3.381999969482422,3.4200000762939453,2.9468557834625244,225826643
2016-11-04,3.4179999828338623,3.434000015258789,3.4040000438690186,3.4089999198913574,2.937377691268921,111407480
2016-11-07,3.4089999198913574,3.4200000762939453,3.4019999504089355,3.4119999408721924,2.93996262550354,100805993
2016-11-08,3.4189999103546143,3.446000099182129,3.4170000553131104,3.430000066757202,2.955472230911255,142243804
2016-11-09,3.430000066757202,3.430000066757202,3.374000072479248,3.4170000553131104,2.9442708492279053,196076229
2016-11-10,3.427000045776367,3.4609999656677246,3.427000045776367,3.45199990272522,2.974428653717041,144827420
2016-11-11,3.4489998817443848,3.486000061035156,3.438999891281128,3.4820001125335693,3.00027847290039,173427181
2016-11-14,3.4760000705718994,3.509999990463257,3.4679999351501465,3.486999988555908,3.004586696624756,261985206
2016-11-15,3.486000061035156,3.490999937057495,3.470999956130981,3.4830000400543213,3.001139879226685,136391995
2016-11-16,3.484999895095825,3.493000030517578,3.4749999046325684,3.483999967575073,3.0020010471343994,143926440
2016-11-17,3.4790000915527344,3.493000030517578,3.4679999351501465,3.492000102996826,3.008894920349121,131459987
2016-11-18,3.493000030517578,3.499000072479248,3.4749999046325684,3.4800000190734863,2.9985551834106445,109743449
2016-11-21,3.4749999046325684,3.525000095367432,3.4730000495910645,3.496000051498413,3.0123417377471924,136285270
2016-11-22,3.499000072479248,3.532999992370605,3.499000072479248,3.5309998989105225,3.042499303817749,172143723
2016-11-23,3.5360000133514404,3.552999973297119,3.5280001163482666,3.5369999408721924,3.047668933868408,91125359
2016-11-24,3.5350000858306885,3.568000078201294,3.5299999713897705,3.546999931335449,3.0562853813171387,175518691
2016-11-25,3.546999931335449,3.588000059127808,3.5209999084472656,3.5859999656677246,3.0898900032043457,134787111
2016-11-28,3.594000101089477,3.619999885559082,3.5929999351501465,3.601999998092652,3.103676080703736,148348331
2016-11-29,3.5920000076293945,3.6480000019073486,3.5799999237060547,3.630000114440918,3.127803087234497,159136067
2016-11-30,3.621000051498413,3.631999969482422,3.5910000801086426,3.5969998836517334,3.0993685722351074,166067658
2016-12-01,3.5989999771118164,3.642999887466431,3.5989999771118164,3.63100004196167,3.128664493560791,112886474
2016-12-02,3.628000020980835,3.628000020980835,3.5820000171661377,3.5910000801086426,3.094198226928711,93882635
2016-12-05,3.5439999103546143,3.559000015258789,3.513999938964844,3.5190000534057617,3.0321593284606934,222865641
2016-12-06,3.5220000743865967,3.5350000858306885,3.51200008392334,3.513000011444092,3.026989221572876,126885410
2016-12-07,3.515000104904175,3.532999992370605,3.500999927520752,3.5290000438690186,3.040776014328003,111353437
2016-12-08,3.5390000343322754,3.549999952316284,3.5290000438690186,3.5369999408721924,3.047668933868408,207960060
2016-12-09,3.5290000438690186,3.568000078201294,3.525000095367432,3.556999921798706,3.064902067184448,111308344
2016-12-12,3.555000066757202,3.555000066757202,3.4600000381469727,3.463000059127808,2.9839072227478027,147902895
2016-12-13,3.45199990272522,3.4739999771118164,3.430000066757202,3.4579999446868896,2.9795987606048584,161187550
2016-12-14,3.450000047683716,3.4660000801086426,3.433000087738037,3.434000015258789,2.958918809890747,101355869
2016-12-15,3.4159998893737797,3.433000087738037,3.38100004196167,3.3949999809265137,2.925314426422119,229792762
2016-12-16,3.3910000324249268,3.4130001068115234,3.38700008392334,3.3949999809265137,2.925314426422119,142249704
2016-12-19,3.3949999809265137,3.3980000019073486,3.377000093460083,3.384999990463257,2.9166977405548096,87041876
2016-12-20,3.380000114440918,3.384000062942505,3.3410000801086426,3.359999895095825,2.8951563835144043,167465993
2016-12-21,3.365000009536743,3.3980000019073486,3.365000009536743,3.3970000743865967,2.927037477493286,129163126
2016-12-22,3.3929998874664307,3.3949999809265137,3.375999927520752,3.3910000324249268,2.921867847442627,103592371
2016-12-23,3.382999897003174,3.388000011444092,3.3550000190734863,3.364000082015991,2.898603200912476,80260529
2016-12-26,3.3540000915527344,3.378999948501587,3.325000047683716,3.375999927520752,2.908942699432373,145262059
2016-12-27,3.369999885559082,3.384000062942505,3.365000009536743,3.371000051498413,2.904634714126587,113296091
2016-12-28,3.368000030517578,3.374000072479248,3.3420000076293945,3.3529999256134038,2.889124870300293,104911615
2016-12-29,3.3489999771118164,3.368000030517578,3.33899998664856,3.3550000190734863,2.89084792137146,84878307
2016-12-30,3.3540000915527344,3.368000030517578,3.3499999046325684,3.3580000400543213,2.893433094024658,96078848
2017-01-03,3.361999988555908,3.4040000438690186,3.361999988555908,3.3959999084472656,2.926175832748413,105867931
2017-01-04,3.3940000534057617,3.427000045776367,3.38700008392334,3.4260001182556152,2.952025890350342,113483983
2017-01-05,3.424999952316284,3.430000066757202,3.4110000133514404,3.4189999103546143,2.945994138717652,65674831
2017-01-06,3.4159998893737797,3.4230000972747803,3.4030001163482666,3.407999992370605,2.9365153312683105,77885978
2017-01-09,3.4030001163482666,3.424000024795532,3.400000095367432,3.4200000762939453,2.9468557834625244,77512872
2017-01-10,3.4189999103546143,3.4260001182556152,3.407000064849853,3.4110000133514404,2.939100742340088,69721435
2017-01-11,3.4049999713897705,3.421999931335449,3.384999990463257,3.385999917984009,2.9175591468811035,94705340
2017-01-12,3.385999917984009,3.3949999809265137,3.365999937057495,3.36899995803833,2.90291166305542,84000935
2017-01-13,3.368000030517578,3.3929998874664307,3.361999988555908,3.375,2.9080810546875,97497540
2017-01-16,3.368000030517578,3.372999906539917,3.315999984741211,3.371000051498413,2.904634714126587,146915124
2017-01-17,3.359999895095825,3.382999897003174,3.3489999771118164,3.375999927520752,2.908942699432373,86494983
2017-01-18,3.371000051498413,3.4089999198913574,3.369999885559082,3.3980000019073486,2.9278993606567383,113866267
2017-01-19,3.388999938964844,3.4040000438690186,3.380000114440918,3.385999917984009,2.9175591468811035,106034647
2017-01-20,3.380000114440918,3.4159998893737797,3.378000020980835,3.414999961853028,2.94254732131958,206369367
2017-01-23,3.359999895095825,3.385999917984009,3.3570001125335693,3.361000061035156,2.94342303276062,142179834
2017-01-24,3.361000061035156,3.36899995803833,3.3529999256134038,3.36299991607666,2.9451746940612797,84296275
2017-01-25,3.361000061035156,3.375,3.3499999046325684,3.372999906539917,2.95393180847168,67023992
2017-01-26,3.372999906539917,3.3970000743865967,3.372999906539917,3.38700008392334,2.966192960739136,66176291
2017-02-03,3.38700008392334,3.388999938964844,3.3570001125335693,3.367000102996826,2.9486775398254395,112045005
2017-02-06,3.368000030517578,3.375999927520752,3.3559999465942383,3.365999937057495,2.9478020668029785,101168895
2017-02-07,3.36299991607666,3.371000051498413,3.3499999046325684,3.359999895095825,2.94254732131958,91957105
2017-02-08,3.358999967575073,3.388999938964844,3.3420000076293945,3.382999897003174,2.9626898765563965,95170122
2017-02-09,3.378999948501587,3.407999992370605,3.378000020980835,3.3949999809265137,2.9731991291046143,98341142
2017-02-10,3.3980000019073486,3.4200000762939453,3.3919999599456787,3.4130001068115234,2.988962411880493,106142794
2017-02-13,3.4119999408721924,3.436000108718872,3.4119999408721924,3.430999994277954,3.0047264099121094,122506447
2017-02-14,3.430999994277954,3.436000108718872,3.424999952316284,3.434999942779541,3.0082287788391118,77496950
2017-02-15,3.434000015258789,3.446000099182129,3.4159998893737797,3.4230000972747803,2.997720718383789,124532123
2017-02-16,3.4230000972747803,3.437999963760376,3.4159998893737797,3.437999963760376,3.010856866836548,90500759
2017-02-17,3.437999963760376,3.4549999237060547,3.4170000553131104,3.4179999828338623,2.9933416843414307,125371532
2017-02-20,3.4179999828338623,3.484999895095825,3.4170000553131104,3.4739999771118164,3.0423836708068848,138284417
2017-02-21,3.4739999771118164,3.486999988555908,3.470000028610229,3.4739999771118164,3.0423836708068848,111851589
2017-02-22,3.476999998092652,3.48799991607666,3.470000028610229,3.484999895095825,3.0520172119140625,95185292
2017-02-23,3.4820001125335693,3.48799991607666,3.4609999656677246,3.470000028610229,3.038880586624145,102858894
2017-02-24,3.470999956130981,3.470999956130981,3.4539999961853027,3.4670000076293945,3.0362536907196045,89741197
2017-02-27,3.4679999351501465,3.4679999351501465,3.431999921798706,3.440000057220459,3.012608051300049,73568162
2017-02-28,3.436000108718872,3.4570000171661377,3.434999942779541,3.444999933242798,3.016986608505249,95073307
2017-03-01,3.447000026702881,3.4719998836517334,3.440999984741211,3.4489998817443848,3.0204899311065674,135589767
2017-03-02,3.4549999237060547,3.503000020980835,3.427000045776367,3.437000036239624,3.0099809169769287,95548529
2017-03-03,3.427000045776367,3.427999973297119,3.407000064849853,3.424000024795532,2.99859619140625,77837516
2017-03-06,3.424000024795532,3.444000005722046,3.4179999828338623,3.440999984741211,3.013483762741089,99993926
2017-03-07,3.438999891281128,3.447000026702881,3.434000015258789,3.446000099182129,3.0178627967834477,76185403
2017-03-08,3.444000005722046,3.450999975204468,3.438999891281128,3.450000047683716,3.0213656425476074,110172149
2017-03-09,3.444000005722046,3.444000005722046,3.4130001068115234,3.4189999103546143,2.9942169189453125,80900120
2017-03-10,3.4159998893737797,3.430999994277954,3.4159998893737797,3.421999931335449,2.99684476852417,82574306
2017-03-13,3.4159998893737797,3.4609999656677246,3.407000064849853,3.4590001106262207,3.029247522354126,123668119
2017-03-14,3.4560000896453857,3.4600000381469727,3.447000026702881,3.450999975204468,3.0222411155700684,68053403
2017-03-15,3.444999933242798,3.4600000381469727,3.441999912261963,3.4570000171661377,3.027496099472046,57608618
2017-03-16,3.4649999141693115,3.493000030517578,3.4649999141693115,3.4779999256134038,3.045886993408203,93477588
2017-03-17,3.4779999256134038,3.4830000400543213,3.436000108718872,3.438999891281128,3.011732339859009,103774287
2017-03-20,3.440000057220459,3.447999954223633,3.427000045776367,3.440999984741211,3.013483762741089,88935003
2017-03-21,3.440999984741211,3.4649999141693115,3.437000036239624,3.4649999141693115,3.034501791000366,107707450
2017-03-22,3.450999975204468,3.4590001106262207,3.427999973297119,3.447000026702881,3.0187385082244877,62825891
2017-03-23,3.450000047683716,3.4670000076293945,3.431999921798706,3.4570000171661377,3.027496099472046,85383956
2017-03-24,3.4579999446868896,3.5,3.4560000896453857,3.490000009536743,3.0563957691192627,128355180
2017-03-27,3.489000082015991,3.499000072479248,3.470000028610229,3.4739999771118164,3.0423836708068848,86785604
2017-03-28,3.4739999771118164,3.4809999465942383,3.4600000381469727,3.469000101089477,3.038005352020264,66960838
2017-03-29,3.469000101089477,3.4779999256134038,3.450000047683716,3.461999893188477,3.031874656677246,79010706
2017-03-30,3.4549999237060547,3.461999893188477,3.4179999828338623,3.428999900817871,3.002974510192871,119741074
2017-03-31,3.428999900817871,3.4549999237060547,3.427999973297119,3.4539999961853027,3.024868488311768,88619958
2017-04-05,3.4739999771118164,3.51200008392334,3.4719998836517334,3.510999917984009,3.074786901473999,135135515
2017-04-06,3.509000062942505,3.51200008392334,3.490000009536743,3.506999969482422,3.07128381729126,96078334
2017-04-07,3.509000062942505,3.526000022888184,3.500999927520752,3.513999938964844,3.077414035797119,75535316
2017-04-10,3.5169999599456787,3.5179998874664307,3.503000020980835,3.505000114440918,3.06953239440918,82112908
2017-04-11,3.503999948501587,3.5179998874664307,3.4670000076293945,3.513999938964844,3.077414035797119,105726827
2017-04-12,3.51200008392334,3.5179998874664307,3.49399995803833,3.500999927520752,3.0660293102264404,98867698
2017-04-13,3.496999979019165,3.5199999809265137,3.49399995803833,3.513999938964844,3.077414035797119,78443851
2017-04-14,3.513999938964844,3.515000104904175,3.4790000915527344,3.484999895095825,3.0520172119140625,86076343
2017-04-17,3.4779999256134038,3.4809999465942383,3.4560000896453857,3.4730000495910645,3.0415079593658447,135776283
2017-04-18,3.4679999351501465,3.483999967575073,3.46399998664856,3.4649999141693115,3.034501791000366,83200637
2017-04-19,3.4579999446868896,3.4579999446868896,3.4230000972747803,3.437999963760376,3.010856866836548,212040104
2017-04-20,3.436000108718872,3.461999893188477,3.434999942779541,3.4570000171661377,3.027496099472046,115800896
2017-04-21,3.4600000381469727,3.470000028610229,3.444000005722046,3.4600000381469727,3.030123233795166,81436561
2017-04-24,3.450999975204468,3.4549999237060547,3.4059998989105225,3.4230000972747803,2.997720718383789,170077938
2017-04-25,3.430000066757202,3.444999933242798,3.424999952316284,3.434000015258789,3.007353544235229,98383598
2017-04-26,3.434000015258789,3.461999893188477,3.434000015258789,3.441999912261963,3.014359474182129,87626463
2017-04-27,3.437999963760376,3.450000047683716,3.400000095367432,3.444000005722046,3.016110897064209,209732693
2017-04-28,3.440999984741211,3.440999984741211,3.4159998893737797,3.430999994277954,3.0047264099121094,71528975
2017-05-02,3.4260001182556152,3.430000066757202,3.4140000343322754,3.4260001182556152,3.00034761428833,92082652
2017-05-03,3.421999931335449,3.430000066757202,3.4049999713897705,3.4089999198913574,2.985459566116333,82176804
2017-05-04,3.4059998989105225,3.4189999103546143,3.3929998874664307,3.3959999084472656,2.9740748405456543,104322842
2017-05-05,3.3910000324249268,3.3929998874664307,3.361999988555908,3.374000072479248,2.954807996749878,146520934
2017-05-08,3.369999885559082,3.374000072479248,3.336999893188477,3.345000028610229,2.9294111728668213,164393876
2017-05-09,3.3399999141693115,3.3559999465942383,3.3289999961853027,3.3480000495910645,2.9320383071899414,140023584
2017-05-10,3.3489999771118164,3.364000082015991,3.3340001106262207,3.3359999656677246,2.9215288162231445,167022419
2017-05-11,3.328000068664551,3.361000061035156,3.315999984741211,3.3529999256134038,2.9364168643951416,218188437
2017-05-12,3.3510000705718994,3.384999990463257,3.3469998836517334,3.380000114440918,2.9600627422332764,145119742
2017-05-15,3.388999938964844,3.4049999713897705,3.385999917984009,3.3940000534057617,2.972323179244995,102439193
2017-05-16,3.3910000324249268,3.434999942779541,3.378000020980835,3.434000015258789,3.007353544235229,103313151
2017-05-17,3.430000066757202,3.431999921798706,3.4100000858306885,3.4110000133514404,2.987211227416992,109791866
2017-05-18,3.3989999294281006,3.4130001068115234,3.390000104904175,3.3959999084472656,2.9740748405456543,97423640
2017-05-19,3.3949999809265137,3.407000064849853,3.3949999809265137,3.4019999504089355,2.9793291091918945,71594455
2017-05-22,3.4030001163482666,3.421999931335449,3.390000104904175,3.4049999713897705,2.9819564819335938,86336579
2017-05-23,3.4040000438690186,3.434000015258789,3.401000022888184,3.4200000762939453,2.9950931072235107,151469922
2017-05-24,3.414999961853028,3.4210000038146973,3.388999938964844,3.4200000762939453,2.9950931072235107,140438333
2017-05-25,3.4170000553131104,3.496999979019165,3.4100000858306885,3.493000030517578,3.059023141860962,248952501
2017-05-26,3.486999988555908,3.503000020980835,3.4779999256134038,3.486999988555908,3.0537686347961426,203202998
2017-05-31,3.497999906539917,3.5190000534057617,3.4730000495910645,3.489000082015991,3.0555200576782227,148033425
2017-06-01,3.4830000400543213,3.499000072479248,3.4800000190734863,3.496999979019165,3.062526226043701,90718196
2017-06-02,3.494999885559082,3.499000072479248,3.469000101089477,3.48799991607666,3.0546443462371826,131541298
2017-06-05,3.4779999256134038,3.490000009536743,3.461999893188477,3.4649999141693115,3.034501791000366,110178724
2017-06-06,3.4649999141693115,3.493000030517578,3.461999893188477,3.492000102996826,3.058147430419922,95906865
2017-06-07,3.496000051498413,3.5420000553131104,3.490999937057495,3.539999961853028,3.1001839637756348,166723728
2017-06-08,3.5380001068115234,3.569999933242798,3.532999992370605,3.565000057220459,3.1220779418945312,146093932
2017-06-09,3.563999891281128,3.595999956130981,3.562999963760376,3.586999893188477,3.1413445472717285,151231556
2017-06-12,3.5799999237060547,3.607000112533569,3.571000099182129,3.5799999237060547,3.135214328765869,124074038
2017-06-13,3.571000099182129,3.595000028610229,3.569000005722046,3.586999893188477,3.1413445472717285,131625386
2017-06-14,3.5850000381469727,3.5850000381469727,3.5450000762939453,3.5510001182556152,3.1098172664642334,142576188
2017-06-15,3.549999952316284,3.561000108718872,3.525000095367432,3.5390000343322754,3.099308490753174,120841927
2017-06-16,3.5390000343322754,3.555000066757202,3.5280001163482666,3.532999992370605,3.094053268432617,102395662
2017-06-19,3.5350000858306885,3.575999975204468,3.5350000858306885,3.572999954223633,3.129083633422852,141314249
2017-06-20,3.575999975204468,3.5829999446868896,3.553999900817871,3.562000036239624,3.119450807571411,129832010
2017-06-21,3.5850000381469727,3.608000040054321,3.562000036239624,3.607000112533569,3.1588597297668457,202666097
2017-06-22,3.5999999046325684,3.651999950408936,3.5980000495910645,3.611000061035156,3.162362813949585,190007357
2017-06-23,3.608000040054321,3.6480000019073486,3.5920000076293945,3.6459999084472656,3.193014144897461,97993376
2017-06-26,3.6459999084472656,3.694000005722046,3.6459999084472656,3.690999984741211,3.2324228286743164,107394592
2017-06-27,3.688999891281128,3.6989998817443848,3.670000076293945,3.693000078201294,3.234174966812134,80665111
2017-06-28,3.690000057220459,3.690000057220459,3.663000106811523,3.6679999828338623,3.212280750274658,79248790
2017-06-29,3.6689999103546143,3.694999933242798,3.6679999828338623,3.690000057220459,3.2315475940704346,86837702
2017-06-30,3.677999973297119,3.694999933242798,3.6659998893737793,3.684000015258789,3.2262930870056152,82475091
2017-07-03,3.684999942779541,3.687999963760376,3.6530001163482666,3.6679999828338623,3.212280750274658,96518891
2017-07-04,3.6670000553131104,3.6679999828338623,3.630000114440918,3.638000011444092,3.186008214950561,135215496
2017-07-05,3.635999917984009,3.691999912261963,3.635999917984009,3.684999942779541,3.2271690368652344,133333806
2017-07-06,3.684999942779541,3.690000057220459,3.6559998989105225,3.681999921798706,3.224541425704956,161832079
2017-07-07,3.677000045776367,3.684999942779541,3.66100001335144,3.680000066757202,3.222790241241455,82642695
2017-07-10,3.678999900817871,3.700000047683716,3.674999952316284,3.684000015258789,3.2262930870056152,95092105
2017-07-11,3.680000066757202,3.743000030517578,3.678999900817871,3.71399998664856,3.252565622329712,131419688
2017-07-12,3.7079999446868896,3.7279999256134033,3.6760001182556152,3.691999912261963,3.2332987785339355,117476077
2017-07-13,3.693000078201294,3.733000040054321,3.693000078201294,3.7300000190734863,3.26657772064209,111237938
2017-07-14,3.7309999465942383,3.759000062942505,3.7200000286102295,3.755000114440918,3.288471937179565,85576653
2017-07-17,3.752000093460083,3.760999917984009,3.6760001182556152,3.703999996185303,3.2438082695007324,194210589
2017-07-18,3.697999954223633,3.7109999656677246,3.671999931335449,3.7060000896453857,3.2455596923828125,160845690
2017-07-19,3.704999923706055,3.788000106811523,3.700999975204468,3.7829999923706055,3.312993049621582,174118048
2017-07-20,3.7799999713897705,3.802000045776367,3.7739999294281006,3.8010001182556152,3.3287570476531982,97697579
2017-07-21,3.7909998893737793,3.803999900817871,3.7699999809265137,3.7820000648498535,3.312117099761963,97761450
2017-07-24,3.7780001163482666,3.809000015258789,3.7709999084472656,3.8010001182556152,3.3287570476531982,64264258
2017-07-25,3.799999952316284,3.802000045776367,3.765000104904175,3.7720000743865967,3.3033597469329834,96998398
2017-07-26,3.7720000743865967,3.7890000343322754,3.734999895095825,3.750999927520752,3.284968614578247,154254047
2017-07-27,3.752000093460083,3.7709999084472656,3.7260000705718994,3.76200008392334,3.294602394104004,146357436
2017-07-28,3.756999969482422,3.7799999713897705,3.75,3.776000022888184,3.3068628311157227,74148654
2017-07-31,3.776000022888184,3.803999900817871,3.766999959945679,3.7899999618530273,3.3191230297088623,119463626
2017-08-01,3.7899999618530273,3.8239998817443848,3.788000106811523,3.819999933242798,3.345396041870117,122451036
2017-08-02,3.822000026702881,3.839999914169312,3.813999891281128,3.819999933242798,3.345396041870117,118097968
2017-08-03,3.813999891281128,3.822999954223633,3.7739999294281006,3.7820000648498535,3.312117099761963,107292854
2017-08-04,3.7820000648498535,3.796000003814697,3.757999897003174,3.759000062942505,3.2919747829437256,104071614
2017-08-07,3.752000093460083,3.7890000343322754,3.749000072479248,3.7820000648498535,3.312117099761963,106249074
2017-08-08,3.783999919891357,3.7909998893737793,3.7720000743865967,3.7829999923706055,3.312993049621582,121129512
2017-08-09,3.7799999713897705,3.7920000553131104,3.766999959945679,3.7799999713897705,3.310365676879883,96191652
2017-08-10,3.7730000019073486,3.8010001182556152,3.74399995803833,3.7720000743865967,3.3033597469329834,138679903
2017-08-11,3.747999906539917,3.75600004196167,3.694999933242798,3.700000047683716,3.240305185317993,181664345
2017-08-14,3.700999975204468,3.753000020980835,3.700999975204468,3.746000051498413,3.280590295791626,148955883
2017-08-15,3.746999979019165,3.7709999084472656,3.742000102996826,3.75600004196167,3.289347887039185,238628000
2017-08-16,3.752000093460083,3.756999969482422,3.7290000915527344,3.75,3.284093141555786,88139928
2017-08-17,3.75600004196167,3.7799999713897705,3.753999948501587,3.7790000438690186,3.309490203857422,70331808
2017-08-18,3.766999959945679,3.7899999618530273,3.755000114440918,3.7809998989105225,3.311241388320923,72499742
2017-08-21,3.7909998893737793,3.805999994277954,3.7820000648498535,3.796999931335449,3.32525372505188,49078814
2017-08-22,3.796000003814697,3.811000108718872,3.78600001335144,3.802999973297119,3.3305084705352783,72334729
2017-08-23,3.802999973297119,3.828999996185303,3.796999931335449,3.812999963760376,3.339265823364258,56394516
2017-08-24,3.812999963760376,3.822000026702881,3.788000106811523,3.7929999828338623,3.32175087928772,76400150
2017-08-25,3.7920000553131104,3.859999895095825,3.7909998893737793,3.858999967575073,3.3795506954193115,202389591
2017-08-28,3.861999988555908,3.927999973297119,3.861999988555908,3.9030001163482666,3.4180843830108643,229744938
2017-08-29,3.9040000438690186,3.9070000648498535,3.888000011444092,3.8949999809265137,3.411078453063965,121835533
2017-08-30,3.8940000534057617,3.911999940872192,3.888999938964844,3.891000032424927,3.4075746536254883,83783479
2017-08-31,3.891000032424927,3.901000022888184,3.861999988555908,3.884000062942505,3.401444911956787,116677103
2017-09-01,3.884000062942505,3.901999950408936,3.875,3.888999938964844,3.405823230743408,90011878
2017-09-04,3.888999938964844,3.9059998989105225,3.869999885559082,3.9030001163482666,3.4180843830108643,128022660
2017-09-05,3.9030001163482666,3.924000024795532,3.900000095367432,3.9170000553131104,3.430345058441162,70319888
2017-09-06,3.9079999923706055,3.9179999828338623,3.891000032424927,3.9049999713897705,3.4198358058929443,78784301
2017-09-07,3.9079999923706055,3.920000076293945,3.88700008392334,3.888000011444092,3.404947519302368,51305517
2017-09-08,3.890000104904175,3.9040000438690186,3.868000030517578,3.884000062942505,3.401444911956787,58651566
2017-09-11,3.888999938964844,3.9170000553131104,3.88100004196167,3.890000104904175,3.406699180603028,76006016
2017-09-12,3.900000095367432,3.913000106811523,3.884000062942505,3.900000095367432,3.415456771850586,62323672
2017-09-13,3.901999950408936,3.9079999923706055,3.884999990463257,3.9030001163482666,3.4180843830108643,59311179
2017-09-14,3.901000022888184,3.9149999618530273,3.88100004196167,3.890000104904175,3.406699180603028,62545471
2017-09-15,3.888000011444092,3.901000022888184,3.877000093460083,3.8959999084472656,3.411953449249268,92683628
2017-09-18,3.892999887466431,3.930000066757202,3.890000104904175,3.91100001335144,3.425090074539185,110703771
2017-09-19,3.911999940872192,3.9149999618530273,3.871999979019165,3.885999917984009,3.403196096420288,88757581
2017-09-20,3.884000062942505,3.908999919891357,3.881999969482422,3.9040000438690186,3.418959856033325,69777749
2017-09-21,3.9040000438690186,3.9159998893737793,3.891000032424927,3.9049999713897705,3.4198358058929443,120840286
2017-09-22,3.890000104904175,3.8989999294281006,3.875999927520752,3.8940000534057617,3.410202741622925,74723487
2017-09-25,3.888999938964844,3.891000032424927,3.869999885559082,3.878000020980835,3.396190404891968,84546032
2017-09-26,3.872999906539917,3.881999969482422,3.871000051498413,3.880000114440918,3.397941827774048,60566307
2017-09-27,3.878999948501587,3.8940000534057617,3.874000072479248,3.882999897003174,3.4005684852600098,54881178
2017-09-28,3.882999897003174,3.892999887466431,3.872999906539917,3.888999938964844,3.405823230743408,49663885
2017-09-29,3.888999938964844,3.9189999103546143,3.888999938964844,3.901999950408936,3.417208194732666,88762589
2017-10-09,3.971999883651733,3.984999895095825,3.940999984741211,3.943000078201294,3.4531145095825195,165313691
2017-10-10,3.940000057220459,3.9570000171661377,3.920000076293945,3.947999954223633,3.457493305206299,141763845
2017-10-11,3.947999954223633,3.9690001010894775,3.940999984741211,3.963000059127808,3.4706296920776367,108213609
2017-10-12,3.961999893188477,3.9809999465942383,3.9560000896453857,3.9800000190734863,3.4855175018310547,110217642
2017-10-13,3.970999956130981,3.989000082015991,3.970999956130981,3.98799991607666,3.492523431777954,54857403
2017-10-16,3.98799991607666,4.002999782562256,3.973000049591065,3.973999977111816,3.480262994766236,105285388
2017-10-17,3.973999977111816,3.982000112533569,3.963000059127808,3.971999883651733,3.478511333465576,73448262
2017-10-18,3.970999956130981,4.000999927520752,3.970999956130981,3.996000051498413,3.499530076980591,95552332
2017-10-19,3.997999906539917,3.997999906539917,3.9800000190734863,3.984999895095825,3.489896297454834,95638856
2017-10-20,3.982000112533569,3.986999988555908,3.973000049591065,3.983000040054321,3.488144636154175,51650766
2017-10-23,3.986999988555908,3.997999906539917,3.9760000705718994,3.994999885559082,3.498654127120972,88406936
2017-10-24,3.986000061035156,4.021999835968018,3.983999967575073,4.020999908447266,3.521423578262329,93931730
2017-10-25,4.014999866485596,4.039000034332275,4.011000156402588,4.033999919891357,3.532808542251587,64082799
2017-10-26,4.034999847412109,4.077000141143799,4.026999950408936,4.063000202178955,3.5582058429718018,140318002
2017-10-27,4.058000087738037,4.084000110626221,4.056000232696533,4.083000183105469,3.5757205486297607,69986193
2017-10-30,4.085999965667725,4.090000152587891,4.019000053405762,4.065000057220459,3.5599570274353027,155769168
2017-10-31,4.052000045776367,4.066999912261963,4.041999816894531,4.061999797821045,3.5573294162750244,67683593
2017-11-01,4.060999870300293,4.0879998207092285,4.044000148773193,4.047999858856201,3.5450689792633057,129829402
2017-11-02,4.047999858856201,4.056000232696533,4.031000137329102,4.054999828338623,3.551198959350586,98210650
2017-11-03,4.051000118255615,4.059999942779541,4.01800012588501,4.044000148773193,3.5415658950805664,112590577
2017-11-06,4.038000106811523,4.081999778747559,4.031000137329102,4.079999923706055,3.573093175888061,60852136
2017-11-07,4.078999996185303,4.130000114440918,4.077000141143799,4.119999885559082,3.608123540878296,103209215
2017-11-08,4.116000175476074,4.15500020980835,4.103000164031982,4.111000061035156,3.6002418994903564,99446750
2017-11-09,4.10699987411499,4.14300012588501,4.102000236511231,4.142000198364258,3.6273908615112314,121757350
2017-11-10,4.133999824523926,4.184999942779541,4.125999927520752,4.178999900817871,3.659793376922608,126033530
2017-11-13,4.179999828338623,4.199999809265137,4.177000045776367,4.188000202178955,3.667675495147705,88966535
2017-11-14,4.190000057220459,4.192999839782715,4.151999950408936,4.156000137329102,3.63965106010437,132724100
2017-11-15,4.14900016784668,4.158999919891357,4.11899995803833,4.125999927520752,3.6133780479431152,255412300
2017-11-16,4.125,4.169000148773193,4.120999813079834,4.164999961853027,3.6475327014923096,193305451
2017-11-17,4.1579999923706055,4.175000190734863,4.142000198364258,4.170000076293945,3.651911497116089,188891042
2017-11-20,4.1579999923706055,4.203999996185303,4.124000072479248,4.203000068664551,3.680811643600464,140347463
2017-11-21,4.197000026702881,4.288000106811523,4.190000057220459,4.285999774932861,3.7534990310668954,172888221
2017-11-22,4.287000179290772,4.324999809265137,4.25,4.284999847412109,3.7526233196258554,154947659
2017-11-23,4.27899980545044,4.27899980545044,4.138999938964844,4.14900016784668,3.63352108001709,299273363
2017-11-24,4.138999938964844,4.171999931335449,4.116000175476074,4.152999877929688,3.6370232105255127,216014969
2017-11-27,4.139999866485596,4.146999835968018,4.083000183105469,4.085999965667725,3.578348159790039,273105200
2017-11-28,4.080999851226807,4.110000133514404,4.070000171661377,4.105000019073486,3.594987392425537,104832040
2017-11-29,4.109000205993652,4.119999885559082,4.051000118255615,4.10099983215332,3.591484308242798,119168219
2017-11-30,4.0970001220703125,4.105999946594238,4.044000148773193,4.053999900817871,3.550323009490967,117615115
2017-12-01,4.052999973297119,4.085000038146973,4.039999961853027,4.057000160217285,3.552950859069824,84713268
2017-12-04,4.052999973297119,4.091000080108643,4.035999774932861,4.073999881744385,3.567838668823242,77888620
2017-12-05,4.064000129699707,4.105999946594238,4.063000202178955,4.098999977111816,3.5897326469421387,81856493
2017-12-06,4.090000152587891,4.090000152587891,4.026000022888184,4.067999839782715,3.562584161758423,90833542
2017-12-07,4.063000202178955,4.076000213623047,4.007999897003174,4.021999835968018,3.52229905128479,89747869
2017-12-08,4.021999835968018,4.072000026702881,4.017000198364258,4.060999870300293,3.5564539432525635,94170770
2017-12-11,4.059999942779541,4.130000114440918,4.059999942779541,4.127999782562256,3.615129232406616,92127790
2017-12-12,4.124000072479248,4.124000072479248,4.060999870300293,4.063000202178955,3.5582058429718018,109485456
2017-12-13,4.063000202178955,4.10099983215332,4.056000232696533,4.0920000076293945,3.583601951599121,115979105
2017-12-14,4.0929999351501465,4.104000091552734,4.063000202178955,4.078999996185303,3.572217464447021,155910158
2017-12-15,4.067999839782715,4.070000171661377,4.020999908447266,4.025000095367432,3.5249269008636475,92548743
2017-12-18,4.027999877929688,4.057000160217285,4.013000011444092,4.026000022888184,3.5258026123046875,102803098
2017-12-19,4.03000020980835,4.080999851226807,4.03000020980835,4.078999996185303,3.572217464447021,105296944
2017-12-20,4.076000213623047,4.0879998207092285,4.060999870300293,4.070000171661377,3.564335823059082,93004698
2017-12-21,4.061999797821045,4.133999824523926,4.059999942779541,4.119999885559082,3.608123540878296,241553329
2017-12-22,4.118000030517578,4.123000144958496,4.0970001220703125,4.10099983215332,3.591484308242798,129764867
2017-12-25,4.104000091552734,4.136000156402588,4.072000026702881,4.081999778747559,3.5748443603515625,170234108
2017-12-26,4.085000038146973,4.104000091552734,4.065000057220459,4.093999862670898,3.58535385131836,208995198
2017-12-27,4.09499979019165,4.0980000495910645,4.021999835968018,4.026000022888184,3.5258026123046875,208485856
2017-12-28,4.031000137329102,4.078000068664551,4.020999908447266,4.063000202178955,3.5582058429718018,193950965
2017-12-29,4.065999984741211,4.083000183105469,4.053999900817871,4.076000213623047,3.5695905685424805,108315943
2018-01-02,4.085999965667725,4.138000011444092,4.084000110626221,4.136000156402588,3.622135639190674,168876561
2018-01-03,4.136000156402588,4.185999870300293,4.131999969482422,4.1579999923706055,3.641402244567871,126793328
2018-01-04,4.1579999923706055,4.179999828338623,4.150000095367432,4.171000003814697,3.652787446975708,92220709
2018-01-05,4.178999900817871,4.197000026702881,4.164999961853027,4.186999797821045,3.666799545288086,127131673
2018-01-08,4.185999870300293,4.214000225067139,4.172999858856201,4.203999996185303,3.681687116622925,105696705
2018-01-09,4.203999996185303,4.241000175476074,4.197000026702881,4.23799991607666,3.7114627361297607,107946072
2018-01-10,4.234000205993652,4.260000228881836,4.2210001945495605,4.25600004196167,3.727226495742798,144965698
2018-01-11,4.249000072479248,4.25600004196167,4.23199987411499,4.25,3.7219724655151367,98475059
2018-01-12,4.25,4.276999950408936,4.244999885559082,4.2729997634887695,3.7421140670776367,103574919
2018-01-15,4.2729997634887695,4.309999942779541,4.261000156402588,4.264999866485596,3.735108613967896,157364726
2018-01-16,4.264999866485596,4.310999870300293,4.260000228881836,4.308000087738037,3.772765874862671,123183954
2018-01-17,4.309000015258789,4.327000141143799,4.281000137329102,4.295000076293945,3.7613813877105713,158939722
2018-01-18,4.301000118255615,4.335999965667725,4.297999858856201,4.322999954223633,3.7859017848968506,125086310
2018-01-19,4.324999809265137,4.364999771118164,4.322000026702881,4.335000038146973,3.796411037445069,218506460
2018-01-22,4.322000026702881,4.39300012588501,4.322000026702881,4.389999866485596,3.84457802772522,139873365
2018-01-23,4.353000164031982,4.388999938964844,4.349999904632568,4.388000011444092,3.8835198879241934,158466266
2018-01-24,4.388000011444092,4.400000095367432,4.355999946594238,4.390999794006348,3.886174917221069,161345725
2018-01-25,4.388000011444092,4.389999866485596,4.341000080108643,4.36299991607666,3.861393690109253,154871983
2018-01-26,4.349999904632568,4.414000034332275,4.34499979019165,4.385000228881836,3.8808650970458975,98413154
2018-01-29,4.394999980926514,4.400000095367432,4.290999889373779,4.302000045776367,3.807406902313232,214053187
2018-01-30,4.291999816894531,4.309999942779541,4.255000114440918,4.257999897003174,3.768465280532837,161687140
2018-01-31,4.245999813079834,4.285999774932861,4.239999771118164,4.270999908447266,3.779970645904541,166736854
2018-02-01,4.269999980926514,4.288000106811523,4.216000080108643,4.241000175476074,3.753420352935791,439073590
2018-02-02,4.210000038146973,4.2729997634887695,4.188000202178955,4.267000198364258,3.776431083679199,212796141
2018-02-05,4.229000091552734,4.26800012588501,4.210000038146973,4.263000011444092,3.772891044616699,230839513
2018-02-06,4.199999809265137,4.2129998207092285,4.136000156402588,4.14300012588501,3.666687488555908,313173133
2018-02-07,4.199999809265137,4.209000110626221,4.039000034332275,4.045000076293945,3.579954147338867,339517812
2018-02-08,4.039999961853027,4.072000026702881,3.9809999465942383,4.01200008392334,3.5507476329803467,312348562
2018-02-09,3.9049999713897705,3.921000003814697,3.763999938964844,3.82699990272522,3.387016534805298,416837179
2018-02-12,3.8359999656677246,3.9049999713897705,3.8239998817443848,3.881999969482422,3.4356939792633057,193558868
2018-02-13,3.9170000553131104,3.9809999465942383,3.9170000553131104,3.928999900817871,3.477290153503418,162462468
2018-02-14,3.940999984741211,3.970999956130981,3.927000045776367,3.96399998664856,3.5082662105560303,93035624
2018-02-22,4.015999794006348,4.052999973297119,4.001999855041504,4.046000003814697,3.580838680267334,189064057
2018-02-23,4.053999900817871,4.078000068664551,4.0329999923706055,4.067999839782715,3.600309133529663,157657247
2018-02-26,4.0980000495910645,4.132999897003174,4.050000190734863,4.119999885559082,3.6463310718536377,202772259
2018-02-27,4.127999782562256,4.129000186920166,4.054999828338623,4.060999870300293,3.594114303588867,211823291
2018-02-28,4.027999877929688,4.054999828338623,3.994999885559082,4.019999980926514,3.557828187942505,239224566
2018-03-01,4.0,4.066999912261963,3.993000030517578,4.048999786376953,3.583493709564209,118636949
2018-03-02,4.019999980926514,4.043000221252441,4.007999897003174,4.021999835968018,3.5595977306365967,90614682
2018-03-05,4.025000095367432,4.048999786376953,3.990000009536743,4.013000011444092,3.55163311958313,96012470
2018-03-06,4.041999816894531,4.073999881744385,3.996999979019165,4.072999954223633,3.6047346591949454,133593823
2018-03-07,4.070000171661377,4.0929999351501465,4.031000137329102,4.039999961853027,3.575528621673584,139728541
2018-03-08,4.041999816894531,4.083000183105469,4.031000137329102,4.080999851226807,3.611814975738525,93207522
2018-03-09,4.0879998207092285,4.117000102996826,4.073999881744385,4.111000061035156,3.638366222381592,111687110
2018-03-12,4.13100004196167,4.1479997634887695,4.117000102996826,4.123000144958496,3.64898681640625,294989163
2018-03-13,4.119999885559082,4.126999855041504,4.077000141143799,4.078999996185303,3.610044479370117,143512766
2018-03-14,4.070000171661377,4.085000038146973,4.060999870300293,4.065000057220459,3.5976545810699463,120903364
2018-03-15,4.059999942779541,4.0980000495910645,4.052000045776367,4.09499979019165,3.6242051124572754,100079431
2018-03-16,4.090000152587891,4.105000019073486,4.048999786376953,4.050000190734863,3.584378957748413,88323264
2018-03-19,4.048999786376953,4.074999809265137,4.02899980545044,4.072000026702881,3.603849887847901,80902013
2018-03-20,4.059000015258789,4.081999778747559,4.033999919891357,4.070000171661377,3.6020798683166504,75493600
2018-03-21,4.085999965667725,4.113999843597412,4.039999961853027,4.048999786376953,3.583493709564209,129100272
2018-03-22,4.056000232696533,4.068999767303467,4.002999782562256,4.013000011444092,3.55163311958313,98444017
2018-03-23,3.900000095367432,3.92300009727478,3.825000047683716,3.8940000534057617,3.4463140964508057,278976065
2018-03-26,3.86299991607666,3.885999917984009,3.82699990272522,3.875999927520752,3.430383443832397,233957550
2018-03-27,3.921000003814697,3.930000066757202,3.884999990463257,3.91100001335144,3.461359739303589,143793379
2018-03-28,3.874000072479248,3.9040000438690186,3.828999996185303,3.8320000171661377,3.391442060470581,135099139
2018-03-29,3.846999883651733,3.9189999103546143,3.7929999828338623,3.901999950408936,3.4533944129943848,193453972
2018-03-30,3.9030001163482666,3.9149999618530273,3.878000020980835,3.8959999084472656,3.448084115982056,92303130
2018-04-02,3.8970000743865967,3.936000108718872,3.880000114440918,3.882999897003174,3.4365785121917725,177505995
2018-04-03,3.858999967575073,3.878000020980835,3.836999893188477,3.858000040054321,3.4144527912139893,140985282
2018-04-04,3.867000102996826,3.8959999084472656,3.8429999351501465,3.848000049591065,3.4056026935577397,102878409
2018-04-09,3.8519999980926514,3.875,3.828000068664551,3.8529999256134033,3.4100277423858643,119199109
2018-04-10,3.857000112533569,3.928999900817871,3.8529999256134033,3.927999973297119,3.476405143737793,159073409
2018-04-11,3.937999963760376,3.9570000171661377,3.9260001182556152,3.933000087738037,3.480830192565918,136495500
2018-04-12,3.931999921798706,3.937999963760376,3.891000032424927,3.891999959945679,3.444543838500977,96730312
2018-04-13,3.9149999618530273,3.927000045776367,3.858000040054321,3.865000009536743,3.420648097991944,121246776
2018-04-16,3.858000040054321,3.869999885559082,3.7909998893737793,3.803999900817871,3.366661310195923,114159639
2018-04-17,3.815000057220459,3.819999933242798,3.744999885559082,3.747999906539917,3.317099332809448,138299800
2018-04-18,3.7809998989105225,3.795000076293945,3.7100000381469727,3.75600004196167,3.324179410934448,212567660
2018-04-19,3.765000104904175,3.819000005722046,3.763999938964844,3.809000015258789,3.3710861206054688,171495153
2018-04-20,3.796999931335449,3.809999942779541,3.743000030517578,3.75,3.318869113922119,163178579
2018-04-23,3.743000030517578,3.7890000343322754,3.7309999465942383,3.766000032424927,3.3330302238464355,106409975
2018-04-24,3.7739999294281006,3.8550000190734863,3.7739999294281006,3.8450000286102295,3.4029476642608643,179486723
2018-04-25,3.828999996185303,3.836999893188477,3.812999963760376,3.822000026702881,3.382591962814331,107213904
2018-04-26,3.82699990272522,3.8340001106262207,3.740000009536743,3.746000051498413,3.3153295516967773,127956877
2018-04-27,3.766000032424927,3.7690000534057617,3.711999893188477,3.753999948501587,3.3224096298217773,117876195
2018-05-02,3.7699999809265137,3.7890000343322754,3.740999937057495,3.766000032424927,3.3330302238464355,113098000
2018-05-03,3.75600004196167,3.802000045776367,3.7309999465942383,3.788000106811523,3.3525006771087646,150087441
2018-05-04,3.78600001335144,3.799000024795532,3.763999938964844,3.7699999809265137,3.3365700244903564,111229369
2018-05-07,3.776000022888184,3.8350000381469727,3.7699999809265137,3.8310000896453857,3.390557289123535,151975283
2018-05-08,3.8350000381469727,3.891000032424927,3.829999923706055,3.88100004196167,3.4348087310791016,188264393
2018-05-09,3.880000114440918,3.88100004196167,3.8529999256134033,3.869999885559082,3.4250731468200684,87267325
2018-05-10,3.88100004196167,3.8980000019073486,3.861999988555908,3.8959999084472656,3.448084115982056,99489112
2018-05-11,3.9030001163482666,3.910000085830689,3.86899995803833,3.872999906539917,3.4277284145355225,85096764
2018-05-14,3.88100004196167,3.9159998893737793,3.88100004196167,3.9070000648498535,3.4578192234039307,180928713
2018-05-15,3.9149999618530273,3.921999931335449,3.884000062942505,3.921999931335449,3.471095085144043,144488809
2018-05-16,3.9079999923706055,3.9170000553131104,3.881999969482422,3.890000104904175,3.4427740573883057,87803478
2018-05-17,3.891999959945679,3.8970000743865967,3.8559999465942383,3.857000112533569,3.413568019866944,83591034
2018-05-18,3.861999988555908,3.9040000438690186,3.8440001010894775,3.8989999294281006,3.4507391452789307,191679213
2018-05-21,3.924999952316284,3.941999912261963,3.9059998989105225,3.9179999828338623,3.467554807662964,158257390
2018-05-22,3.9179999828338623,3.9179999828338623,3.878000020980835,3.901999950408936,3.4533944129943848,84688776
2018-05-23,3.891999959945679,3.892999887466431,3.849999904632568,3.8510000705718994,3.4082577228546143,110004473
2018-05-24,3.849999904632568,3.859999895095825,3.815999984741211,3.819999933242798,3.380821943283081,121639995
2018-05-25,3.819000005722046,3.83899998664856,3.8010001182556152,3.811000108718872,3.372856616973877,103168428
2018-05-28,3.819000005722046,3.849999904632568,3.8010001182556152,3.8350000381469727,3.394097328186035,91613409
2018-05-29,3.829999923706055,3.839999914169312,3.796999931335449,3.799000024795532,3.36223578453064,126385560
2018-05-30,3.76200008392334,3.766999959945679,3.7260000705718994,3.7269999980926514,3.298513889312744,144032281
2018-05-31,3.747999906539917,3.805999994277954,3.742000102996826,3.802999973297119,3.365776300430298,170193623
2018-06-01,3.78600001335144,3.799000024795532,3.759999990463257,3.776999950408936,3.3427653312683105,121025470
2018-06-04,3.796999931335449,3.818000078201294,3.783999919891357,3.813999891281128,3.375511646270752,126079681
2018-06-05,3.809999942779541,3.849999904632568,3.802999973297119,3.845999956130981,3.403832197189331,104885997
2018-06-06,3.8410000801086426,3.848999977111816,3.8310000896453857,3.83899998664856,3.397637128829956,83502820
2018-06-07,3.8529999256134033,3.86899995803833,3.8310000896453857,3.838000059127808,3.396752119064331,109814321
2018-06-08,3.829999923706055,3.829999923706055,3.767999887466431,3.786999940872192,3.35161566734314,135333285
2018-06-11,3.7709999084472656,3.805000066757202,3.7699999809265137,3.796999931335449,3.3604657649993896,76834934
2018-06-12,3.79800009727478,3.848000049591065,3.7790000438690186,3.8350000381469727,3.394097328186035,122168366
2018-06-13,3.822000026702881,3.82699990272522,3.7899999618530273,3.796000003814697,3.359580993652344,114881661
2018-06-14,3.785000085830689,3.821000099182129,3.776000022888184,3.78600001335144,3.350730657577514,137252556
2018-06-15,3.7799999713897705,3.802000045776367,3.759999990463257,3.7799999713897705,3.3454205989837646,130340300
2018-06-19,3.755000114440918,3.755000114440918,3.611000061035156,3.650000095367432,3.230366468429565,351576108
2018-06-20,3.63700008392334,3.6670000553131104,3.6050000190734863,3.650000095367432,3.230366468429565,249030285
2018-06-21,3.651999950408936,3.696000099182129,3.614000082015991,3.619999885559082,3.203815221786499,333719959
2018-06-22,3.609999895095825,3.63700008392334,3.572000026702881,3.635999917984009,3.217975616455078,154260956
2018-06-25,3.6480000019073486,3.6540000438690186,3.5840001106262207,3.5850000381469727,3.1728391647338867,115424451
2018-06-26,3.5510001182556152,3.571000099182129,3.506999969482422,3.549999952316284,3.1418631076812744,202340188
2018-06-27,3.552999973297119,3.559999942779541,3.4570000171661377,3.4660000801086426,3.0675203800201416,200894524
2018-06-28,3.450000047683716,3.499000072479248,3.440000057220459,3.446000099182129,3.0498199462890625,162531044
2018-06-29,3.4489998817443848,3.5429999828338623,3.4489998817443848,3.5369999408721924,3.130357503890991,170604955
2018-07-02,3.5309998989105225,3.5350000858306885,3.4049999713897705,3.443000078201294,3.0471646785736084,212198117
2018-07-03,3.441999912261963,3.453000068664551,3.3489999771118164,3.430000066757202,3.0356593132019043,361552434
2018-07-04,3.4230000972747803,3.440000057220459,3.388999938964844,3.3940000534057617,3.003798007965088,126890878
2018-07-05,3.3949999809265137,3.427000045776367,3.359999895095825,3.365999937057495,2.9790172576904297,172621249
2018-07-06,3.371999979019165,3.430999994277954,3.3299999237060547,3.3949999809265137,3.004683256149292,235437839
2018-07-09,3.4100000858306885,3.496999979019165,3.4100000858306885,3.49399995803833,3.092301368713379,229957247
2018-07-10,3.5,3.506999969482422,3.469000101089477,3.503000020980835,3.100266456604004,145734481
2018-07-11,3.440000057220459,3.4600000381469727,3.3989999294281006,3.444999933242798,3.048934936523437,195431757
2018-07-12,3.443000078201294,3.5460000038146973,3.440999984741211,3.5280001163482666,3.122392177581787,208933958
2018-07-13,3.5290000438690186,3.5429999828338623,3.5169999599456787,3.5339999198913574,3.127702236175537,132747563
2018-07-16,3.5309998989105225,3.559000015258789,3.50600004196167,3.5190000534057617,3.114426851272583,126517900
2018-07-17,3.515000104904175,3.5190000534057617,3.470000028610229,3.496999979019165,3.094956636428833,121537372
2018-07-18,3.502000093460083,3.5350000858306885,3.4800000190734863,3.4809999465942383,3.080795764923096,127613656
2018-07-19,3.499000072479248,3.5220000743865967,3.4679999351501465,3.4830000400543213,3.082566261291504,141953100
2018-07-20,3.4809999465942383,3.565000057220459,3.4539999961853027,3.549999952316284,3.1418631076812744,193402166
2018-07-23,3.5299999713897705,3.5820000171661377,3.5199999809265137,3.572999954223633,3.1622190475463867,173776124
2018-07-24,3.5810000896453857,3.6570000648498535,3.5810000896453857,3.638999938964844,3.220630645751953,260280530
2018-07-25,3.640000104904175,3.6449999809265137,3.621000051498413,3.638000011444092,3.2197461128234863,202257308
2018-07-26,3.634999990463257,3.6489999294281006,3.5820000171661377,3.5910000801086426,3.1781492233276367,155486234
2018-07-27,3.5859999656677246,3.6040000915527344,3.569999933242798,3.5820000171661377,3.170184135437012,87662456
2018-07-30,3.5810000896453857,3.607000112533569,3.5439999103546143,3.562000036239624,3.1524837017059326,159982013
2018-07-31,3.556999921798706,3.594000101089477,3.552999973297119,3.575000047683716,3.1639890670776367,105773714
2018-08-01,3.595000028610229,3.608999967575073,3.49399995803833,3.494999885559082,3.093186378479004,269610753
2018-08-02,3.483999967575073,3.486999988555908,3.378000020980835,3.4170000553131104,3.024153709411621,270606239
2018-08-03,3.4159998893737797,3.430000066757202,3.368000030517578,3.36899995803833,2.981672525405884,167573565
2018-08-06,3.36899995803833,3.400000095367432,3.312999963760376,3.3340001106262207,2.9506964683532715,222204999
2018-08-07,3.3399999141693115,3.428999900817871,3.322999954223633,3.427000045776367,3.0330042839050293,225098060
2018-08-08,3.4210000038146973,3.421999931335449,3.36299991607666,3.377000093460083,2.988752603530884,197563683
2018-08-09,3.365000009536743,3.469000101089477,3.36299991607666,3.4579999446868896,3.0604400634765625,229221996
2018-08-10,3.453000068664551,3.4820001125335693,3.436000108718872,3.46399998664856,3.0657505989074707,137674358
2018-08-13,3.430000066757202,3.4579999446868896,3.3919999599456787,3.4489998817443848,3.0524752140045166,170754010
2018-08-14,3.446000099182129,3.450999975204468,3.4119999408721924,3.434000015258789,3.0391993522644043,97181092
2018-08-15,3.431999921798706,3.434000015258789,3.345000028610229,3.351999998092652,2.966626644134521,151489700
2018-08-16,3.3299999237060547,3.377000093460083,3.2920000553131104,3.338000059127808,2.9542367458343506,207748996
2018-08-17,3.361999988555908,3.365999937057495,3.2780001163482666,3.2869999408721924,2.9090993404388428,180110413
2018-08-20,3.2950000762939453,3.325000047683716,3.2699999809265137,3.322000026702881,2.9400758743286133,204679525
2018-08-21,3.321000099182129,3.3959999084472656,3.321000099182129,3.378999948501587,2.9905223846435547,232249206
2018-08-22,3.384999990463257,3.384999990463257,3.3559999465942383,3.372999906539917,2.9852120876312256,116553337
2018-08-23,3.375,3.4030001163482666,3.345000028610229,3.382999897003174,2.994062662124634,245065534
2018-08-24,3.377000093460083,3.4159998893737797,3.3489999771118164,3.388000011444092,2.998487949371338,203133054
2018-08-27,3.3949999809265137,3.4739999771118164,3.3949999809265137,3.4730000495910645,3.073715686798096,224129105
2018-08-28,3.4739999771118164,3.483999967575073,3.453000068664551,3.463000059127808,3.0648653507232666,143206281
2018-08-29,3.4590001106262207,3.463000059127808,3.440999984741211,3.450000047683716,3.0533597469329834,132357316
2018-08-30,3.450000047683716,3.4679999351501465,3.4100000858306885,3.4159998893737797,3.023268699645996,162923699
2018-08-31,3.4019999504089355,3.424000024795532,3.371999979019165,3.390000104904175,3.000257968902588,149124071
2018-09-03,3.385999917984009,3.3949999809265137,3.3510000705718994,3.382999897003174,2.994062662124634,140562775
2018-09-04,3.381999969482422,3.437999963760376,3.369999885559082,3.4230000972747803,3.02946400642395,174997837
2018-09-05,3.4100000858306885,3.4159998893737797,3.351999998092652,3.3529999256134038,2.9675118923187256,195263963
2018-09-06,3.3510000705718994,3.378000020980835,3.313999891281128,3.3239998817443848,2.941845655441284,213334039
2018-09-07,3.3340001106262207,3.384000062942505,3.312999963760376,3.345999956130981,2.9613163471221924,185057798
2018-09-10,3.3329999446868896,3.3429999351501465,3.2939999103546143,3.2980000972747803,2.918835163116455,160330584
2018-09-11,3.299000024795532,3.313999891281128,3.2739999294281006,3.2860000133514404,2.908214569091797,225378210
2018-09-12,3.2850000858306885,3.2909998893737797,3.259000062942505,3.263000011444092,2.8878591060638428,206182200
2018-09-13,3.2960000038146973,3.315000057220459,3.256999969482422,3.2980000972747803,2.918835163116455,259771423
2018-09-14,3.302000045776367,3.315000057220459,3.2880001068115234,3.302999973297119,2.923259973526001,175624021
2018-09-17,3.2850000858306885,3.2909998893737797,3.263999938964844,3.2720000743865967,2.895824193954468,115650820
2018-09-18,3.260999917984009,3.33899998664856,3.259999990463257,3.3350000381469727,2.9515814781188965,236746841
2018-09-19,3.3299999237060547,3.407000064849853,3.322999954223633,3.380000114440918,2.991408109664917,446329246
2018-09-20,3.380000114440918,3.4130001068115234,3.371000051498413,3.378000020980835,2.989637851715088,244090449
2018-09-21,3.388000011444092,3.486000061035156,3.377000093460083,3.483999967575073,3.0834507942199707,477366017
2018-09-25,3.447000026702881,3.4579999446868896,3.430000066757202,3.4489998817443848,3.0524752140045166,208980617
2018-09-26,3.450000047683716,3.5160000324249268,3.447999954223633,3.486999988555908,3.086106061935425,301578428
2018-09-27,3.4749999046325684,3.486999988555908,3.4600000381469727,3.4719998836517334,3.0728306770324707,231202883
2018-09-28,3.476999998092652,3.51200008392334,3.4730000495910645,3.507999897003174,3.104691743850708,302266815
2018-10-08,3.430999994277954,3.434000015258789,3.3399999141693115,3.3410000801086426,2.9568915367126465,429904746
2018-10-09,3.3480000495910645,3.371000051498413,3.3359999656677246,3.3480000495910645,2.9630863666534424,196570044
2018-10-10,3.3510000705718994,3.378000020980835,3.313999891281128,3.345999956130981,2.9613163471221924,263664079
2018-10-11,3.25,3.2720000743865967,3.150000095367432,3.174000024795532,2.809091091156006,667556837
2018-10-12,3.177999973297119,3.249000072479248,3.1610000133514404,3.2330000400543213,2.8613080978393555,500732547
2018-10-15,3.239000082015991,3.242000102996826,3.183000087738037,3.186000108718872,2.819711685180664,292629244
2018-10-16,3.190000057220459,3.2279999256134038,3.1530001163482666,3.164999961853028,2.8011257648468018,493884019
2018-10-17,3.2049999237060547,3.2149999141693115,3.125,3.1760001182556152,2.810861349105835,643736526
2018-10-18,3.1549999713897705,3.164999961853028,3.1050000190734863,3.1059999465942383,2.7489089965820312,593291440
2018-10-19,3.0899999141693115,3.200000047683716,3.072999954223633,3.184999942779541,2.81882643699646,673105315
2018-10-22,3.25,3.369999885559082,3.200000047683716,3.3529999256134038,2.9675118923187256,934186388
2018-10-23,3.3499999046325684,3.351999998092652,3.2219998836517334,3.240000009536743,2.8675031661987305,859975998
2018-10-24,3.236000061035156,3.309000015258789,3.2290000915527344,3.244999885559082,2.8719284534454346,530668997
2018-10-25,3.1700000762939453,3.2660000324249268,3.1610000133514404,3.260999917984009,2.8860890865325928,528384552
2018-10-26,3.2679998874664307,3.2850000858306885,3.203000068664551,3.2279999256134038,2.856882810592652,449965791
2018-10-29,3.219000101089477,3.2260000705718994,3.109999895095825,3.13100004196167,2.7710347175598145,408324867
2018-10-30,3.121000051498413,3.20199990272522,3.1080000400543213,3.1679999828338623,2.803781032562256,546588034
2018-10-31,3.174999952316284,3.2330000400543213,3.1640000343322754,3.2049999237060547,2.836527109146118,379812449
2018-11-01,3.240999937057495,3.2799999713897705,3.2219998836517334,3.2279999256134038,2.856882810592652,517841018
2018-11-02,3.3499999046325684,3.378000020980835,3.282999992370605,3.36299991607666,2.976361989974976,857183305
2018-11-05,3.3399999141693115,3.344000101089477,3.2860000133514404,3.319999933242798,2.938305616378784,451180900
2018-11-06,3.308000087738037,3.315000057220459,3.2669999599456787,3.299000024795532,2.919719934463501,337071814
2018-11-07,3.302000045776367,3.3359999656677246,3.2690000534057617,3.2720000743865967,2.895824193954468,392048742
2018-11-08,3.303999900817871,3.312000036239624,3.265000104904175,3.2690000534057617,2.8931691646575928,312186607
2018-11-09,3.250999927520752,3.253000020980835,3.2260000705718994,3.2279999256134038,2.856882810592652,300641309
2018-11-12,3.220000028610229,3.2690000534057617,3.2149999141693115,3.263999938964844,2.888744115829468,347471891
2018-11-13,3.2279999256134038,3.316999912261963,3.2230000495910645,3.2980000972747803,2.918835163116455,449938160
2018-11-14,3.2880001068115234,3.296999931335449,3.25,3.257999897003174,2.8834338188171387,341269217
2018-11-15,3.257999897003174,3.302000045776367,3.255000114440918,3.3010001182556152,2.9214906692504883,334424552
2018-11-16,3.305999994277954,3.344000101089477,3.2780001163482666,3.311000108718872,2.930340528488159,415306733
2018-11-19,3.309999942779541,3.3489999771118164,3.302999973297119,3.3480000495910645,2.9630863666534424,365042287
2018-11-20,3.325999975204468,3.3340001106262207,3.263999938964844,3.275000095367432,2.898479461669922,382519118
2018-11-21,3.244999885559082,3.2860000133514404,3.243000030517578,3.2780001163482666,2.901134490966797,289117040
2018-11-22,3.2850000858306885,3.2869999408721924,3.246000051498413,3.2690000534057617,2.8931691646575928,322232716
2018-11-23,3.263000011444092,3.2660000324249268,3.180000066757202,3.184000015258789,2.817941188812256,367248738
2018-11-26,3.193000078201294,3.220000028610229,3.174000024795532,3.188999891281128,2.822366237640381,426056068
2018-11-27,3.200999975204468,3.213000059127808,3.1760001182556152,3.186000108718872,2.819711685180664,279828903
2018-11-28,3.187000036239624,3.23799991607666,3.180000066757202,3.233999967575073,2.8621928691864014,251727744
2018-11-29,3.250999927520752,3.259999990463257,3.200000047683716,3.20199990272522,2.833872079849243,203787998
2018-11-30,3.200000047683716,3.236000061035156,3.190999984741211,3.234999895095825,2.8630778789520264,269127077
2018-12-03,3.32699990272522,3.33899998664856,3.2920000553131104,3.319000005722046,2.9374208450317383,592549035
2018-12-04,3.313999891281128,3.3289999961853027,3.302000045776367,3.3239998817443848,2.941845655441284,220401803
2018-12-05,3.2880001068115234,3.328000068664551,3.2839999198913574,3.309000015258789,2.928570508956909,269428273
2018-12-06,3.2809998989105225,3.2809998989105225,3.236999988555908,3.242000102996826,2.86927342414856,435470972
2018-12-07,3.24399995803833,3.250999927520752,3.234999895095825,3.234999895095825,2.8630778789520264,192426645
2018-12-10,3.213000059127808,3.2300000190734863,3.191999912261963,3.2049999237060547,2.836527109146118,260128623
2018-12-11,3.213000059127808,3.220999956130981,3.200000047683716,3.2179999351501465,2.848032236099243,151831888
2018-12-12,3.234999895095825,3.246000051498413,3.2170000076293945,3.2290000915527344,2.8577678203582764,209047639
2018-12-13,3.234999895095825,3.299000024795532,3.2300000190734863,3.2839999198913574,2.906444549560547,417723230
2018-12-14,3.2730000019073486,3.2739999294281006,3.2239999771118164,3.226999998092652,2.855998039245605,300148418
2018-12-17,3.220999956130981,3.2330000400543213,3.197000026702881,3.2230000495910645,2.8524577617645264,350731460
2018-12-18,3.2070000171661377,3.2300000190734863,3.1700000762939453,3.183000087738037,2.817056655883789,327863254
2018-12-19,3.186000108718872,3.193000078201294,3.1429998874664307,3.150000095367432,2.7878506183624268,291027768
2018-12-20,3.1429998874664307,3.1559998989105225,3.1029999256134038,3.127000093460083,2.7674946784973145,346518081
2018-12-21,3.11899995803833,3.121000051498413,3.068000078201294,3.088000059127808,2.732978582382202,386498126
2018-12-24,3.07699990272522,3.0980000495910645,3.065999984741211,3.095000028610229,2.739173650741577,241440710
2018-12-25,3.066999912261963,3.0899999141693115,3.026000022888184,3.075999975204468,2.722358226776123,403131569
2018-12-26,3.066999912261963,3.0850000381469727,3.0510001182556152,3.059000015258789,2.7073123455047607,216459817
2018-12-27,3.0969998836517334,3.101999998092652,3.0460000038146973,3.052000045776367,2.7011172771453857,235347582
2018-12-28,3.058000087738037,3.086999893188477,3.0460000038146973,3.059000015258789,2.7073123455047607,389266656
2019-01-02,3.069999933242798,3.069999933242798,3.009000062942505,3.0169999599456787,2.6701409816741943,350934863
2019-01-03,3.0160000324249268,3.061000108718872,3.009999990463257,3.0169999599456787,2.6701409816741943,268176241
2019-01-04,3.000999927520752,3.095999956130981,2.996999979019165,3.094000101089477,2.738288640975952,479847743
2019-01-07,3.000999927520752,3.118000030517578,3.0910000801086426,3.1070001125335693,2.749794006347656,416831608
2019-01-08,3.1070001125335693,3.109999895095825,3.094000101089477,3.1070001125335693,2.749794006347656,197084842
2019-01-09,3.11899995803833,3.178999900817871,3.118000030517578,3.130000114440918,2.770150184631348,439688193
2019-01-10,3.128999948501587,3.1540000438690186,3.114000082015991,3.132999897003174,2.772804975509644,247692317
2019-01-11,3.13100004196167,3.164999961853028,3.128999948501587,3.1559998989105225,2.7931606769561768,251368241
2019-01-14,3.1549999713897705,3.1549999713897705,3.121999979019165,3.128999948501587,2.7692646980285645,203912053
2019-01-15,3.132999897003174,3.190000057220459,3.125999927520752,3.187999963760376,2.821481704711914,351830119
2019-01-16,3.13100004196167,3.131999969482422,3.114000082015991,3.128999948501587,2.821481466293335,187728100
2019-01-17,3.128999948501587,3.1449999809265137,3.109999895095825,3.111999988555908,2.806152105331421,238176691
2019-01-18,3.121000051498413,3.174999952316284,3.121000051498413,3.1659998893737797,2.8548450469970703,388985926
2019-01-21,3.1659998893737797,3.200000047683716,3.1630001068115234,3.183000087738037,2.8701746463775635,285184899
2019-01-22,3.177000045776367,3.177000045776367,3.134999990463257,3.1429998874664307,2.834105491638184,254310704
2019-01-23,3.134999990463257,3.1619999408721924,3.127000093460083,3.134999990463257,2.826891660690308,225512623
2019-01-24,3.138999938964844,3.1670000553131104,3.118000030517578,3.1589999198913574,2.8485331535339355,254376976
2019-01-25,3.1619999408721924,3.203000068664551,3.1619999408721924,3.183000087738037,2.8701746463775635,272285916
2019-01-28,3.197000026702881,3.2290000915527344,3.1710000038146973,3.178999900817871,2.866567611694336,296695511
2019-01-29,3.171999931335449,3.203000068664551,3.150000095367432,3.193000078201294,2.879191875457764,358790006
2019-01-30,3.177999973297119,3.203000068664551,3.1689999103546143,3.171999931335449,2.860255002975464,212926833
2019-01-31,3.184000015258789,3.2160000801086426,3.177999973297119,3.20199990272522,2.8873071670532227,334294802
2019-02-01,3.219000101089477,3.256999969482422,3.20199990272522,3.255000114440918,2.93509840965271,351264883
2019-02-11,3.244999885559082,3.305000066757202,3.2320001125335693,3.299999952316284,2.975675344467163,387253735
2019-02-12,3.299000024795532,3.3310000896453857,3.2939999103546143,3.3239998817443848,2.997316837310791,372881020
2019-02-13,3.3289999961853027,3.4100000858306885,3.322999954223633,3.3929998874664307,3.059535503387451,427801646
2019-02-14,3.388999938964844,3.4140000343322754,3.380000114440918,3.3970000743865967,3.0631425380706787,379756065
2019-02-15,3.38100004196167,3.3949999809265137,3.3359999656677246,3.3410000801086426,3.012646198272705,447946854
2019-02-18,3.36299991607666,3.440000057220459,3.36299991607666,3.437999963760376,3.1001126766204834,471106363
2019-02-19,3.444999933242798,3.470999956130981,3.4110000133514404,3.428999900817871,3.0919976234436035,678230531
2019-02-20,3.437000036239624,3.453000068664551,3.414999961853028,3.437999963760376,3.1001126766204834,611614499
2019-02-21,3.438999891281128,3.48799991607666,3.4179999828338623,3.434000015258789,3.096505880355835,635292922
2019-02-22,3.428999900817871,3.5280001163482666,3.4100000858306885,3.526000022888184,3.179464340209961,592121710
2019-02-25,3.5799999237060547,3.7799999713897705,3.559999942779541,3.775000095367432,3.4039926528930664,1151319843
2019-02-26,3.74399995803833,3.757999897003174,3.67300009727478,3.690000057220459,3.3273465633392334,782003578
2019-02-27,3.688999891281128,3.723000049591065,3.630000114440918,3.670000076293945,3.309312105178833,599435862
2019-02-28,3.6689999103546143,3.687000036239624,3.642999887466431,3.663000106811523,3.302999973297119,462897908
2019-03-01,3.690000057220459,3.749000072479248,3.6570000648498535,3.73799991607666,3.370629072189331,652737527
2019-03-04,3.7699999809265137,3.875999927520752,3.75,3.776999950408936,3.40579605102539,660330540
2019-03-05,3.7739999294281006,3.813999891281128,3.760999917984009,3.809000015258789,3.434650659561157,443103496
2019-03-06,3.809000015258789,3.849999904632568,3.7739999294281006,3.8350000381469727,3.458096027374268,580495917
2019-03-07,3.829999923706055,3.8350000381469727,3.763000011444092,3.7929999828338623,3.4202232360839844,618420999
2019-03-08,3.71399998664856,3.759999990463257,3.651000022888184,3.66100001335144,3.301196813583374,536077631
2019-03-11,3.66100001335144,3.721999883651733,3.6470000743865967,3.7100000381469727,3.3453807830810547,452305971
2019-03-12,3.73799991607666,3.7929999828338623,3.7079999446868896,3.734999895095825,3.3679234981536865,530745016
2019-03-13,3.73799991607666,3.747999906539917,3.693000078201294,3.713000059127808,3.348085880279541,483233618
2019-03-14,3.704999923706055,3.7309999465942383,3.6679999828338623,3.686000108718872,3.323739767074585,354622924
2019-03-15,3.696000099182129,3.7780001163482666,3.696000099182129,3.734999895095825,3.3679234981536865,387005565
2019-03-18,3.736000061035156,3.8519999980926514,3.724999904632568,3.849999904632568,3.47162127494812,571415655
2019-03-19,3.8519999980926514,3.861999988555908,3.805000066757202,3.822000026702881,3.446373462677002,397086476
2019-03-20,3.818000078201294,3.845999956130981,3.7799999713897705,3.822000026702881,3.446373462677002,327893321
2019-03-21,3.825999975204468,3.8540000915527344,3.809999942779541,3.8239998817443848,3.448176622390747,380012707
2019-03-22,3.822999954223633,3.836999893188477,3.7720000743865967,3.828999996185303,3.452685594558716,302384437
2019-03-25,3.767999887466431,3.796000003814697,3.7269999980926514,3.733999967575073,3.3670222759246826,435950896
2019-03-26,3.747999906539917,3.757999897003174,3.677999973297119,3.694999933242798,3.331854820251465,320140031
2019-03-27,3.7090001106262207,3.73799991607666,3.700999975204468,3.7269999980926514,3.3607099056243896,350739341
2019-03-28,3.71399998664856,3.74399995803833,3.697999954223633,3.7170000076293945,3.351692914962769,256884436
2019-03-29,3.724999904632568,3.878000020980835,3.724999904632568,3.86899995803833,3.488754272460937,634401638
2019-04-01,3.8940000534057617,3.973000049591065,3.8940000534057617,3.9690001010894775,3.578926086425781,691035684
2019-04-02,3.970999956130981,3.98799991607666,3.946000099182129,3.961999893188477,3.5726141929626465,383940043
2019-04-03,3.940000057220459,4.02899980545044,3.934999942779541,4.014999866485596,3.6204051971435542,542017944
2019-04-04,4.026999950408936,4.072000026702881,4.006999969482422,4.061999797821045,3.66278600692749,521370108
2019-04-08,4.0980000495910645,4.127999782562256,4.000999927520752,4.035999774932861,3.639341592788696,763948328
2019-04-09,4.041999816894531,4.076000213623047,4.020999908447266,4.059999942779541,3.660982847213745,371223765
2019-04-10,4.041999816894531,4.105999946594238,4.015999794006348,4.065999984741211,3.666393280029297,385994627
2019-04-11,4.065999984741211,4.084000110626221,3.973000049591065,3.996000051498413,3.6032729148864746,502104128
2019-04-12,3.983000040054321,3.997999906539917,3.953000068664551,3.982000112533569,3.590648889541626,282398882
2019-04-15,4.044000148773193,4.073999881744385,3.9560000896453857,3.9570000171661377,3.568105459213257,722580318
2019-04-16,3.937999963760376,4.078999996185303,3.934000015258789,4.077000141143799,3.67631196975708,669085202
2019-04-17,4.076000213623047,4.0970001220703125,4.041999816894531,4.066999912261963,3.66729474067688,418151517
2019-04-18,4.066999912261963,4.080999851226807,4.046000003814697,4.059999942779541,3.660982847213745,356951847
2019-04-19,4.063000202178955,4.119999885559082,4.02899980545044,4.119999885559082,3.715085744857788,457838576
2019-04-22,4.119999885559082,4.119999885559082,4.0,4.017000198364258,3.622209072113037,577508653
2019-04-23,4.005000114440918,4.051000118255615,3.99399995803833,4.010000228881836,3.615896463394165,353200067
2019-04-24,4.019000053405762,4.0320000648498535,3.953000068664551,4.015999794006348,3.621306896209717,463122649
2019-04-25,4.0,4.010000228881836,3.930999994277954,3.933000087738037,3.546464204788208,378555556
2019-04-26,3.9189999103546143,3.937999963760376,3.871000051498413,3.878999948501587,3.4977715015411377,628809844
2019-05-06,3.7780001163482666,3.7899999618530273,3.640000104904175,3.67300009727478,3.31201720237732,1214522745
2019-05-07,3.687999963760376,3.7309999465942383,3.6670000553131104,3.7070000171661377,3.3426756858825684,483599688
2019-05-08,3.6570000648498535,3.7170000076293945,3.642999887466431,3.658999919891357,3.299392938613892,475372780
2019-05-09,3.634999990463257,3.651999950408936,3.569000005722046,3.607000112533569,3.252503633499145,554053021
2019-05-10,3.634999990463257,3.7279999256134033,3.572999954223633,3.7200000286102295,3.354398012161255,671996480
2019-05-13,3.684999942779541,3.687999963760376,3.641999959945679,3.651999950408936,3.293081045150757,425777021
2019-05-14,3.630000114440918,3.677000045776367,3.622999906539917,3.634000062942505,3.27685022354126,290068555
2019-05-15,3.661999940872192,3.740000009536743,3.661999940872192,3.711999893188477,3.3471839427948,357513759
2019-05-16,3.7070000171661377,3.734999895095825,3.690999984741211,3.7300000190734863,3.363415479660034,247437408
2019-05-17,3.7300000190734863,3.733999967575073,3.630000114440918,3.6459999084472656,3.287670612335205,315390766
2019-05-20,3.634000062942505,3.6440000534057617,3.575999975204468,3.6059999465942383,3.2516021728515625,388224753
2019-05-21,3.6050000190734863,3.684999942779541,3.6040000915527344,3.651000022888184,3.292179107666016,350382927
2019-05-22,3.6540000438690186,3.663000106811523,3.619999885559082,3.641999959945679,3.284063577651977,283508032
2019-05-23,3.625,3.631999969482422,3.578000068664551,3.5840001106262207,3.231764078140259,310608303
2019-05-24,3.5859999656677246,3.622999906539917,3.572999954223633,3.5899999141693115,3.2371742725372314,299409208
2019-05-27,3.5910000801086426,3.6489999294281006,3.553999900817871,3.632999897003174,3.2759482860565186,435101077
2019-05-28,3.628000020980835,3.677999973297119,3.625,3.650000095367432,3.2912776470184326,385067256
2019-05-29,3.640000104904175,3.690000057220459,3.631999969482422,3.651999950408936,3.293081045150757,292852624
2019-05-30,3.6459999084472656,3.6540000438690186,3.607000112533569,3.650000095367432,3.2912776470184326,305426373
2019-05-31,3.641999959945679,3.674999952316284,3.628999948501587,3.631999969482422,3.2750465869903564,276030098
2019-06-03,3.6449999809265137,3.681999921798706,3.61299991607666,3.640000104904175,3.2822606563568115,330813060
2019-06-04,3.63700008392334,3.6449999809265137,3.5920000076293945,3.607000112533569,3.252503633499145,326322903
2019-06-05,3.631999969482422,3.640000104904175,3.595999956130981,3.5989999771118164,3.245289802551269,328564451
2019-06-06,3.5989999771118164,3.608000040054321,3.566999912261963,3.568000078201294,3.217336416244507,366067403
2019-06-10,3.5799999237060547,3.634999990463257,3.57699990272522,3.614000082015991,3.25881576538086,335497545
2019-06-11,3.619999885559082,3.736000061035156,3.619999885559082,3.7269999980926514,3.3607099056243896,466796339
2019-06-12,3.721999883651733,3.721999883651733,3.690999984741211,3.6989998817443848,3.3354616165161133,259724900
2019-06-13,3.694999933242798,3.7109999656677246,3.660000085830689,3.691999912261963,3.3291499614715576,301229173
2019-06-14,3.694000005722046,3.7170000076293945,3.6579999923706055,3.670000076293945,3.309312105178833,344513947
2019-06-17,3.6640000343322754,3.6989998817443848,3.660000085830689,3.67300009727478,3.31201720237732,235206148
2019-06-18,3.677999973297119,3.691999912261963,3.6470000743865967,3.680999994277954,3.319230794906616,265370585
2019-06-19,3.7720000743865967,3.806999921798706,3.732000112533569,3.734999895095825,3.3679234981536865,628901479
2019-06-20,3.733999967575073,3.875,3.732000112533569,3.8429999351501465,3.4653096199035645,660928446
2019-06-21,3.8550000190734863,3.880000114440918,3.8329999446868896,3.849999904632568,3.47162127494812,421955172
2019-06-24,3.8550000190734863,3.86899995803833,3.8320000171661377,3.8559999465942383,3.477031707763672,307454039
2019-06-25,3.8550000190734863,3.8550000190734863,3.7699999809265137,3.816999912261963,3.4418649673461914,505703429
2019-06-26,3.795000076293945,3.829999923706055,3.7899999618530273,3.818000078201294,3.4427664279937744,240208406
2019-06-27,3.819999933242798,3.880000114440918,3.819999933242798,3.859999895095825,3.4806387424468994,473076803
2019-06-28,3.859999895095825,3.859999895095825,3.828999996185303,3.858999967575073,3.479736804962158,386269026
2019-07-01,3.921999931335449,3.964999914169312,3.910000085830689,3.953999996185303,3.5654006004333496,510266004
2019-07-02,3.953999996185303,3.9660000801086426,3.937000036239624,3.9600000381469727,3.5708107948303223,333843577
2019-07-03,3.950999975204468,3.950999975204468,3.911999940872192,3.927000045776367,3.5410542488098145,251838500
2019-07-04,3.920000076293945,3.938999891281128,3.877000093460083,3.901000022888184,3.517609119415283,386021727
2019-07-05,3.900000095367432,3.928999900817871,3.888000011444092,3.921000003814697,3.535643577575684,236203923
2019-07-08,3.9030001163482666,3.9030001163482666,3.799999952316284,3.8310000896453857,3.45448899269104,422531310
2019-07-09,3.8359999656677246,3.8440001010894775,3.805999994277954,3.822000026702881,3.446373462677002,218346083
2019-07-10,3.8350000381469727,3.848000049591065,3.809999942779541,3.822999954223633,3.447275161743164,174479315
2019-07-11,3.838000059127808,3.871999979019165,3.809999942779541,3.8239998817443848,3.448176622390747,234524437
2019-07-12,3.821000099182129,3.869999885559082,3.819000005722046,3.8550000190734863,3.4761297702789307,246010770
2019-07-15,3.8410000801086426,3.901000022888184,3.7899999618530273,3.86899995803833,3.488754272460937,448461100
2019-07-16,3.86299991607666,3.875999927520752,3.8450000286102295,3.8529999256134033,3.474326610565185,182887400
2019-07-17,3.8420000076293945,3.865999937057495,3.828000068664551,3.846999883651733,3.468916177749634,219966800
2019-07-18,3.8340001106262207,3.83899998664856,3.819999933242798,3.822000026702881,3.446373462677002,230549411
2019-07-19,3.8320000171661377,3.882999897003174,3.8320000171661377,3.861999988555908,3.4824423789978027,319938127
2019-07-22,3.861999988555908,3.871999979019165,3.809999942779541,3.8320000171661377,3.455390453338623,308863238
2019-07-23,3.8359999656677246,3.8450000286102295,3.822000026702881,3.8410000801086426,3.46350622177124,167029018
2019-07-24,3.8540000915527344,3.900000095367432,3.8519999980926514,3.871999979019165,3.491459608078003,297445389
2019-07-25,3.871000051498413,3.9079999923706055,3.865999937057495,3.9070000648498535,3.523019313812256,233629586
2019-07-26,3.890000104904175,3.921000003814697,3.88700008392334,3.911999940872192,3.5275282859802246,285790892
2019-07-29,3.910000085830689,3.9140000343322754,3.891999959945679,3.9059998989105225,3.522117853164673,247102162
2019-07-30,3.910000085830689,3.9489998817443848,3.908999919891357,3.924000024795532,3.53834867477417,239654855
2019-07-31,3.91100001335144,3.9140000343322754,3.88700008392334,3.8959999084472656,3.5131006240844727,216422852
2019-08-01,3.878999948501587,3.888000011444092,3.8450000286102295,3.859999895095825,3.4806387424468994,312465662
2019-08-02,3.7899999618530273,3.809999942779541,3.7730000019073486,3.8010001182556152,3.4274373054504395,490613929
2019-08-05,3.785000085830689,3.7909998893737793,3.7300000190734863,3.734999895095825,3.3679234981536865,354214662
2019-08-06,3.6760001182556152,3.703999996185303,3.63700008392334,3.696000099182129,3.332756757736206,583702695
2019-08-07,3.704999923706055,3.7109999656677246,3.6679999828338623,3.671999931335449,3.311115503311157,278581169
2019-08-08,3.696000099182129,3.7300000190734863,3.696000099182129,3.7260000705718994,3.359808444976806,280984950
2019-08-09,3.739000082015991,3.744999885559082,3.688999891281128,3.697000026702881,3.333658456802368,210963917
2019-08-12,3.7079999446868896,3.757999897003174,3.700999975204468,3.75600004196167,3.386859655380249,180115577
2019-08-13,3.7269999980926514,3.740000009536743,3.711999893188477,3.723999977111816,3.3580048084259038,155348999
2019-08-14,3.7690000534057617,3.7739999294281006,3.736999988555908,3.73799991607666,3.370629072189331,193700550
2019-08-15,3.680000066757202,3.759000062942505,3.6760001182556152,3.753000020980835,3.384154796600342,244306152
2019-08-16,3.750999927520752,3.795000076293945,3.740999937057495,3.7690000534057617,3.398582220077514,257412533
2019-08-19,3.79800009727478,3.859999895095825,3.7799999713897705,3.858999967575073,3.479736804962158,327943205
2019-08-20,3.8510000705718994,3.865000009536743,3.8410000801086426,3.8429999351501465,3.4653096199035645,206912094
2019-08-21,3.8410000801086426,3.8519999980926514,3.8359999656677246,3.8420000076293945,3.4644079208374023,242245207
2019-08-22,3.8519999980926514,3.8550000190734863,3.829999923706055,3.849999904632568,3.47162127494812,264778500
2019-08-23,3.8529999256134033,3.891999959945679,3.8429999351501465,3.877000093460083,3.495968103408813,285682076
2019-08-26,3.822999954223633,3.845999956130981,3.815999984741211,3.8340001106262207,3.4571940898895264,267490225
2019-08-27,3.848999977111816,3.9140000343322754,3.846999883651733,3.874000072479248,3.493262767791748,366176008
2019-08-28,3.872999906539917,3.882999897003174,3.8529999256134033,3.861999988555908,3.4824423789978027,173957985
2019-08-29,3.867000102996826,3.86899995803833,3.828000068664551,3.8510000705718994,3.4725232124328613,233928253
2019-08-30,3.875999927520752,3.8970000743865967,3.8359999656677246,3.861000061035156,3.481540441513061,276281765
2019-09-02,3.858999967575073,3.92300009727478,3.858000040054321,3.9040000438690186,3.5203144550323486,301944194
2019-09-03,3.910000085830689,3.9140000343322754,3.892999887466431,3.9079999923706055,3.523921489715576,231345288
2019-09-04,3.908999919891357,3.9590001106262207,3.9079999923706055,3.9570000171661377,3.568105459213257,293760544
2019-09-05,3.970999956130981,4.047999858856201,3.970999956130981,3.99399995803833,3.601469039916992,527401698
2019-09-06,4.006999969482422,4.0229997634887695,3.992000102996826,4.0229997634887695,3.627619028091431,264029381
2019-09-09,4.047999858856201,4.057000160217285,4.017000198364258,4.037000179290772,3.6402432918548575,282845401
2019-09-10,4.033999919891357,4.039999961853027,4.005000114440918,4.026000022888184,3.630324125289917,168692850
2019-09-11,4.038000106811523,4.039999961853027,3.99399995803833,3.996999979019165,3.6041741371154794,304195543
2019-09-12,4.010000228881836,4.047999858856201,4.004000186920166,4.038000106811523,3.6411447525024414,217205516
2019-09-16,4.046000003814697,4.046999931335449,4.004000186920166,4.02400016784668,3.628520965576172,181849801
2019-09-17,4.01800012588501,4.019000053405762,3.938999891281128,3.950999975204468,3.562695264816284,381079011
2019-09-18,3.9660000801086426,3.984999895095825,3.9590001106262207,3.9679999351501465,3.5780246257781982,201031097
2019-09-19,3.983999967575073,3.98799991607666,3.9560000896453857,3.986999988555908,3.5951569080352783,242177803
2019-09-20,3.99399995803833,4.004000186920166,3.984999895095825,3.993000030517578,3.600567579269409,232504313
2019-09-23,3.982000112533569,3.983000040054321,3.936000108718872,3.9579999446868896,3.569007396697998,289892128
2019-09-24,3.9600000381469727,3.996999979019165,3.953999996185303,3.9609999656677246,3.5717122554779053,211482034
2019-09-25,3.953999996185303,3.9579999446868896,3.931999921798706,3.934000015258789,3.547366142272949,234976431
2019-09-26,3.9489998817443848,3.9579999446868896,3.9040000438690186,3.9070000648498535,3.523019313812256,317094917
2019-09-27,3.913000106811523,3.92300009727478,3.900000095367432,3.9159998893737793,3.531135320663452,267734088
2019-09-30,3.910000085830689,3.9189999103546143,3.864000082015991,3.86899995803833,3.488754272460937,263288381
2019-10-08,3.874000072479248,3.921000003814697,3.874000072479248,3.8940000534057617,3.5112974643707275,323423873
2019-10-09,3.884999990463257,3.9070000648498535,3.86299991607666,3.9049999713897705,3.521215915679932,250789659
2019-10-10,3.9030001163482666,3.940000057220459,3.888999938964844,3.933000087738037,3.546464204788208,236335248
2019-10-11,3.940999984741211,3.993000030517578,3.927000045776367,3.9809999465942383,3.5897469520568848,306020073
2019-10-14,4.001999855041504,4.050000190734863,3.997999906539917,4.010000228881836,3.615896463394165,395654617
2019-10-15,4.008999824523926,4.013999938964844,3.994999885559082,3.996999979019165,3.6041741371154794,295000513
2019-10-16,4.001999855041504,4.031000137329102,3.9800000190734863,3.983000040054321,3.591550350189209,314366343
2019-10-17,3.986999988555908,4.001999855041504,3.9769999980926514,3.989000082015991,3.5969605445861816,193642784
2019-10-18,3.990999937057495,4.00600004196167,3.921000003814697,3.930999994277954,3.544661283493042,308143071
2019-10-21,3.921999931335449,3.943000078201294,3.9170000553131104,3.940000057220459,3.552776336669922,184939266
2019-10-22,3.947999954223633,3.96399998664856,3.930000066757202,3.954999923706055,3.5663020610809326,164134229
2019-10-23,3.9560000896453857,3.9609999656677246,3.921999931335449,3.934000015258789,3.547366142272949,147826200
2019-10-24,3.934999942779541,3.953999996185303,3.913000106811523,3.938999891281128,3.551874876022339,202167106
2019-10-25,3.933000087738037,3.9679999351501465,3.908999919891357,3.963000059127808,3.5735158920288086,250290767
2019-10-28,3.9700000286102295,3.992000102996826,3.961999893188477,3.986000061035156,3.5942556858062744,267434287
2019-10-29,3.989000082015991,3.989000082015991,3.9690001010894775,3.973000049591065,3.582533359527588,209553585
2019-10-30,3.9660000801086426,3.9700000286102295,3.938999891281128,3.947000026702881,3.559088468551636,262846100
2019-10-31,3.9560000896453857,3.964999914169312,3.936000108718872,3.944999933242798,3.5572848320007324,192782765
2019-11-01,3.940000057220459,4.026999950408936,3.934000015258789,4.026000022888184,3.630324125289917,320651363
2019-11-04,4.025000095367432,4.046999931335449,4.0229997634887695,4.039000034332275,3.642046689987183,235968262
2019-11-05,4.039000034332275,4.10099983215332,4.0320000648498535,4.061999797821045,3.66278600692749,352935688
2019-11-06,4.059999942779541,4.065999984741211,4.0329999923706055,4.045000076293945,3.6474571228027344,205938945
2019-11-07,4.045000076293945,4.073999881744385,4.0329999923706055,4.050000190734863,3.651965618133545,237722500
2019-11-08,4.079999923706055,4.084000110626221,4.03000020980835,4.033999919891357,3.637537717819214,297216299
2019-11-11,4.013000011444092,4.013000011444092,3.9600000381469727,3.9670000076293945,3.577122688293457,347068934
2019-11-12,3.961999893188477,3.9790000915527344,3.937999963760376,3.961999893188477,3.5726141929626465,330054660
2019-11-13,3.9570000171661377,3.964999914169312,3.941999912261963,3.9590001106262207,3.5699093341827397,202016501
2019-11-14,3.9590001106262207,3.9760000705718994,3.95199990272522,3.961999893188477,3.5726141929626465,238587713
2019-11-15,3.963000059127808,3.9790000915527344,3.940000057220459,3.943000078201294,3.5554816722869877,187791494
2019-11-18,3.940999984741211,3.9779999256134033,3.931999921798706,3.970999956130981,3.580729722976685,240875274
2019-11-19,3.9690001010894775,4.013000011444092,3.963000059127808,4.011000156402588,3.616798639297485,237888988
2019-11-20,4.010000228881836,4.010000228881836,3.9590001106262207,3.9700000286102295,3.579827785491944,216610292
2019-11-21,3.9600000381469727,3.9670000076293945,3.937000036239624,3.950000047683716,3.561793804168701,244840685
2019-11-22,3.9590001106262207,3.986000061035156,3.8940000534057617,3.9079999923706055,3.523921489715576,354707168
2019-11-25,3.9149999618530273,3.937000036239624,3.9030001163482666,3.936000108718872,3.549169540405273,252457634
2019-11-26,3.947000026702881,3.9560000896453857,3.924000024795532,3.941999912261963,3.554579734802246,285821518
2019-11-27,3.940000057220459,3.953999996185303,3.921000003814697,3.936000108718872,3.549169540405273,211239168
2019-11-28,3.936000108718872,3.95199990272522,3.9170000553131104,3.930000066757202,3.5437591075897217,169480950
2019-11-29,3.921999931335449,3.927999973297119,3.868000030517578,3.88700008392334,3.5049850940704346,302917100
2019-12-02,3.891000032424927,3.91100001335144,3.88700008392334,3.8949999809265137,3.5121989250183105,174355701
2019-12-03,3.885999917984009,3.913000106811523,3.869999885559082,3.91100001335144,3.5266265869140625,198551900
2019-12-04,3.900000095367432,3.9140000343322754,3.888000011444092,3.913000106811523,3.5284299850463867,158939610
2019-12-05,3.921000003814697,3.9489998817443848,3.920000076293945,3.941999912261963,3.554579734802246,219206401
2019-12-06,3.944000005722046,3.9670000076293945,3.938999891281128,3.9670000076293945,3.577122688293457,213071653
2019-12-09,3.9660000801086426,3.974999904632568,3.941999912261963,3.953000068664551,3.5644986629486084,232220816
2019-12-10,3.946000099182129,3.9609999656677246,3.940999984741211,3.9560000896453857,3.567203998565674,186995451
2019-12-11,3.901999950408936,3.9040000438690186,3.882999897003174,3.901000022888184,3.5736162662506104,170498912
2019-12-12,3.901000022888184,3.9040000438690186,3.884999990463257,3.88700008392334,3.560791254043579,137151900
2019-12-13,3.924000024795532,3.974999904632568,3.92300009727478,3.9679999351501465,3.634993553161621,436082930
2019-12-16,3.9670000076293945,3.98799991607666,3.950999975204468,3.9800000190734863,3.645986557006836,302848303
2019-12-17,3.9779999256134033,4.067999839782715,3.973999977111816,4.041999816894531,3.702783107757568,525630459
2019-12-18,4.043000221252441,4.057000160217285,4.021999835968018,4.026000022888184,3.6881258487701416,363117684
2019-12-19,4.03000020980835,4.0329999923706055,4.01200008392334,4.020999908447266,3.6835455894470215,264192000
2019-12-20,4.019000053405762,4.046000003814697,4.013999938964844,4.015999794006348,3.678965091705322,328779836
2019-12-23,4.014999866485596,4.0320000648498535,3.961999893188477,3.96399998664856,3.63132905960083,447144760
2019-12-24,3.964999914169312,3.993000030517578,3.96399998664856,3.984999895095825,3.650566577911377,312792100
2019-12-25,3.984999895095825,3.996999979019165,3.973000049591065,3.992000102996826,3.656979560852051,310578426
2019-12-26,3.989000082015991,4.026000022888184,3.986999988555908,4.020999908447266,3.6835455894470215,332255940
2019-12-27,4.025000095367432,4.067999839782715,4.015999794006348,4.017000198364258,3.6798815727233887,436813014
2019-12-30,4.00600004196167,4.0879998207092285,4.0,4.074999809265137,3.73301362991333,542381449
2019-12-31,4.068999767303467,4.098999977111816,4.061999797821045,4.0960001945495605,3.752251386642456,352185905
2020-01-02,4.119999885559082,4.173999786376953,4.11899995803833,4.14900016784668,3.800803661346436,627623614
2020-01-03,4.156000137329102,4.162000179290772,4.132999897003174,4.139999866485596,3.792558670043945,469673776
2020-01-06,4.125999927520752,4.171000003814697,4.093999862670898,4.123000144958496,3.7769856452941895,666504783
2020-01-07,4.133999824523926,4.159999847412109,4.127999782562256,4.15500020980835,3.806300401687622,464959514
2020-01-08,4.113999843597412,4.113999843597412,4.113999843597412,4.113999843597412,3.76874041557312,562852067
2020-01-09,4.138000011444092,4.164999961853027,4.133999824523926,4.1579999923706055,3.809048175811768,394431722
2020-01-10,4.164999961853027,4.176000118255615,4.144000053405762,4.1570000648498535,3.8081321716308594,379555000
2020-01-13,4.202000141143799,4.204999923706055,4.202000141143799,4.202000141143799,3.849355459213257,373639185
2020-01-14,4.184000015258789,4.184000015258789,4.184000015258789,4.184000015258789,3.8328659534454346,409962842
2020-01-15,4.184000015258789,4.190000057220459,4.144999980926514,4.151999950408936,3.8035519123077393,319607409
2020-01-16,4.158999919891357,4.163000106811523,4.135000228881836,4.145999908447266,3.7980551719665527,416297801
2020-01-17,4.151999950408936,4.175000190734863,4.13700008392334,4.151000022888184,3.802635908126831,321627384
2020-01-20,4.156000137329102,4.183000087738037,4.142000198364258,4.181000232696533,3.83011794090271,353488249
2020-01-21,4.163000106811523,4.163000106811523,4.099999904632568,4.105000019073486,3.760496139526367,618294600
2020-01-22,4.089000225067139,4.132999897003174,4.033999919891357,4.11899995803833,3.7733209133148193,907393261
2020-01-23,4.080999851226807,4.090000152587891,3.9560000896453857,3.996000051498413,3.660644054412842,753583400
2020-02-03,3.7300000190734863,3.736000061035156,3.635999917984009,3.658999919891357,3.351925611495972,1471075772
2020-02-04,3.650000095367432,3.776000022888184,3.6489999294281006,3.7699999809265137,3.453610181808472,735843705
2020-02-05,3.783999919891357,3.8550000190734863,3.767999887466431,3.806999921798706,3.4875049591064453,553287488
2020-02-06,3.822999954223633,3.913000106811523,3.796999931335449,3.8970000743865967,3.569952249526977,527965212
2020-02-07,3.869999885559082,3.891999959945679,3.8440001010894775,3.888000011444092,3.5617074966430664,346989051
2020-02-10,3.868000030517578,3.910000085830689,3.8510000705718994,3.901000022888184,3.5736162662506104,398519147
2020-02-11,3.908999919891357,3.9600000381469727,3.9070000648498535,3.943000078201294,3.6120917797088623,422258801
2020-02-12,3.938999891281128,3.9769999980926514,3.930000066757202,3.970999956130981,3.637741804122925,290783451
2020-02-13,3.9700000286102295,3.984999895095825,3.937999963760376,3.950000047683716,3.618504285812378,325961046
2020-02-14,3.944999933242798,3.994999885559082,3.943000078201294,3.9769999980926514,3.643238306045532,313979347
2020-02-17,3.986000061035156,4.070000171661377,3.986000061035156,4.064000129699707,3.7229368686676025,581140084
2020-02-18,4.057000160217285,4.061999797821045,4.01200008392334,4.039000034332275,3.700035095214844,709950982
2020-02-19,4.035999774932861,4.068999767303467,4.02899980545044,4.039999961853027,3.700951099395752,440377238
2020-02-20,4.054999828338623,4.144000053405762,4.039000034332275,4.13100004196167,3.784313917160034,605241099
2020-02-21,4.123000144958496,4.177999973297119,4.117000102996826,4.144999980926514,3.797139167785645,444470153
2020-02-24,4.123000144958496,4.136000156402588,4.081999778747559,4.111999988555908,3.766908645629883,372727289
2020-02-25,4.051000118255615,4.116000175476074,4.01200008392334,4.104000091552734,3.75957989692688,603830762
2020-02-26,4.064000129699707,4.118000030517578,4.047999858856201,4.070000171661377,3.728433609008789,641793391
2020-02-27,4.083000183105469,4.0970001220703125,4.060999870300293,4.071000099182129,3.729349613189697,475330532
2020-02-28,4.010000228881836,4.019000053405762,3.924000024795532,3.933000087738037,3.602930784225464,560071042
2020-03-02,3.947999954223633,4.090000152587891,3.947999954223633,4.076000213623047,3.7339298725128174,426683708
2020-03-03,4.117000102996826,4.138999938964844,4.054999828338623,4.072999954223633,3.731181383132935,408776061
2020-03-04,4.065000057220459,4.104000091552734,4.047999858856201,4.102000236511231,3.7577481269836426,295453297
2020-03-05,4.151000022888184,4.208000183105469,4.111000061035156,4.199999809265137,3.847522974014282,547831292
2020-03-06,4.164999961853027,4.169000148773193,4.117000102996826,4.120999813079834,3.775153160095215,249987730
2020-03-09,4.067999839782715,4.067999839782715,3.9809999465942383,3.990000009536743,3.6551473140716553,423642354
2020-03-10,3.992000102996826,4.0879998207092285,3.943000078201294,4.078000068664551,3.735762357711792,859648156
2020-03-11,4.078000068664551,4.078000068664551,4.008999824523926,4.011000156402588,3.674385070800781,703269381
2020-03-12,3.973000049591065,3.974999904632568,3.9189999103546143,3.947999954223633,3.6166718006134033,388119218
2020-03-13,3.8329999446868896,3.930000066757202,3.75,3.888999938964844,3.5626235008239746,717892899
2020-03-16,3.884999990463257,3.884999990463257,3.7160000801086426,3.7260000705718994,3.413303136825561,571080084
2020-03-17,3.759000062942505,3.788000106811523,3.615000009536743,3.693000078201294,3.3830723762512207,985255849
2020-03-18,3.7060000896453857,3.763000011444092,3.625999927520752,3.63100004196167,3.32627534866333,783304767
2020-03-19,3.634000062942505,3.6470000743865967,3.492000102996826,3.595999956130981,3.294212818145752,1248163833
2020-03-20,3.611999988555908,3.6570000648498535,3.5820000171661377,3.6440000534057617,3.3381848335266118,678689518
2020-03-23,3.539999961853028,3.5820000171661377,3.513000011444092,3.526000022888184,3.2300875186920166,807278071
2020-03-24,3.58899998664856,3.622999906539917,3.5360000133514404,3.611000061035156,3.3079538345336914,832898539
2020-03-25,3.693000078201294,3.720999956130981,3.670000076293945,3.7060000896453857,3.394981622695923,1010026400
2020-03-26,3.683000087738037,3.721999883651733,3.670000076293945,3.683000087738037,3.3739116191864014,355654180
2020-03-27,3.7290000915527344,3.753999948501587,3.697999954223633,3.700000047683716,3.389484643936157,491544293
2020-03-30,3.658999919891357,3.684999942779541,3.630000114440918,3.6659998893737793,3.3583381175994877,497134429
2020-03-31,3.703000068664551,3.7060000896453857,3.660000085830689,3.6689999103546143,3.36108660697937,374003032
2020-04-01,3.6640000343322754,3.723000049591065,3.6540000438690186,3.67300009727478,3.364750862121582,355438884
2020-04-02,3.6579999923706055,3.7279999256134033,3.641000032424927,3.723000049591065,3.410554885864258,463048932
2020-04-03,3.7100000381469727,3.723999977111816,3.683000087738037,3.697000026702881,3.3867366313934326,324717000
2020-04-07,3.759999990463257,3.7929999828338623,3.757999897003174,3.7799999713897705,3.462771415710449,546740521
2020-04-08,3.766000032424927,3.7790000438690186,3.752000093460083,3.765000104904175,3.449029922485352,221917490
2020-04-09,3.7809998989105225,3.788000106811523,3.7699999809265137,3.776000022888184,3.459106922149658,328543624
2020-04-10,3.776000022888184,3.812000036239624,3.746000051498413,3.763999938964844,3.4481136798858643,464247186
2020-04-13,3.75,3.757999897003174,3.732000112533569,3.743000030517578,3.4288763999938965,246696932
2020-04-14,3.759999990463257,3.808000087738037,3.755000114440918,3.805000066757202,3.485672950744629,376124777
2020-04-15,3.802999973297119,3.813999891281128,3.7809998989105225,3.7829999923706055,3.465519428253174,239200804
2020-04-16,3.7699999809265137,3.796999931335449,3.766000032424927,3.785000085830689,3.4673514366149902,227317249
2020-04-17,3.813999891281128,3.8450000286102295,3.809999942779541,3.819000005722046,3.49849796295166,570480887
2020-04-20,3.825999975204468,3.8359999656677246,3.812999963760376,3.8350000381469727,3.513155460357666,382296046
2020-04-21,3.819999933242798,3.825000047683716,3.7699999809265137,3.795000076293945,3.4765124320983887,292757173
2020-04-22,3.776000022888184,3.829999923706055,3.7720000743865967,3.828999996185303,3.5076589584350586,345671032
2020-04-23,3.8320000171661377,3.8420000076293945,3.812000036239624,3.822000026702881,3.501246452331543,201520738
2020-04-24,3.806999921798706,3.812000036239624,3.7780001163482666,3.7899999618530273,3.4719314575195312,305829499
2020-04-27,3.7920000553131104,3.8329999446868896,3.786999940872192,3.806999921798706,3.4875049591064453,309460942
2020-04-28,3.819999933242798,3.8440001010894775,3.75600004196167,3.8310000896453857,3.509491205215454,422865548
2020-04-29,3.825999975204468,3.865000009536743,3.822999954223633,3.8510000705718994,3.5278124809265137,277834908
2020-04-30,3.868000030517578,3.9159998893737793,3.86299991607666,3.9079999923706055,3.580029010772705,527998051
2020-05-06,3.865000009536743,3.9260001182556152,3.859999895095825,3.9179999828338623,3.5891895294189453,383453463
2020-05-07,3.9179999828338623,3.924999952316284,3.8989999294281006,3.91100001335144,3.582777261734009,274638833
2020-05-08,3.928999900817871,3.971999883651733,3.927000045776367,3.953000068664551,3.621252298355103,370674288
2020-05-11,3.9590001106262207,3.992000102996826,3.934999942779541,3.946000099182129,3.614840030670166,412309647
2020-05-12,3.947000026702881,3.9600000381469727,3.9170000553131104,3.944999933242798,3.6139235496521,586605193
2020-05-13,3.933000087738037,3.9600000381469727,3.920000076293945,3.953999996185303,3.62216854095459,278396942
2020-05-14,3.940000057220459,3.940000057220459,3.9170000553131104,3.921000003814697,3.591937780380249,300179639
2020-05-15,3.927999973297119,3.940000057220459,3.901000022888184,3.901999950408936,3.5745325088500977,543570346
2020-05-18,3.901000022888184,3.937999963760376,3.891999959945679,3.9140000343322754,3.5855255126953125,302052954
2020-05-19,3.950000047683716,3.9570000171661377,3.931999921798706,3.943000078201294,3.6120917797088623,278121100
2020-05-20,3.940000057220459,3.944000005722046,3.920000076293945,3.927000045776367,3.5974345207214355,197561343
2020-05-21,3.933000087738037,3.940000057220459,3.8989999294281006,3.901000022888184,3.5736162662506104,236523366
2020-05-22,3.8980000019073486,3.8980000019073486,3.812999963760376,3.815000057220459,3.494833707809448,532861629
2020-05-25,3.812000036239624,3.828999996185303,3.796999931335449,3.816999912261963,3.496665954589844,250559675
2020-05-26,3.8340001106262207,3.865999937057495,3.8340001106262207,3.86299991607666,3.5388052463531494,475110838
2020-05-27,3.86299991607666,3.864000082015991,3.8329999446868896,3.8450000286102295,3.5223164558410645,231199608
2020-05-28,3.846999883651733,3.884000062942505,3.815000057220459,3.849999904632568,3.5268962383270264,284073116
2020-05-29,3.829999923706055,3.867000102996826,3.822999954223633,3.865999937057495,3.5415539741516118,246295720
2020-06-01,3.901000022888184,3.9760000705718994,3.8949999809265137,3.9679999351501465,3.634993553161621,350928902
2020-06-02,3.9679999351501465,3.989000082015991,3.9600000381469727,3.9790000915527344,3.645070552825928,162838185
2020-06-03,3.997999906539917,4.019999980926514,3.9760000705718994,3.9779999256134033,3.64415431022644,365752469
2020-06-04,3.990999937057495,3.994999885559082,3.964999914169312,3.9800000190734863,3.645986557006836,281384424
2020-06-05,3.9790000915527344,4.004000186920166,3.964999914169312,4.002999782562256,3.66705584526062,201359632
2020-06-08,4.019999980926514,4.046999931335449,4.01200008392334,4.021999835968018,3.684461355209351,285603662
2020-06-09,4.02400016784668,4.050000190734863,4.013000011444092,4.048999786376953,3.709195613861084,294492489
2020-06-10,4.045000076293945,4.046000003814697,4.026999950408936,4.039999961853027,3.700951099395752,318357157
2020-06-11,4.0329999923706055,4.050000190734863,3.983999967575073,4.002999782562256,3.66705584526062,305193298
2020-06-12,3.961999893188477,4.0229997634887695,3.941999912261963,4.013000011444092,3.6762173175811768,309073335
2020-06-15,3.982000112533569,4.008999824523926,3.954999923706055,3.9560000896453857,3.624000787734986,280526100
2020-06-16,3.994999885559082,4.019000053405762,3.990999937057495,4.01800012588501,3.6807973384857178,247695273
2020-06-17,4.019999980926514,4.0229997634887695,3.996000051498413,4.021999835968018,3.684461355209351,279025595
2020-06-18,4.013000011444092,4.054999828338623,4.005000114440918,4.052999973297119,3.712860107421875,343002705
2020-06-19,4.051000118255615,4.125,4.051000118255615,4.105000019073486,3.760496139526367,369563643
2020-06-22,4.105000019073486,4.139999866485596,4.0970001220703125,4.109000205993652,3.764160871505737,521244200
2020-06-23,4.099999904632568,4.132999897003174,4.085999965667725,4.127999782562256,3.781565427780152,398167830
2020-06-24,4.138000011444092,4.166999816894531,4.136000156402588,4.164000034332275,3.814544916152954,457942198
2020-06-29,4.150000095367432,4.159999847412109,4.105999946594238,4.127999782562256,3.781565427780152,212654964
2020-06-30,4.1479997634887695,4.191999912261963,4.145999908447266,4.177999973297119,3.8273696899414062,542468494
2020-07-01,4.186999797821045,4.276000022888184,4.183000087738037,4.271999835968018,3.9134812355041504,574064113
2020-07-02,4.269999980926514,4.375,4.263000011444092,4.369999885559082,4.003256320953369,550437787
2020-07-03,4.386000156402588,4.464000225067139,4.36899995803833,4.456999778747559,4.08295488357544,586768714
2020-07-06,4.526999950408936,4.798999786376953,4.507999897003174,4.783999919891357,4.38251256942749,929317489
2020-07-07,4.821000099182129,4.849999904632568,4.723999977111816,4.736000061035156,4.338540554046631,1074501897
2020-07-08,4.734000205993652,4.8379998207092285,4.708000183105469,4.797999858856201,4.3953375816345215,903486859
2020-07-09,4.796000003814697,4.883999824523926,4.760000228881836,4.872000217437744,4.463127613067627,642434179
2020-07-10,4.8379998207092285,4.85699987411499,4.763000011444092,4.784999847412109,4.38342809677124,564416770
2020-07-13,4.7820000648498535,4.927000045776367,4.776999950408936,4.885000228881836,4.475037097930908,824378259
2020-07-14,4.876999855041504,4.89900016784668,4.764999866485596,4.8420000076293945,4.435644626617432,737641416
2020-07-15,4.860000133514404,4.894999980926514,4.764999866485596,4.783999919891357,4.38251256942749,662402942
2020-07-16,4.789999961853027,4.828000068664551,4.550000190734863,4.556000232696533,4.173647403717041,1289918063
2020-07-17,4.570000171661377,4.65399980545044,4.540999889373779,4.605000019073486,4.21853494644165,904292349
2020-07-20,4.646999835968018,4.739999771118164,4.585000038146973,4.727000236511231,4.330296516418457,724976202
2020-07-21,4.749000072479248,4.763999938964844,4.710999965667725,4.738999843597412,4.341288566589356,465350652
2020-07-22,4.73199987411499,4.855999946594238,4.728000164031982,4.791999816894531,4.389841079711914,705437207
2020-07-23,4.742000102996826,4.789000034332275,4.662000179290772,4.765999794006348,4.366023063659668,430577055
2020-07-24,4.72599983215332,4.742000102996826,4.526999950408936,4.553999900817871,4.171814441680908,648282022
2020-07-27,4.583000183105469,4.616000175476074,4.537000179290772,4.581999778747559,4.197464942932129,311101401
2020-07-28,4.614999771118164,4.640999794006348,4.586999893188477,4.617000102996826,4.229527473449707,374257289
2020-07-29,4.605000019073486,4.752999782562256,4.598999977111816,4.749000072479248,4.350449562072754,488385416
2020-07-30,4.75,4.756999969482422,4.709000110626221,4.714000225067139,4.318387031555176,297474433
2020-07-31,4.710000038146973,4.809000015258789,4.671999931335449,4.75,4.35136604309082,518524684
2020-08-03,4.789999961853027,4.828999996185303,4.771999835968018,4.824999809265137,4.420071125030518,434393304
2020-08-04,4.848999977111816,4.860000133514404,4.803999900817871,4.828999996185303,4.423735618591309,311402501
2020-08-05,4.822000026702881,4.84499979019165,4.761000156402588,4.830999851226807,4.425568103790283,300697444
2020-08-06,4.830999851226807,4.852000236511231,4.747000217437744,4.813000202178955,4.409078598022461,224666976
2020-08-07,4.802999973297119,4.804999828338623,4.699999809265137,4.764999866485596,4.365106582641602,343055100
2020-08-10,4.732999801635742,4.817999839782715,4.695000171661377,4.781000137329102,4.379764556884766,240425812
2020-08-11,4.784999847412109,4.85099983215332,4.72599983215332,4.734000205993652,4.336708545684815,248052945
2020-08-12,4.724999904632568,4.739999771118164,4.622000217437744,4.702000141143799,4.307393550872803,424060538
2020-08-13,4.715000152587891,4.723999977111816,4.677999973297119,4.686999797821045,4.293652534484863,197805792
2020-08-14,4.688000202178955,4.78000020980835,4.670000076293945,4.777999877929688,4.377016067504883,422185608
2020-08-17,4.800000190734863,4.909999847412109,4.7829999923706055,4.876999855041504,4.467707633972168,563474986
2020-08-18,4.881999969482422,4.892000198364258,4.843999862670898,4.869999885559082,4.461295127868652,349311764
2020-08-19,4.867000102996826,4.870999813079834,4.790999889373779,4.794000148773193,4.391672611236572,405819093
2020-08-20,4.769999980926514,4.781000137329102,4.7230000495910645,4.743000030517578,4.344953536987305,344280792
2020-08-21,4.767000198364258,4.807000160217285,4.74399995803833,4.7829999923706055,4.381596088409424,289329087
2020-08-24,4.804999828338623,4.830999851226807,4.777999877929688,4.813000202178955,4.409078598022461,415934500
2020-08-25,4.826000213623047,4.869999885559082,4.802999973297119,4.822000026702881,4.417323589324951,216133255
2020-08-26,4.818999767303467,4.848999977111816,4.747000217437744,4.763000011444092,4.363274097442627,334981700
2020-08-27,4.769000053405762,4.801000118255615,4.739999771118164,4.798999786376953,4.39625358581543,207431486
2020-08-28,4.793000221252441,4.925000190734863,4.777999877929688,4.916999816894531,4.504350185394287,554996485
2020-08-31,4.945000171661377,4.9679999351501465,4.869999885559082,4.874000072479248,4.464958667755127,488697161
2020-09-01,4.866000175476074,4.909999847412109,4.860000133514404,4.9079999923706055,4.496106147766113,240533025
2020-09-02,4.921000003814697,4.925000190734863,4.854000091552734,4.90399980545044,4.492441654205322,385904700
2020-09-03,4.8979997634887695,4.940000057220459,4.861000061035156,4.883999824523926,4.474120140075684,229830280
2020-09-04,4.809999942779541,4.8470001220703125,4.790999889373779,4.828999996185303,4.423735618591309,375102467
2020-09-07,4.820000171661377,4.855000019073486,4.710000038146973,4.73199987411499,4.33487606048584,445746642
2020-09-08,4.739999771118164,4.769999980926514,4.703999996185303,4.75600004196167,4.3568620681762695,485820300
2020-09-09,4.699999809265137,4.709000110626221,4.614999771118164,4.644999980926514,4.255177974700928,515494651
2020-09-10,4.684000015258789,4.705999851226807,4.633999824523926,4.64900016784668,4.258841514587402,423536864
2020-09-11,4.630000114440918,4.692999839782715,4.626999855041504,4.684999942779541,4.291820526123047,279946274
2020-09-14,4.706999778747559,4.723999977111816,4.684999942779541,4.711999893188477,4.316554546356201,263594672
2020-09-15,4.704999923706055,4.755000114440918,4.693999767303467,4.747000217437744,4.3486175537109375,292860603
2020-09-16,4.744999885559082,4.749000072479248,4.702000141143799,4.718999862670898,4.322967529296875,188912654
2020-09-17,4.703000068664551,4.735000133514404,4.666999816894531,4.690000057220459,4.296401500701904,408145361
2020-09-18,4.695000171661377,4.813000202178955,4.692999839782715,4.810999870300293,4.4072465896606445,873517831
2020-09-21,4.815000057220459,4.849999904632568,4.75,4.75600004196167,4.3568620681762695,381620413
2020-09-22,4.724999904632568,4.776000022888184,4.678999900817871,4.698999881744385,4.304645538330078,578513427
2020-09-23,4.703000068664551,4.729000091552734,4.684000015258789,4.7129998207092285,4.317471504211426,466006228
2020-09-24,4.684999942779541,4.696000099182129,4.625,4.636000156402588,4.246933460235596,344502320
2020-09-25,4.64300012588501,4.665999889373779,4.620999813079834,4.638999938964844,4.24968147277832,325369201
2020-09-28,4.642000198364258,4.681000232696533,4.635000228881836,4.64900016784668,4.258841514587402,304679600
2020-09-29,4.670000076293945,4.686999797821045,4.651999950408936,4.659999847412109,4.268918991088867,315881012
2020-09-30,4.672999858856201,4.695000171661377,4.619999885559082,4.645999908447266,4.25609302520752,454910191
2020-10-09,4.7210001945495605,4.764999866485596,4.71999979019165,4.738999843597412,4.341288566589356,359609638
2020-10-12,4.764999866485596,4.89300012588501,4.763000011444092,4.88700008392334,4.476868152618408,360952774
2020-10-13,4.885000228881836,4.914000034332275,4.860000133514404,4.902999877929688,4.491525173187256,320043929
2020-10-14,4.889999866485596,4.896999835968018,4.86299991607666,4.879000186920166,4.469539642333984,278946496
2020-10-15,4.874000072479248,4.901000022888184,4.857999801635742,4.867000102996826,4.458547115325928,330528322
2020-10-16,4.863999843597412,4.892000198364258,4.823999881744385,4.853000164031982,4.445721626281738,283570693
2020-10-19,4.880000114440918,4.919000148773193,4.803999900817871,4.822000026702881,4.417323589324951,601869622
2020-10-20,4.810999870300293,4.854000091552734,4.807000160217285,4.852000236511231,4.444806098937988,273913000
2020-10-21,4.855000019073486,4.863999843597412,4.817999839782715,4.857999801635742,4.4503021240234375,348894700
2020-10-22,4.8420000076293945,4.859000205993652,4.791999816894531,4.8420000076293945,4.435644626617432,257148347
2020-10-23,4.831999778747559,4.867000102996826,4.781000137329102,4.785999774932861,4.384344100952148,776805715
2020-10-26,4.756999969482422,4.776000022888184,4.705999851226807,4.75,4.35136604309082,507147375
2020-10-27,4.736999988555908,4.769999980926514,4.732999801635742,4.763999938964844,4.364190578460693,299348813
2020-10-28,4.76200008392334,4.817999839782715,4.747000217437744,4.803999900817871,4.400834083557129,482829143
2020-10-29,4.755000114440918,4.870999813079834,4.751999855041504,4.8480000495910645,4.441141128540039,371024766
2020-10-30,4.8379998207092285,4.8470001220703125,4.748000144958496,4.756999969482422,4.357778072357178,384587845
2020-11-02,4.758999824523926,4.803999900817871,4.758999824523926,4.784999847412109,4.38342809677124,200166029
2020-11-03,4.800000190734863,4.86299991607666,4.800000190734863,4.835999965667725,4.430148124694824,356112935
2020-11-04,4.84499979019165,4.894999980926514,4.829999923706055,4.873000144958496,4.464043617248535,344738845
2020-11-05,4.920000076293945,4.953000068664551,4.901999950408936,4.948999881744385,4.533665180206299,375894391
2020-11-06,4.959000110626221,4.961999893188477,4.9079999923706055,4.951000213623047,4.535496711730957,354123679
2020-11-09,4.980000019073486,5.073999881744385,4.980000019073486,5.047999858856201,4.624356269836426,597987950
2020-11-10,5.059999942779541,5.063000202178955,4.992000102996826,5.020999908447266,4.59962272644043,384784687
2020-11-11,5.007999897003174,5.027999877929688,4.968999862670898,4.973999977111816,4.556566715240479,394072600
2020-11-12,4.980000019073486,4.99399995803833,4.955999851226807,4.9710001945495605,4.553818702697754,258032875
2020-11-13,4.951000213623047,4.953000068664551,4.88700008392334,4.920000076293945,4.50709867477417,432927885
2020-11-16,4.945000171661377,4.974999904632568,4.910999774932861,4.9730000495910645,4.5556511878967285,285050760
2020-11-17,4.9670000076293945,4.96999979019165,4.934000015258789,4.964000225067139,4.547406196594238,298769617
2020-11-18,4.960000038146973,4.98199987411499,4.934000015258789,4.956999778747559,4.5409932136535645,360698687
2020-11-19,4.946000099182129,5.01200008392334,4.938000202178955,4.999000072479248,4.579469680786133,270079501
2020-11-20,5.0,5.019999980926514,4.986000061035156,5.013999938964844,4.593210220336914,284503346
2020-11-23,5.03000020980835,5.105000019073486,5.008999824523926,5.072000026702881,4.646342277526856,521147087
2020-11-24,5.068999767303467,5.074999809265137,5.031000137329102,5.039999961853027,4.61702823638916,346142109
2020-11-25,5.054999828338623,5.077000141143799,4.97599983215332,4.978000164031982,4.560231685638428,425196010
2020-11-26,4.97599983215332,4.989999771118164,4.936999797821045,4.985000133514404,4.566643714904785,395838615
2020-11-27,4.985000133514404,5.059999942779541,4.977000236511231,5.056000232696533,4.631685256958008,378780759
2020-11-30,5.068999767303467,5.130000114440918,5.027999877929688,5.031000137329102,4.60878324508667,535115737
2020-12-01,5.026999950408936,5.150000095367432,5.026000022888184,5.142000198364258,4.71046781539917,475283650
2020-12-02,5.144999980926514,5.164999961853027,5.107999801635742,5.13100004196167,4.700390815734863,292946878
2020-12-03,5.125999927520752,5.146999835968018,5.103000164031982,5.129000186920166,4.698559284210205,248986842
2020-12-04,5.119999885559082,5.146999835968018,5.079999923706055,5.139999866485596,4.7086358070373535,330154760
2020-12-07,5.139999866485596,5.142000198364258,5.077000141143799,5.0960001945495605,4.668327808380127,359375330
2020-12-08,5.0960001945495605,5.119999885559082,5.072000026702881,5.079999923706055,4.6536712646484375,361251873
2020-12-09,5.09499979019165,5.10699987411499,5.011000156402588,5.019999980926514,4.5987067222595215,568550630
2020-12-10,5.010000228881836,5.0320000648498535,4.992000102996826,5.010000228881836,4.589545726776123,318844690
2020-12-11,5.019999980926514,5.034999847412109,4.918000221252441,4.953999996185303,4.538245677947998,403011950
2020-12-14,4.960000038146973,5.001999855041504,4.947999954223633,4.998000144958496,4.578552722930908,251887731
2020-12-15,4.998000144958496,5.019999980926514,4.966000080108643,5.013000011444092,4.592293739318848,284133598
2020-12-16,5.019999980926514,5.03000020980835,5.004000186920166,5.0229997634887695,4.601455211639404,284081500
2020-12-17,5.021999835968018,5.0980000495910645,5.013999938964844,5.093999862670898,4.666496276855469,466230890
2020-12-18,5.090000152587891,5.09499979019165,5.043000221252441,5.065000057220459,4.63992977142334,460711300
2020-12-21,5.061999797821045,5.120999813079834,5.034999847412109,5.110000133514404,4.681153297424316,445896144
2020-12-22,5.098999977111816,5.117000102996826,5.026000022888184,5.0329999923706055,4.610615253448486,515397033
2020-12-23,5.039999961853027,5.0980000495910645,5.037000179290772,5.073999881744385,4.648174285888672,338687208
2020-12-24,5.073999881744385,5.0970001220703125,5.050000190734863,5.073999881744385,4.648174285888672,383376749
2020-12-25,5.054999828338623,5.11899995803833,5.043000221252441,5.116000175476074,4.686650276184082,403356129
2020-12-28,5.111999988555908,5.159999847412109,5.103000164031982,5.130000114440918,4.699475288391113,447130014
2020-12-29,5.138000011444092,5.151999950408936,5.105999946594238,5.113999843597412,4.684817790985107,342717900
2020-12-30,5.110000133514404,5.179999828338623,5.10699987411499,5.177999973297119,4.743446826934815,340671518
2020-12-31,5.188000202178955,5.293000221252441,5.185999870300293,5.287000179290772,4.843299388885498,861799157
2021-01-04,5.28000020980835,5.366000175476074,5.260000228881836,5.334000110626221,4.886354923248291,506705639
2021-01-05,5.321000099182129,5.445000171661377,5.304999828338623,5.433000087738037,4.977046012878418,622830794
2021-01-06,5.447000026702881,5.513999938964844,5.416999816894531,5.48199987411499,5.0219340324401855,374945107
2021-01-07,5.489999771118164,5.599999904632568,5.482999801635742,5.598999977111816,5.129114627838135,470659227
2021-01-08,5.607999801635742,5.63100004196167,5.519000053405762,5.571000099182129,5.103465080261231,697564767
2021-01-11,5.577000141143799,5.619999885559082,5.477000236511231,5.507999897003174,5.04575252532959,635965163
2021-01-12,5.495999813079834,5.671999931335449,5.492000102996826,5.668000221252441,5.192324638366699,596280782
2021-01-13,5.684000015258789,5.715000152587891,5.610000133514404,5.645999908447266,5.172170639038086,552434398
2021-01-14,5.639999866485596,5.639999866485596,5.538000106811523,5.543000221252441,5.077815055847168,696047994
2021-01-15,5.543000221252441,5.576000213623047,5.460000038146973,5.526000022888184,5.062242031097412,709049177
2021-01-18,5.451000213623047,5.546999931335449,5.414999961853027,5.513000011444092,5.117003440856934,396768553
2021-01-19,5.51800012588501,5.53000020980835,5.415999889373779,5.438000202178955,5.047390937805176,417009672
2021-01-20,5.435999870300293,5.494999885559082,5.429999828338623,5.4679999351501465,5.075235843658447,422385751
2021-01-21,5.482999801635742,5.5879998207092285,5.482999801635742,5.561999797821045,5.1624836921691895,511620315
2021-01-22,5.557000160217285,5.570000171661377,5.50600004196167,5.565000057220459,5.165268421173096,554309326
2021-01-25,5.559999942779541,5.64900016784668,5.531000137329102,5.63100004196167,5.226528167724609,450177153
2021-01-26,5.60699987411499,5.610000133514404,5.502999782562256,5.511000156402588,5.115147590637207,392744995
2021-01-27,5.505000114440918,5.5320000648498535,5.449999809265137,5.520999908447266,5.124429225921631,591541591
2021-01-28,5.460000038146973,5.460000038146973,5.363999843597412,5.385000228881836,4.99819803237915,469951845
2021-01-29,5.4070000648498535,5.422999858856201,5.2820000648498535,5.3480000495910645,4.963855743408203,622113874
2021-02-01,5.3480000495910645,5.414000034332275,5.3460001945495605,5.410999774932861,5.022330284118652,436288063
2021-02-02,5.420000076293945,5.49399995803833,5.410999774932861,5.491000175476074,5.096584320068359,573156921
2021-02-03,5.491000175476074,5.525000095367432,5.464000225067139,5.485000133514404,5.091015338897705,281969488
2021-02-04,5.454999923706055,5.510000228881836,5.415999889373779,5.473999977111816,5.080804824829102,300084150
2021-02-05,5.486000061035156,5.546999931335449,5.47599983215332,5.48199987411499,5.088230133056641,560000491
2021-02-08,5.519999980926514,5.572999954223633,5.48199987411499,5.553999900817871,5.15505838394165,475013428
2021-02-09,5.574999809265137,5.693999767303467,5.550000190734863,5.691999912261963,5.283146381378174,418299845
2021-02-10,5.705999851226807,5.833000183105469,5.697000026702881,5.807000160217285,5.389885425567627,341909857
2021-02-18,5.922999858856201,5.933000087738037,5.748000144958496,5.763999938964844,5.349974155426025,470765736
2021-02-19,5.742000102996826,5.801000118255615,5.671000003814697,5.796000003814697,5.37967586517334,709064650
2021-02-22,5.784999847412109,5.785999774932861,5.584000110626221,5.589000225067139,5.187544822692871,776075991
2021-02-23,5.550000190734863,5.63700008392334,5.546999931335449,5.573999881744385,5.173621654510498,591250364
2021-02-24,5.5879998207092285,5.599999904632568,5.370999813079834,5.427000045776367,5.0371809005737305,1011269033
2021-02-25,5.480999946594238,5.5229997634887695,5.441999912261963,5.478000164031982,5.084517955780029,669305438
2021-02-26,5.388999938964844,5.420000076293945,5.321000099182129,5.328999996185303,4.946220397949219,837070336
2021-03-01,5.38100004196167,5.420000076293945,5.3480000495910645,5.418000221252441,5.028827667236328,558208540
2021-03-02,5.446000099182129,5.451000213623047,5.307000160217285,5.348999977111816,4.964783668518066,433859754
2021-03-03,5.333000183105469,5.458000183105469,5.315999984741211,5.453999996185303,5.062242031097412,361154593
2021-03-04,5.400000095367432,5.400000095367432,5.257999897003174,5.287000179290772,4.907237529754639,644981648
2021-03-05,5.202000141143799,5.310999870300293,5.178999900817871,5.265999794006348,4.887745380401611,593632850
2021-03-08,5.300000190734863,5.324999809265137,5.070000171661377,5.079999923706055,4.715106010437012,563722005
2021-03-09,5.077000141143799,5.09499979019165,4.926000118255615,4.979000091552734,4.621360301971436,931719068
2021-03-10,5.037000179290772,5.060999870300293,4.982999801635742,5.0,4.640852451324463,636535760
2021-03-11,5.02400016784668,5.131999969482422,5.014999866485596,5.129000186920166,4.760586261749268,620676884
2021-03-12,5.144999980926514,5.151999950408936,5.079999923706055,5.142000198364258,4.77265214920044,448201493
2021-03-15,5.118000030517578,5.11899995803833,4.993000030517578,5.039999961853027,4.677978992462158,386572405
2021-03-16,5.041999816894531,5.085999965667725,5.01200008392334,5.072999954223633,4.708609104156494,323236064
2021-03-17,5.059000015258789,5.120999813079834,5.013000011444092,5.0960001945495605,4.729956150054932,306294597
2021-03-18,5.107999801635742,5.158999919891357,5.105999946594238,5.136000156402588,4.767083168029785,319610130
2021-03-19,5.072000026702881,5.0879998207092285,4.982999801635742,4.997000217437744,4.638068199157715,492195605
2021-03-22,4.994999885559082,5.072000026702881,4.989999771118164,5.053999900817871,4.69097375869751,423486762
2021-03-23,5.048999786376953,5.058000087738037,4.9670000076293945,5.008999824523926,4.649205684661865,491638773
2021-03-24,4.98799991607666,5.03000020980835,4.912000179290772,4.933000087738037,4.578664779663086,755052862
2021-03-25,4.906000137329102,4.951000213623047,4.888000011444092,4.928999900817871,4.574952602386475,284908649
2021-03-26,4.949999809265137,5.056000232696533,4.946000099182129,5.0329999923706055,4.671482086181641,556534950
2021-03-29,5.044000148773193,5.079999923706055,5.005000114440918,5.043000221252441,4.6807637214660645,639256772
2021-03-30,5.039999961853027,5.104000091552734,5.03000020980835,5.086999893188477,4.721602439880371,268283890
2021-03-31,5.083000183105469,5.084000110626221,5.013000011444092,5.050000190734863,4.687260627746582,230812676
2021-04-01,5.056000232696533,5.119999885559082,5.052000045776367,5.111999988555908,4.744807720184326,322996435
2021-04-02,5.130000114440918,5.164999961853027,5.109000205993652,5.160999774932861,4.790287494659424,280334645
2021-04-06,5.171999931335449,5.177000045776367,5.119999885559082,5.132999897003174,4.764298439025879,234635544
2021-04-07,5.138000011444092,5.139999866485596,5.066999912261963,5.0980000495910645,4.731812953948975,175217273
2021-04-08,5.080999851226807,5.130000114440918,5.057000160217285,5.109000205993652,4.742023468017578,140755921
2021-04-09,5.09499979019165,5.09499979019165,5.025000095367432,5.038000106811523,4.676122665405273,222329800
2021-04-12,5.026000022888184,5.048999786376953,4.936999797821045,4.953999996185303,4.598156452178955,663938234
2021-04-13,4.946000099182129,4.99399995803833,4.928999900817871,4.947000026702881,4.5916595458984375,453545245
2021-04-14,4.952000141143799,4.988999843597412,4.942999839782715,4.974999904632568,4.617647647857666,527184200
2021-04-15,4.960000038146973,4.965000152587891,4.894000053405762,4.947000026702881,4.5916595458984375,493540700
2021-04-16,4.959000110626221,4.974999904632568,4.918000221252441,4.9629998207092285,4.606510162353516,499764030
2021-04-19,4.959000110626221,5.0970001220703125,4.935999870300293,5.089000225067139,4.723459243774414,567369226
2021-04-20,5.071000099182129,5.116000175476074,5.061999797821045,5.080999851226807,4.716033458709717,369851557
2021-04-21,5.048999786376953,5.107999801635742,5.046999931335449,5.0929999351501465,4.727171421051025,414321361
2021-04-22,5.10099983215332,5.118000030517578,5.065000057220459,5.089000225067139,4.723459243774414,448399160
2021-04-23,5.080999851226807,5.150000095367432,5.080999851226807,5.139999866485596,4.770796298980713,322992630
2021-04-26,5.151000022888184,5.190999984741211,5.071000099182129,5.076000213623047,4.7113938331604,538061634
2021-04-27,5.079999923706055,5.0980000495910645,5.052999973297119,5.089000225067139,4.723459243774414,317792609
2021-04-28,5.071000099182129,5.130000114440918,5.056000232696533,5.126999855041504,4.758729457855225,301245972
2021-04-29,5.127999782562256,5.179999828338623,5.119999885559082,5.172999858856201,4.801425457000732,380984480
2021-04-30,5.160999774932861,5.171999931335449,5.093999862670898,5.127999782562256,4.759657859802246,404241300
2021-05-06,5.109000205993652,5.142000198364258,5.034999847412109,5.060999870300293,4.697470664978027,407574566
2021-05-07,5.072999954223633,5.0970001220703125,4.995999813079834,5.0,4.640852451324463,338289245
2021-05-10,5.004000186920166,5.025000095367432,4.954999923706055,4.999000072479248,4.6399245262146,369199148
2021-05-11,4.9670000076293945,5.044000148773193,4.932000160217285,5.025000095367432,4.664056301116943,397926530
2021-05-12,5.013999938964844,5.063000202178955,4.995999813079834,5.056000232696533,4.692829608917236,253971232
2021-05-13,5.015999794006348,5.026999950408936,4.97599983215332,5.000999927520752,4.641780376434326,472543935
2021-05-14,5.019999980926514,5.129000186920166,4.992000102996826,5.126999855041504,4.758729457855225,848963043
2021-05-17,5.123000144958496,5.215000152587891,5.117000102996826,5.188000202178955,4.8153486251831055,667255521
2021-05-18,5.198999881744385,5.211999893188477,5.166999816894531,5.190000057220459,4.81720495223999,283458826
2021-05-19,5.179999828338623,5.196000099182129,5.152999877929688,5.176000118255615,4.804210186004639,393359467
2021-05-20,5.171999931335449,5.205999851226807,5.151999950408936,5.190000057220459,4.81720495223999,270139103
2021-05-21,5.197000026702881,5.227000236511231,5.123000144958496,5.135000228881836,4.766155242919922,541063511
2021-05-24,5.135000228881836,5.164000034332275,5.0960001945495605,5.163000106811523,4.792143821716309,349612789
2021-05-25,5.163000106811523,5.3379998207092285,5.163000106811523,5.327000141143799,4.944364070892334,1536160149
2021-05-26,5.330999851226807,5.353000164031982,5.315999984741211,5.328000068664551,4.945291996002197,486861122
2021-05-27,5.320000171661377,5.394000053405762,5.296000003814697,5.3470001220703125,4.962927341461182,530753500
2021-05-28,5.3460001945495605,5.373000144958496,5.300000190734863,5.331999778747559,4.949004650115967,345621858
2021-05-31,5.328999996185303,5.339000225067139,5.289999961853027,5.3379998207092285,4.954573631286621,328603031
2021-06-01,5.333000183105469,5.349999904632568,5.270999908447266,5.3460001945495605,4.96199893951416,454422825
2021-06-02,5.35099983215332,5.35699987411499,5.276000022888184,5.302999973297119,4.922088146209717,577607087
2021-06-03,5.300000190734863,5.322999954223633,5.260000228881836,5.26200008392334,4.884033203125,443276399
2021-06-04,5.25,5.352000236511231,5.232999801635742,5.295000076293945,4.914662837982178,558117757
2021-06-07,5.295000076293945,5.297999858856201,5.250999927520752,5.289000034332275,4.909093379974365,265277430
2021-06-08,5.289000034332275,5.340000152587891,5.2129998207092285,5.247000217437744,4.870110988616943,454203706
2021-06-09,5.232999801635742,5.265999794006348,5.230999946594238,5.255000114440918,4.877535343170166,259513156
2021-06-10,5.249000072479248,5.323999881744385,5.248000144958496,5.289000034332275,4.909093379974365,404112579
2021-06-11,5.293000221252441,5.307000160217285,5.236000061035156,5.239999771118164,4.863612651824951,337555800
2021-06-15,5.239999771118164,5.25,5.15399980545044,5.181000232696533,4.80885124206543,431236597
2021-06-16,5.175000190734863,5.183000087738037,5.093999862670898,5.110000133514404,4.742951393127441,557301699
2021-06-17,5.099999904632568,5.144000053405762,5.0970001220703125,5.120999813079834,4.7531609535217285,342210455
2021-06-18,5.119999885559082,5.15500020980835,5.089000225067139,5.125999927520752,4.757801532745361,523765660
2021-06-21,5.107999801635742,5.15500020980835,5.086999893188477,5.11899995803833,4.7513041496276855,449263050
2021-06-22,5.139999866485596,5.151000022888184,5.111000061035156,5.144999980926514,4.775436878204346,678314191
2021-06-23,5.151999950408936,5.203000068664551,5.136000156402588,5.176000118255615,4.804210186004639,586465223
2021-06-24,5.179999828338623,5.190000057220459,5.15500020980835,5.189000129699707,4.816277027130127,217509708
2021-06-25,5.192999839782715,5.289000034332275,5.190999984741211,5.269999980926514,4.891457557678223,619258662
2021-06-28,5.277999877929688,5.289999961853027,5.256999969482422,5.27899980545044,4.899811267852783,445496481
2021-06-29,5.27899980545044,5.27899980545044,5.215000152587891,5.224999904632568,4.849690437316895,290185647
2021-06-30,5.22599983215332,5.267000198364258,5.224999904632568,5.25600004196167,4.878464221954346,371170976
2021-07-01,5.2729997634887695,5.283999919891357,5.2220001220703125,5.254000186920166,4.876607894897461,564373863
2021-07-02,5.21999979019165,5.2220001220703125,5.111000061035156,5.11299991607666,4.7457356452941895,442235989
2021-07-05,5.11299991607666,5.131999969482422,5.090000152587891,5.119999885559082,4.752232074737549,257570313
2021-07-06,5.119999885559082,5.130000114440918,5.071000099182129,5.126999855041504,4.758729457855225,381688734
2021-07-07,5.105000019073486,5.202000141143799,5.0970001220703125,5.179999828338623,4.807922840118408,349465134
2021-07-08,5.189000129699707,5.196000099182129,5.120999813079834,5.136000156402588,4.767083168029785,328035047
2021-07-09,5.119999885559082,5.127999782562256,5.056000232696533,5.111999988555908,4.744807720184326,426231921
2021-07-12,5.150000095367432,5.209000110626221,5.122000217437744,5.179999828338623,4.807922840118408,596692894
2021-07-13,5.178999900817871,5.214000225067139,5.168000221252441,5.196000099182129,4.822773456573486,346440364
2021-07-14,5.190999984741211,5.190999984741211,5.127999782562256,5.138999938964844,4.769867420196533,382469318
2021-07-15,5.13100004196167,5.214000225067139,5.124000072479248,5.206999778747559,4.832983493804932,355286695
2021-07-16,5.199999809265137,5.204999923706055,5.151999950408936,5.156000137329102,4.785646915435791,370235145
2021-07-19,5.146999835968018,5.188000202178955,5.105999946594238,5.177999973297119,4.806066513061523,332046158
2021-07-20,5.139999866485596,5.178999900817871,5.13100004196167,5.164999961853027,4.794000148773193,306679327
2021-07-21,5.179999828338623,5.224999904632568,5.171999931335449,5.203999996185303,4.830199241638184,578430257
2021-07-22,5.204999923706055,5.232999801635742,5.197999954223633,5.209000110626221,4.834839820861816,269684073
2021-07-23,5.210000038146973,5.210999965667725,5.144999980926514,5.1570000648498535,4.786574363708496,268144135
2021-07-26,5.13700008392334,5.138000011444092,4.922999858856201,4.98199987411499,4.624145030975342,915273374
2021-07-27,4.979000091552734,5.0,4.802999973297119,4.809000015258789,4.463571548461914,807205216
2021-07-28,4.802999973297119,4.8429999351501465,4.735000133514404,4.818999767303467,4.472853183746338,913347342
2021-07-29,4.89900016784668,4.916999816894531,4.857999801635742,4.906000137329102,4.5536041259765625,640206355
2021-07-30,4.882999897003174,4.883999824523926,4.821000099182129,4.872000217437744,4.5220465660095215,225870235
2021-08-02,4.855999946594238,5.004000186920166,4.823999881744385,4.993000030517578,4.634355545043945,375203941
2021-08-03,4.9710001945495605,5.019000053405762,4.954999923706055,4.994999885559082,4.636210918426514,233009764
2021-08-04,4.984000205993652,5.039999961853027,4.98199987411499,5.039000034332275,4.677051544189453,248645287
2021-08-05,5.004000186920166,5.058000087738037,4.980999946594238,5.008999824523926,4.649205684661865,209871649
2021-08-06,5.0,5.005000114440918,4.961999893188477,4.993000030517578,4.634355545043945,112699204
2021-08-09,4.96999979019165,5.066999912261963,4.952000141143799,5.047999858856201,4.685404300689697,229090628
2021-08-10,5.035999774932861,5.107999801635742,5.001999855041504,5.105000019073486,4.738309860229492,324122381
2021-08-11,5.0980000495910645,5.124000072479248,5.074999809265137,5.078000068664551,4.713249206542969,239129600
2021-08-12,5.059999942779541,5.080999851226807,5.035999774932861,5.046000003814697,4.6835479736328125,133971695
2021-08-13,5.0329999923706055,5.065999984741211,4.989999771118164,5.019000053405762,4.658487319946289,202566401
2021-08-16,5.013000011444092,5.044000148773193,5.000999927520752,5.015999794006348,4.655702590942383,186203629
2021-08-17,5.010000228881836,5.041999816894531,4.894999980926514,4.90399980545044,4.55174732208252,352300896
2021-08-18,4.90399980545044,4.986000061035156,4.892000198364258,4.956999778747559,4.600940704345703,384771032
2021-08-19,4.940000057220459,4.956999778747559,4.901000022888184,4.922999858856201,4.569383144378662,240311000
2021-08-20,4.912000179290772,4.913000106811523,4.788000106811523,4.833000183105469,4.4858479499816895,418441340
2021-08-23,4.8429999351501465,4.910999774932861,4.840000152587891,4.90500020980835,4.552676200866699,352961261
2021-08-24,4.909999847412109,4.978000164031982,4.909999847412109,4.956999778747559,4.600940704345703,317705413
2021-08-25,4.965000152587891,4.9730000495910645,4.938000202178955,4.9710001945495605,4.613935470581055,207656406
2021-08-26,4.9679999351501465,4.968999862670898,4.869999885559082,4.886000156402588,4.535041332244873,194840259
2021-08-27,4.879000186920166,4.943999767303467,4.875999927520752,4.89900016784668,4.547107219696045,232236414
2021-08-30,4.910999774932861,4.921999931335449,4.859000205993652,4.88100004196167,4.530399799346924,215532211
2021-08-31,4.881999969482422,4.896999835968018,4.809999942779541,4.879000186920166,4.528543949127197,245032607
2021-09-01,4.880000114440918,4.98799991607666,4.840000152587891,4.948999881744385,4.593514919281006,386518269
2021-09-02,4.960000038146973,4.9679999351501465,4.920000076293945,4.945000171661377,4.5898027420043945,224004834
2021-09-03,4.945000171661377,4.968999862670898,4.908999919891357,4.918000221252441,4.564742565155029,348367264
2021-09-06,4.918000221252441,5.015999794006348,4.914000034332275,5.001999855041504,4.642708778381348,494535866
2021-09-07,5.0,5.089000225067139,4.986000061035156,5.065000057220459,4.701183319091797,457495603
2021-09-08,5.068999767303467,5.0929999351501465,5.027999877929688,5.044000148773193,4.6816911697387695,236943077
2021-09-09,5.031000137329102,5.043000221252441,5.001999855041504,5.041999816894531,4.679835796356201,182545189
2021-09-10,5.037000179290772,5.126999855041504,5.033999919891357,5.091000080108643,4.725316047668457,389334975
2021-09-13,5.085000038146973,5.109000205993652,5.034999847412109,5.064000129699707,4.700255393981934,320015733
2021-09-14,5.065000057220459,5.081999778747559,4.977000236511231,4.998000144958496,4.63899564743042,327711994
2021-09-15,4.989999771118164,4.991000175476074,4.916999816894531,4.945000171661377,4.5898027420043945,270735874
2021-09-16,4.945000171661377,4.954999923706055,4.88100004196167,4.888999938964844,4.537825584411621,429348425
2021-09-17,4.888000011444092,4.934000015258789,4.868000030517578,4.927999973297119,4.574024200439453,513992694
2021-09-22,4.860000133514404,4.912000179290772,4.852000236511231,4.894999980926514,4.543394088745117,491629600
2021-09-23,4.916999816894531,4.954999923706055,4.906000137329102,4.923999786376953,4.570311069488525,286973255
2021-09-24,4.927999973297119,4.974999904632568,4.918000221252441,4.931000232696533,4.576808452606201,464771190
2021-09-27,4.945000171661377,4.998000144958496,4.921000003814697,4.9629998207092285,4.606510162353516,359893578
2021-09-28,4.954999923706055,4.980000019073486,4.926000118255615,4.953999996185303,4.598156452178955,263635257
2021-09-29,4.921999931335449,4.948999881744385,4.877999782562256,4.921000003814697,4.567526817321777,592261073
2021-09-30,4.922999858856201,4.953000068664551,4.921000003814697,4.934999942779541,4.580521106719971,312959671
2021-10-08,4.978000164031982,5.014999866485596,4.9710001945495605,5.00600004196167,4.646421432495117,244624120
2021-10-11,5.013999938964844,5.059999942779541,5.000999927520752,5.005000114440918,4.645493507385254,260322371
2021-10-12,4.986999988555908,4.998000144958496,4.913000106811523,4.953000068664551,4.597228050231934,330606824
2021-10-13,4.945000171661377,5.025000095367432,4.942999839782715,5.008999824523926,4.649205684661865,253573666
2021-10-14,5.002999782562256,5.027999877929688,4.9710001945495605,4.98199987411499,4.624145030975342,199808658
2021-10-15,4.979000091552734,5.017000198364258,4.960000038146973,5.00600004196167,4.646421432495117,217970095
2021-10-18,5.002999782562256,5.004000186920166,4.915999889373779,4.947999954223633,4.592587471008301,251260474
2021-10-19,4.940000057220459,5.0,4.936999797821045,4.994999885559082,4.636210918426514,288469796
2021-10-20,5.0,5.021999835968018,4.9710001945495605,4.980999946594238,4.623217105865479,156696300
2021-10-21,4.980000019073486,5.026999950408936,4.961999893188477,5.002999782562256,4.643636703491211,224085516
2021-10-22,5.010000228881836,5.072000026702881,5.010000228881836,5.035999774932861,4.674266338348389,334597340
2021-10-25,5.021999835968018,5.060999870300293,5.011000156402588,5.052999973297119,4.69004487991333,265374504
2021-10-26,5.054999828338623,5.0879998207092285,5.0229997634887695,5.035999774932861,4.674266338348389,247909532
2021-10-27,5.02400016784668,5.02400016784668,4.958000183105469,4.96999979019165,4.613006591796875,278104300
2021-10-28,4.960000038146973,4.977000236511231,4.926000118255615,4.948999881744385,4.593514919281006,441341200
2021-10-29,4.946000099182129,4.98199987411499,4.934000015258789,4.980999946594238,4.623217105865479,426484699
2021-11-01,4.956999778747559,4.98799991607666,4.939000129699707,4.965000152587891,4.6083664894104,195002345
2021-11-02,4.961999893188477,4.994999885559082,4.874000072479248,4.913000106811523,4.560101509094238,429413513
2021-11-03,4.909999847412109,4.935999870300293,4.879000186920166,4.89300012588501,4.541538238525391,340635107
2021-11-04,4.913000106811523,4.951000213623047,4.912000179290772,4.940000057220459,4.585161685943604,284423300
2021-11-05,4.929999828338623,4.9670000076293945,4.921999931335449,4.922999858856201,4.569383144378662,265600790
2021-11-08,4.920000076293945,4.947999954223633,4.901999950408936,4.919000148773193,4.565670490264893,312485200
2021-11-09,4.934999942779541,4.952000141143799,4.892000198364258,4.916999816894531,4.563814163208008,262840000
2021-11-10,4.913000106811523,4.913000106811523,4.826000213623047,4.892000198364258,4.540609836578369,489426383
2021-11-11,4.881999969482422,4.974999904632568,4.880000114440918,4.9720001220703125,4.614863395690918,352364995
2021-11-12,4.97599983215332,4.991000175476074,4.953999996185303,4.96999979019165,4.613006591796875,272906704
2021-11-15,4.973999977111816,4.991000175476074,4.942999839782715,4.964000225067139,4.607438087463379,335915381
2021-11-16,4.966000080108643,4.995999813079834,4.949999809265137,4.960000038146973,4.603725433349609,351870307
2021-11-17,4.953000068664551,4.973999977111816,4.940999984741211,4.959000110626221,4.602797508239746,226981757
2021-11-18,4.947000026702881,4.952000141143799,4.901999950408936,4.914999961853027,4.561957359313965,360601200
2021-11-19,4.909999847412109,4.97599983215332,4.90500020980835,4.96999979019165,4.613006591796875,275920589
2021-11-22,4.973999977111816,4.994999885559082,4.9670000076293945,4.982999801635742,4.625072956085205,353647489
2021-11-23,4.97599983215332,5.0,4.966000080108643,4.986000061035156,4.627857685089111,317267246
2021-11-24,4.986000061035156,5.015999794006348,4.973999977111816,4.997000217437744,4.638068199157715,178594706
2021-11-25,4.998000144958496,4.999000072479248,4.96999979019165,4.978000164031982,4.6204328536987305,137259970
2021-11-26,4.965000152587891,4.966000080108643,4.927000045776367,4.935999870300293,4.581449031829834,204637800
2021-11-29,4.900000095367432,4.938000202178955,4.900000095367432,4.928999900817871,4.574952602386475,233856000
2021-11-30,4.932000160217285,4.948999881744385,4.888000011444092,4.910999774932861,4.558244705200195,183680000
2021-12-01,4.910999774932861,4.928999900817871,4.9070000648498535,4.923999786376953,4.570311069488525,211626158
2021-12-02,4.920000076293945,4.945000171661377,4.902999877929688,4.934000015258789,4.579592704772949,161035147
2021-12-03,4.934000015258789,4.980000019073486,4.926000118255615,4.979000091552734,4.621360301971436,219632143
2021-12-06,4.98199987411499,5.015999794006348,4.968999862670898,4.973999977111816,4.616719722747803,332899117
2021-12-07,4.994999885559082,5.008999824523926,4.978000164031982,5.001999855041504,4.642708778381348,212426758
2021-12-08,5.006999969482422,5.078999996185303,4.988999843597412,5.073999881744385,4.709536552429199,341191710
2021-12-09,5.078000068664551,5.203999996185303,5.076000213623047,5.1579999923706055,4.787503242492676,633221175
2021-12-10,5.14300012588501,5.150000095367432,5.123000144958496,5.14300012588501,4.773581027984619,396126046
2021-12-13,5.166999816894531,5.227000236511231,5.14900016784668,5.156000137329102,4.785646915435791,429033771
2021-12-14,5.13700008392334,5.15500020980835,5.114999771118164,5.125,4.756873607635498,362687781
2021-12-15,5.119999885559082,5.136000156402588,5.074999809265137,5.078999996185303,4.714178085327148,203583199
2021-12-16,5.081999778747559,5.10699987411499,5.065000057220459,5.105999946594238,4.739238739013672,377304328
2021-12-17,5.0980000495910645,5.10099983215332,5.031000137329102,5.0329999923706055,4.671482086181641,622618900
2021-12-20,5.002999782562256,5.019000053405762,4.947000026702881,4.958000183105469,4.601869106292725,851825300
2021-12-21,4.953000068664551,4.992000102996826,4.948999881744385,4.979000091552734,4.621360301971436,517133515
2021-12-22,4.992000102996826,5.004000186920166,4.96999979019165,4.98199987411499,4.624145030975342,666046188
2021-12-23,4.993000030517578,5.026000022888184,4.978000164031982,5.019999980926514,4.659415721893311,302305260
2021-12-24,5.026000022888184,5.0320000648498535,4.978000164031982,4.997000217437744,4.638068199157715,260396101
2021-12-27,4.997000217437744,5.01800012588501,4.96999979019165,5.000999927520752,4.641780376434326,504491326
2021-12-28,5.000999927520752,5.037000179290772,4.992000102996826,5.026999950408936,4.665913105010986,639914174
2021-12-29,5.025000095367432,5.031000137329102,4.959000110626221,4.960000038146973,4.603725433349609,403865556
2021-12-30,4.960000038146973,5.017000198364258,4.954999923706055,4.995999813079834,4.637139797210693,474498019
2021-12-31,5.010000228881836,5.02899980545044,4.99399995803833,5.007999897003174,4.648277759552002,351416595
2022-01-04,5.025000095367432,5.026999950408936,4.941999912261963,4.989999771118164,4.631570816040039,486355276
2022-01-05,4.979000091552734,4.992000102996826,4.925000190734863,4.942999839782715,4.587945938110352,464073106
2022-01-06,4.922999858856201,4.933000087738037,4.85699987411499,4.88700008392334,4.535969257354736,517272800
2022-01-07,4.900000095367432,4.929999828338623,4.89300012588501,4.89900016784668,4.547107219696045,478519700
2022-01-10,4.888000011444092,4.922999858856201,4.859000205993652,4.912000179290772,4.559173107147217,491122307
2022-01-11,4.912000179290772,4.923999786376953,4.863999843597412,4.867000102996826,4.5174055099487305,412218898
2022-01-12,4.883999824523926,4.933000087738037,4.883999824523926,4.919000148773193,4.565670490264893,511332582
2022-01-13,4.929999828338623,4.932000160217285,4.835999965667725,4.8379998207092285,4.490488529205322,488272297
2022-01-14,4.824999809265137,4.840000152587891,4.790999889373779,4.794000148773193,4.449648857116699,410029000
2022-01-17,4.797999858856201,4.85099983215332,4.796999931335449,4.835000038146973,4.487704277038574,498349057
2022-01-18,4.831999778747559,4.896999835968018,4.815000057220459,4.88100004196167,4.530399799346924,624167062
2022-01-19,4.815000057220459,4.839000225067139,4.75600004196167,4.78000020980835,4.505890846252441,522439260
2022-01-20,4.775000095367432,4.8470001220703125,4.77400016784668,4.817999839782715,4.541711807250977,541278488
2022-01-21,4.809999942779541,4.815000057220459,4.763999938964844,4.783999919891357,4.509661674499512,781436980
2022-01-24,4.760000228881836,4.798999786376953,4.748000144958496,4.785999774932861,4.511546611785889,460574013
2022-01-25,4.76200008392334,4.776999950408936,4.676000118255615,4.679999828338623,4.411625862121582,595270865
2022-01-26,4.695000171661377,4.710999965667725,4.650000095367432,4.705999851226807,4.436134338378906,521842100
2022-01-27,4.692999839782715,4.698999881744385,4.616000175476074,4.625,4.359779357910156,607621674
2022-01-28,4.63700008392334,4.658999919891357,4.550000190734863,4.553999900817871,4.292850971221924,858391702
2022-02-07,4.625,4.663000106811523,4.605999946594238,4.625999927520752,4.360722064971924,484586760
2022-02-08,4.625999927520752,4.625999927520752,4.514999866485596,4.604000091552734,4.339983940124512,448141306
2022-02-09,4.605999946594238,4.652999877929688,4.590000152587891,4.64300012588501,4.376747131347656,458938095
2022-02-10,4.650000095367432,4.652999877929688,4.605999946594238,4.631999969482422,4.366377830505371,495383095
2022-02-11,4.613999843597412,4.6579999923706055,4.5929999351501465,4.5960001945495605,4.332442760467529,461743608
2022-02-14,4.579999923706055,4.593999862670898,4.526000022888184,4.546999931335449,4.286252021789551,329967908
2022-02-15,4.547999858856201,4.5929999351501465,4.546000003814697,4.589000225067139,4.3258442878723145,604314440
2022-02-16,4.610000133514404,4.633999824523926,4.5980000495910645,4.610000133514404,4.345639705657959,449800548
2022-02-17,4.605000019073486,4.644000053405762,4.598999977111816,4.619999885559082,4.355065822601318,629040692
2022-02-18,4.599999904632568,4.644999980926514,4.59499979019165,4.644000053405762,4.377689838409424,304105215
2022-02-21,4.636000156402588,4.63700008392334,4.605000019073486,4.626999855041504,4.361664772033691,324195053
2022-02-22,4.590000152587891,4.5970001220703125,4.548999786376953,4.566999912261963,4.305105209350586,315316769
2022-02-23,4.579999923706055,4.618000030517578,4.571000099182129,4.614999771118164,4.350352764129639,446903932
2022-02-24,4.590000152587891,4.602000236511231,4.488999843597412,4.53000020980835,4.270227432250977,591236542
2022-02-25,4.552999973297119,4.611000061035156,4.552999973297119,4.565000057220459,4.303220272064209,384466069
2022-02-28,4.561999797821045,4.572999954223633,4.521999835968018,4.571000099182129,4.308876037597656,269317076
2022-03-01,4.5879998207092285,4.617000102996826,4.572999954223633,4.609000205993652,4.344696998596191,326162903
2022-03-02,4.589000225067139,4.590000152587891,4.552000045776367,4.573999881744385,4.311704158782959,194601292
2022-03-03,4.590000152587891,4.599999904632568,4.534999847412109,4.545000076293945,4.284367084503174,200689920
2022-03-04,4.505000114440918,4.533999919891357,4.480000019073486,4.49399995803833,4.236291885375977,405376626
2022-03-07,4.459000110626221,4.459000110626221,4.328000068664551,4.3460001945495605,4.096778869628906,583112990
2022-03-08,4.3470001220703125,4.370999813079834,4.248000144958496,4.263999938964844,4.019481182098389,691708074
2022-03-09,4.271999835968018,4.294000148773193,4.070000171661377,4.223999977111816,3.9817745685577393,786748812
2022-03-10,4.300000190734863,4.326000213623047,4.2820000648498535,4.283999919891357,4.038333892822266,552846528
2022-03-11,4.228000164031982,4.317999839782715,4.175000190734863,4.311999797821045,4.064728260040283,397342208
2022-03-14,4.25,4.27400016784668,4.171000003814697,4.171999931335449,3.9327566623687744,433100428
2022-03-15,4.135000228881836,4.164000034332275,3.9679999351501465,3.973000049591065,3.745168209075928,1044477802
2022-03-16,4.034999847412109,4.170000076293945,3.941999912261963,4.145999908447266,3.908247709274292,1325138541
2022-03-17,4.2230000495910645,4.294000148773193,4.204999923706055,4.230000019073486,3.9874308109283447,1147561626
2022-03-18,4.210000038146973,4.276000022888184,4.189000129699707,4.257999897003174,4.013824939727783,403021732
2022-03-21,4.263000011444092,4.28000020980835,4.211999893188477,4.251999855041504,4.008169174194336,372016391
2022-03-22,4.23199987411499,4.2820000648498535,4.230999946594238,4.248000144958496,4.004398822784424,250422476
2022-03-23,4.257999897003174,4.285999774932861,4.239999771118164,4.2729997634887695,4.0279645919799805,308244671
2022-03-24,4.25,4.269999980926514,4.2129998207092285,4.245999813079834,4.0025129318237305,220641762
2022-03-25,4.244999885559082,4.254000186920166,4.166999816894531,4.169000148773193,3.92992901802063,356808307
2022-03-28,4.133999824523926,4.173999786376953,4.083000183105469,4.144000053405762,3.906362295150757,415593846
2022-03-29,4.15500020980835,4.172999858856201,4.11899995803833,4.125999927520752,3.8893942832946777,231033117
2022-03-30,4.15399980545044,4.251999855041504,4.15399980545044,4.249000072479248,4.005341529846191,500257530
2022-03-31,4.238999843597412,4.24399995803833,4.210000038146973,4.2179999351501465,3.976118803024292,424278996
2022-04-01,4.186999797821045,4.289000034332275,4.184999942779541,4.269000053405762,4.024194240570068,375247241
2022-04-06,4.243000030517578,4.269000053405762,4.228000164031982,4.256999969482422,4.012882232666016,339893770
2022-04-07,4.236999988555908,4.26800012588501,4.202000141143799,4.204999923706055,3.963864088058472,278398351
2022-04-08,4.208000183105469,4.236000061035156,4.175000190734863,4.232999801635742,3.990258455276489,320271297
2022-04-11,4.204999923706055,4.205999851226807,4.0879998207092285,4.10099983215332,3.865828275680542,580058497
2022-04-12,4.103000164031982,4.176000118255615,4.076000213623047,4.171000003814697,3.931813955307007,806475900
2022-04-13,4.151000022888184,4.186999797821045,4.135000228881836,4.138999938964844,3.901649236679077,387260208
2022-04-14,4.176000118255615,4.211999893188477,4.152999877929688,4.183000087738037,3.943126201629639,573689243
2022-04-15,4.159999847412109,4.205999851226807,4.150000095367432,4.181000232696533,3.9412410259246826,532237966
2022-04-18,4.144999980926514,4.164000034332275,4.117000102996826,4.160999774932861,3.922387599945069,279709272
2022-04-19,4.159999847412109,4.185999870300293,4.110000133514404,4.133999824523926,3.89693546295166,313996240
2022-04-20,4.131999969482422,4.138000011444092,4.058000087738037,4.064000129699707,3.8309500217437744,390343438
2022-04-21,4.052000045776367,4.080999851226807,3.974999904632568,3.996000051498413,3.7668492794036874,792508456
2022-04-22,3.964999914169312,4.037000179290772,3.95199990272522,4.00600004196167,3.776276111602783,617378397
2022-04-25,3.944999933242798,3.9590001106262207,3.806999921798706,3.812999963760376,3.594343423843384,1654284344
2022-04-26,3.815999984741211,3.872999906539917,3.7739999294281006,3.7829999923706055,3.5660641193389893,1543759738
2022-04-27,3.7709999084472656,3.891000032424927,3.759999990463257,3.888999938964844,3.665985345840454,1372583856
2022-04-28,3.871999979019165,3.934999942779541,3.86899995803833,3.9149999618530273,3.690494537353516,1072926129
2022-04-29,3.928999900817871,4.019000053405762,3.892999887466431,4.014999866485596,3.784759759902954,763121189
2022-05-05,3.9800000190734863,4.031000137329102,3.9700000286102295,4.0,3.770620107650757,736095393
2022-05-06,3.924999952316284,3.943000078201294,3.900000095367432,3.9030001163482666,3.679182529449463,520669718
2022-05-09,3.878000020980835,3.9059998989105225,3.849999904632568,3.871000051498413,3.649017572402954,318700633
2022-05-10,3.8329999446868896,3.933000087738037,3.808000087738037,3.9159998893737793,3.691436767578125,547467162
2022-05-11,3.908999919891357,4.026000022888184,3.908999919891357,3.970999956130981,3.7432827949523926,629011561
2022-05-12,3.954999923706055,3.9790000915527344,3.933000087738037,3.950999975204468,3.724429845809937,307105783
2022-05-13,3.98799991607666,3.999000072479248,3.95199990272522,3.982000112533569,3.753652334213257,279973247
2022-05-16,4.0,4.013999938964844,3.940000057220459,3.950999975204468,3.724429845809937,442584342
2022-05-17,3.9600000381469727,4.000999927520752,3.9489998817443848,4.0,3.770620107650757,300849564
2022-05-18,4.006999969482422,4.017000198364258,3.9600000381469727,3.986000061035156,3.757422924041748,264017324
2022-05-19,3.947000026702881,3.996999979019165,3.936000108718872,3.994999885559082,3.765906810760498,324962036
2022-05-20,4.019999980926514,4.079999923706055,4.010000228881836,4.078999996185303,3.845089912414551,600461424
2022-05-23,4.078999996185303,4.078999996185303,4.020999908447266,4.046999931335449,3.814924716949463,512091273
2022-05-24,4.046000003814697,4.048999786376953,3.9600000381469727,3.964999914169312,3.737627029418945,415664500
2022-05-25,3.9600000381469727,3.983999967575073,3.947999954223633,3.982000112533569,3.753652334213257,457684097
2022-05-26,3.983000040054321,4.019999980926514,3.931999921798706,3.992000102996826,3.7630789279937744,481614068
2022-05-27,4.021999835968018,4.057000160217285,3.984999895095825,4.001999855041504,3.772505044937134,553297211
2022-05-30,4.019999980926514,4.043000221252441,4.006999969482422,4.025000095367432,3.794186592102051,450531920
2022-05-31,4.025000095367432,4.103000164031982,4.015999794006348,4.089000225067139,3.854516506195069,452258118
2022-06-01,4.089000225067139,4.0960001945495605,4.059999942779541,4.083000183105469,3.848860502243042,377434508
2022-06-02,4.065999984741211,4.0980000495910645,4.058000087738037,4.093999862670898,3.859229564666748,290132608
2022-06-06,4.0920000076293945,4.177000045776367,4.065000057220459,4.176000118255615,3.9365272521972656,423835904
2022-06-07,4.160999774932861,4.202000141143799,4.15500020980835,4.182000160217285,3.942183017730713,380864188
2022-06-08,4.184999942779541,4.230000019073486,4.164999961853027,4.223999977111816,3.9817745685577393,427291052
2022-06-09,4.215000152587891,4.234000205993652,4.172999858856201,4.190000057220459,3.9497244358062735,291614828
2022-06-10,4.158999919891357,4.260000228881836,4.1579999923706055,4.248000144958496,4.004398822784424,648069142
2022-06-13,4.210000038146973,4.2230000495910645,4.170000076293945,4.196000099182129,3.95538067817688,579900248
2022-06-14,4.164999961853027,4.239999771118164,4.114999771118164,4.236000061035156,3.993086576461792,624902550
2022-06-15,4.232999801635742,4.363999843597412,4.232999801635742,4.284999847412109,4.039276599884033,1121885205
2022-06-16,4.297999858856201,4.316999912261963,4.249000072479248,4.257999897003174,4.013824939727783,507512036
2022-06-17,4.241000175476074,4.336999893188477,4.235000133514404,4.321000099182129,4.073212623596191,715647404
2022-06-20,4.330999851226807,4.388000011444092,4.308000087738037,4.3420000076293945,4.093008518218994,732434457
2022-06-21,4.3420000076293945,4.377999782562256,4.304999828338623,4.340000152587891,4.091123104095459,422401546
2022-06-22,4.340000152587891,4.3470001220703125,4.2820000648498535,4.289999961853027,4.043990135192871,361964272
2022-06-23,4.290999889373779,4.367000102996826,4.283999919891357,4.364999771118164,4.114688873291016,405693924
2022-06-24,4.375,4.426000118255615,4.36299991607666,4.413000106811523,4.159936904907227,414833849
2022-06-27,4.428999900817871,4.499000072479248,4.428999900817871,4.460999965667725,4.205183982849121,455981050
2022-06-28,4.460000038146973,4.526000022888184,4.433000087738037,4.513000011444092,4.254201889038086,374882378
2022-06-29,4.498000144958496,4.526999950408936,4.442999839782715,4.458000183105469,4.202355861663818,544835604
2022-06-30,4.453999996185303,4.545000076293945,4.453000068664551,4.507999897003174,4.249488830566406,568051561
2022-07-01,4.519999980926514,4.525000095367432,4.473999977111816,4.493000030517578,4.235349178314209,445571244
2022-07-04,4.478000164031982,4.5229997634887695,4.448999881744385,4.520999908447266,4.261743545532227,387421725
2022-07-05,4.526000022888184,4.565000057220459,4.461999893188477,4.511000156402588,4.252316951751709,392115820
2022-07-06,4.5,4.510000228881836,4.422999858856201,4.452000141143799,4.196700096130371,318962717
2022-07-07,4.445000171661377,4.48799991607666,4.421999931335449,4.4679999351501465,4.211782932281494,403045946
2022-07-08,4.491000175476074,4.513000011444092,4.456999778747559,4.464000225067139,4.208012104034424,208249030
2022-07-11,4.446000099182129,4.446000099182129,4.369999885559082,4.388000011444092,4.136370658874512,452207498
2022-07-12,4.381999969482422,4.4070000648498535,4.3379998207092285,4.352000236511231,4.1024346351623535,343539200
2022-07-13,4.355000019073486,4.379000186920166,4.328000068664551,4.359000205993652,4.109033107757568,295600301
2022-07-14,4.355000019073486,4.388999938964844,4.335999965667725,4.360000133514404,4.109975814819336,326414269
2022-07-15,4.349999904632568,4.400000095367432,4.293000221252441,4.295000076293945,4.048703193664551,737307108
2022-07-18,4.311999797821045,4.359000205993652,4.27400016784668,4.341000080108643,4.092065334320068,389115108
2022-07-19,4.336999893188477,4.336999893188477,4.284999847412109,4.318999767303467,4.071326732635498,353527001
2022-07-20,4.340000152587891,4.360000133514404,4.317999839782715,4.330999851226807,4.082638740539551,299838373
2022-07-21,4.315000057220459,4.3379998207092285,4.284999847412109,4.285999774932861,4.040219306945801,310492643
2022-07-22,4.301000118255615,4.335000038146973,4.258999824523926,4.289000034332275,4.043047428131104,314768801
2022-07-25,4.284999847412109,4.288000106811523,4.252999782562256,4.270999908447266,4.026079177856445,251676078
2022-07-26,4.276999950408936,4.320000171661377,4.27400016784668,4.300000190734863,4.053416728973389,376254537
2022-07-27,4.289999961853027,4.296999931335449,4.26800012588501,4.276000022888184,4.030792713165283,257178619
2022-07-28,4.291999816894531,4.329999923706055,4.275000095367432,4.27899980545044,4.033620834350586,369581028
2022-07-29,4.2829999923706055,4.304999828338623,4.210999965667725,4.21999979019165,3.978003978729248,471265353
2022-08-01,4.205999851226807,4.248000144958496,4.181000232696533,4.23799991607666,3.994972229003906,298391483
2022-08-02,4.210000038146973,4.210000038146973,4.131999969482422,4.166999816894531,3.928043365478516,543973256
2022-08-03,4.179999828338623,4.209000110626221,4.111000061035156,4.122000217437744,3.8856241703033447,376662823
2022-08-04,4.138999938964844,4.162000179290772,4.122000217437744,4.152999877929688,3.914846181869507,261750872
2022-08-05,4.156000137329102,4.223999977111816,4.152999877929688,4.2179999351501465,3.976118803024292,393385248
2022-08-08,4.201000213623047,4.218999862670898,4.192999839782715,4.203999996185303,3.9629220962524414,157282357
2022-08-09,4.202000141143799,4.218999862670898,4.190000057220459,4.210999965667725,3.969520568847656,241824356
2022-08-10,4.202000141143799,4.216000080108643,4.1479997634887695,4.165999889373779,3.927100896835327,203763174
2022-08-11,4.183000087738037,4.260000228881836,4.176000118255615,4.254000186920166,4.010054588317871,348050252
2022-08-12,4.251999855041504,4.265999794006348,4.23799991607666,4.255000114440918,4.010997295379639,205589752
2022-08-15,4.242000102996826,4.285999774932861,4.23799991607666,4.244999885559082,4.001570701599121,232822800
2022-08-16,4.25,4.271999835968018,4.227000236511231,4.235000133514404,3.992144107818604,168483356
2022-08-17,4.236000061035156,4.287000179290772,4.210999965667725,4.276000022888184,4.030792713165283,281022766
2022-08-18,4.269999980926514,4.27400016784668,4.234000205993652,4.238999843597412,3.995914459228516,199968110
2022-08-19,4.235000133514404,4.250999927520752,4.206999778747559,4.209000110626221,3.967634916305542,289441065
2022-08-22,4.199999809265137,4.248000144958496,4.196000099182129,4.236000061035156,3.993086576461792,310932370
2022-08-23,4.232999801635742,4.25,4.203000068664551,4.2220001220703125,3.979889392852783,275877595
2022-08-24,4.234000205993652,4.23799991607666,4.136000156402588,4.144999980926514,3.907305002212525,403161100
2022-08-25,4.152999877929688,4.185999870300293,4.124000072479248,4.181000232696533,3.9412410259246826,332510691
2022-08-26,4.178999900817871,4.201000213623047,4.168000221252441,4.175000190734863,3.935584783554077,226855432
2022-08-29,4.140999794006348,4.160999774932861,4.125,4.150000095367432,3.9120185375213614,234594502
2022-08-30,4.15399980545044,4.156000137329102,4.105999946594238,4.140999794006348,3.903534173965454,232094792
2022-08-31,4.124000072479248,4.182000160217285,4.11299991607666,4.140999794006348,3.903534173965454,555279634
2022-09-01,4.130000114440918,4.152999877929688,4.0980000495910645,4.10699987411499,3.871484041213989,320251600
2022-09-02,4.110000133514404,4.11899995803833,4.064000129699707,4.084000110626221,3.8498032093048096,263737445
2022-09-05,4.074999809265137,4.083000183105469,4.039999961853027,4.081999778747559,3.8479177951812735,215865010
2022-09-06,4.09499979019165,4.116000175476074,4.073999881744385,4.111000061035156,3.875254631042481,264101508
2022-09-07,4.0970001220703125,4.13100004196167,4.093999862670898,4.11899995803833,3.882796049118042,183572795
2022-09-08,4.123000144958496,4.13100004196167,4.099999904632568,4.10099983215332,3.865828275680542,171632183
2022-09-09,4.10699987411499,4.166999816894531,4.105999946594238,4.158999919891357,3.920501947402954,392975947
2022-09-13,4.165999889373779,4.195000171661377,4.162000179290772,4.172999858856201,3.933699131011963,327431190
2022-09-14,4.133999824523926,4.15500020980835,4.113999843597412,4.126999855041504,3.890337228775024,429913863
2022-09-15,4.133999824523926,4.146999835968018,4.065000057220459,4.090000152587891,3.855459213256836,588844446
2022-09-16,4.077000141143799,4.086999893188477,3.996000051498413,4.0,3.770620107650757,725780900
2022-09-19,3.99399995803833,4.014999866485596,3.974999904632568,3.989000082015991,3.760251045227051,397790449
2022-09-20,4.00600004196167,4.0229997634887695,3.9800000190734863,3.990999937057495,3.762136220932007,301514995
2022-09-21,3.9800000190734863,3.990000009536743,3.943000078201294,3.9609999656677246,3.733856678009033,363488622
2022-09-22,3.944999933242798,3.96399998664856,3.920000076293945,3.931999921798706,3.706519603729248,279846800
2022-09-23,3.931999921798706,3.950999975204468,3.891999959945679,3.924000024795532,3.6989784240722656,520249045
2022-09-26,3.900000095367432,3.9579999446868896,3.8940000534057617,3.8989999294281006,3.6754117012023926,756033583
2022-09-27,3.910000085830689,3.9570000171661377,3.891999959945679,3.9489998817443848,3.722544670104981,519160341
2022-09-28,3.934999942779541,3.937999963760376,3.890000104904175,3.892999887466431,3.669755935668945,530081606
2022-09-29,3.9159998893737793,3.937000036239624,3.872999906539917,3.8940000534057617,3.670698642730713,506083627
2022-09-30,3.8949999809265137,3.9149999618530273,3.865000009536743,3.868000030517578,3.6461896896362314,638378801
2022-10-10,3.867000102996826,3.869999885559082,3.776999950408936,3.7890000343322754,3.571720123291016,684109248
2022-10-11,3.7909998893737793,3.803999900817871,3.7699999809265137,3.78600001335144,3.568892002105713,491380691
2022-10-12,3.786999940872192,3.8510000705718994,3.7190001010894775,3.848000049591065,3.6273365020751953,731512983
2022-10-13,3.815999984741211,3.846999883651733,3.805999994277954,3.815000057220459,3.596228837966919,345140276
2022-10-14,3.8519999980926514,3.92300009727478,3.8429999351501465,3.9030001163482666,3.679182529449463,749629133
2022-10-17,3.8949999809265137,3.9059998989105225,3.86899995803833,3.901999950408936,3.6782398223876953,388760090
2022-10-18,3.924000024795532,3.930000066757202,3.88700008392334,3.8949999809265137,3.671641349792481,431134380
2022-10-19,3.890000104904175,3.901999950408936,3.8340001106262207,3.8359999656677246,3.616024494171143,288162283
2022-10-20,3.819999933242798,3.875999927520752,3.7909998893737793,3.8239998817443848,3.60471248626709,372305013
2022-10-21,3.836999893188477,3.83899998664856,3.783999919891357,3.802000045776367,3.5839743614196777,327572110
2022-10-24,3.799000024795532,3.8329999446868896,3.686000108718872,3.703999996185303,3.4915943145751958,629793970
2022-10-25,3.691999912261963,3.739000082015991,3.66100001335144,3.687999963760376,3.476511716842652,823516971
2022-10-26,3.690000057220459,3.767999887466431,3.688999891281128,3.7160000801086426,3.502906084060669,686287021
2022-10-27,3.739000082015991,3.75,3.688999891281128,3.690000057220459,3.4783971309661865,512397050
2022-10-28,3.677000045776367,3.683000087738037,3.595000028610229,3.6040000915527344,3.3973288536071777,738137151
2022-10-31,3.5799999237060547,3.615999937057495,3.552000045776367,3.565000057220459,3.360564947128296,597656387
2022-11-01,3.5850000381469727,3.704999923706055,3.5799999237060547,3.703000068664551,3.4906513690948486,1069157204
2022-11-02,3.684999942779541,3.766999959945679,3.677999973297119,3.736999988555908,3.5227017402648926,751646303
2022-11-03,3.7170000076293945,3.732000112533569,3.688999891281128,3.7070000171661377,3.494422197341919,488110710
2022-11-04,3.704999923706055,3.8510000705718994,3.703999996185303,3.8340001106262207,3.6141395568847656,1129245726
2022-11-07,3.809999942779541,3.8550000190734863,3.809000015258789,3.8340001106262207,3.6141395568847656,534073373
2022-11-08,3.8340001106262207,3.8429999351501465,3.786999940872192,3.811000108718872,3.592458486557007,801257895
2022-11-09,3.811000108718872,3.8239998817443848,3.766999959945679,3.7709999084472656,3.5547518730163574,520923983
2022-11-10,3.75,3.766000032424927,3.7269999980926514,3.75,3.534956216812134,506496368
2022-11-11,3.8420000076293945,3.8980000019073486,3.809999942779541,3.848000049591065,3.6273365020751953,1376702267
2022-11-14,3.8980000019073486,3.9189999103546143,3.839999914169312,3.849999904632568,3.629221439361572,850966866
2022-11-15,3.8420000076293945,3.934000015258789,3.8350000381469727,3.924999952316284,3.699920892715454,767183469
2022-11-16,3.9179999828338623,3.937999963760376,3.891000032424927,3.8959999084472656,3.672583818435669,537797213
2022-11-17,3.885999917984009,3.885999917984009,3.8350000381469727,3.878999948501587,3.656558752059937,791622815
2022-11-18,3.881999969482422,3.901999950408936,3.858999967575073,3.865999937057495,3.6443042755126953,649194923
2022-11-21,3.836999893188477,3.836999893188477,3.7899999618530273,3.8329999446868896,3.61319637298584,518248908
2022-11-22,3.82699990272522,3.871000051498413,3.805000066757202,3.8310000896453857,3.611311435699463,649025638
2022-11-23,3.819999933242798,3.8559999465942383,3.813999891281128,3.8340001106262207,3.6141395568847656,548791595
2022-11-24,3.849999904632568,3.868000030517578,3.809999942779541,3.815999984741211,3.5971713066101074,482148926
2022-11-25,3.819000005722046,3.8540000915527344,3.805000066757202,3.836999893188477,3.61696720123291,549215773
2022-11-28,3.7720000743865967,3.799000024795532,3.7300000190734863,3.7920000553131104,3.57454776763916,626091449
2022-11-29,3.813999891281128,3.9170000553131104,3.813999891281128,3.9079999923706055,3.6838958263397217,720706845
2022-11-30,3.8980000019073486,3.927000045776367,3.8949999809265137,3.91100001335144,3.686723709106445,459485800
2022-12-01,3.9800000190734863,4.010000228881836,3.954999923706055,3.9560000896453857,3.7291431427001953,635412583
2022-12-02,3.954999923706055,3.96399998664856,3.930999994277954,3.933000087738037,3.707462072372437,1030421029
2022-12-05,3.973999977111816,4.006999969482422,3.9570000171661377,4.004000186920166,3.774390935897827,876177074
2022-12-06,3.992000102996826,4.050000190734863,3.98799991607666,4.026999950408936,3.796071767807007,765807260
2022-12-07,4.019999980926514,4.065999984741211,4.0,4.014999866485596,3.784759759902954,682075053
2022-12-08,4.014999866485596,4.0329999923706055,4.002999782562256,4.02400016784668,3.793243885040283,509409492
2022-12-09,4.0229997634887695,4.068999767303467,4.007999897003174,4.058000087738037,3.825294017791748,647455186
2022-12-12,4.045000076293945,4.045000076293945,4.01200008392334,4.015999794006348,3.7857024669647217,466857524
2022-12-13,4.01800012588501,4.027999877929688,4.0,4.005000114440918,3.775333166122437,363674333
2022-12-14,4.010000228881836,4.0329999923706055,3.994999885559082,4.014999866485596,3.784759759902954,621907353
2022-12-15,4.015999794006348,4.025000095367432,3.98799991607666,4.013000011444092,3.782874584197998,530751298
2022-12-16,4.011000156402588,4.026000022888184,3.992000102996826,4.017000198364258,3.786645412445069,908368692
2022-12-19,4.021999835968018,4.0329999923706055,3.941999912261963,3.9590001106262207,3.731971263885498,745196491
2022-12-20,3.944999933242798,3.947999954223633,3.872999906539917,3.8959999084472656,3.672583818435669,815565496
2022-12-21,3.901000022888184,3.91100001335144,3.881999969482422,3.892999887466431,3.669755935668945,523055800
2022-12-22,3.9159998893737793,3.944000005722046,3.88100004196167,3.901000022888184,3.677297353744507,687820977
2022-12-23,3.884000062942505,3.911999940872192,3.871999979019165,3.891000032424927,3.667870759963989,1084791027
2022-12-26,3.890000104904175,3.920000076293945,3.888000011444092,3.900000095367432,3.6763546466827393,651193684
2022-12-27,3.940000057220459,3.953000068664551,3.9189999103546143,3.947000026702881,3.720659494400024,582048797
2022-12-28,3.938999891281128,3.944999933242798,3.9170000553131104,3.934000015258789,3.708404779434204,649268983
2022-12-29,3.9189999103546143,3.933000087738037,3.8959999084472656,3.921999931335449,3.697092771530152,721271003
2022-12-30,3.937000036239624,3.950999975204468,3.934000015258789,3.937999963760376,3.7121756076812735,630228576
2023-01-03,3.937000036239624,3.9609999656677246,3.890000104904175,3.9489998817443848,3.722544670104981,656310782
2023-01-04,3.947999954223633,3.964999914169312,3.930999994277954,3.953999996185303,3.72725772857666,980799721
2023-01-05,3.974999904632568,4.034999847412109,3.971999883651733,4.02899980545044,3.797956943511963,774502293
2023-01-06,4.03000020980835,4.061999797821045,4.026000022888184,4.045000076293945,3.813039541244507,541080825
2023-01-09,4.065000057220459,4.085999965667725,4.052000045776367,4.070000171661377,3.83660626411438,780959941
2023-01-10,4.067999839782715,4.0920000076293945,4.061999797821045,4.076000213623047,3.8422622680664062,744262224
2023-01-11,4.077000141143799,4.105000019073486,4.068999767303467,4.076000213623047,3.8422622680664062,571511439
2023-01-12,4.083000183105469,4.09499979019165,4.067999839782715,4.081999778747559,3.8479177951812735,325587208
2023-01-13,4.089000225067139,4.1479997634887695,4.089000225067139,4.144000053405762,3.906362295150757,655908997
2023-01-16,4.085000038146973,4.184000015258789,4.083000183105469,4.14300012588501,3.966681480407715,1716375927
2023-01-17,4.14300012588501,4.151999950408936,4.122000217437744,4.138999938964844,3.9628515243530273,601513127
2023-01-18,4.145999908447266,4.151999950408936,4.125999927520752,4.130000114440918,3.9542346000671382,445690058
2023-01-19,4.120999813079834,4.159999847412109,4.103000164031982,4.1579999923706055,3.981043100357056,607432404
2023-01-20,4.172999858856201,4.193999767303467,4.164999961853027,4.181000232696533,4.003064632415772,570082196
2023-01-30,4.260000228881836,4.267000198364258,4.197999954223633,4.204999923706055,4.026042461395264,801347080
2023-01-31,4.208000183105469,4.2170000076293945,4.151999950408936,4.158999919891357,3.982000112533569,1139222231
2023-02-01,4.164000034332275,4.191999912261963,4.132999897003174,4.190000057220459,4.011681079864502,715651962
2023-02-02,4.202000141143799,4.204999923706055,4.163000106811523,4.179999828338623,4.002106666564941,1001852833
2023-02-03,4.15399980545044,4.1570000648498535,4.10099983215332,4.13700008392334,3.960936546325684,960052104
2023-02-06,4.103000164031982,4.104000091552734,4.058000087738037,4.079999923706055,3.906362533569336,731459703
2023-02-07,4.085999965667725,4.10099983215332,4.070000171661377,4.090000152587891,3.915936946868897,553988104
2023-02-08,4.0920000076293945,4.109000205993652,4.065000057220459,4.072999954223633,3.899660348892212,462871301
2023-02-09,4.066999912261963,4.13100004196167,4.063000202178955,4.126999855041504,3.951362133026123,595888582
2023-02-10,4.127999782562256,4.127999782562256,4.085999965667725,4.103000164031982,3.9283835887908936,520522436
2023-02-13,4.090000152587891,4.140999794006348,4.083000183105469,4.135000228881836,3.959022045135498,828010137
2023-02-14,4.140999794006348,4.146999835968018,4.11899995803833,4.144000053405762,3.967638731002808,332632366
2023-02-15,4.140999794006348,4.15399980545044,4.107999801635742,4.116000175476074,3.940830707550049,645506758
2023-02-16,4.119999885559082,4.168000221252441,4.061999797821045,4.086999893188477,3.913064479827881,792510051
2023-02-17,4.085000038146973,4.10099983215332,4.025000095367432,4.02899980545044,3.857532739639282,743394922
2023-02-20,4.033999919891357,4.13700008392334,4.027999877929688,4.133999824523926,3.958064079284668,1049525486
2023-02-21,4.133999824523926,4.150000095367432,4.113999843597412,4.138999938964844,3.9628515243530273,560902494
2023-02-22,4.123000144958496,4.133999824523926,4.0920000076293945,4.098999977111816,3.924553632736206,452945439
2023-02-23,4.103000164031982,4.125,4.080999851226807,4.098999977111816,3.924553632736206,465559533
2023-02-24,4.0980000495910645,4.0980000495910645,4.039999961853027,4.059999942779541,3.887213468551636,808776154
2023-02-27,4.039999961853027,4.063000202178955,4.027999877929688,4.045000076293945,3.872852087020874,456957503
2023-02-28,4.057000160217285,4.076000213623047,4.019999980926514,4.071000099182129,3.8977456092834473,484545431
2023-03-01,4.066999912261963,4.136000156402588,4.059999942779541,4.119999885559082,3.944660186767578,1180480952
2023-03-02,4.110000133514404,4.133999824523926,4.10699987411499,4.114999771118164,3.9398727416992183,439132860
2023-03-03,4.125999927520752,4.136000156402588,4.093999862670898,4.124000072479248,3.9484901428222656,420175727
2023-03-06,4.125,4.126999855041504,4.079999923706055,4.098999977111816,3.924553632736206,929302452
2023-03-07,4.09499979019165,4.118000030517578,4.039000034332275,4.041999816894531,3.8699796199798575,674649418
2023-03-08,4.03000020980835,4.034999847412109,4.010000228881836,4.026000022888184,3.8546605110168457,431315362
2023-03-09,4.0320000648498535,4.035999774932861,3.992000102996826,4.015999794006348,3.845086097717285,407936491
2023-03-10,3.990000009536743,4.004000186920166,3.9590001106262207,3.9609999656677246,3.792427062988281,498112925
2023-03-13,3.9609999656677246,4.007999897003174,3.9609999656677246,4.005000114440918,3.834554433822632,467452924
2023-03-14,4.0,4.0,3.944999933242798,3.9800000190734863,3.8106184005737305,463541570
2023-03-15,4.00600004196167,4.015999794006348,3.9779999256134033,3.9790000915527344,3.8096609115600586,393301056
2023-03-16,3.9600000381469727,3.9790000915527344,3.930000066757202,3.933000087738037,3.765618562698364,433143817
2023-03-17,3.9600000381469727,4.004000186920166,3.934999942779541,3.953999996185303,3.785724639892578,1123501196
2023-03-20,3.953999996185303,3.9760000705718994,3.9260001182556152,3.931999921798706,3.764661073684693,570954757
2023-03-21,3.943000078201294,3.9790000915527344,3.940999984741211,3.974999904632568,3.805830955505371,556743661
2023-03-22,3.984999895095825,4.008999824523926,3.9790000915527344,3.993000030517578,3.823065042495728,581756157
2023-03-23,3.9800000190734863,4.0320000648498535,3.9779999256134033,4.031000137329102,3.859447956085205,534472929
2023-03-24,4.0229997634887695,4.033999919891357,4.013999938964844,4.026000022888184,3.8546605110168457,254895254
2023-03-27,4.025000095367432,4.025000095367432,3.983999967575073,4.005000114440918,3.834554433822632,491254674
2023-03-28,4.00600004196167,4.01800012588501,3.990000009536743,3.996999979019165,3.826894998550415,507206125
2023-03-29,4.01800012588501,4.019000053405762,3.990999937057495,3.996999979019165,3.826894998550415,616336308
2023-03-30,3.997999906539917,4.040999889373779,3.9809999465942383,4.039999961853027,3.8680648803710938,557206977
2023-03-31,4.045000076293945,4.063000202178955,4.039000034332275,4.050000190734863,3.8776395320892334,671162479
2023-04-03,4.050000190734863,4.091000080108643,4.045000076293945,4.079999923706055,3.906362533569336,551339698
2023-04-04,4.079999923706055,4.102000236511231,4.072000026702881,4.099999904632568,3.925511121749878,480308724
2023-04-06,4.085000038146973,4.0929999351501465,4.072999954223633,4.0879998207092285,3.9140217304229736,378286841
2023-04-07,4.0879998207092285,4.129000186920166,4.085999965667725,4.117000102996826,3.9417881965637207,329585683
2023-04-10,4.127999782562256,4.129000186920166,4.0980000495910645,4.102000236511231,3.9274260997772217,474361579
2023-04-11,4.105000019073486,4.111999988555908,4.078000068664551,4.0920000076293945,3.917851686477661,535954987
2023-04-12,4.0929999351501465,4.0980000495910645,4.079999923706055,4.0879998207092285,3.9140217304229736,335833687
2023-04-13,4.078999996185303,4.085000038146973,4.057000160217285,4.063000202178955,3.8900861740112314,402190738
2023-04-14,4.074999809265137,4.093999862670898,4.071000099182129,4.084000110626221,3.910192489624024,456032644
2023-04-17,4.080999851226807,4.146999835968018,4.079999923706055,4.144999980926514,3.96859622001648,632547999
2023-04-18,4.144000053405762,4.163000106811523,4.136000156402588,4.151999950408936,3.975298166275024,416054295
2023-04-19,4.15399980545044,4.15399980545044,4.114999771118164,4.11899995803833,3.943702697753906,408573024
2023-04-20,4.118000030517578,4.122000217437744,4.090000152587891,4.103000164031982,3.9283835887908936,607308636
2023-04-21,4.103000164031982,4.105999946594238,4.02400016784668,4.03000020980835,3.858490467071533,683648627
2023-04-24,4.02899980545044,4.0320000648498535,3.963000059127808,3.9790000915527344,3.8096609115600586,594093664
2023-04-25,3.9800000190734863,3.98799991607666,3.924000024795532,3.9600000381469727,3.79146957397461,966426771
2023-04-26,3.9579999446868896,3.9700000286102295,3.934000015258789,3.950999975204468,3.7828524112701416,903465326
2023-04-27,3.947999954223633,4.0,3.940000057220459,3.986000061035156,3.816362857818604,467769671
2023-04-28,3.996999979019165,4.03000020980835,3.990999937057495,4.025000095367432,3.853703260421753,451806234
2023-05-04,4.013000011444092,4.026999950408936,3.996000051498413,4.025000095367432,3.853703260421753,337861124
2023-05-05,4.026000022888184,4.038000106811523,3.989000082015991,4.008999824523926,3.838383913040161,337949905
2023-05-08,4.015999794006348,4.064000129699707,4.011000156402588,4.053999900817871,3.881468772888184,684815156
2023-05-09,4.059000015258789,4.085000038146973,4.019000053405762,4.019000053405762,3.847958564758301,566890688
2023-05-10,4.017000198364258,4.019000053405762,3.9800000190734863,3.98799991607666,3.818277597427368,916593316
2023-05-11,3.997999906539917,4.007999897003174,3.9800000190734863,3.983000040054321,3.813490629196167,321615029
2023-05-12,3.982000112533569,3.996000051498413,3.930000066757202,3.931999921798706,3.764661073684693,518774522
2023-05-15,3.934000015258789,3.996000051498413,3.92300009727478,3.994999885559082,3.824979782104492,810757396
2023-05-16,3.99399995803833,4.0,3.961999893188477,3.9779999256134033,3.8087034225463863,406820310
2023-05-17,3.970999956130981,3.982000112533569,3.940999984741211,3.950999975204468,3.7828524112701416,640580508
2023-05-18,3.9579999446868896,3.9779999256134033,3.930999994277954,3.950000047683716,3.7818949222564697,700600219
2023-05-19,3.940000057220459,3.9660000801086426,3.921999931335449,3.944000005722046,3.7761504650115967,341712585
2023-05-22,3.943000078201294,3.984999895095825,3.930000066757202,3.96399998664856,3.7952992916107178,500375723
2023-05-23,3.9670000076293945,3.970999956130981,3.9059998989105225,3.9070000648498535,3.740725040435791,611757337
2023-05-24,3.901999950408936,3.9030001163482666,3.8519999980926514,3.8540000915527344,3.689980745315552,767277616
2023-05-25,3.848000049591065,3.858000040054321,3.812000036239624,3.8450000286102295,3.681363582611084,491856745
2023-05-26,3.8429999351501465,3.861000061035156,3.812999963760376,3.849999904632568,3.686150789260864,446203660
2023-05-29,3.858000040054321,3.869999885559082,3.819000005722046,3.8340001106262207,3.670831918716431,403013549
2023-05-30,3.825999975204468,3.846999883651733,3.7899999618530273,3.838000059127808,3.674661636352539,572097944
2023-05-31,3.828000068664551,3.828000068664551,3.785000085830689,3.802000045776367,3.640193700790405,733875712
2023-06-01,3.799000024795532,3.839999914169312,3.7939999103546143,3.809999942779541,3.647853136062622,674975697
2023-06-02,3.829999923706055,3.872999906539917,3.829999923706055,3.86299991607666,3.69859766960144,692978097
2023-06-05,3.857000112533569,3.861000061035156,3.8350000381469727,3.8450000286102295,3.681363582611084,361154926
2023-06-06,3.845999956130981,3.874000072479248,3.803999900817871,3.808000087738037,3.6459383964538574,411569703
2023-06-07,3.819999933242798,3.82699990272522,3.7829999923706055,3.796000003814697,3.634449005126953,372176673
2023-06-08,3.796000003814697,3.8429999351501465,3.7829999923706055,3.828000068664551,3.6650872230529785,383488893
2023-06-09,3.828999996185303,3.846999883651733,3.822000026702881,3.8440001010894775,3.680406332015991,527068856
2023-06-12,3.839999914169312,3.869999885559082,3.825000047683716,3.848000049591065,3.684235811233521,459659336
2023-06-13,3.839999914169312,3.880000114440918,3.836999893188477,3.877000093460083,3.712001800537109,350388028
2023-06-14,3.878999948501587,3.9040000438690186,3.875,3.877000093460083,3.712001800537109,444113622
2023-06-15,3.885999917984009,3.943000078201294,3.880000114440918,3.941999912261963,3.774235486984253,508430549
2023-06-16,3.9489998817443848,3.98799991607666,3.9489998817443848,3.9790000915527344,3.8096609115600586,602148804
2023-06-19,3.9790000915527344,3.9790000915527344,3.944000005722046,3.9489998817443848,3.780937433242798,400307379
2023-06-20,3.940999984741211,3.9590001106262207,3.936000108718872,3.941999912261963,3.774235486984253,353892342
2023-06-21,3.934999942779541,3.938999891281128,3.884999990463257,3.88700008392334,3.721576452255249,489353700
2023-06-26,3.865999937057495,3.869999885559082,3.8310000896453857,3.8429999351501465,3.67944860458374,640495600
2023-06-27,3.8420000076293945,3.878999948501587,3.8350000381469727,3.86899995803833,3.7043421268463135,397102074
2023-06-28,3.86299991607666,3.878000020980835,3.836999893188477,3.877000093460083,3.712001800537109,462745613
2023-06-29,3.877000093460083,3.878999948501587,3.846999883651733,3.858999967575073,3.694767951965332,300262647
2023-06-30,3.858000040054321,3.900000095367432,3.8529999256134033,3.881999969482422,3.716788768768311,529918250
2023-07-03,3.890000104904175,3.938999891281128,3.888000011444092,3.927000045776367,3.759874105453491,473909707
2023-07-04,3.924999952316284,3.936000108718872,3.9189999103546143,3.934000015258789,3.766576051712036,252121289
2023-07-05,3.927999973297119,3.934000015258789,3.901000022888184,3.9070000648498535,3.740725040435791,271215241
2023-07-06,3.900000095367432,3.920000076293945,3.874000072479248,3.878999948501587,3.713916540145874,346743884
2023-07-07,3.875,3.884000062942505,3.858999967575073,3.868000030517578,3.7033848762512207,302277670
2023-07-10,3.885999917984009,3.910000085830689,3.871999979019165,3.884000062942505,3.7187037467956543,428486811
2023-07-11,3.8970000743865967,3.9149999618530273,3.88700008392334,3.910000085830689,3.743597507476807,587438934
2023-07-12,3.9140000343322754,3.920000076293945,3.88100004196167,3.891000032424927,3.725406169891357,389410768
2023-07-13,3.910000085830689,3.9570000171661377,3.910000085830689,3.953999996185303,3.785724639892578,572286552
2023-07-14,3.9600000381469727,3.96399998664856,3.950000047683716,3.95199990272522,3.7838096618652335,363262103
2023-07-17,3.946000099182129,3.946000099182129,3.9079999923706055,3.924000024795532,3.757001638412476,448612566
2023-07-18,3.924999952316284,3.931999921798706,3.9049999713897705,3.9179999828338623,3.751256704330444,266670716
2023-07-19,3.910000085830689,3.924000024795532,3.8949999809265137,3.9159998893737793,3.7493417263031006,501240659
2023-07-20,3.92300009727478,3.941999912261963,3.88100004196167,3.888000011444092,3.722533702850342,871507069
2023-07-21,3.888000011444092,3.9170000553131104,3.875,3.890000104904175,3.7244486808776855,727250149
2023-07-24,3.869999885559082,3.8970000743865967,3.864000082015991,3.872999906539917,3.708171844482422,454981986
2023-07-25,3.920000076293945,3.986000061035156,3.920000076293945,3.984999895095825,3.815405368804932,1140982393
2023-07-26,3.9800000190734863,3.982000112533569,3.9609999656677246,3.9760000705718994,3.806788682937622,588038574
2023-07-27,3.984999895095825,3.997999906539917,3.9600000381469727,3.971999883651733,3.802958726882935,602465765
2023-07-28,3.953000068664551,4.074999809265137,3.953000068664551,4.067999839782715,3.894872903823853,1496488403
2023-07-31,4.099999904632568,4.140999794006348,4.073999881744385,4.084000110626221,3.910192489624024,1790634998
2023-08-01,4.079999923706055,4.105000019073486,4.054999828338623,4.065999984741211,3.892958164215088,1135981581
2023-08-02,4.059000015258789,4.079999923706055,4.026000022888184,4.037000179290772,3.865192651748657,789439831
2023-08-03,4.031000137329102,4.074999809265137,4.031000137329102,4.072999954223633,3.899660348892212,737931112
2023-08-04,4.114999771118164,4.131999969482422,4.079999923706055,4.093999862670898,3.919766664505005,1422357458
2023-08-07,4.076000213623047,4.076000213623047,4.048999786376953,4.063000202178955,3.8900861740112314,1281422408
2023-08-08,4.047999858856201,4.074999809265137,4.034999847412109,4.047999858856201,3.875724315643311,1116579062
2023-08-09,4.038000106811523,4.054999828338623,4.033999919891357,4.039999961853027,3.8680648803710938,1332507901
2023-08-10,4.038000106811523,4.050000190734863,4.013999938964844,4.045000076293945,3.872852087020874,938250908
2023-08-11,4.045000076293945,4.047999858856201,3.947999954223633,3.950000047683716,3.7818949222564697,1288559813
2023-08-14,3.9189999103546143,3.931999921798706,3.884000062942505,3.92300009727478,3.756044387817383,1038600330
2023-08-15,3.927000045776367,3.934999942779541,3.88100004196167,3.9189999103546143,3.752214193344116,816519410
2023-08-16,3.901999950408936,3.921999931335449,3.88700008392334,3.888999938964844,3.7234911918640137,855849476
2023-08-17,3.871000051498413,3.908999919891357,3.8550000190734863,3.901999950408936,3.7359378337860103,1156118339
2023-08-18,3.9040000438690186,3.9140000343322754,3.8510000705718994,3.8519999980926514,3.688065767288208,1275546546
2023-08-21,3.8429999351501465,3.8540000915527344,3.796999931335449,3.799999952316284,3.6382787227630615,1100924357
2023-08-22,3.818000078201294,3.8410000801086426,3.7720000743865967,3.822999954223633,3.6603000164031982,1331528873
2023-08-23,3.809999942779541,3.821000099182129,3.759000062942505,3.767999887466431,3.607640504837036,1082419722
2023-08-24,3.775000095367432,3.819999933242798,3.7720000743865967,3.7909998893737793,3.629661798477173,952654779
