Date,Open,High,Low,Close,Adj Close,Volume
2015-10-08,32.6349983215332,32.69499969482422,32.41999816894531,32.6349983215332,24.322710037231445,294539
2015-10-09,32.935001373291016,33.064998626708984,32.79999923706055,32.849998474121094,24.48294448852539,240684
2015-10-12,32.915000915527344,33.01499938964844,32.65999984741211,32.81999969482422,24.46059226989746,175692
2015-10-13,32.76499938964844,32.76499938964844,32.29999923706055,32.61000061035156,24.30408477783203,209169
2015-10-14,32.29499816894531,32.630001068115234,32.18000030517578,32.34000015258789,24.10284996032715,262002
2015-10-15,32.540000915527344,32.845001220703125,32.470001220703125,32.755001068115234,24.412145614624023,449561
2015-10-16,32.915000915527344,33.099998474121094,32.8849983215332,33.03499984741211,24.620830535888672,310781
2015-10-19,33.10499954223633,33.290000915527344,33.0,33.1150016784668,24.68045425415039,120437
2015-10-20,33.13999938964844,33.20000076293945,32.834999084472656,32.935001373291016,24.54630470275879,717183
2015-10-21,33.025001525878906,33.224998474121094,32.80500030517578,33.132999420166016,24.693862915039062,163107
2015-10-22,33.0099983215332,34.02000045776367,33.0099983215332,33.95800018310547,25.308732986450195,788614
2015-10-23,34.279998779296875,34.91999816894531,34.23500061035156,34.665000915527344,25.83565902709961,1250513
2015-10-26,34.55500030517578,34.724998474121094,34.45000076293945,34.57500076293945,25.768585205078125,396195
2015-10-27,34.41999816894531,34.584999084472656,34.237998962402344,34.237998962402344,25.51742172241211,430995
2015-10-28,34.3849983215332,34.69499969482422,34.314998626708984,34.60499954223633,25.79094123840332,416081
2015-10-29,34.75,34.75,34.29499816894531,34.553001403808594,25.752185821533203,1036407
2015-10-30,34.619998931884766,34.66999816894531,34.334999084472656,34.59000015258789,25.779769897460938,668469
2015-11-02,34.34000015258789,34.880001068115234,34.34000015258789,34.755001068115234,25.902738571166992,195662
2015-11-03,34.689998626708984,34.845001220703125,34.595001220703125,34.845001220703125,25.969816207885746,706111
2015-11-04,34.970001220703125,35.15999984741211,34.779998779296875,34.779998779296875,25.921367645263672,321505
2015-11-05,34.82500076293945,35.18000030517578,34.64500045776367,34.904998779296875,26.01453399658203,488673
2015-11-06,34.79999923706055,35.28499984741211,34.65999984741211,35.112998962402344,26.169551849365234,253574
2015-11-09,35.1150016784668,35.13999938964844,34.59000015258789,34.59000015258789,25.779769897460938,328549
2015-11-10,34.720001220703125,34.77000045776367,34.369998931884766,34.68000030517578,25.84684181213379,749621
2015-11-11,34.73500061035156,35.119998931884766,34.73500061035156,34.915000915527344,26.02198600769043,287612
2015-11-12,34.689998626708984,34.900001525878906,34.15999984741211,34.24800109863281,25.58026123046875,160274
2015-11-13,34.14500045776367,34.27000045776367,33.599998474121094,33.94499969482422,25.35394096374512,306329
2015-11-16,33.63999938964844,34.13999938964844,33.63999938964844,34.005001068115234,25.398765563964844,576731
2015-11-17,34.22999954223633,34.88999938964844,34.22999954223633,34.88999938964844,26.059778213500977,320402
2015-11-18,34.625,34.779998779296875,34.53499984741211,34.72999954223633,25.940269470214844,436724
2015-11-19,34.96500015258789,35.1349983215332,34.779998779296875,34.834999084472656,26.01869201660156,510690
2015-11-20,34.95000076293945,35.07500076293945,34.66999816894531,34.917999267578125,26.0806884765625,289426
2015-11-23,34.810001373291016,34.95500183105469,34.625,34.849998474121094,26.0299015045166,473044
2015-11-24,34.654998779296875,34.654998779296875,34.119998931884766,34.51300048828125,25.77819061279297,814442
2015-11-25,34.505001068115234,35.084999084472656,34.41999816894531,34.974998474121094,26.123262405395508,769412
2015-11-27,35.18000030517578,35.5,35.099998474121094,35.279998779296875,26.35107040405273,275641
2015-11-30,35.17499923706055,35.619998931884766,35.1150016784668,35.43000030517578,26.463117599487305,714375
2015-12-01,35.51499938964844,35.564998626708984,35.11000061035156,35.143001556396484,26.24874687194824,454141
2015-12-02,35.23500061035156,35.369998931884766,34.97999954223633,35.060001373291016,26.186752319335938,608568
2015-12-03,35.060001373291016,35.599998474121094,33.73500061035156,33.73500061035156,25.197093963623047,1780982
2015-12-04,33.70000076293945,33.85499954223633,33.29499816894531,33.685001373291016,25.159748077392575,959578
2015-12-07,33.900001525878906,34.34000015258789,33.849998474121094,33.994998931884766,25.391292572021484,443542
2015-12-08,33.97999954223633,33.97999954223633,33.20500183105469,33.35499954223633,24.913265228271484,966039
2015-12-09,33.435001373291016,33.54499816894531,33.0099983215332,33.16299819946289,24.769859313964844,682284
2015-12-10,33.01499938964844,33.26499938964844,32.8650016784668,33.064998626708984,24.696666717529297,506536
2015-12-11,32.974998474121094,33.029998779296875,32.279998779296875,32.44499969482422,24.23357391357422,1289810
2015-12-14,32.6349983215332,32.81999969482422,31.7549991607666,31.7549991607666,23.718204498291016,947208
2015-12-15,32.185001373291016,32.8849983215332,32.15999984741211,32.8129997253418,24.50844383239746,373498
2015-12-16,32.91999816894531,33.154998779296875,32.66999816894531,32.8650016784668,24.54728126525879,671663
2015-12-17,33.46500015258789,33.83000183105469,33.43000030517578,33.439998626708984,24.97675895690918,430347
2015-12-18,33.13999938964844,33.369998931884766,32.810001373291016,33.005001068115234,24.65184783935547,732537
2015-12-21,32.85499954223633,33.30500030517578,32.55500030517578,32.55500030517578,24.315732955932617,341325
2015-12-22,32.755001068115234,32.849998474121094,32.275001525878906,32.599998474121094,24.349342346191406,716331
2015-12-23,32.89500045776367,33.349998474121094,32.89500045776367,33.26300048828125,24.84455108642578,310476
2015-12-24,33.26300048828125,33.26300048828125,33.26300048828125,33.26300048828125,24.84455108642578,0
2015-12-28,33.30500030517578,33.30500030517578,32.959999084472656,32.97999954223633,24.6331729888916,247419
2015-12-29,33.29999923706055,33.54800033569336,33.29999923706055,33.54800033569336,25.05742073059082,77134
2015-12-30,33.42499923706055,33.540000915527344,33.345001220703125,33.345001220703125,24.905797958374023,232241
2015-12-31,33.345001220703125,33.345001220703125,33.345001220703125,33.345001220703125,24.905797958374023,0
2016-01-04,32.23500061035156,32.3650016784668,31.94499969482422,32.029998779296875,23.92360496520996,440962
2016-01-05,32.34000015258789,32.380001068115234,31.799999237060547,32.189998626708984,24.04311752319336,371295
2016-01-06,32.084999084472656,32.084999084472656,31.48500061035156,31.792999267578125,23.746585845947266,257568
2016-01-07,30.959999084472656,31.415000915527344,30.61000061035156,31.257999420166016,23.34699249267578,1347056
2016-01-08,31.299999237060547,31.51499938964844,30.70499992370605,30.70499992370605,22.93394660949707,611172
2016-01-11,30.71999931335449,31.1200008392334,30.670000076293945,30.700000762939453,22.930213928222656,507582
2016-01-12,30.7450008392334,31.3700008392334,30.674999237060547,31.01000022888184,23.161760330200195,571578
2016-01-13,31.40999984741211,31.68000030517578,31.020000457763672,31.190000534057617,23.296205520629883,743438
2016-01-14,30.71999931335449,30.934999465942383,30.114999771118164,30.6299991607666,22.877931594848636,1473424
2016-01-15,30.63500022888184,30.63500022888184,29.739999771118164,29.8700008392334,22.310279846191406,1296417
2016-01-19,30.309999465942383,30.475000381469727,30.07999992370605,30.23500061035156,22.58289909362793,796614
2016-01-20,29.5,29.5,28.934999465942383,29.26499938964844,21.8583927154541,1197102
2016-01-21,29.30500030517578,29.96999931335449,29.149999618530277,29.84499931335449,22.291603088378903,1076041
2016-01-22,30.420000076293945,30.86000061035156,30.270000457763672,30.58300018310547,22.842823028564453,1585161
2016-01-25,30.700000762939453,30.700000762939453,30.290000915527344,30.399999618530277,22.706144332885746,731384
2016-01-26,29.940000534057617,30.80500030517578,29.875,30.700000762939453,22.930213928222656,446742
2016-01-27,30.604999542236328,30.834999084472656,30.424999237060547,30.834999084472656,23.03104591369629,492515
2016-01-28,30.71999931335449,30.94499969482422,29.975000381469727,30.165000915527344,22.53061294555664,1069719
2016-01-29,30.729999542236328,30.799999237060547,30.3799991607666,30.799999237060547,23.004907608032227,562693
2016-02-01,30.8799991607666,30.8799991607666,30.40999984741211,30.65999984741211,22.90034484863281,194805
2016-02-02,30.5,30.520000457763672,29.770000457763672,29.933000564575195,22.35733985900879,673545
2016-02-03,29.799999237060547,29.8799991607666,29.065000534057617,29.38500022888184,21.94802474975586,832941
2016-02-04,29.709999084472656,29.774999618530277,29.059999465942383,29.507999420166016,22.039888381958008,619357
2016-02-05,29.479999542236328,29.739999771118164,29.20499992370605,29.209999084472656,21.817317962646484,737275
2016-02-08,29.225000381469727,29.350000381469727,28.114999771118164,28.243000030517575,21.09505271911621,972590
2016-02-09,28.36000061035156,28.46999931335449,27.5,27.702999114990234,20.69171905517578,1708072
2016-02-10,27.93000030517578,28.670000076293945,27.81999969482422,28.25,21.10027503967285,1226679
2016-02-11,27.649999618530277,27.649999618530277,27.0,27.1299991607666,20.34005355834961,1073652
2016-02-12,27.489999771118164,27.799999237060547,27.31999969482422,27.799999237060547,20.84237670898437,770032
2016-02-16,28.84000015258789,28.8700008392334,28.32999992370605,28.4950008392334,21.36343765258789,249427
2016-02-17,28.5,29.295000076293945,28.5,29.21500015258789,21.903234481811523,170156
2016-02-18,29.420000076293945,29.63999938964844,29.149999618530277,29.25,21.92947578430176,351033
2016-02-19,29.1200008392334,29.309999465942383,28.790000915527344,28.98500061035156,21.73079872131348,124087
2016-02-22,29.325000762939453,29.665000915527344,29.325000762939453,29.625,22.210622787475582,153711
2016-02-23,29.40999984741211,29.6299991607666,29.184999465942383,29.184999465942383,21.88074111938477,137645
2016-02-24,29.100000381469727,29.15999984741211,28.290000915527344,28.5,21.36717796325684,585775
2016-02-25,28.825000762939453,29.190000534057617,28.795000076293945,29.03499984741211,21.768281936645508,95347
2016-02-26,29.530000686645508,29.799999237060547,29.450000762939453,29.57999992370605,22.176881790161133,155362
2016-02-29,29.225000381469727,29.73500061035156,29.100000381469727,29.73500061035156,22.293088912963867,72459
2016-03-01,29.649999618530277,30.26000022888184,29.649999618530277,30.26000022888184,22.68670082092285,209233
2016-03-02,30.479999542236328,30.600000381469727,30.26000022888184,30.459999084472656,22.83664321899414,258897
2016-03-03,30.46999931335449,30.540000915527344,30.28499984741211,30.399999618530277,22.79166030883789,198769
2016-03-04,30.530000686645508,30.780000686645508,30.43000030517578,30.68000030517578,23.0015869140625,491375
2016-03-07,30.46999931335449,30.614999771118164,30.274999618530277,30.524999618530277,22.885372161865234,455437
2016-03-08,30.1200008392334,30.51499938964844,29.9950008392334,30.315000534057617,22.72793197631836,262389
2016-03-09,30.334999084472656,30.76499938964844,30.334999084472656,30.434999465942383,22.817901611328125,272466
2016-03-10,30.43000030517578,31.59000015258789,29.989999771118164,29.989999771118164,22.48427391052246,1387154
2016-03-11,30.57999992370605,31.024999618530277,30.57999992370605,31.00300025939941,23.243745803833008,269368
2016-03-14,31.26499938964844,31.434999465942383,31.13999938964844,31.229999542236328,23.413930892944336,418607
2016-03-15,31.049999237060547,31.114999771118164,30.84000015258789,30.96999931335449,23.2190055847168,394884
2016-03-16,31.020000457763672,31.145000457763672,30.864999771118164,30.90999984741211,23.174020767211918,95566
2016-03-17,31.19499969482422,31.19499969482422,30.274999618530277,30.71999931335449,23.031572341918945,504399
2016-03-18,30.770000457763672,30.924999237060547,30.53499984741211,30.8799991607666,23.15152931213379,302261
2016-03-21,30.71500015258789,31.170000076293945,30.65999984741211,30.81800079345703,23.105043411254883,140592
2016-03-22,30.56999969482422,30.825000762939453,30.280000686645508,30.825000762939453,23.11028861999512,362996
2016-03-23,30.979999542236328,31.059999465942383,30.614999771118164,30.725000381469727,23.035314559936523,351423
2016-03-24,30.46500015258789,30.46999931335449,30.15999984741211,30.184999465942383,22.630470275878903,72486
2016-03-28,30.184999465942383,30.184999465942383,30.184999465942383,30.184999465942383,22.630470275878903,0
2016-03-29,30.475000381469727,30.51000022888184,30.170000076293945,30.334999084472656,22.7429256439209,177983
2016-03-30,30.59499931335449,30.93000030517578,30.59499931335449,30.7450008392334,23.050315856933597,140746
2016-03-31,30.530000686645508,30.55500030517578,30.31999969482422,30.415000915527344,22.802906036376957,453609
2016-04-01,29.96500015258789,29.96500015258789,29.459999084472656,29.84000015258789,22.371809005737305,349803
2016-04-04,29.78499984741211,30.2549991607666,29.645000457763672,29.915000915527344,22.42803955078125,108260
2016-04-05,29.5,29.5,29.200000762939453,29.222999572753903,21.909236907958984,335831
2016-04-06,29.20499992370605,29.40999984741211,29.1299991607666,29.399999618530277,22.041933059692383,305075
2016-04-07,29.415000915527344,29.584999084472656,28.950000762939453,29.08300018310547,21.80427360534668,130492
2016-04-08,29.209999084472656,29.575000762939453,29.209999084472656,29.38500022888184,22.030689239501957,149679
2016-04-11,29.350000381469727,29.790000915527344,29.2450008392334,29.56999969482422,22.169389724731445,910093
2016-04-12,29.700000762939453,29.76499938964844,29.38999938964844,29.7549991607666,22.30808448791504,308136
2016-04-13,30.200000762939453,30.757999420166016,30.200000762939453,30.757999420166016,23.06005859375,338513
2016-04-14,30.76499938964844,30.989999771118164,30.684999465942383,30.989999771118164,23.233997344970703,189972
2016-04-15,30.86000061035156,30.979999542236328,30.82999992370605,30.89800071716309,23.165027618408203,144123
2016-04-18,30.45499992370605,31.030000686645508,30.420000076293945,31.024999618530277,23.26023292541504,188561
2016-04-19,31.165000915527344,31.545000076293945,31.149999618530277,31.51000022888184,23.623855590820312,549963
2016-04-20,31.44499969482422,31.827999114990234,31.38500022888184,31.827999114990234,23.862274169921875,155931
2016-04-21,31.934999465942383,31.975000381469727,31.71999931335449,31.92300033569336,23.933488845825195,284993
2016-04-22,31.8799991607666,31.90999984741211,31.684999465942383,31.809999465942383,23.848773956298828,484448
2016-04-25,31.82999992370605,31.82999992370605,31.450000762939453,31.575000762939453,23.672588348388672,483966
2016-04-26,31.76499938964844,31.8799991607666,31.520000457763672,31.63999938964844,23.72132110595703,534140
2016-04-27,31.700000762939453,31.774999618530277,31.549999237060547,31.7450008392334,23.800046920776367,208827
2016-04-28,31.479999542236328,31.71999931335449,31.18000030517578,31.71999931335449,23.78129196166992,319054
2016-04-29,31.38999938964844,31.38999938964844,30.78499984741211,30.78499984741211,23.080303192138672,542028
2016-05-02,31.024999618530277,31.024999618530277,30.780000686645508,30.86000061035156,23.13653564453125,41939
2016-05-03,30.76499938964844,30.76499938964844,30.290000915527344,30.325000762939453,22.735429763793945,528554
2016-05-04,30.26499938964844,30.38500022888184,29.8799991607666,29.959999084472656,22.46177673339844,266020
2016-05-05,30.040000915527344,30.26499938964844,29.94499969482422,30.077999114990234,22.55024528503418,152494
2016-05-06,29.850000381469727,30.184999465942383,29.6299991607666,30.058000564575195,22.535255432128903,292509
2016-05-09,30.225000381469727,30.565000534057617,30.125,30.25300025939941,22.68145179748535,911646
2016-05-10,30.51000022888184,30.80500030517578,30.420000076293945,30.549999237060547,22.90411758422852,601759
2016-05-11,30.38999938964844,30.38999938964844,30.165000915527344,30.350000381469727,22.754169464111328,174429
2016-05-12,29.8700008392334,30.40999984741211,29.834999084472656,29.8799991607666,22.58403778076172,228098
2016-05-13,29.61000061035156,30.209999084472656,29.584999084472656,30.058000564575195,22.71857452392578,372734
2016-05-16,30.058000564575195,30.058000564575195,30.058000564575195,30.058000564575195,22.71857452392578,0
2016-05-17,30.34000015258789,30.489999771118164,29.88500022888184,29.96500015258789,22.64827919006348,159049
2016-05-18,29.799999237060547,30.15999984741211,29.799999237060547,30.15999984741211,22.795673370361328,154980
2016-05-19,29.93000030517578,30.040000915527344,29.770000457763672,29.777999877929688,22.50694274902344,193141
2016-05-20,30.125,30.23500061035156,30.0,30.23500061035156,22.852354049682617,118601
2016-05-23,30.1200008392334,30.30500030517578,29.975000381469727,30.0,22.674734115600582,135405
2016-05-24,29.915000915527344,30.80500030517578,29.915000915527344,30.792999267578125,23.27410888671875,148150
2016-05-25,31.024999618530277,31.424999237060547,31.024999618530277,31.357999801635746,23.701147079467773,208498
2016-05-26,31.32999992370605,31.5,31.32999992370605,31.46500015258789,23.782018661499023,236009
2016-05-27,31.36000061035156,31.559999465942383,31.36000061035156,31.559999465942383,23.853822708129883,798566
2016-05-31,31.655000686645508,31.655000686645508,31.315000534057617,31.350000381469727,23.69510269165039,230296
2016-06-01,31.30500030517578,31.3799991607666,31.0,31.097999572753903,23.50462532043457,451886
2016-06-02,31.125,31.299999237060547,31.020000457763672,31.07999992370605,23.49102783203125,388553
2016-06-03,31.209999084472656,31.28499984741211,30.56999969482422,30.76499938964844,23.25294303894043,301568
2016-06-06,30.790000915527344,30.905000686645508,30.71999931335449,30.825000762939453,23.298295974731445,283213
2016-06-07,30.9950008392334,31.31999969482422,30.9950008392334,31.209999084472656,23.589282989501957,200877
2016-06-08,31.06999969482422,31.125,30.915000915527344,31.030000686645508,23.45323944091797,280085
2016-06-09,30.88500022888184,30.88500022888184,30.600000381469727,30.70499992370605,23.20759010314941,316935
2016-06-10,30.4950008392334,30.4950008392334,29.854999542236328,29.899999618530277,22.599157333374023,483268
2016-06-13,29.56999969482422,29.65999984741211,29.30500030517578,29.30500030517578,22.149444580078125,727698
2016-06-14,29.07999992370605,29.13500022888184,28.71500015258789,28.75,21.729961395263672,817236
2016-06-15,28.95499992370605,29.26499938964844,28.95499992370605,29.072999954223636,21.97408866882324,432403
2016-06-16,28.78499984741211,29.020000457763672,28.625,28.94499969482422,21.87734603881836,437528
2016-06-17,29.225000381469727,29.5,29.13500022888184,29.280000686645508,22.130544662475582,570926
2016-06-20,30.149999618530277,30.3799991607666,30.049999237060547,30.25,22.86369132995605,586331
2016-06-21,30.19499969482422,30.645000457763672,30.190000534057617,30.520000457763672,23.067766189575195,267403
2016-06-22,30.76000022888184,30.899999618530277,30.530000686645508,30.652999877929688,23.168289184570312,395508
2016-06-23,30.854999542236328,31.5,30.71999931335449,31.27300071716309,23.636905670166016,1872186
2016-06-24,27.7549991607666,29.21500015258789,27.71999931335449,28.540000915527344,21.57122802734375,7421103
2016-06-27,28.450000762939453,28.780000686645508,27.56999969482422,27.770000457763672,20.98924446105957,1294783
2016-06-28,28.395000457763672,28.71999931335449,28.334999084472656,28.424999237060547,21.484317779541016,830954
2016-06-29,28.850000381469727,29.21500015258789,28.75,29.12800025939941,22.01565742492676,1239992
2016-06-30,28.96500015258789,29.53499984741211,28.899999618530277,29.4950008392334,22.293046951293945,829280
2016-07-01,29.725000381469727,29.799999237060547,29.354999542236328,29.665000915527344,22.421537399291992,694110
2016-07-05,29.270000457763672,29.290000915527344,28.8700008392334,28.95800018310547,21.887170791625977,322572
2016-07-06,28.69499969482422,28.920000076293945,28.26000022888184,28.447999954223636,21.501697540283203,424453
2016-07-07,28.63999938964844,28.8700008392334,28.59000015258789,28.6200008392334,21.63169860839844,162246
2016-07-08,28.6299991607666,29.26499938964844,28.6299991607666,29.209999084472656,22.07763671875,951325
2016-07-11,29.51000022888184,29.71999931335449,29.375,29.665000915527344,22.421537399291992,611833
2016-07-12,29.73500061035156,30.2549991607666,29.73500061035156,30.165000915527344,22.79945373535156,439918
2016-07-13,30.200000762939453,30.299999237060547,30.06999969482422,30.1200008392334,22.76543235778809,418565
2016-07-14,30.46999931335449,30.670000076293945,30.239999771118164,30.51000022888184,23.06020736694336,484609
2016-07-15,30.354999542236328,30.524999618530277,30.21999931335449,30.45499992370605,23.01863670349121,1157355
2016-07-18,30.565000534057617,30.700000762939453,30.15999984741211,30.36000061035156,22.946834564208984,240055
2016-07-19,30.209999084472656,30.31999969482422,29.975000381469727,30.174999237060547,22.807008743286133,626327
2016-07-20,30.34499931335449,30.575000762939453,30.2450008392334,30.527999877929688,23.07381248474121,189023
2016-07-21,30.63999938964844,30.65999984741211,30.28499984741211,30.549999237060547,23.090436935424805,295382
2016-07-22,30.450000762939453,30.655000686645508,30.334999084472656,30.575000762939453,23.10934066772461,1141459
2016-07-25,30.61000061035156,30.84000015258789,30.48500061035156,30.575000762939453,23.10934066772461,518007
2016-07-26,30.600000381469727,30.690000534057617,30.38999938964844,30.65800094604492,23.172069549560547,252205
2016-07-27,30.895000457763672,31.059999465942383,30.81999969482422,30.8700008392334,23.332305908203125,827798
2016-07-28,30.78499984741211,30.959999084472656,30.520000457763672,30.520000457763672,23.067766189575195,337226
2016-07-29,30.670000076293945,30.790000915527344,30.56999969482422,30.788000106811523,23.270326614379883,642674
2016-08-01,31.030000686645508,31.065000534057617,30.479999542236328,30.575000762939453,23.10934066772461,228883
2016-08-02,30.475000381469727,30.475000381469727,29.905000686645508,29.950000762939453,22.636947631835938,581291
2016-08-03,29.950000762939453,30.065000534057617,29.770000457763672,29.94300079345703,22.631650924682617,104504
2016-08-04,30.155000686645508,30.315000534057617,30.075000762939453,30.190000534057617,22.818347930908203,422687
2016-08-05,30.295000076293945,30.690000534057617,30.209999084472656,30.63999938964844,23.158466339111328,196174
2016-08-08,30.709999084472656,30.895000457763672,30.674999237060547,30.7450008392334,23.237829208374023,245225
2016-08-09,30.7549991607666,31.21999931335449,30.7549991607666,31.184999465942383,23.570390701293945,274823
2016-08-10,31.084999084472656,31.21999931335449,31.075000762939453,31.100000381469727,23.506139755249023,274668
2016-08-11,30.655000686645508,30.795000076293945,30.489999771118164,30.795000076293945,23.73101234436035,815066
2016-08-12,30.75,30.809999465942383,30.709999084472656,30.7549991607666,23.700183868408203,222552
2016-08-15,30.80500030517578,30.959999084472656,30.7549991607666,30.777999877929688,23.71790885925293,161266
2016-08-16,30.59499931335449,30.69499969482422,30.44499969482422,30.47800064086914,23.486724853515625,210053
2016-08-17,30.520000457763672,30.520000457763672,30.114999771118164,30.125,23.214696884155277,153828
2016-08-18,30.280000686645508,30.309999465942383,30.104999542236328,30.27300071716309,23.32875061035156,119113
2016-08-19,30.209999084472656,30.225000381469727,29.81999969482422,29.989999771118164,23.11066436767578,453892
2016-08-22,30.024999618530277,30.280000686645508,29.809999465942383,29.915000915527344,23.052865982055664,205627
2016-08-23,30.07999992370605,30.34499931335449,30.06999969482422,30.21999931335449,23.28791046142578,199339
2016-08-24,30.020000457763672,30.475000381469727,30.020000457763672,30.38999938964844,23.41891098022461,549005
2016-08-25,30.270000457763672,30.270000457763672,30.01499938964844,30.200000762939453,23.272497177124023,190810
2016-08-26,30.11000061035156,30.440000534057617,30.100000381469727,30.420000076293945,23.44202995300293,273693
2016-08-29,30.2549991607666,30.350000381469727,30.104999542236328,30.30500030517578,23.353404998779297,75685
2016-08-30,30.424999237060547,30.71500015258789,30.424999237060547,30.645000457763672,23.61541748046875,420293
2016-08-31,30.59000015258789,30.799999237060547,30.520000457763672,30.520000457763672,23.51909065246582,498171
2016-09-01,30.700000762939453,30.850000381469727,30.38999938964844,30.4950008392334,23.49982261657715,117589
2016-09-02,30.645000457763672,31.118000030517575,30.59499931335449,31.118000030517575,23.97991752624512,197082
2016-09-06,31.184999465942383,31.2549991607666,31.0,31.024999618530277,23.90825080871582,226778
2016-09-07,31.11000061035156,31.28499984741211,30.96999931335449,31.21999931335449,24.058521270751957,312049
2016-09-08,31.225000381469727,31.309999465942383,30.75,31.13800048828125,23.99532890319824,382343
2016-09-09,31.01000022888184,31.15999984741211,30.76000022888184,30.843000411987305,23.767995834350582,123243
2016-09-12,30.299999237060547,30.434999465942383,30.149999618530277,30.434999465942383,23.45358657836914,399645
2016-09-13,30.614999771118164,30.614999771118164,30.059999465942383,30.059999465942383,23.16460609436035,209478
2016-09-14,30.13500022888184,30.174999237060547,29.940000534057617,29.940000534057617,23.0721378326416,415818
2016-09-15,29.84499931335449,30.075000762939453,29.790000915527344,30.020000457763672,23.1337833404541,291448
2016-09-16,29.94499969482422,29.9950008392334,29.575000762939453,29.665000915527344,22.860219955444336,488395
2016-09-19,29.88500022888184,30.024999618530277,29.8700008392334,30.024999618530277,23.137636184692383,324913
2016-09-20,29.95499992370605,30.149999618530277,29.934999465942383,29.96500015258789,23.09140014648437,93770
2016-09-21,30.31999969482422,30.399999618530277,30.13500022888184,30.13800048828125,23.22471618652344,354633
2016-09-22,30.3799991607666,30.93000030517578,30.3799991607666,30.81999969482422,23.75027847290039,386902
2016-09-23,30.725000381469727,30.780000686645508,30.59499931335449,30.665000915527344,23.63082695007324,288996
2016-09-26,30.51000022888184,30.51000022888184,30.19499969482422,30.229999542236328,23.295610427856445,622681
2016-09-27,30.43000030517578,30.43000030517578,29.94499969482422,30.155000686645508,23.23781967163086,581246
2016-09-28,30.350000381469727,30.59000015258789,30.350000381469727,30.395000457763672,23.422760009765625,454180
2016-09-29,30.73500061035156,30.780000686645508,30.32999992370605,30.395000457763672,23.422760009765625,388606
2016-09-30,29.854999542236328,30.549999237060547,29.665000915527344,30.524999618530277,23.52294158935547,499672
2016-10-03,30.524999618530277,30.524999618530277,30.524999618530277,30.524999618530277,23.52294158935547,0
2016-10-04,30.53499984741211,30.850000381469727,30.524999618530277,30.76499938964844,23.70789337158203,227619
2016-10-05,30.45499992370605,30.774999618530277,30.45499992370605,30.71500015258789,23.669361114501957,495781
2016-10-06,30.84000015258789,30.88999938964844,30.63999938964844,30.68000030517578,23.642393112182617,720177
2016-10-07,30.59000015258789,30.71999931335449,30.434999465942383,30.459999084472656,23.472850799560547,460789
2016-10-10,30.44499969482422,30.82999992370605,30.309999465942383,30.81999969482422,23.75027847290039,270126
2016-10-11,30.739999771118164,30.950000762939453,30.649999618530277,30.65999984741211,23.626976013183597,331321
2016-10-12,30.6200008392334,30.729999542236328,30.549999237060547,30.572999954223636,23.559934616088867,116512
2016-10-13,30.209999084472656,30.290000915527344,30.030000686645508,30.2450008392334,23.307174682617188,1112030
2016-10-14,30.3799991607666,30.875,30.364999771118164,30.73500061035156,23.68476867675781,274182
2016-10-17,30.63999938964844,30.71500015258789,30.51499938964844,30.558000564575195,23.548377990722656,271216
2016-10-18,30.7549991607666,31.01499938964844,30.7549991607666,30.96500015258789,23.862009048461918,242006
2016-10-19,30.96999931335449,31.125,30.895000457763672,31.045000076293945,23.923664093017575,152869
2016-10-20,31.11000061035156,31.354999542236328,30.979999542236328,31.26000022888184,24.08934593200684,292611
2016-10-21,31.309999465942383,31.354999542236328,31.145000457763672,31.26499938964844,24.09320068359375,127913
2016-10-24,31.43000030517578,31.604999542236328,31.43000030517578,31.440000534057617,24.22805976867676,270940
2016-10-25,31.51000022888184,31.575000762939453,31.309999465942383,31.37800025939941,24.180274963378903,243759
2016-10-26,31.325000762939453,31.354999542236328,31.114999771118164,31.327999114990234,24.14174461364746,153449
2016-10-27,31.229999542236328,31.46999931335449,31.13500022888184,31.36000061035156,24.16640853881836,796623
2016-10-28,31.11000061035156,31.315000534057617,31.01499938964844,31.30299949645996,24.12248420715332,214987
2016-10-31,31.1200008392334,31.225000381469727,30.989999771118164,31.084999084472656,23.954484939575195,126518
2016-11-01,31.23500061035156,31.2549991607666,30.670000076293945,30.718000411987305,23.67167282104492,176586
2016-11-02,30.44499969482422,30.520000457763672,30.274999618530277,30.274999618530277,23.33028793334961,188489
2016-11-03,30.21500015258789,30.540000915527344,30.21500015258789,30.2450008392334,23.307174682617188,785651
2016-11-04,30.174999237060547,30.174999237060547,29.940000534057617,30.09000015258789,23.18772315979004,765680
2016-11-07,30.53499984741211,30.65999984741211,30.46500015258789,30.625,23.600000381469727,268327
2016-11-08,30.63500022888184,30.80500030517578,30.59000015258789,30.790000915527344,23.727155685424805,392030
2016-11-09,29.959999084472656,31.165000915527344,29.940000534057617,31.165000915527344,24.016132354736328,4784569
2016-11-10,31.184999465942383,31.424999237060547,30.73500061035156,30.84499931335449,23.90631484985352,523989
2016-11-11,31.07999992370605,31.07999992370605,30.53499984741211,30.729999542236328,23.81717872619629,381162
2016-11-14,30.989999771118164,31.084999084472656,30.709999084472656,30.825000762939453,23.890810012817383,170541
2016-11-15,30.8700008392334,30.950000762939453,30.709999084472656,30.905000686645508,23.95281219482422,285740
2016-11-16,30.96500015258789,30.98500061035156,30.524999618530277,30.700000762939453,23.793926239013672,226418
2016-11-17,30.600000381469727,30.850000381469727,30.55500030517578,30.850000381469727,23.91018867492676,884016
2016-11-18,30.924999237060547,30.924999237060547,30.59499931335449,30.59499931335449,23.712549209594727,477627
2016-11-21,30.75,30.799999237060547,30.46500015258789,30.7549991607666,23.836557388305664,233649
2016-11-22,30.979999542236328,31.01499938964844,30.82999992370605,30.82999992370605,23.894689559936523,179830
2016-11-23,30.84499931335449,30.895000457763672,30.549999237060547,30.718000411987305,23.807876586914062,317788
2016-11-25,30.864999771118164,30.875,30.700000762939453,30.875,23.929563522338867,146921
2016-11-28,30.558000564575195,30.558000564575195,30.558000564575195,30.558000564575195,23.68387222290039,228432
2016-11-29,30.489999771118164,30.79800033569336,30.479999542236328,30.79800033569336,23.86988639831543,115410
2016-11-30,30.774999618530277,31.030000686645508,30.774999618530277,30.93000030517578,23.97218513488769,1916723
2016-12-01,30.76000022888184,30.905000686645508,30.604999542236328,30.709999084472656,23.801681518554688,712650
2016-12-02,30.424999237060547,30.63999938964844,30.25,30.56999969482422,23.693172454833984,231595
2016-12-05,30.424999237060547,31.13500022888184,30.424999237060547,30.950000762939453,23.98768615722656,584755
2016-12-06,30.95499992370605,31.48500061035156,30.915000915527344,31.434999465942383,24.363588333129883,464130
2016-12-07,31.825000762939453,31.8799991607666,31.68000030517578,31.8799991607666,24.70848846435547,1696781
2016-12-08,32.02000045776367,32.35499954223633,31.875,32.31999969482422,25.04949951171875,1357427
2016-12-09,32.310001373291016,32.505001068115234,32.2400016784668,32.448001861572266,25.148712158203125,720550
2016-12-12,32.48500061035156,32.51499938964844,32.36000061035156,32.44300079345703,25.14483642578125,1139733
2016-12-13,32.42499923706055,32.82500076293945,32.42499923706055,32.78499984741211,25.409896850585938,783103
2016-12-14,32.65999984741211,32.72999954223633,32.529998779296875,32.529998779296875,25.21226692199707,259781
2016-12-15,32.650001525878906,33.005001068115234,32.650001525878906,32.939998626708984,25.53003692626953,372107
2016-12-16,32.95500183105469,33.154998779296875,32.81999969482422,33.0,25.576539993286133,372852
2016-12-19,32.935001373291016,33.040000915527344,32.935001373291016,33.029998779296875,25.59979057312012,231345
2016-12-20,33.040000915527344,33.23500061035156,33.01499938964844,33.20800018310547,25.737749099731445,240844
2016-12-21,33.154998779296875,33.224998474121094,33.095001220703125,33.17499923706055,25.71217536926269,373651
2016-12-22,33.095001220703125,33.22999954223633,33.060001373291016,33.15999984741211,25.70054817199707,431546
2016-12-23,33.2400016784668,33.25,33.1150016784668,33.20500183105469,25.735427856445312,238561
2016-12-27,33.22999954223633,33.290000915527344,33.165000915527344,33.255001068115234,25.7741756439209,185460
2016-12-28,33.244998931884766,33.27000045776367,33.20000076293945,33.255001068115234,25.7741756439209,205178
2016-12-29,33.09000015258789,33.22999954223633,33.09000015258789,33.19499969482422,25.72766876220703,681448
2016-12-30,33.18000030517578,33.30500030517578,33.084999084472656,33.30500030517578,25.81291961669922,205962
2017-01-03,33.665000915527344,33.84000015258789,33.59000015258789,33.630001068115234,26.0648193359375,190154
2017-01-04,33.744998931884766,33.744998931884766,33.540000915527344,33.64799880981445,26.078767776489254,181131
2017-01-05,33.53499984741211,33.744998931884766,33.53499984741211,33.665000915527344,26.091947555541992,244722
2017-01-06,33.599998474121094,33.737998962402344,33.52000045776367,33.737998962402344,26.148517608642575,177628
2017-01-09,33.75,33.75,33.459999084472656,33.59000015258789,26.033809661865234,135678
2017-01-10,33.65999984741211,33.65999984741211,33.48500061035156,33.57500076293945,26.02219581604004,231040
2017-01-11,33.599998474121094,33.7400016784668,33.375,33.595001220703125,26.037691116333008,529307
2017-01-12,33.40999984741211,33.56999969482422,33.31999969482422,33.3849983215332,25.87493133544922,424560
2017-01-13,33.560001373291016,33.79999923706055,33.5099983215332,33.77000045776367,26.173328399658203,248041
2017-01-17,33.36000061035156,33.439998626708984,33.14500045776367,33.34000015258789,25.840049743652344,460290
2017-01-18,33.474998474121094,33.47999954223633,33.25,33.41999816894531,25.902055740356445,222521
2017-01-19,33.4900016784668,33.540000915527344,33.30500030517578,33.375,25.867176055908203,147038
2017-01-20,33.310001373291016,33.564998626708984,33.27000045776367,33.4630012512207,25.93539047241211,194366
2017-01-23,33.119998931884766,33.415000915527344,33.119998931884766,33.21500015258789,25.743165969848636,213635
2017-01-24,33.279998779296875,33.30500030517578,33.20000076293945,33.29499816894531,25.80517196655273,100077
2017-01-25,33.525001525878906,33.849998474121094,33.51499938964844,33.768001556396484,26.171777725219727,321763
2017-01-26,33.869998931884766,33.935001373291016,33.654998779296875,33.702999114990234,26.12138557434082,416326
2017-01-27,33.665000915527344,33.665000915527344,33.459999084472656,33.56999969482422,26.018308639526367,298359
2017-01-30,33.474998474121094,33.48500061035156,33.064998626708984,33.15999984741211,25.70054817199707,330762
2017-01-31,33.16999816894531,33.314998626708984,32.845001220703125,32.845001220703125,25.456403732299805,162158
2017-02-01,33.16999816894531,33.244998931884766,33.04499816894531,33.07500076293945,25.63466453552246,493077
2017-02-02,33.0,33.15999984741211,32.96500015258789,33.07500076293945,25.63466453552246,157861
2017-02-03,33.18000030517578,33.35499954223633,33.150001525878906,33.29499816894531,25.80517196655273,162249
2017-02-06,33.2599983215332,33.35499954223633,32.88999938964844,32.904998779296875,25.50290870666504,158873
2017-02-07,32.869998931884766,33.03499984741211,32.79499816894531,32.84000015258789,25.452533721923828,105136
2017-02-08,32.970001220703125,33.03499984741211,32.65999984741211,32.869998931884766,25.475778579711918,390938
2017-02-09,32.97999954223633,33.224998474121094,32.849998474121094,33.14500045776367,25.793359756469727,276819
2017-02-10,33.28499984741211,33.28499984741211,33.060001373291016,33.1150016784668,25.77001953125,251763
2017-02-13,33.224998474121094,33.560001373291016,33.21500015258789,33.46500015258789,26.042381286621094,142249
2017-02-14,33.435001373291016,33.525001525878906,33.43000030517578,33.4900016784668,26.06184196472168,155597
2017-02-15,33.654998779296875,33.71500015258789,33.52000045776367,33.650001525878906,26.18634986877441,208120
2017-02-16,33.625,33.65999984741211,33.439998626708984,33.51499938964844,26.081298828125,106874
2017-02-17,33.525001525878906,33.54999923706055,33.21500015258789,33.48500061035156,26.05795288085937,1924508
2017-02-21,33.52000045776367,33.86000061035156,33.42499923706055,33.78300094604492,26.289854049682617,774374
2017-02-22,33.85499954223633,33.939998626708984,33.65999984741211,33.80500030517578,26.30697631835937,528744
2017-02-23,33.81999969482422,33.89500045776367,33.68000030517578,33.737998962402344,26.25482749938965,224070
2017-02-24,33.689998626708984,33.724998474121094,33.189998626708984,33.435001373291016,26.01904296875,275692
2017-02-27,33.60499954223633,33.60499954223633,33.41999816894531,33.47999954223633,26.05406379699707,337226
2017-02-28,33.564998626708984,33.650001525878906,33.439998626708984,33.57500076293945,26.127992630004883,207142
2017-03-01,33.94499969482422,34.33000183105469,33.92499923706055,34.279998779296875,26.676607131958008,385914
2017-03-02,34.21500015258789,34.314998626708984,34.20000076293945,34.25,26.65327262878418,125537
2017-03-03,34.1349983215332,34.48500061035156,34.1349983215332,34.43000030517578,26.79335021972656,228889
2017-03-06,34.255001068115234,34.349998474121094,34.20000076293945,34.28499984741211,26.680509567260746,255372
2017-03-07,34.275001525878906,34.314998626708984,34.165000915527344,34.23500061035156,26.6416015625,84665
2017-03-08,34.209999084472656,34.3849983215332,34.20500183105469,34.28499984741211,26.680509567260746,225013
2017-03-09,34.2400016784668,34.59000015258789,34.2400016784668,34.52000045776367,26.863380432128903,195036
2017-03-10,34.60499954223633,34.814998626708984,34.564998626708984,34.577999114990234,26.90851783752441,258608
2017-03-13,34.525001525878906,34.619998931884766,34.51499938964844,34.58000183105469,26.91008186340332,97321
2017-03-14,34.540000915527344,34.55500030517578,34.30500030517578,34.38999938964844,26.762216567993164,250662
2017-03-15,34.404998779296875,34.54499816894531,34.39500045776367,34.5,26.847827911376957,124481
2017-03-16,34.849998474121094,34.935001373291016,34.7400016784668,34.834999084472656,27.1085147857666,1154229
2017-03-17,34.7400016784668,35.0,34.709999084472656,34.880001068115234,27.143539428710938,222497
2017-03-20,34.79999923706055,34.91999816894531,34.76499938964844,34.81800079345703,27.095287322998047,101763
2017-03-21,34.970001220703125,35.154998779296875,34.65999984741211,34.72999954223633,27.026803970336918,207209
2017-03-22,34.53499984741211,34.71500015258789,34.43000030517578,34.65999984741211,26.972332000732425,677854
2017-03-23,34.619998931884766,34.95500183105469,34.564998626708984,34.95000076293945,27.19801521301269,462954
2017-03-24,34.8849983215332,34.91999816894531,34.77000045776367,34.89500045776367,27.155208587646484,82611
2017-03-27,34.599998474121094,34.81800079345703,34.560001373291016,34.81800079345703,27.095287322998047,232234
2017-03-28,34.92499923706055,35.10499954223633,34.82500076293945,35.099998474121094,27.314743041992188,196264
2017-03-29,35.20500183105469,35.29499816894531,35.095001220703125,35.21500015258789,27.404237747192383,408341
2017-03-30,35.2400016784668,35.33000183105469,35.130001068115234,35.29999923706055,27.47037696838379,190255
2017-03-31,35.189998626708984,35.483001708984375,35.15999984741211,35.483001708984375,27.61278915405273,155961
2017-04-03,35.54999923706055,35.55500030517578,35.220001220703125,35.25,27.43146705627441,264457
2017-04-04,35.244998931884766,35.310001373291016,35.1150016784668,35.310001373291016,27.478158950805664,2807083
2017-04-05,35.314998626708984,35.42499923706055,35.19499969482422,35.209999084472656,27.40034484863281,724978
2017-04-06,35.05500030517578,35.43000030517578,34.95500183105469,35.400001525878906,27.54819679260254,204842
2017-04-07,35.26499938964844,35.47999954223633,35.18000030517578,35.47999954223633,27.610450744628903,366825
2017-04-10,35.41999816894531,35.41999816894531,35.244998931884766,35.30500030517578,27.474273681640625,325372
2017-04-11,35.1150016784668,35.30500030517578,34.97999954223633,35.20500183105469,27.396448135375977,228332
2017-04-12,35.275001525878906,35.459999084472656,35.10499954223633,35.154998779296875,27.3575382232666,2875255
2017-04-13,35.084999084472656,35.10499954223633,34.915000915527344,34.96500015258789,27.20968437194824,2169856
2017-04-17,34.96500015258789,34.96500015258789,34.96500015258789,34.96500015258789,27.20968437194824,0
2017-04-18,35.064998626708984,35.1150016784668,34.55500030517578,34.55500030517578,26.89061546325684,233773
2017-04-19,34.6349983215332,34.775001525878906,34.619998931884766,34.72999954223633,27.026803970336918,248992
2017-04-20,34.6349983215332,35.0099983215332,34.6349983215332,34.91999816894531,27.17466163635254,291078
2017-04-21,34.88999938964844,35.084999084472656,34.724998474121094,34.90999984741211,27.166879653930664,312082
2017-04-24,36.125,36.39500045776367,36.0,36.369998931884766,28.30304908752441,5044725
2017-04-25,36.494998931884766,36.53499984741211,36.3650016784668,36.45500183105469,28.36919403076172,769943
2017-04-26,36.415000915527344,36.42499923706055,36.29999923706055,36.3849983215332,28.31472396850586,1691514
2017-04-27,36.2599983215332,36.36000061035156,36.185001373291016,36.25,28.20966339111328,485548
2017-04-28,36.220001220703125,36.36000061035156,36.209999084472656,36.27000045776367,28.225238800048828,272004
2017-05-01,36.27000045776367,36.27000045776367,36.27000045776367,36.27000045776367,28.225238800048828,0
2017-05-02,36.34000015258789,36.5,36.310001373291016,36.4900016784668,28.39643669128418,301213
2017-05-03,36.45500183105469,36.595001220703125,36.435001373291016,36.595001220703125,28.478147506713867,300694
2017-05-04,36.70000076293945,37.04999923706055,36.70000076293945,37.04999923706055,28.832223892211918,862818
2017-05-05,37.0,37.417999267578125,36.93000030517578,37.417999267578125,29.118602752685547,2032566
2017-05-08,37.51499938964844,37.51499938964844,37.16999816894531,37.244998931884766,28.98396873474121,2773678
2017-05-09,37.400001525878906,37.44499969482422,37.29499816894531,37.29499816894531,29.022878646850582,487542
2017-05-10,37.29999923706055,37.310001373291016,37.165000915527344,37.275001525878906,29.0073184967041,432239
2017-05-11,37.10499954223633,37.10499954223633,36.72499847412109,36.880001068115234,28.865339279174805,633100
2017-05-12,36.93000030517578,37.05500030517578,36.869998931884766,37.05500030517578,29.002315521240234,137874
2017-05-15,37.17499923706055,37.17499923706055,36.93000030517578,37.13999938964844,29.06883811950684,154033
2017-05-16,37.150001525878906,37.27999877929688,37.125,37.2400016784668,29.147113800048828,103186
2017-05-17,37.04499816894531,37.1150016784668,36.5,36.619998931884766,28.661848068237305,3720286
2017-05-18,36.56499862670898,36.630001068115234,36.084999084472656,36.3849983215332,28.4779109954834,799100
2017-05-19,36.44499969482422,36.685001373291016,36.44499969482422,36.630001068115234,28.66966819763184,336415
2017-05-22,36.68999862670898,36.70500183105469,36.53499984741211,36.5880012512207,28.636796951293945,88201
2017-05-23,36.55500030517578,36.8849983215332,36.55500030517578,36.77999877929688,28.78707695007324,166129
2017-05-24,36.70000076293945,36.81499862670898,36.650001525878906,36.67499923706055,28.70488739013672,234063
2017-05-25,36.85499954223633,36.85499954223633,36.584999084472656,36.65800094604492,28.69158935546875,300857
2017-05-26,36.595001220703125,36.630001068115234,36.31999969482422,36.619998931884766,28.661848068237305,185242
2017-05-30,36.40499877929688,36.56499862670898,36.36000061035156,36.47499847412109,28.54835700988769,168648
2017-05-31,36.540000915527344,36.78499984741211,36.43999862670898,36.43999862670898,28.52096176147461,774622
2017-06-01,36.525001525878906,36.685001373291016,36.525001525878906,36.61000061035156,28.65401077270508,211448
2017-06-02,36.900001525878906,37.11000061035156,36.78499984741211,36.83000183105469,28.82620620727539,1890814
2017-06-05,36.83000183105469,36.83000183105469,36.83000183105469,36.83000183105469,28.82620620727539,0
2017-06-06,36.59999847412109,36.665000915527344,36.43000030517578,36.4900016784668,28.560096740722656,505712
2017-06-07,36.380001068115234,36.72499847412109,36.34999847412109,36.417999267578125,28.50374412536621,471314
2017-06-08,36.459999084472656,36.70000076293945,36.459999084472656,36.59999847412109,28.646188735961918,320118
2017-06-09,36.66999816894531,36.935001373291016,36.595001220703125,36.80500030517578,28.806644439697266,331077
2017-06-12,36.650001525878906,36.66999816894531,36.375,36.435001373291016,28.517045974731445,342032
2017-06-13,36.52000045776367,36.64500045776367,36.51499938964844,36.53499984741211,28.59532356262207,320164
2017-06-14,36.63999938964844,36.86000061035156,36.43999862670898,36.43999862670898,28.52096176147461,277601
2017-06-15,36.369998931884766,36.3849983215332,35.974998474121094,36.23500061035156,28.36050796508789,486680
2017-06-16,36.4900016784668,36.52000045776367,36.275001525878906,36.380001068115234,28.473995208740234,138547
2017-06-19,36.79499816894531,36.92499923706055,36.709999084472656,36.82500076293945,28.82229232788086,288849
2017-06-20,36.96500015258789,36.97999954223633,36.595001220703125,36.595001220703125,28.64228057861328,490567
2017-06-21,36.31499862670898,36.59999847412109,36.209999084472656,36.52999877929688,28.591398239135746,255526
2017-06-22,36.380001068115234,36.584999084472656,36.27000045776367,36.53499984741211,28.59532356262207,320368
2017-06-23,36.51499938964844,36.54499816894531,36.275001525878906,36.41999816894531,28.505306243896484,176524
2017-06-26,36.72499847412109,36.810001373291016,36.595001220703125,36.595001220703125,28.64228057861328,132338
2017-06-27,36.48500061035156,36.584999084472656,36.28499984741211,36.380001068115234,28.473995208740234,211153
2017-06-28,36.060001373291016,36.39500045776367,35.959999084472656,36.35499954223633,28.45443344116211,253236
2017-06-29,36.51499938964844,36.51499938964844,35.599998474121094,35.665000915527344,27.91438102722168,948491
2017-06-30,35.68000030517578,35.880001068115234,35.349998474121094,35.43000030517578,27.730449676513672,378545
2017-07-03,35.619998931884766,35.915000915527344,35.619998931884766,35.84000015258789,28.05135154724121,128454
2017-07-05,35.744998931884766,35.8650016784668,35.68000030517578,35.78499984741211,28.008310317993164,222856
2017-07-06,35.81999969482422,35.81999969482422,35.33000183105469,35.61000061035156,27.87133407592773,1207387
2017-07-07,35.63999938964844,35.64500045776367,35.52000045776367,35.64500045776367,27.898725509643555,335698
2017-07-10,35.80500030517578,35.86000061035156,35.689998626708984,35.755001068115234,27.98482131958008,118808
2017-07-11,35.86000061035156,35.94499969482422,35.650001525878906,35.650001525878906,27.90264129638672,625547
2017-07-12,35.790000915527344,36.28499984741211,35.779998779296875,36.18999862670898,28.32528305053711,281786
2017-07-13,36.20000076293945,36.43999862670898,36.20000076293945,36.30500030517578,28.41529655456543,669463
2017-07-14,36.27000045776367,36.3650016784668,36.18999862670898,36.28499984741211,28.399642944335938,178648
2017-07-17,36.334999084472656,36.345001220703125,36.084999084472656,36.19499969482422,28.32919692993164,145001
2017-07-18,36.11000061035156,36.2400016784668,35.75,35.814998626708984,28.031782150268555,102811
2017-07-19,35.939998626708984,36.060001373291016,35.84000015258789,36.04499816894531,28.21179962158203,128686
2017-07-20,36.209999084472656,36.36000061035156,35.94499969482422,36.02000045776367,28.192237854003903,316340
2017-07-21,35.994998931884766,36.1349983215332,35.41999816894531,35.564998626708984,27.83611869812012,199000
2017-07-24,35.595001220703125,35.685001373291016,35.36000061035156,35.57500076293945,27.84394073486328,122435
2017-07-25,35.650001525878906,35.98500061035156,35.650001525878906,35.775001525878906,28.000476837158203,423789
2017-07-26,35.775001525878906,35.994998931884766,35.76499938964844,35.91999816894531,28.113962173461918,78216
2017-07-27,36.0,36.06999969482422,35.89500045776367,35.970001220703125,28.153106689453125,255801
2017-07-28,35.619998931884766,35.75,35.56999969482422,35.72999954223633,27.96526336669922,349153
2017-07-31,35.71500015258789,35.81999969482422,35.540000915527344,35.54999923706055,27.824377059936523,51141
2017-08-01,35.685001373291016,35.959999084472656,35.57500076293945,35.82500076293945,28.039609909057617,92903
2017-08-02,35.814998626708984,35.84000015258789,35.560001373291016,35.61000061035156,27.87133407592773,212410
2017-08-03,35.51499938964844,35.72999954223633,35.40999984741211,35.685001373291016,27.93003463745117,283531
2017-08-04,35.66999816894531,36.209999084472656,35.650001525878906,36.14500045776367,28.290069580078125,173093
2017-08-07,36.20000076293945,36.22499847412109,36.040000915527344,36.09999847412109,28.25484275817871,29338
2017-08-08,36.05500030517578,36.27999877929688,35.97999954223633,36.23500061035156,28.36050796508789,227433
2017-08-09,35.95000076293945,35.96500015258789,35.595001220703125,35.71500015258789,27.95352554321289,256650
2017-08-10,35.05500030517578,35.064998626708984,34.685001373291016,34.779998779296875,27.67675018310547,114379
2017-08-11,34.525001525878906,34.650001525878906,34.369998931884766,34.5,27.453937530517575,338757
2017-08-14,34.66999816894531,35.064998626708984,34.66999816894531,34.96500015258789,27.82396697998047,110660
2017-08-15,35.130001068115234,35.165000915527344,35.03499984741211,35.08000183105469,27.91548156738281,31543
2017-08-16,35.27000045776367,35.43000030517578,35.2599983215332,35.29999923706055,28.090547561645508,93028
2017-08-17,35.19499969482422,35.279998779296875,35.005001068115234,35.09000015258789,27.92343521118164,107220
2017-08-18,34.73500061035156,34.939998626708984,34.654998779296875,34.89500045776367,27.76826286315918,376899
2017-08-21,34.77000045776367,34.85499954223633,34.58000183105469,34.66999816894531,27.589210510253903,108243
2017-08-22,34.91999816894531,35.040000915527344,34.790000915527344,35.02000045776367,27.867733001708984,6334
2017-08-23,34.974998474121094,35.11000061035156,34.77000045776367,34.845001220703125,27.72847366333008,90925
2017-08-24,34.974998474121094,35.025001525878906,34.880001068115234,34.880001068115234,27.756328582763672,28840
2017-08-25,34.915000915527344,35.0099983215332,34.82500076293945,34.845001220703125,27.72847366333008,82910
2017-08-28,34.630001068115234,34.810001373291016,34.560001373291016,34.6349983215332,27.56136131286621,94401
2017-08-29,34.31999969482422,34.345001220703125,34.060001373291016,34.334999084472656,27.32262420654297,202319
2017-08-30,34.505001068115234,34.55500030517578,34.404998779296875,34.46500015258789,27.426082611083984,265736
2017-08-31,34.665000915527344,34.814998626708984,34.599998474121094,34.65999984741211,27.58125877380371,112982
2017-09-01,34.875,35.0,34.84000015258789,34.900001525878906,27.772247314453125,446777
2017-09-05,34.80500030517578,34.935001373291016,34.6349983215332,34.68000030517578,27.597169876098636,219349
2017-09-06,34.494998931884766,34.90999984741211,34.494998931884766,34.814998626708984,27.7046012878418,283816
2017-09-07,34.95500183105469,35.154998779296875,34.8849983215332,34.95000076293945,27.81203842163086,245594
2017-09-08,34.81999969482422,35.0,34.81999969482422,34.95500183105469,27.81601333618164,59232
2017-09-11,35.209999084472656,35.459999084472656,35.20000076293945,35.45500183105469,28.21389389038086,638813
2017-09-12,35.57500076293945,35.720001220703125,35.529998779296875,35.6150016784668,28.341217041015625,241368
2017-09-13,35.59000015258789,35.775001525878906,35.57500076293945,35.70500183105469,28.41283416748047,610093
2017-09-14,35.63999938964844,35.790000915527344,35.599998474121094,35.7400016784668,28.44068717956543,211752
2017-09-15,35.724998474121094,35.810001373291016,35.56999969482422,35.6150016784668,28.341217041015625,177725
2017-09-18,35.79999923706055,35.86000061035156,35.744998931884766,35.790000915527344,28.48047637939453,291408
2017-09-19,35.724998474121094,35.810001373291016,35.724998474121094,35.790000915527344,28.48047637939453,92868
2017-09-20,35.78499984741211,35.83000183105469,35.709999084472656,35.7599983215332,28.456600189208984,163335
2017-09-21,35.904998779296875,35.970001220703125,35.869998931884766,35.880001068115234,28.55209732055664,283141
2017-09-22,35.915000915527344,36.0099983215332,35.915000915527344,35.92499923706055,28.58789825439453,106353
2017-09-25,35.8650016784668,35.98500061035156,35.845001220703125,35.89500045776367,28.56402587890625,198181
2017-09-26,35.810001373291016,35.959999084472656,35.810001373291016,35.875,28.548110961914062,211810
2017-09-27,35.96500015258789,36.150001525878906,35.95500183105469,36.06499862670898,28.699308395385746,127021
2017-09-28,36.119998931884766,36.19499969482422,36.09999847412109,36.150001525878906,28.76695251464844,185699
2017-09-29,36.209999084472656,36.45000076293945,36.14500045776367,36.45000076293945,29.00568199157715,148102
2017-10-02,36.45500183105469,36.55500030517578,36.41999816894531,36.55500030517578,29.08923721313477,93799
2017-10-03,36.55500030517578,36.55500030517578,36.55500030517578,36.55500030517578,29.08923721313477,0
2017-10-04,36.61000061035156,36.61000061035156,36.36000061035156,36.46500015258789,29.017614364624023,405502
2017-10-05,36.415000915527344,36.665000915527344,36.415000915527344,36.665000915527344,29.1767635345459,123411
2017-10-06,36.6150016784668,36.650001525878906,36.4900016784668,36.56499862670898,29.09719467163086,113092
2017-10-09,36.64500045776367,36.72999954223633,36.525001525878906,36.61000061035156,29.13299560546875,58615
2017-10-10,36.56999969482422,36.61000061035156,36.435001373291016,36.494998931884766,29.0414981842041,263823
2017-10-11,36.6150016784668,36.630001068115234,36.459999084472656,36.619998931884766,29.140962600708008,267164
2017-10-12,36.59999847412109,36.6150016784668,36.5,36.6150016784668,29.136981964111328,565320
2017-10-13,36.64500045776367,36.73500061035156,36.55500030517578,36.6150016784668,29.136981964111328,376349
2017-10-16,36.59000015258789,36.67499923706055,36.58000183105469,36.59999847412109,29.12504196166992,104425
2017-10-17,36.630001068115234,36.7400016784668,36.540000915527344,36.63999938964844,29.156871795654297,115707
2017-10-18,36.65999984741211,36.810001373291016,36.630001068115234,36.744998931884766,29.240428924560547,135254
2017-10-19,36.67499923706055,36.70500183105469,36.38999938964844,36.540000915527344,29.07730865478516,761190
2017-10-20,36.685001373291016,36.685001373291016,36.540000915527344,36.57500076293945,29.10514640808105,1299378
2017-10-23,36.595001220703125,36.810001373291016,36.505001068115234,36.63999938964844,29.156871795654297,319894
2017-10-24,36.63999938964844,36.7599983215332,36.60499954223633,36.63999938964844,29.156871795654297,235572
2017-10-25,36.64500045776367,36.775001525878906,36.400001525878906,36.45000076293945,29.00568199157715,596087
2017-10-26,36.40999984741211,36.95000076293945,36.36000061035156,36.935001373291016,29.391624450683597,844049
2017-10-27,37.08000183105469,37.23500061035156,36.994998931884766,37.084999084472656,29.510988235473636,291666
2017-10-30,37.119998931884766,37.209999084472656,37.084999084472656,37.13999938964844,29.55475616455078,203210
2017-10-31,37.13999938964844,37.13999938964844,37.13999938964844,37.13999938964844,29.55475616455078,0
2017-11-01,37.48500061035156,37.619998931884766,37.47499847412109,37.5099983215332,29.84918975830078,132148
2017-11-02,37.5,37.525001525878906,37.27999877929688,37.46500015258789,29.813383102416992,157238
2017-11-03,37.415000915527344,37.45500183105469,37.31999969482422,37.45500183105469,29.805421829223636,326042
2017-11-06,37.345001220703125,37.400001525878906,37.30500030517578,37.36000061035156,29.72983741760254,151214
2017-11-07,37.47999954223633,37.5,37.09000015258789,37.119998931884766,29.53884506225586,370335
2017-11-08,37.209999084472656,37.209999084472656,36.97499847412109,37.04999923706055,29.483139038085938,445203
2017-11-09,37.09000015258789,37.1349983215332,36.6349983215332,36.67499923706055,29.184720993041992,249660
2017-11-10,36.69499969482422,36.73500061035156,36.435001373291016,36.45000076293945,29.00568199157715,147542
2017-11-13,36.540000915527344,36.54999923706055,35.9900016784668,36.290000915527344,28.878358840942383,351232
2017-11-14,36.31499862670898,36.435001373291016,36.0,36.10499954223633,28.731136322021484,328543
2017-11-15,35.93000030517578,36.060001373291016,35.72999954223633,35.97999954223633,28.631671905517575,434578
2017-11-16,36.09999847412109,36.20000076293945,36.040000915527344,36.130001068115234,28.81591415405273,206912
2017-11-17,36.10499954223633,36.18000030517578,35.8849983215332,35.915000915527344,28.644433975219727,119241
2017-11-20,35.845001220703125,36.125,35.84000015258789,36.06999969482422,28.76806259155273,203761
2017-11-21,36.0099983215332,36.380001068115234,35.97999954223633,36.28499984741211,28.93951988220215,789141
2017-11-22,36.28499984741211,36.43000030517578,36.09000015258789,36.10499954223633,28.79596328735352,69901
2017-11-24,36.23500061035156,36.47999954223633,36.15499877929688,36.30500030517578,28.95547866821289,141584
2017-11-27,36.185001373291016,36.45000076293945,36.1150016784668,36.1150016784668,28.803943634033203,72671
2017-11-28,36.26499938964844,36.36000061035156,36.119998931884766,36.32500076293945,28.971437454223636,128629
2017-11-29,36.56499862670898,36.6349983215332,36.34999847412109,36.3849983215332,29.0192813873291,419406
2017-11-30,36.42499923706055,36.630001068115234,36.22999954223633,36.22999954223633,28.89566421508789,165487
2017-12-01,36.22499847412109,36.25,35.70500183105469,35.70500183105469,28.47694396972656,214759
2017-12-04,36.10499954223633,36.35499954223633,36.06499862670898,36.26250076293945,28.921581268310547,276590
2017-12-05,36.244998931884766,36.31999969482422,36.060001373291016,36.21500015258789,28.883697509765625,127342
2017-12-06,35.8650016784668,36.20000076293945,35.84000015258789,36.122501373291016,28.80992317199707,2919130
2017-12-07,36.15499877929688,36.290000915527344,36.09000015258789,36.23500061035156,28.89964866638184,67650
2017-12-08,36.45000076293945,36.60499954223633,36.40499877929688,36.45000076293945,29.07113075256348,106917
2017-12-11,36.48500061035156,36.505001068115234,36.30500030517578,36.334999084472656,28.97940826416016,96360
2017-12-12,36.34000015258789,36.494998931884766,36.22999954223633,36.494998931884766,29.107023239135746,95459
2017-12-13,36.48500061035156,36.52000045776367,36.34000015258789,36.345001220703125,28.987384796142575,59927
2017-12-14,36.29499816894531,36.31999969482422,36.084999084472656,36.084999084472656,28.7800235748291,173976
2017-12-15,35.994998931884766,36.17499923706055,35.95000076293945,36.17499923706055,28.8518009185791,299924
2017-12-18,36.38999938964844,36.63999938964844,36.375,36.6150016784668,29.20272254943848,131131
2017-12-19,36.63999938964844,36.665000915527344,36.35499954223633,36.3849983215332,29.0192813873291,396907
2017-12-20,36.3650016784668,36.39500045776367,36.0,36.060001373291016,28.76007843017578,175542
2017-12-21,35.959999084472656,36.29999923706055,35.904998779296875,36.25,28.9116153717041,172698
2017-12-22,36.150001525878906,36.185001373291016,36.04499816894531,36.07500076293945,28.77204132080078,265759
2017-12-26,36.07500076293945,36.07500076293945,36.07500076293945,36.07500076293945,28.77204132080078,0
2017-12-27,36.15499877929688,36.2400016784668,36.0,36.08000183105469,28.77603530883789,84690
2017-12-28,36.040000915527344,36.040000915527344,35.72999954223633,35.80500030517578,28.55669593811035,126384
2017-12-29,35.779998779296875,35.779998779296875,35.63999938964844,35.665000915527344,28.445039749145508,17531
2018-01-02,35.595001220703125,35.595001220703125,35.31999969482422,35.435001373291016,28.26160049438477,127424
2018-01-03,35.5,35.709999084472656,35.459999084472656,35.65999984741211,28.44105339050293,123122
2018-01-04,35.845001220703125,36.34000015258789,35.845001220703125,36.220001220703125,28.88769149780273,329639
2018-01-05,36.36000061035156,36.619998931884766,36.36000061035156,36.6150016784668,29.20272254943848,139393
2018-01-08,36.77999877929688,36.78499984741211,36.63999938964844,36.70500183105469,29.274503707885746,57856
2018-01-09,36.7599983215332,36.845001220703125,36.70500183105469,36.7599983215332,29.3183650970459,223324
2018-01-10,36.70500183105469,36.790000915527344,36.56499862670898,36.6349983215332,29.21867179870605,549962
2018-01-11,36.71500015258789,36.71500015258789,36.470001220703125,36.5099983215332,29.11898231506348,124549
2018-01-12,36.584999084472656,36.72499847412109,36.54499816894531,36.68999862670898,29.26254272460937,319613
2018-01-16,36.755001068115234,36.93999862670898,36.665000915527344,36.75,29.310392379760746,240602
2018-01-17,36.69499969482422,36.79999923706055,36.60499954223633,36.65499877929688,29.2346248626709,80890
2018-01-18,36.79999923706055,36.79999923706055,36.61000061035156,36.72499847412109,29.29046058654785,172434
2018-01-19,36.77999877929688,37.09000015258789,36.76499938964844,37.04499816894531,29.54567146301269,380223
2018-01-22,37.04999923706055,37.220001220703125,37.02000045776367,37.209999084472656,29.677268981933597,73359
2018-01-23,37.38999938964844,37.42499923706055,37.209999084472656,37.255001068115234,29.71316909790039,125980
2018-01-24,37.28499984741211,37.30500030517578,37.01499938964844,37.01499938964844,29.5217399597168,86138
2018-01-25,37.0099983215332,37.15499877929688,36.7400016784668,36.869998931884766,29.406099319458008,352744
2018-01-26,36.8849983215332,37.06499862670898,36.8849983215332,37.02999877929688,29.53371238708496,146359
2018-01-29,37.06999969482422,37.06999969482422,36.91999816894531,36.98500061035156,29.497817993164062,295847
2018-01-30,36.790000915527344,36.8849983215332,36.57500076293945,36.650001525878906,29.23063850402832,440478
2018-01-31,36.70500183105469,36.775001525878906,36.560001373291016,36.650001525878906,29.23063850402832,175332
2018-02-01,36.8650016784668,36.970001220703125,36.290000915527344,36.380001068115234,29.015295028686523,568928
2018-02-02,36.220001220703125,36.220001220703125,35.849998474121094,35.849998474121094,28.592588424682617,150630
2018-02-05,35.494998931884766,35.66999816894531,35.345001220703125,35.345001220703125,28.189821243286133,367156
2018-02-06,34.6150016784668,34.9900016784668,34.415000915527344,34.59000015258789,27.58765411376953,961137
2018-02-07,34.77000045776367,35.25,34.654998779296875,35.18000030517578,28.058225631713867,333735
2018-02-08,35.0,35.01499938964844,34.18000030517578,34.3650016784668,27.408212661743164,205070
2018-02-09,34.334999084472656,34.369998931884766,33.654998779296875,33.85499954223633,27.00144386291504,485901
2018-02-12,34.14500045776367,34.439998626708984,34.14500045776367,34.275001525878906,27.336429595947266,446032
2018-02-13,34.26499938964844,34.33000183105469,33.98500061035156,33.98500061035156,27.10514068603516,184108
2018-02-14,34.17499923706055,34.38999938964844,33.81999969482422,34.290000915527344,27.348386764526367,268603
2018-02-15,34.40999984741211,34.59000015258789,34.279998779296875,34.369998931884766,27.523117065429688,175230
2018-02-16,34.57500076293945,34.744998931884766,34.53499984741211,34.744998931884766,27.823415756225582,176099
2018-02-20,34.599998474121094,34.845001220703125,34.4900016784668,34.834999084472656,27.895490646362305,54384
2018-02-21,34.67499923706055,34.775001525878906,34.5099983215332,34.755001068115234,27.831438064575195,77876
2018-02-22,34.494998931884766,34.834999084472656,34.400001525878906,34.775001525878906,27.84744071960449,256850
2018-02-23,34.810001373291016,34.900001525878906,34.69499969482422,34.85499954223633,27.91151428222656,197370
2018-02-26,35.095001220703125,35.130001068115234,35.0,35.10499954223633,28.11170768737793,136022
2018-02-27,35.185001373291016,35.20500183105469,34.96500015258789,35.0099983215332,28.035627365112305,98985
2018-02-28,34.900001525878906,35.05500030517578,34.779998779296875,34.834999084472656,27.895490646362305,618973
2018-03-01,34.76499938964844,34.790000915527344,34.29999923706055,34.41999816894531,27.56316375732422,362527
2018-03-02,34.095001220703125,34.15999984741211,33.59000015258789,33.68000030517578,26.9705867767334,341432
2018-03-05,33.55500030517578,34.03499984741211,33.55500030517578,34.025001525878906,27.24685478210449,368517
2018-03-06,34.30500030517578,34.35499954223633,34.005001068115234,34.0099983215332,27.234834671020508,855407
2018-03-07,33.8849983215332,34.22999954223633,33.814998626708984,34.22999954223633,27.411006927490234,444126
2018-03-08,34.23500061035156,34.619998931884766,34.185001373291016,34.584999084472656,27.695297241210938,148287
2018-03-09,34.54999923706055,34.78499984741211,34.5,34.63999938964844,27.739336013793945,122876
2018-03-12,34.84000015258789,34.845001220703125,34.625,34.744998931884766,27.823415756225582,105689
2018-03-13,34.779998779296875,34.915000915527344,34.310001373291016,34.375,27.527124404907227,124905
2018-03-14,34.42499923706055,34.60499954223633,34.310001373291016,34.380001068115234,27.53113174438477,349750
2018-03-15,34.4900016784668,34.6150016784668,34.380001068115234,34.59000015258789,27.699295043945312,494377
2018-03-16,34.66999816894531,34.93000030517578,34.630001068115234,34.845001220703125,27.903499603271484,598822
2018-03-19,34.744998931884766,34.7599983215332,34.33000183105469,34.404998779296875,27.55115509033203,132460
2018-03-20,34.470001220703125,34.6150016784668,34.30500030517578,34.58000183105469,27.69129180908203,128269
2018-03-21,34.64500045776367,34.64500045776367,34.345001220703125,34.45000076293945,27.58718681335449,111576
2018-03-22,34.224998474121094,34.29999923706055,33.650001525878906,33.94499969482422,27.182790756225582,158279
2018-03-23,33.64500045776367,33.650001525878906,33.25,33.375,26.72633552551269,447634
2018-03-26,33.4900016784668,33.65999984741211,33.064998626708984,33.21500015258789,26.59821128845215,373604
2018-03-27,33.779998779296875,33.81999969482422,33.540000915527344,33.6349983215332,26.93454933166504,972996
2018-03-28,33.40999984741211,33.79499816894531,33.1349983215332,33.79499816894531,27.06266593933105,140973
2018-03-29,33.880001068115234,34.26499938964844,33.845001220703125,34.10499954223633,27.310903549194336,370263
2018-04-02,34.10499954223633,34.10499954223633,34.10499954223633,34.10499954223633,27.310903549194336,0
2018-04-03,33.92499923706055,34.040000915527344,33.709999084472656,33.95000076293945,27.18680000305176,467164
2018-04-04,33.94499969482422,33.94499969482422,33.470001220703125,33.85499954223633,27.1107120513916,463748
2018-04-05,34.41999816894531,34.81999969482422,34.404998779296875,34.790000915527344,27.859458923339844,170585
2018-04-06,34.6150016784668,34.70000076293945,34.529998779296875,34.595001220703125,27.703304290771484,235222
2018-04-09,34.724998474121094,34.86000061035156,34.6150016784668,34.71500015258789,27.799388885498047,46339
2018-04-10,34.91999816894531,34.98500061035156,34.82500076293945,34.900001525878906,27.94755172729492,120154
2018-04-11,34.834999084472656,34.8849983215332,34.66999816894531,34.75,27.827415466308597,102879
2018-04-12,34.775001525878906,35.0,34.69499969482422,34.970001220703125,28.003602981567383,62789
2018-04-13,35.0099983215332,35.20000076293945,34.95500183105469,35.040000915527344,28.059654235839844,446096
2018-04-16,35.084999084472656,35.10499954223633,34.935001373291016,34.95500183105469,27.99159240722656,586856
2018-04-17,35.064998626708984,35.459999084472656,35.040000915527344,35.380001068115234,28.331918716430664,415618
2018-04-18,35.45000076293945,35.529998779296875,35.38999938964844,35.494998931884766,28.424015045166016,194184
2018-04-19,35.5099983215332,35.5099983215332,35.38999938964844,35.44499969482422,28.383975982666016,199686
2018-04-20,35.474998474121094,35.64500045776367,35.38999938964844,35.55500030517578,28.47206115722656,348686
2018-04-23,35.525001525878906,35.744998931884766,35.41999816894531,35.73500061035156,28.61619758605957,69068
2018-04-24,35.77000045776367,35.849998474121094,35.57500076293945,35.689998626708984,28.58016014099121,176543
2018-04-25,35.474998474121094,35.564998626708984,35.29499816894531,35.47999954223633,28.411996841430664,128092
2018-04-26,35.470001220703125,35.75,35.470001220703125,35.744998931884766,28.62420463562012,78754
2018-04-27,35.81999969482422,35.939998626708984,35.7599983215332,35.875,28.728317260742188,74300
2018-04-30,35.904998779296875,36.07500076293945,35.904998779296875,36.07500076293945,28.88847541809082,254669
2018-05-01,36.07500076293945,36.07500076293945,36.07500076293945,36.07500076293945,28.88847541809082,0
2018-05-02,36.095001220703125,36.31499862670898,36.095001220703125,36.275001525878906,29.04863166809082,520228
2018-05-03,36.26499938964844,36.26499938964844,36.01499938964844,36.060001373291016,28.87645721435547,246128
2018-05-04,36.13999938964844,36.310001373291016,36.07500076293945,36.310001373291016,29.07666015625,218295
2018-05-07,36.29999923706055,36.53499984741211,36.28499984741211,36.52999877929688,29.252826690673828,170631
2018-05-08,36.47999954223633,36.4900016784668,36.275001525878906,36.44499969482422,29.184762954711918,504127
2018-05-09,36.5,36.56499862670898,36.45500183105469,36.54999923706055,29.268844604492188,95448
2018-05-10,36.55500030517578,36.64500045776367,36.470001220703125,36.630001068115234,29.33290672302246,32571
2018-05-11,36.685001373291016,36.685001373291016,36.540000915527344,36.630001068115234,29.33290672302246,95355
2018-05-14,36.650001525878906,36.650001525878906,36.525001525878906,36.6349983215332,29.336912155151367,101577
2018-05-15,36.58000183105469,36.66999816894531,36.5,36.625,29.32889938354492,154144
2018-05-16,36.595001220703125,36.650001525878906,36.470001220703125,36.61000061035156,29.316892623901367,172913
2018-05-17,36.29999923706055,36.59999847412109,36.29999923706055,36.59999847412109,29.554540634155277,100500
2018-05-18,36.5099983215332,36.68000030517578,36.40499877929688,36.494998931884766,29.46975898742676,149358
2018-05-21,36.494998931884766,36.494998931884766,36.494998931884766,36.494998931884766,29.46975898742676,0
2018-05-22,36.6349983215332,36.755001068115234,36.540000915527344,36.68000030517578,29.619138717651367,184862
2018-05-23,36.53499984741211,36.53499984741211,36.09000015258789,36.21500015258789,29.24364280700684,138063
2018-05-24,36.220001220703125,36.40999984741211,35.869998931884766,35.9900016784668,29.06196975708008,164569
2018-05-25,36.1150016784668,36.20500183105469,35.75,35.94499969482422,29.025634765625,88609
2018-05-29,35.42499923706055,35.42499923706055,34.869998931884766,35.09000015258789,28.335214614868164,467660
2018-05-30,35.21500015258789,35.369998931884766,34.994998931884766,35.369998931884766,28.561315536499023,348011
2018-05-31,35.439998626708984,35.470001220703125,34.834999084472656,34.970001220703125,28.238311767578125,526965
2018-06-01,35.33000183105469,35.63999938964844,35.28499984741211,35.5099983215332,28.674362182617188,549122
2018-06-04,35.814998626708984,35.814998626708984,35.61000061035156,35.63999938964844,28.77933883666992,78554
2018-06-05,35.60499954223633,35.93000030517578,35.525001525878906,35.525001525878906,28.68647575378418,77038
2018-06-06,35.60499954223633,35.6349983215332,35.29499816894531,35.560001373291016,28.71473693847656,44671
2018-06-07,35.72999954223633,35.8650016784668,35.45000076293945,35.54999923706055,28.706661224365234,59573
2018-06-08,35.27000045776367,35.439998626708984,35.185001373291016,35.41999816894531,28.60169219970703,60304
2018-06-11,35.654998779296875,35.810001373291016,35.540000915527344,35.810001373291016,28.9166259765625,108267
2018-06-12,35.95000076293945,35.96500015258789,35.75,35.75,28.8681640625,25540
2018-06-13,35.78499984741211,35.88999938964844,35.66999816894531,35.79999923706055,28.90854263305664,163674
2018-06-14,35.64500045776367,36.3650016784668,35.584999084472656,36.31499862670898,29.32440185546875,207586
2018-06-15,36.34999847412109,36.415000915527344,36.03499984741211,36.03499984741211,29.09830474853516,102532
2018-06-18,35.970001220703125,36.0,35.525001525878906,35.657501220703125,28.793476104736328,100622
2018-06-19,35.1150016784668,35.36000061035156,35.095001220703125,35.36000061035156,28.55323982238769,61540
2018-06-20,35.55500030517578,35.58000183105469,35.36000061035156,35.400001525878906,28.58553504943848,158382
2018-06-21,35.47999954223633,35.55500030517578,34.935001373291016,35.005001068115234,28.266576766967773,161245
2018-06-22,35.1349983215332,35.40999984741211,35.119998931884766,35.40999984741211,28.59361267089844,30730
2018-06-25,35.16999816894531,35.20500183105469,34.68000030517578,34.68000030517578,28.004135131835938,161782
2018-06-26,34.8650016784668,34.89500045776367,34.619998931884766,34.665000915527344,27.992027282714844,236129
2018-06-27,34.64500045776367,35.21500015258789,34.38999938964844,34.95000076293945,28.222166061401367,239188
2018-06-28,34.869998931884766,35.01499938964844,34.45000076293945,34.61000061035156,27.94761276245117,440353
2018-06-29,35.005001068115234,35.15999984741211,34.89500045776367,34.97999954223633,28.246387481689453,124206
2018-07-02,34.470001220703125,34.84000015258789,34.42499923706055,34.685001373291016,28.0081787109375,41848
2018-07-03,34.869998931884766,35.15999984741211,34.775001525878906,35.04499816894531,28.29887008666992,94945
2018-07-05,35.154998779296875,35.540000915527344,35.154998779296875,35.4275016784668,28.607742309570312,208287
2018-07-06,35.505001068115234,35.505001068115234,35.349998474121094,35.459999084472656,28.633983612060547,59393
2018-07-09,35.625,35.68000030517578,35.54499816894531,35.619998931884766,28.763181686401367,35645
2018-07-10,35.61000061035156,35.810001373291016,35.560001373291016,35.755001068115234,28.87219619750977,44024
2018-07-11,35.4900016784668,35.4900016784668,35.224998474121094,35.25,28.46440887451172,96336
2018-07-12,35.25,35.435001373291016,35.20000076293945,35.435001373291016,28.61380386352539,39414
2018-07-13,35.595001220703125,35.654998779296875,35.48500061035156,35.54750061035156,28.704647064208984,61329
2018-07-16,35.525001525878906,35.630001068115234,35.44499969482422,35.5099983215332,28.674362182617188,134719
2018-07-17,35.43000030517578,35.6349983215332,35.33000183105469,35.595001220703125,28.742992401123047,157914
2018-07-18,35.7400016784668,35.875,35.72999954223633,35.85499954223633,28.95295143127441,94706
2018-07-19,35.814998626708984,35.849998474121094,35.66999816894531,35.720001220703125,28.843936920166016,154631
2018-07-20,35.654998779296875,35.775001525878906,35.314998626708984,35.6150016784668,28.7591552734375,174828
2018-07-23,35.474998474121094,35.6150016784668,35.44499969482422,35.560001373291016,28.71473693847656,108610
2018-07-24,35.689998626708984,35.935001373291016,35.619998931884766,35.85499954223633,28.95295143127441,154470
2018-07-25,35.845001220703125,35.869998931884766,35.619998931884766,35.70000076293945,28.82778549194336,172551
2018-07-26,35.8849983215332,36.119998931884766,35.8849983215332,36.119998931884766,29.16693878173828,242185
2018-07-27,36.150001525878906,36.345001220703125,36.150001525878906,36.310001373291016,29.32036590576172,555139
2018-07-30,36.20500183105469,36.27000045776367,36.18000030517578,36.18000030517578,29.215391159057617,72024
2018-07-31,36.220001220703125,36.36000061035156,36.15999984741211,36.345001220703125,29.3486328125,86062
2018-08-01,36.380001068115234,36.380001068115234,36.130001068115234,36.1349983215332,29.179044723510746,154128
2018-08-02,35.915000915527344,35.98500061035156,35.650001525878906,35.73500061035156,28.856046676635746,105341
2018-08-03,35.79999923706055,35.95000076293945,35.775001525878906,35.869998931884766,28.965059280395508,60516
2018-08-06,35.994998931884766,36.08000183105469,35.810001373291016,35.88999938964844,28.98121833801269,70804
2018-08-07,36.03499984741211,36.23500061035156,36.0,36.125,29.170974731445312,65919
2018-08-08,36.060001373291016,36.150001525878906,35.92499923706055,35.994998931884766,29.06600379943848,163318
2018-08-09,35.93000030517578,36.005001068115234,35.845001220703125,36.005001068115234,29.07408332824707,107361
2018-08-10,35.650001525878906,35.724998474121094,35.189998626708984,35.345001220703125,28.541126251220703,801356
2018-08-13,35.099998474121094,35.23500061035156,35.08000183105469,35.154998779296875,28.3877010345459,321077
2018-08-14,35.314998626708984,35.400001525878906,35.04999923706055,35.130001068115234,28.36751365661621,257852
2018-08-15,35.20500183105469,35.2599983215332,34.470001220703125,34.54999923706055,27.89916038513184,232240
2018-08-16,34.1150016784668,34.244998931884766,34.0099983215332,34.220001220703125,28.11573982238769,107558
2018-08-17,34.25,34.279998779296875,33.97999954223633,34.150001525878906,28.05823516845703,93468
2018-08-20,34.275001525878906,34.47999954223633,34.2599983215332,34.380001068115234,28.24719619750977,41585
2018-08-21,34.349998474121094,34.67499923706055,34.349998474121094,34.55500030517578,28.39098358154297,110324
2018-08-22,34.59000015258789,34.720001220703125,34.54999923706055,34.654998779296875,28.473142623901367,93303
2018-08-23,34.685001373291016,34.70000076293945,34.619998931884766,34.619998931884766,28.444385528564453,125533
2018-08-24,34.685001373291016,34.81999969482422,34.63999938964844,34.72999954223633,28.53476333618164,72830
2018-08-27,34.915000915527344,35.064998626708984,34.78499984741211,35.0099983215332,28.764816284179688,97617
2018-08-28,35.07500076293945,35.07500076293945,34.92499923706055,34.92499923706055,28.694982528686523,90702
2018-08-29,34.959999084472656,35.01499938964844,34.875,35.01499938964844,28.76892471313477,48775
2018-08-30,34.915000915527344,34.915000915527344,34.71500015258789,34.73500061035156,28.53886985778809,96124
2018-08-31,34.63999938964844,34.63999938964844,34.334999084472656,34.34000015258789,28.21433448791504,67906
2018-09-04,34.494998931884766,34.494998931884766,33.880001068115234,34.0099983215332,27.943199157714844,208619
2018-09-05,33.8849983215332,33.89500045776367,33.57500076293945,33.57500076293945,27.58580207824707,138879
2018-09-06,33.52000045776367,33.69499969482422,33.380001068115234,33.380001068115234,27.42557907104492,115898
2018-09-07,33.400001525878906,33.474998474121094,33.19499969482422,33.375,27.421470642089844,72753
2018-09-10,33.314998626708984,33.654998779296875,33.314998626708984,33.5,27.524173736572266,123550
2018-09-11,33.595001220703125,33.595001220703125,33.29499816894531,33.55500030517578,27.56936836242676,201849
2018-09-12,33.560001373291016,33.72999954223633,33.4900016784668,33.709999084472656,27.696720123291016,176424
2018-09-13,33.66999816894531,33.97999954223633,33.66999816894531,33.79499816894531,27.76655387878418,44857
2018-09-14,33.904998779296875,33.95500183105469,33.79499816894531,33.900001525878906,27.85282516479492,36496
2018-09-17,33.779998779296875,33.959999084472656,33.779998779296875,33.93000030517578,27.87747573852539,81857
2018-09-18,33.939998626708984,34.084999084472656,33.849998474121094,34.040000915527344,27.967853546142575,175747
2018-09-19,34.060001373291016,34.17499923706055,33.97999954223633,34.150001525878906,28.05823516845703,235939
2018-09-20,34.17499923706055,34.529998779296875,34.17499923706055,34.505001068115234,28.34990119934082,209348
2018-09-21,34.650001525878906,34.80500030517578,34.650001525878906,34.77000045776367,28.567625045776367,260488
2018-09-24,34.685001373291016,34.69499969482422,34.560001373291016,34.56999969482422,28.403301239013672,45850
2018-09-25,34.65999984741211,34.7599983215332,34.6150016784668,34.70000076293945,28.51011848449707,207745
2018-09-26,34.70500183105469,34.845001220703125,34.67499923706055,34.845001220703125,28.62925910949707,88607
2018-09-27,34.70500183105469,35.01499938964844,34.58000183105469,35.0,28.756601333618164,178760
2018-09-28,34.76499938964844,34.814998626708984,34.290000915527344,34.474998474121094,28.32525062561035,146382
2018-10-01,34.494998931884766,34.720001220703125,34.494998931884766,34.625,28.4484977722168,181348
2018-10-02,34.310001373291016,34.400001525878906,34.209999084472656,34.375,28.24308967590332,176611
2018-10-03,34.375,34.375,34.375,34.375,28.24308967590332,0
2018-10-04,34.46500015258789,34.46500015258789,34.23500061035156,34.25,28.1403923034668,370582
2018-10-05,34.185001373291016,34.2599983215332,33.915000915527344,33.915000915527344,27.865144729614254,704764
2018-10-08,33.775001525878906,33.80500030517578,33.54999923706055,33.54999923706055,27.56525993347168,96784
2018-10-09,33.66999816894531,33.71500015258789,33.30500030517578,33.71500015258789,27.70082664489746,96834
2018-10-10,33.63999938964844,33.65999984741211,33.165000915527344,33.16999816894531,27.25304412841797,206100
2018-10-11,32.810001373291016,32.97999954223633,32.54999923706055,32.54999923706055,26.74363899230957,391840
2018-10-12,32.93000030517578,32.93000030517578,32.44499969482422,32.45000076293945,26.66147994995117,322197
2018-10-15,32.435001373291016,32.63999938964844,32.29499816894531,32.599998474121094,26.78472328186035,225351
2018-10-16,32.595001220703125,33.1150016784668,32.595001220703125,33.029998779296875,27.138015747070312,310684
2018-10-17,33.20500183105469,33.31999969482422,32.82500076293945,32.95500183105469,27.076398849487305,139231
2018-10-18,32.92499923706055,33.064998626708984,32.6150016784668,32.6150016784668,26.79704475402832,135353
2018-10-19,32.65999984741211,32.7599983215332,32.349998474121094,32.60499954223633,26.788827896118164,274796
2018-10-22,32.869998931884766,32.875,32.375,32.41999816894531,26.636829376220703,160410
2018-10-23,32.040000915527344,32.15999984741211,31.825000762939453,31.899999618530277,26.20958709716797,1156177
2018-10-24,32.08000183105469,32.345001220703125,31.780000686645508,31.78499984741211,26.11510467529297,606902
2018-10-25,31.6200008392334,32.14500045776367,31.575000762939453,32.11000061035156,26.382129669189453,214715
2018-10-26,31.80500030517578,31.850000381469727,31.40999984741211,31.850000381469727,26.16851234436035,165541
2018-10-29,31.940000534057617,32.29999923706055,31.875,32.05500030517578,26.33694267272949,458363
2018-10-30,32.130001068115234,32.17499923706055,31.75,31.959999084472656,26.25888442993164,649046
2018-10-31,32.51499938964844,32.595001220703125,32.38999938964844,32.494998931884766,26.698448181152344,319393
2018-11-01,32.459999084472656,32.78499984741211,32.459999084472656,32.53499984741211,26.731313705444336,92809
2018-11-02,32.90999984741211,33.005001068115234,32.65999984741211,32.65999984741211,26.83401870727539,186260
2018-11-05,32.70000076293945,32.779998779296875,32.625,32.68000030517578,26.85045051574707,196833
2018-11-06,32.72999954223633,32.72999954223633,32.4900016784668,32.61000061035156,26.792938232421875,244028
2018-11-07,32.80500030517578,33.04999923706055,32.80500030517578,33.005001068115234,27.11747360229492,236099
2018-11-08,33.095001220703125,33.15999984741211,32.849998474121094,32.900001525878906,27.031213760375977,1027665
2018-11-09,32.720001220703125,32.849998474121094,32.61000061035156,32.82500076293945,26.969587326049805,98872
2018-11-12,32.970001220703125,32.970001220703125,32.44499969482422,32.46500015258789,26.673803329467773,99446
2018-11-13,32.619998931884766,32.79999923706055,32.474998474121094,32.77000045776367,26.92439842224121,75500
2018-11-14,32.48500061035156,32.91999816894531,32.29499816894531,32.540000915527344,26.73542594909668,218201
2018-11-15,32.6150016784668,32.709999084472656,32.095001220703125,32.33000183105469,26.634916305541992,494222
2018-11-16,32.54999923706055,32.54999923706055,32.05500030517578,32.23500061035156,26.556655883789062,216545
2018-11-19,32.375,32.46500015258789,32.0,32.0099983215332,26.37128448486328,26053
2018-11-20,31.84000015258789,31.84000015258789,31.450000762939453,31.57999992370605,26.017032623291016,171221
2018-11-21,31.729999542236328,31.94499969482422,31.690000534057617,31.94499969482422,26.317731857299805,141286
2018-11-23,31.71999931335449,31.834999084472656,31.57999992370605,31.770000457763672,26.173564910888672,94282
2018-11-26,32.10499954223633,32.244998931884766,32.04999923706055,32.125,26.46602439880371,231006
2018-11-27,32.21500015258789,32.25,31.934999465942383,32.095001220703125,26.441312789916992,109535
2018-11-28,32.22999954223633,32.2599983215332,32.08000183105469,32.09000015258789,26.43718910217285,76560
2018-11-29,32.3650016784668,32.39500045776367,32.1150016784668,32.165000915527344,26.498985290527344,114201
2018-11-30,32.20500183105469,32.224998474121094,32.01499938964844,32.13999938964844,26.478384017944336,106130
2018-12-03,32.8650016784668,32.869998931884766,32.529998779296875,32.564998626708984,26.828521728515625,401500
2018-12-04,32.5,32.5,32.310001373291016,32.310001373291016,26.61843490600586,83815
2018-12-06,31.565000534057617,31.565000534057617,30.774999618530277,30.924999237060547,25.4774112701416,306418
2018-12-07,31.1200008392334,31.350000381469727,31.01499938964844,31.01499938964844,25.55156135559082,44900
2018-12-10,30.88500022888184,30.940000534057617,30.48500061035156,30.56999969482422,25.18494987487793,122399
2018-12-11,30.80500030517578,31.21500015258789,30.71999931335449,30.98500061035156,25.52684211730957,334460
2018-12-12,31.09499931335449,31.59499931335449,31.09499931335449,31.4950008392334,25.947004318237305,135900
2018-12-13,31.684999465942383,31.684999465942383,31.44499969482422,31.540000915527344,25.98407745361328,100584
2018-12-14,31.290000915527344,31.440000534057617,31.045000076293945,31.36000061035156,25.83578491210937,84700
2018-12-17,31.274999618530277,31.32999992370605,30.950000762939453,31.040000915527344,25.57215881347656,130769
2018-12-18,30.98500061035156,31.114999771118164,30.8700008392334,30.88999938964844,25.44857406616211,189631
2018-12-19,30.920000076293945,31.06999969482422,30.920000076293945,30.96999931335449,25.51448631286621,169543
2018-12-20,30.540000915527344,30.625,30.3700008392334,30.440000534057617,25.077850341796875,277906
2018-12-21,30.270000457763672,30.489999771118164,30.01000022888184,30.489999771118164,25.11903953552246,403907
2018-12-24,30.489999771118164,30.489999771118164,30.489999771118164,30.489999771118164,25.11903953552246,0
2018-12-26,30.489999771118164,30.489999771118164,30.489999771118164,30.489999771118164,25.11903953552246,0
2018-12-27,30.315000534057617,30.395000457763672,29.520000457763672,29.850000381469727,24.591779708862305,237104
2018-12-28,30.0049991607666,30.40999984741211,30.0049991607666,30.38500022888184,25.03253746032715,280006
2018-12-31,30.38500022888184,30.38500022888184,30.38500022888184,30.38500022888184,25.03253746032715,0
2019-01-02,30.125,30.459999084472656,29.854999542236328,30.40999984741211,25.053133010864254,165245
2019-01-03,30.165000915527344,30.270000457763672,29.98500061035156,30.03499984741211,24.74419403076172,176932
2019-01-04,30.34000015258789,30.96999931335449,30.21500015258789,30.88999938964844,25.44857406616211,187137
2019-01-07,30.98500061035156,30.98500061035156,30.649999618530277,30.834999084472656,25.40326690673828,153600
2019-01-08,30.8700008392334,31.26000022888184,30.8700008392334,31.030000686645508,25.56391906738281,218954
2019-01-09,31.26000022888184,31.375,31.06999969482422,31.184999465942383,25.69160842895508,424886
2019-01-10,31.0,31.239999771118164,30.924999237060547,31.239999771118164,25.73692321777344,226543
2019-01-11,31.274999618530277,31.34000015258789,31.05500030517578,31.165000915527344,25.67513084411621,78620
2019-01-14,31.020000457763672,31.075000762939453,30.854999542236328,31.020000457763672,25.555673599243164,141178
2019-01-15,31.315000534057617,31.36000061035156,30.920000076293945,31.149999618530277,25.66278076171875,237833
2019-01-16,31.280000686645508,31.280000686645508,31.104999542236328,31.26499938964844,25.75752258300781,90061
2019-01-17,31.049999237060547,31.18000030517578,31.024999618530277,31.165000915527344,25.67513084411621,56399
2019-01-18,31.38999938964844,31.834999084472656,31.38999938964844,31.834999084472656,26.227113723754883,667060
2019-01-22,31.59000015258789,31.700000762939453,31.450000762939453,31.614999771118164,26.04587173461914,174972
2019-01-23,31.434999465942383,31.809999465942383,31.434999465942383,31.59000015258789,26.025266647338867,124384
2019-01-24,31.604999542236328,31.84499931335449,31.559999465942383,31.7549991607666,26.16120147705078,229949
2019-01-25,31.950000762939453,32.16999816894531,31.924999237060547,32.11000061035156,26.45366859436035,204956
2019-01-28,31.959999084472656,32.04499816894531,31.81999969482422,31.854999542236328,26.243593215942383,173414
2019-01-29,31.84499931335449,32.150001525878906,31.799999237060547,32.029998779296875,26.38776016235352,202271
2019-01-30,32.04499816894531,32.125,32.0,32.1150016784668,26.45779228210449,79926
2019-01-31,32.209999084472656,32.30500030517578,31.82999992370605,32.10499954223633,26.449546813964844,298530
2019-02-01,32.18000030517578,32.255001068115234,32.0,32.244998931884766,26.564889907836918,92049
2019-02-04,32.279998779296875,32.279998779296875,32.02000045776367,32.19499969482422,26.52369499206543,47927
2019-02-05,32.20000076293945,32.689998626708984,32.20000076293945,32.689998626708984,26.93150329589844,193817
2019-02-06,32.61000061035156,32.709999084472656,32.540000915527344,32.654998779296875,26.902664184570312,154508
2019-02-07,32.55500030517578,32.630001068115234,32.03499984741211,32.03499984741211,26.39188003540039,385102
2019-02-08,32.04999923706055,32.14500045776367,31.795000076293945,31.915000915527344,26.29302024841309,162895
2019-02-11,32.04999923706055,32.255001068115234,32.04999923706055,32.19499969482422,26.52369499206543,114681
2019-02-12,32.435001373291016,32.54499816894531,32.400001525878906,32.45500183105469,26.73789596557617,387473
2019-02-13,32.540000915527344,32.70000076293945,32.470001220703125,32.58000183105469,26.840879440307617,62003
2019-02-14,32.6349983215332,32.6349983215332,32.23500061035156,32.23500061035156,26.691993713378903,327212
2019-02-15,32.16999816894531,32.880001068115234,32.16999816894531,32.79499816894531,27.155696868896484,440312
2019-02-19,32.810001373291016,32.900001525878906,32.625,32.79999923706055,27.159841537475582,86029
2019-02-20,32.84000015258789,33.04999923706055,32.779998779296875,32.994998931884766,27.321308135986328,193480
2019-02-21,33.05500030517578,33.095001220703125,32.974998474121094,33.05500030517578,27.370994567871094,115371
2019-02-22,33.0099983215332,33.20000076293945,33.0099983215332,33.125,27.42895126342773,77498
2019-02-25,33.29499816894531,33.29499816894531,33.17499923706055,33.20000076293945,27.491056442260746,84153
2019-02-26,33.06999969482422,33.33000183105469,33.029998779296875,33.28499984741211,27.56143951416016,168272
2019-02-27,33.15999984741211,33.26499938964844,33.095001220703125,33.22999954223633,27.515899658203125,174143
2019-02-28,33.13999938964844,33.39500045776367,33.119998931884766,33.39500045776367,27.65252113342285,114603
2019-03-01,33.57500076293945,33.69499969482422,33.529998779296875,33.54499816894531,27.776735305786133,118824
2019-03-04,33.67499923706055,33.69499969482422,33.560001373291016,33.58000183105469,27.805713653564453,126666
2019-03-05,33.599998474121094,33.70500183105469,33.5,33.69499969482422,27.900941848754883,81311
2019-03-06,33.650001525878906,33.814998626708984,33.599998474121094,33.654998779296875,27.86781883239746,97995
2019-03-07,33.599998474121094,33.79499816894531,33.334999084472656,33.540000915527344,27.77259635925293,142605
2019-03-08,33.275001525878906,33.35499954223633,33.13999938964844,33.2599983215332,27.540733337402344,171544
2019-03-11,33.39500045776367,33.470001220703125,33.2599983215332,33.45000076293945,27.69806480407715,82314
2019-03-12,33.595001220703125,33.595001220703125,33.32500076293945,33.459999084472656,27.70635223388672,112895
2019-03-13,33.43000030517578,33.66999816894531,33.43000030517578,33.654998779296875,27.86781883239746,45827
2019-03-14,33.724998474121094,33.900001525878906,33.654998779296875,33.8849983215332,28.058269500732425,206285
2019-03-15,33.8849983215332,34.33000183105469,33.8650016784668,34.279998779296875,28.385347366333008,1003097
2019-03-18,34.28499984741211,34.349998474121094,34.25,34.314998626708984,28.41431999206543,54899
2019-03-19,34.369998931884766,34.68000030517578,34.34000015258789,34.53499984741211,28.59650230407715,133764
2019-03-20,34.404998779296875,34.459999084472656,34.185001373291016,34.185001373291016,28.306676864624023,284222
2019-03-21,34.1349983215332,34.209999084472656,33.959999084472656,34.125,28.25699615478516,460944
2019-03-22,34.21500015258789,34.22999954223633,33.474998474121094,33.494998931884766,27.73533058166504,99748
2019-03-25,33.3650016784668,33.56999969482422,33.310001373291016,33.41999816894531,27.673229217529297,202094
2019-03-26,33.45500183105469,33.70500183105469,33.39500045776367,33.630001068115234,27.84712028503418,62499
2019-03-27,33.69499969482422,33.849998474121094,33.470001220703125,33.70500183105469,27.90921974182129,72964
2019-03-28,33.70500183105469,33.80500030517578,33.6349983215332,33.68000030517578,27.888521194458008,48116
2019-03-29,33.900001525878906,34.02000045776367,33.77000045776367,34.01499938964844,28.16590690612793,233299
2019-04-01,34.25,34.39500045776367,34.209999084472656,34.34000015258789,28.435029983520508,33304
2019-04-02,34.369998931884766,34.52000045776367,34.334999084472656,34.45000076293945,28.526107788085938,208641
2019-04-03,34.724998474121094,34.875,34.720001220703125,34.875,28.878026962280277,428033
2019-04-04,34.82500076293945,34.95500183105469,34.77000045776367,34.935001373291016,28.92771339416504,95784
2019-04-05,34.959999084472656,34.97999954223633,34.89500045776367,34.970001220703125,28.956697463989254,35224
2019-04-08,34.91999816894531,34.994998931884766,34.85499954223633,34.88999938964844,28.890453338623047,36133
2019-04-09,34.779998779296875,35.02000045776367,34.689998626708984,34.70500183105469,28.73726272583008,224678
2019-04-10,34.744998931884766,34.834999084472656,34.720001220703125,34.779998779296875,28.79936408996582,43504
2019-04-11,34.81999969482422,34.939998626708984,34.6349983215332,34.900001525878906,28.898731231689453,127683
2019-04-12,34.81999969482422,35.060001373291016,34.790000915527344,35.025001525878906,29.00224494934082,59151
2019-04-15,35.04999923706055,35.099998474121094,34.970001220703125,35.029998779296875,29.006385803222656,45885
2019-04-16,35.07500076293945,35.185001373291016,35.07500076293945,35.17499923706055,29.126440048217773,24372
2019-04-17,35.15999984741211,35.415000915527344,35.150001525878906,35.314998626708984,29.242366790771484,100244
2019-04-18,35.30500030517578,35.595001220703125,35.209999084472656,35.54499816894531,29.43281555175781,87343
2019-04-22,35.54499816894531,35.54499816894531,35.54499816894531,35.54499816894531,29.43281555175781,0
2019-04-23,35.540000915527344,35.630001068115234,35.42499923706055,35.61000061035156,29.486648559570312,124660
2019-04-24,35.53499984741211,35.720001220703125,35.4900016784668,35.599998474121094,29.47836685180664,119278
2019-04-25,35.529998779296875,35.540000915527344,35.375,35.540000915527344,29.42867851257324,98791
2019-04-26,35.54499816894531,35.63999938964844,35.470001220703125,35.619998931884766,29.494930267333984,72112
2019-04-29,35.61000061035156,35.72999954223633,35.474998474121094,35.685001373291016,29.54874038696289,75582
2019-04-30,35.65999984741211,35.80500030517578,35.599998474121094,35.80500030517578,29.648101806640625,90502
2019-05-01,35.80500030517578,35.80500030517578,35.80500030517578,35.80500030517578,29.648101806640625,0
2019-05-02,35.790000915527344,35.85499954223633,35.630001068115234,35.65999984741211,29.528045654296875,49413
2019-05-03,35.650001525878906,35.83000183105469,35.650001525878906,35.79499816894531,29.639827728271484,68014
2019-05-06,35.2400016784668,35.44499969482422,35.02000045776367,35.435001373291016,29.34173011779785,62493
2019-05-07,35.439998626708984,35.474998474121094,34.78499984741211,34.810001373291016,28.82420539855957,188165
2019-05-08,34.875,35.02000045776367,34.70500183105469,34.94499969482422,28.93599510192871,454439
2019-05-09,34.71500015258789,34.77000045776367,34.369998931884766,34.43000030517578,28.50955390930176,132844
2019-05-10,34.71500015258789,34.77000045776367,34.400001525878906,34.54499816894531,28.604766845703125,708474
2019-05-13,34.54999923706055,34.54999923706055,34.040000915527344,34.09000015258789,28.22801971435547,165615
2019-05-14,34.275001525878906,34.56999969482422,34.2400016784668,34.56999969482422,28.6254825592041,69342
2019-05-15,34.564998626708984,34.790000915527344,34.27000045776367,34.790000915527344,28.807647705078125,42002
2019-05-16,34.45000076293945,35.09000015258789,34.35499954223633,35.09000015258789,29.279674530029297,83788
2019-05-17,34.96500015258789,35.0,34.75,34.9900016784668,29.19623565673828,64845
2019-05-20,34.95000076293945,35.04499816894531,34.415000915527344,34.45000076293945,28.74565315246582,45601
2019-05-21,34.619998931884766,34.75,34.54999923706055,34.665000915527344,28.925046920776367,39877
2019-05-22,34.65999984741211,34.77000045776367,34.415000915527344,34.665000915527344,28.925046920776367,68805
2019-05-23,34.439998626708984,34.439998626708984,34.08000183105469,34.1150016784668,28.46612548828125,70855
2019-05-24,34.32500076293945,34.47999954223633,34.29999923706055,34.3650016784668,28.67472267150879,43355
2019-05-28,34.584999084472656,34.584999084472656,34.2599983215332,34.34000015258789,28.653865814208984,97942
2019-05-29,34.060001373291016,34.060001373291016,33.80500030517578,33.875,28.26585578918457,87855
2019-05-30,34.06999969482422,34.1150016784668,34.005001068115234,34.11000061035156,28.46194267272949,28526
2019-05-31,33.709999084472656,33.7400016784668,33.5,33.724998474121094,28.14069938659668,84648
2019-06-03,33.494998931884766,33.880001068115234,33.38999938964844,33.880001068115234,28.270034790039062,353886
2019-06-04,33.67499923706055,34.314998626708984,33.665000915527344,34.27000045776367,28.59545516967773,277686
2019-06-05,34.25,34.404998779296875,34.20000076293945,34.334999084472656,28.649688720703125,67966
2019-06-06,34.380001068115234,34.665000915527344,34.26499938964844,34.310001373291016,28.62883758544922,271176
2019-06-07,34.494998931884766,34.869998931884766,34.494998931884766,34.73500061035156,28.98346519470215,95227
2019-06-10,34.73500061035156,34.73500061035156,34.73500061035156,34.73500061035156,28.98346519470215,0
2019-06-11,34.904998779296875,35.16999816894531,34.900001525878906,34.97999954223633,29.187896728515625,381692
2019-06-12,34.849998474121094,34.900001525878906,34.744998931884766,34.834999084472656,29.06690216064453,47782
2019-06-13,34.77000045776367,34.9900016784668,34.77000045776367,34.880001068115234,29.10445213317871,79695
2019-06-14,34.755001068115234,34.779998779296875,34.60499954223633,34.775001525878906,29.01683616638184,137234
2019-06-17,34.845001220703125,34.915000915527344,34.73500061035156,34.810001373291016,29.046049118041992,116632
2019-06-18,34.79499816894531,35.599998474121094,34.685001373291016,35.560001373291016,29.671852111816406,181609
2019-06-19,35.560001373291016,35.599998474121094,35.48500061035156,35.56999969482422,29.680198669433597,131222
2019-06-20,35.84000015258789,35.90999984741211,35.70500183105469,35.70500183105469,29.792844772338867,282505
2019-06-21,35.76499938964844,36.0,35.60499954223633,35.689998626708984,29.78032684326172,247042
2019-06-24,35.69499969482422,35.7400016784668,35.53499984741211,35.54999923706055,29.663509368896484,33164
2019-06-25,35.41999816894531,35.53499984741211,35.41999816894531,35.46500015258789,29.59258460998535,96994
2019-06-26,35.400001525878906,35.564998626708984,35.369998931884766,35.41999816894531,29.55503273010254,60079
2019-06-27,35.525001525878906,35.54499816894531,35.2599983215332,35.439998626708984,29.571720123291016,126856
2019-06-28,35.470001220703125,35.779998779296875,35.439998626708984,35.755001068115234,29.834562301635746,92162
2019-07-01,36.220001220703125,36.22499847412109,36.0099983215332,36.0099983215332,30.047332763671875,120833
2019-07-02,36.060001373291016,36.150001525878906,35.959999084472656,36.11000061035156,30.13078117370605,72444
2019-07-03,36.18000030517578,36.46500015258789,36.18000030517578,36.46500015258789,30.427000045776367,186379
2019-07-05,36.494998931884766,36.52999877929688,36.21500015258789,36.36000061035156,30.33938980102539,489758
2019-07-08,36.2599983215332,36.38999938964844,36.22499847412109,36.31999969482422,30.30600929260254,219556
2019-07-09,36.119998931884766,36.244998931884766,36.02999877929688,36.16999816894531,30.180843353271484,200536
2019-07-10,36.06999969482422,36.29999923706055,36.05500030517578,36.09000015258789,30.11408805847168,69978
2019-07-11,36.19499969482422,36.220001220703125,36.025001525878906,36.04999923706055,30.080717086791992,78073
2019-07-12,36.060001373291016,36.09999847412109,36.0,36.040000915527344,30.07237243652344,47601
2019-07-15,36.11000061035156,36.23500061035156,35.900001525878906,36.084999084472656,30.10991668701172,144930
2019-07-16,36.09000015258789,36.35499954223633,36.060001373291016,36.290000915527344,30.28097915649414,34694
2019-07-17,36.27000045776367,36.33000183105469,36.02999877929688,36.07500076293945,30.10157585144043,196580
2019-07-18,35.790000915527344,36.04999923706055,35.779998779296875,35.834999084472656,29.901315689086918,66454
2019-07-19,36.06999969482422,36.20000076293945,35.775001525878906,35.82500076293945,29.892976760864254,70793
2019-07-22,35.834999084472656,36.03499984741211,35.834999084472656,35.959999084472656,30.005613327026367,61358
2019-07-23,36.18000030517578,36.52000045776367,36.165000915527344,36.415000915527344,30.38528060913086,90219
2019-07-24,36.41999816894531,36.42499923706055,36.27999877929688,36.40999984741211,30.381113052368164,55351
2019-07-25,36.60499954223633,36.81499862670898,36.06999969482422,36.14500045776367,30.159990310668945,82867
2019-07-26,36.13999938964844,36.334999084472656,36.13999938964844,36.32500076293945,30.31018447875977,32413
2019-07-29,36.255001068115234,36.45000076293945,36.220001220703125,36.31999969482422,30.30600929260254,45977
2019-07-30,36.255001068115234,36.29999923706055,35.599998474121094,35.68000030517578,29.77198600769043,168587
2019-07-31,35.65999984741211,35.790000915527344,35.63999938964844,35.70500183105469,29.792844772338867,297129
2019-08-01,35.584999084472656,35.959999084472656,35.584999084472656,35.95500183105469,30.001447677612305,89394
2019-08-02,35.185001373291016,35.20500183105469,34.709999084472656,34.790000915527344,29.029356002807617,334304
2019-08-05,34.474998474121094,34.54499816894531,34.060001373291016,34.1150016784668,28.46612548828125,601464
2019-08-06,34.154998779296875,34.369998931884766,33.915000915527344,33.915000915527344,28.299240112304688,292254
2019-08-07,34.03499984741211,34.404998779296875,33.81999969482422,34.09000015258789,28.44525909423828,402840
2019-08-08,34.46500015258789,34.75,34.34000015258789,34.75,28.995973587036133,125134
2019-08-09,34.599998474121094,34.69499969482422,34.334999084472656,34.334999084472656,28.649688720703125,96410
2019-08-12,34.67499923706055,34.72999954223633,34.244998931884766,34.290000915527344,28.61214256286621,82289
2019-08-13,34.165000915527344,34.82500076293945,34.0,34.630001068115234,28.895845413208008,204608
2019-08-14,34.564998626708984,34.56999969482422,33.779998779296875,33.92499923706055,28.30757522583008,151055
2019-08-15,33.98500061035156,34.06999969482422,33.36000061035156,33.8650016784668,28.25752067565918,173457
2019-08-16,33.3650016784668,33.72999954223633,33.3650016784668,33.689998626708984,28.63239288330078,149156
2019-08-19,34.025001525878906,34.185001373291016,33.875,34.11000061035156,28.989341735839844,85185
2019-08-20,34.099998474121094,34.20500183105469,33.869998931884766,33.91999816894531,28.827865600585938,47894
2019-08-21,34.084999084472656,34.400001525878906,34.084999084472656,34.369998931884766,29.21031951904297,18708
2019-08-22,34.220001220703125,34.439998626708984,34.084999084472656,34.16999816894531,29.040332794189453,112930
2019-08-23,34.314998626708984,34.34000015258789,33.75,33.75,28.683387756347656,83841
2019-08-26,33.720001220703125,33.98500061035156,33.619998931884766,33.93000030517578,28.83636474609375,89313
2019-08-27,33.84000015258789,34.18000030517578,33.77000045776367,34.119998931884766,28.99784278869629,32494
2019-08-28,33.95500183105469,34.08000183105469,33.75,34.06999969482422,28.95534896850586,98936
2019-08-29,33.994998931884766,34.55500030517578,33.994998931884766,34.54999923706055,29.36329460144043,83458
2019-08-30,34.54999923706055,34.845001220703125,34.54999923706055,34.709999084472656,29.4992733001709,58333
2019-09-03,34.67499923706055,34.72999954223633,34.47999954223633,34.65999984741211,29.45677757263184,52359
2019-09-04,34.90999984741211,35.040000915527344,34.88999938964844,34.95500183105469,29.70749855041504,41955
2019-09-05,35.209999084472656,35.28499984741211,35.130001068115234,35.28499984741211,29.987951278686523,42898
2019-09-06,35.314998626708984,35.39500045776367,35.26499938964844,35.39500045776367,30.081443786621094,58729
2019-09-09,35.45500183105469,35.459999084472656,35.33000183105469,35.404998779296875,30.089942932128903,116328
2019-09-10,35.3849983215332,35.46500015258789,35.255001068115234,35.435001373291016,30.115440368652344,80361
2019-09-11,35.58000183105469,35.64500045776367,35.540000915527344,35.63999938964844,30.289661407470703,160982
2019-09-12,35.7400016784668,36.0,35.55500030517578,35.8650016784668,30.480876922607425,160266
2019-09-13,35.875,36.01499938964844,35.814998626708984,35.96500015258789,30.56586456298828,67045
2019-09-16,35.76499938964844,35.81999969482422,35.654998779296875,35.66999816894531,30.315156936645508,123786
2019-09-17,35.64500045776367,35.720001220703125,35.529998779296875,35.665000915527344,30.3109073638916,128102
2019-09-18,35.650001525878906,35.790000915527344,35.64500045776367,35.744998931884766,30.37889671325684,96972
2019-09-19,35.73500061035156,36.025001525878906,35.73500061035156,36.0099983215332,30.60411071777344,317755
2019-09-20,35.97999954223633,36.209999084472656,35.915000915527344,36.1349983215332,30.710351943969727,1011219
2019-09-23,36.05500030517578,36.05500030517578,35.75,35.845001220703125,30.46388816833496,68144
2019-09-24,35.900001525878906,35.92499923706055,35.7400016784668,35.7400016784668,30.374650955200195,219907
2019-09-25,35.630001068115234,35.630001068115234,35.244998931884766,35.560001373291016,30.22167205810547,112135
2019-09-26,35.53499984741211,35.810001373291016,35.525001525878906,35.790000915527344,30.417142868041992,143474
2019-09-27,35.91999816894531,36.0,35.849998474121094,35.92499923706055,30.53187561035156,49689
2019-09-30,35.880001068115234,36.16999816894531,35.86000061035156,36.14500045776367,30.718860626220703,44129
2019-10-01,36.29499816894531,36.334999084472656,35.66999816894531,35.66999816894531,30.315156936645508,375558
2019-10-02,35.584999084472656,35.584999084472656,34.57500076293945,34.57500076293945,29.384544372558597,152010
2019-10-03,34.57500076293945,34.57500076293945,34.57500076293945,34.57500076293945,29.384544372558597,0
2019-10-04,34.70500183105469,34.92499923706055,34.56999969482422,34.92499923706055,29.68199157714844,119728
2019-10-07,34.875,35.19499969482422,34.82500076293945,35.19499969482422,29.91145896911621,136071
2019-10-08,35.20500183105469,35.23500061035156,34.75,34.77000045776367,29.55026054382324,240372
2019-10-09,34.755001068115234,35.19499969482422,34.75,35.08000183105469,29.81373405456543,134843
2019-10-10,35.07500076293945,35.44499969482422,34.935001373291016,35.404998779296875,30.089942932128903,160135
2019-10-11,35.54999923706055,36.19499969482422,35.54999923706055,36.19499969482422,30.76134490966797,102948
2019-10-14,36.025001525878906,36.05500030517578,35.81999969482422,36.04999923706055,30.638113021850582,126048
2019-10-15,36.34999847412109,36.56999969482422,36.185001373291016,36.45500183105469,30.98231315612793,103952
2019-10-16,36.505001068115234,36.59999847412109,36.40499877929688,36.47999954223633,31.00356101989746,90118
2019-10-17,36.45500183105469,36.79999923706055,36.36000061035156,36.36000061035156,30.90157699584961,108347
2019-10-18,36.29999923706055,36.415000915527344,36.20000076293945,36.27999877929688,30.83358383178711,74791
2019-10-21,36.33000183105469,36.56499862670898,36.33000183105469,36.4900016784668,31.012060165405277,39450
2019-10-22,36.5,36.56499862670898,36.3650016784668,36.525001525878906,31.04179000854492,44169
2019-10-23,36.375,36.59000015258789,36.375,36.58000183105469,31.088546752929688,37717
2019-10-24,36.665000915527344,36.7400016784668,36.619998931884766,36.709999084472656,31.199024200439453,55465
2019-10-25,36.71500015258789,36.7400016784668,36.55500030517578,36.7400016784668,31.224519729614254,61411
2019-10-28,36.72499847412109,36.84999847412109,36.68999862670898,36.77999877929688,31.258527755737305,62166
2019-10-29,36.7400016784668,36.7400016784668,36.619998931884766,36.72999954223633,31.216035842895508,97811
2019-10-30,36.72999954223633,36.755001068115234,36.470001220703125,36.71500015258789,31.203279495239254,85229
2019-10-31,36.75,36.81499862670898,36.48500061035156,36.57500076293945,31.084285736083984,117990
2019-11-01,36.68999862670898,36.845001220703125,36.6150016784668,36.77000045776367,31.25002098083496,89194
2019-11-04,36.91999816894531,37.220001220703125,36.90499877929688,37.18999862670898,31.606969833374023,288067
2019-11-05,37.17499923706055,37.29999923706055,37.16999816894531,37.29999923706055,31.700458526611328,136897
2019-11-06,37.32500076293945,37.45000076293945,37.310001373291016,37.43999862670898,31.81943893432617,113382
2019-11-07,37.595001220703125,37.625,37.52000045776367,37.61000061035156,31.963926315307617,279308
2019-11-08,37.494998931884766,37.60499954223633,37.45500183105469,37.52000045776367,31.887434005737305,293335
2019-11-11,37.42499923706055,37.560001373291016,37.40499877929688,37.52000045776367,31.887434005737305,54880
2019-11-12,37.59000015258789,37.71500015258789,37.54999923706055,37.66999816894531,32.01490783691406,109604
2019-11-13,37.595001220703125,37.59999847412109,37.34999847412109,37.53499984741211,31.900184631347656,123299
2019-11-14,37.435001373291016,37.45000076293945,37.29999923706055,37.33000183105469,31.817081451416016,120069
2019-11-15,37.53499984741211,37.560001373291016,37.33000183105469,37.54999923706055,32.00458526611328,385102
2019-11-18,37.54999923706055,37.59999847412109,37.310001373291016,37.47499847412109,31.94066429138184,26676
2019-11-19,37.54499816894531,37.77999877929688,37.334999084472656,37.400001525878906,31.87674140930176,177977
2019-11-20,37.21500015258789,37.29499816894531,37.07500076293945,37.27999877929688,31.77445602416992,170937
2019-11-21,37.040000915527344,37.30500030517578,36.9900016784668,37.26499938964844,31.76167869567871,111320
2019-11-22,37.32500076293945,37.4900016784668,37.29499816894531,37.310001373291016,31.800031661987305,51286
2019-11-25,37.540000915527344,37.540000915527344,37.45000076293945,37.51499938964844,31.974760055541992,73531
2019-11-26,37.470001220703125,37.54999923706055,37.41999816894531,37.4900016784668,31.953445434570312,195391
2019-11-27,37.60499954223633,37.64500045776367,37.525001525878906,37.57500076293945,32.025901794433594,192295
2019-11-29,37.375,37.6349983215332,37.334999084472656,37.459999084472656,31.92787742614746,8990
2019-12-02,37.55500030517578,37.73500061035156,36.68000030517578,36.68000030517578,31.26307487487793,191899
2019-12-03,36.83000183105469,36.915000915527344,36.43999862670898,36.55500030517578,31.156524658203125,76515
2019-12-04,36.630001068115234,37.10499954223633,36.630001068115234,37.060001373291016,31.586952209472656,83104
2019-12-05,37.1150016784668,37.2599983215332,36.91999816894531,36.91999816894531,31.46762466430664,88659
2019-12-06,37.04999923706055,37.380001068115234,37.02000045776367,37.375,31.85543441772461,294118
2019-12-09,37.36000061035156,37.380001068115234,37.15499877929688,37.15499877929688,31.667917251586918,231363
2019-12-10,37.05500030517578,37.18000030517578,36.720001220703125,37.18000030517578,31.68922615051269,125485
2019-12-11,37.19499969482422,37.380001068115234,37.10499954223633,37.33000183105469,31.817081451416016,41028
2019-12-12,37.415000915527344,37.67499923706055,37.22999954223633,37.54499816894531,32.00032424926758,126277
2019-12-13,38.0099983215332,38.130001068115234,37.7599983215332,37.78499984741211,32.20488739013672,107962
2019-12-16,38.0,38.244998931884766,37.97999954223633,38.20000076293945,32.55859375,85775
2019-12-17,38.10499954223633,38.10499954223633,37.915000915527344,37.93000030517578,32.32847595214844,11964
2019-12-18,37.90999984741211,38.025001525878906,37.880001068115234,37.8849983215332,32.29010772705078,84929
2019-12-19,37.93000030517578,37.935001373291016,37.72499847412109,37.90499877929688,32.307159423828125,492154
2019-12-20,37.869998931884766,38.27000045776367,37.869998931884766,38.27000045776367,32.618263244628906,129012
2019-12-23,38.275001525878906,38.31499862670898,38.19499969482422,38.255001068115234,32.60547637939453,118122
2019-12-24,38.255001068115234,38.255001068115234,38.255001068115234,38.255001068115234,32.60547637939453,0
2019-12-26,38.255001068115234,38.255001068115234,38.255001068115234,38.255001068115234,32.60547637939453,0
2019-12-27,38.345001220703125,38.47999954223633,38.31499862670898,38.3650016784668,32.69923400878906,32397
2019-12-30,38.2599983215332,38.31999969482422,38.185001373291016,38.19499969482422,32.55432891845703,6942
2019-12-31,38.19499969482422,38.19499969482422,38.19499969482422,38.19499969482422,32.55432891845703,0
2020-01-02,38.165000915527344,38.52000045776367,38.165000915527344,38.435001373291016,32.7588996887207,62293
2020-01-03,38.19499969482422,38.244998931884766,38.005001068115234,38.244998931884766,32.59695816040039,35921
2020-01-06,37.935001373291016,38.05500030517578,37.595001220703125,38.025001525878906,32.40944290161133,1760201
2020-01-07,38.185001373291016,38.31499862670898,37.994998931884766,38.10499954223633,32.47762680053711,147784
2020-01-08,37.915000915527344,38.290000915527344,37.84999847412109,38.290000915527344,32.63531494140625,206474
2020-01-09,38.525001525878906,38.60499954223633,38.46500015258789,38.505001068115234,32.81855010986328,1182690
2020-01-10,38.56999969482422,38.57500076293945,38.43999862670898,38.43999862670898,32.763145446777344,128082
2020-01-13,38.46500015258789,38.48500061035156,38.2400016784668,38.31499862670898,32.65662384033203,49772
2020-01-14,38.27000045776367,38.3650016784668,37.9900016784668,38.28499984741211,32.63105392456055,59443
2020-01-15,38.31999969482422,38.31999969482422,38.119998931884766,38.22499847412109,32.57991027832031,108153
2020-01-16,38.30500030517578,38.400001525878906,38.16999816894531,38.29999923706055,32.643829345703125,41656
2020-01-17,38.4900016784668,38.665000915527344,38.48500061035156,38.64500045776367,32.93788146972656,98114
2020-01-21,38.255001068115234,38.43999862670898,38.19499969482422,38.43999862670898,32.763145446777344,225234
2020-01-22,38.5099983215332,38.56499862670898,38.26499938964844,38.26499938964844,32.61399459838867,114780
2020-01-23,38.125,38.255001068115234,37.90999984741211,37.94499969482422,32.341251373291016,132847
2020-01-24,38.28499984741211,38.48500061035156,38.28499984741211,38.33000183105469,32.669395446777344,186136
2020-01-27,37.76499938964844,37.89500045776367,37.290000915527344,37.33000183105469,31.817081451416016,121667
2020-01-28,37.459999084472656,37.72499847412109,37.25,37.71500015258789,32.14522171020508,50341
2020-01-29,37.709999084472656,37.93000030517578,37.69499969482422,37.900001525878906,32.30290222167969,152536
2020-01-30,37.494998931884766,37.595001220703125,37.34999847412109,37.45500183105469,31.92361068725586,45612
2020-01-31,37.540000915527344,37.540000915527344,36.94499969482422,36.95500183105469,31.497455596923828,38765
2020-02-03,37.084999084472656,37.2400016784668,36.95000076293945,37.10499954223633,31.625307083129883,66870
2020-02-04,37.345001220703125,37.845001220703125,37.345001220703125,37.845001220703125,32.25602722167969,53044
2020-02-05,37.73500061035156,38.3650016784668,37.72499847412109,38.290000915527344,32.63531494140625,181494
2020-02-06,38.619998931884766,38.650001525878906,38.48500061035156,38.61000061035156,32.90804672241211,365688
2020-02-07,38.52999877929688,38.59999847412109,38.40999984741211,38.540000915527344,32.848388671875,47247
2020-02-10,38.48500061035156,38.5099983215332,38.380001068115234,38.5099983215332,32.82281494140625,43699
2020-02-11,38.77999877929688,38.90499877929688,38.70500183105469,38.845001220703125,33.10834884643555,68239
2020-02-12,38.935001373291016,39.125,38.90499877929688,39.125,33.34698867797852,83201
2020-02-13,38.84999847412109,38.93999862670898,38.5,38.93999862670898,33.280494689941406,132017
2020-02-14,38.935001373291016,38.98500061035156,38.880001068115234,38.88999938964844,33.23777389526367,52567
2020-02-18,38.755001068115234,38.93999862670898,38.75,38.845001220703125,33.19930648803711,38758
2020-02-19,39.0,39.125,38.95500183105469,39.11000061035156,33.4257926940918,32326
2020-02-20,39.060001373291016,39.060001373291016,38.70000076293945,38.70000076293945,33.07538604736328,58297
2020-02-21,38.505001068115234,38.69499969482422,38.25,38.470001220703125,32.87880325317383,56406
2020-02-24,37.400001525878906,37.415000915527344,36.77999877929688,36.935001373291016,31.5669002532959,551259
2020-02-25,37.10499954223633,37.1150016784668,36.14500045776367,36.14500045776367,30.89171600341797,302180
2020-02-26,35.900001525878906,36.369998931884766,35.185001373291016,36.15999984741211,30.904542922973636,276625
2020-02-27,35.400001525878906,35.69499969482422,34.55500030517578,35.02000045776367,29.93022727966309,782606
2020-02-28,33.83000183105469,34.099998474121094,33.310001373291016,33.779998779296875,28.870450973510746,727729
2020-03-02,34.14500045776367,34.14500045776367,33.01499938964844,33.84000015258789,28.92172241210937,693569
2020-03-03,34.23500061035156,34.904998779296875,34.064998626708984,34.10499954223633,29.14820671081543,221718
2020-03-04,34.07500076293945,34.7599983215332,33.939998626708984,34.67499923706055,29.6353702545166,239056
2020-03-05,34.79499816894531,34.79499816894531,33.84000015258789,34.040000915527344,29.092662811279297,569105
2020-03-06,33.525001525878906,33.525001525878906,32.584999084472656,32.755001068115234,27.994421005249023,386944
2020-03-09,30.01000022888184,31.0049991607666,29.795000076293945,29.924999237060547,25.57573127746582,373822
2020-03-10,30.34000015258789,31.295000076293945,29.420000076293945,29.545000076293945,25.250957489013672,437361
2020-03-11,30.104999542236328,30.38500022888184,29.350000381469727,29.405000686645508,25.13130187988281,323481
2020-03-12,27.71500015258789,27.98500061035156,25.71999931335449,25.809999465942383,22.05879783630371,800194
2020-03-13,26.84000015258789,28.299999237060547,25.649999618530277,26.270000457763672,22.45194435119629,662301
2020-03-16,24.90999984741211,25.420000076293945,23.2450008392334,24.95499992370605,21.32806396484375,1088619
2020-03-17,26.030000686645508,26.030000686645508,24.315000534057617,25.61000061035156,21.887866973876957,711658
2020-03-18,24.684999465942383,24.8799991607666,24.0,24.11000061035156,20.605876922607425,416856
2020-03-19,24.405000686645508,24.979999542236328,23.84499931335449,24.86000061035156,21.246871948242188,366524
2020-03-20,26.420000076293945,26.6299991607666,25.540000915527344,25.739999771118164,21.998973846435547,793795
2020-03-23,24.71500015258789,26.34499931335449,24.625,25.114999771118164,21.46480941772461,516305
2020-03-24,26.424999237060547,27.540000915527344,26.11000061035156,27.540000915527344,23.537363052368164,331209
2020-03-25,28.174999237060547,28.65999984741211,27.11000061035156,28.325000762939453,24.20826911926269,607557
2020-03-26,27.84499931335449,28.790000915527344,27.520000457763672,28.790000915527344,24.60569190979004,315569
2020-03-27,28.31999969482422,28.395000457763672,27.38500022888184,27.75,23.71683883666992,165837
2020-03-30,27.8700008392334,28.040000915527344,27.0,28.040000915527344,23.96469497680664,198483
2020-03-31,28.40999984741211,28.684999465942383,27.700000762939453,28.26499938964844,24.156991958618164,871688
2020-04-01,27.45499992370605,27.5,27.03499984741211,27.21999931335449,23.26387023925781,285642
2020-04-02,27.3700008392334,27.51000022888184,26.78499984741211,27.30500030517578,23.336515426635746,69631
2020-04-03,27.170000076293945,27.280000686645508,26.975000381469727,27.020000457763672,23.09293937683105,252510
2020-04-06,28.03499984741211,28.4950008392334,27.84499931335449,28.34499931335449,24.225366592407227,222021
2020-04-07,29.309999465942383,29.53499984741211,28.71500015258789,29.01000022888184,24.79371833801269,395189
2020-04-08,28.684999465942383,28.96999931335449,28.3700008392334,28.96999931335449,24.759525299072266,395256
2020-04-09,29.31999969482422,29.600000381469727,28.799999237060547,29.34000015258789,25.075756072998047,476333
2020-04-13,29.34000015258789,29.34000015258789,29.34000015258789,29.34000015258789,25.075756072998047,0
2020-04-14,29.674999237060547,30.01000022888184,29.520000457763672,29.59499931335449,25.293689727783203,143357
2020-04-15,29.559999465942383,29.559999465942383,28.38500022888184,28.46999931335449,24.33220100402832,125742
2020-04-16,28.86000061035156,28.959999084472656,28.354999542236328,28.549999237060547,24.40057373046875,440783
2020-04-17,29.3700008392334,29.729999542236328,29.229999542236328,29.32999992370605,25.06720542907715,406128
2020-04-20,29.44499969482422,29.57999992370605,28.850000381469727,29.57999992370605,25.280872344970703,693550
2020-04-21,29.149999618530277,29.149999618530277,28.309999465942383,28.309999465942383,24.195453643798828,885322
2020-04-22,28.61000061035156,28.780000686645508,28.524999618530277,28.739999771118164,24.56295585632324,405027
2020-04-23,28.88999938964844,29.2549991607666,28.6200008392334,28.940000534057617,24.733888626098636,360423
2020-04-24,28.600000381469727,28.8799991607666,28.489999771118164,28.604999542236328,24.44757843017578,138396
2020-04-27,29.18000030517578,29.30500030517578,28.989999771118164,29.30500030517578,25.04583549499512,503716
2020-04-28,29.334999084472656,29.989999771118164,29.299999237060547,29.770000457763672,25.44325828552246,519406
2020-04-29,29.8700008392334,30.5049991607666,29.729999542236328,30.424999237060547,26.00305938720703,137131
2020-04-30,30.63999938964844,30.739999771118164,29.71500015258789,29.799999237060547,25.468896865844727,232861
2020-05-01,29.799999237060547,29.799999237060547,29.799999237060547,29.799999237060547,25.468896865844727,0
2020-05-04,28.899999618530277,28.934999465942383,28.575000762939453,28.729999542236328,24.554412841796875,338885
2020-05-05,29.145000457763672,29.350000381469727,28.854999542236328,29.34000015258789,25.075756072998047,390588
2020-05-06,29.2549991607666,29.350000381469727,28.98500061035156,29.01000022888184,24.79371833801269,90927
2020-05-07,29.07999992370605,29.440000534057617,29.07999992370605,29.440000534057617,25.16121864318848,49165
2020-05-08,29.69499969482422,29.7450008392334,29.559999465942383,29.709999084472656,25.39197540283203,343175
2020-05-11,29.864999771118164,29.924999237060547,29.290000915527344,29.479999542236328,25.195405960083008,39908
2020-05-12,29.405000686645508,29.59000015258789,29.375,29.4950008392334,25.208223342895508,110045
2020-05-13,29.05500030517578,29.15999984741211,28.670000076293945,28.70499992370605,24.533042907714844,225985
2020-05-14,28.23500061035156,28.364999771118164,27.55500030517578,28.09000015258789,24.142757415771484,361535
2020-05-15,28.46500015258789,28.46999931335449,28.065000534057617,28.15999984741211,24.20291519165039,209940
2020-05-18,28.809999465942383,29.7549991607666,28.7450008392334,29.649999618530277,25.483539581298828,362226
2020-05-19,29.940000534057617,29.940000534057617,29.295000076293945,29.53499984741211,25.384700775146484,160459
2020-05-20,29.450000762939453,29.979999542236328,29.34000015258789,29.975000381469727,25.76287269592285,431680
2020-05-21,29.61000061035156,29.90999984741211,29.55500030517578,29.614999771118164,25.45345687866211,176994
2020-05-22,29.170000076293945,29.70499992370605,29.07999992370605,29.604999542236328,25.44486618041992,483665
2020-05-26,30.584999084472656,30.655000686645508,30.40999984741211,30.559999465942383,26.26566505432129,169595
2020-05-27,30.69499969482422,31.21999931335449,30.61000061035156,31.09000015258789,26.72118759155273,485519
2020-05-28,31.2450008392334,31.625,31.13999938964844,31.575000762939453,27.138038635253903,232363
2020-05-29,31.23500061035156,31.5049991607666,31.084999084472656,31.104999542236328,26.73407554626465,172980
2020-06-01,31.104999542236328,31.104999542236328,31.104999542236328,31.104999542236328,26.73407554626465,0
2020-06-02,31.75,32.28499984741211,31.7450008392334,32.15999984741211,27.640830993652344,191027
2020-06-03,32.51499938964844,33.38999938964844,32.5099983215332,33.310001373291016,28.629230499267575,287566
2020-06-04,33.154998779296875,33.54499816894531,32.939998626708984,33.244998931884766,28.57336807250977,121646
2020-06-05,33.665000915527344,34.525001525878906,33.654998779296875,34.470001220703125,29.626224517822266,193996
2020-06-08,34.125,34.52000045776367,34.119998931884766,34.31999969482422,29.49730682373047,297654
2020-06-09,34.43000030517578,34.43000030517578,33.564998626708984,33.845001220703125,29.089054107666016,677077
2020-06-10,34.1150016784668,34.17499923706055,33.54999923706055,33.54999923706055,28.835506439208984,164741
2020-06-11,32.70500183105469,32.95000076293945,32.029998779296875,32.029998779296875,27.52910041809082,553219
2020-06-12,31.73500061035156,32.70000076293945,31.71999931335449,32.209999084472656,27.68380546569824,202331
2020-06-15,31.31999969482422,32.13999938964844,31.11000061035156,31.979999542236328,27.486122131347656,574099
2020-06-16,32.685001373291016,33.39500045776367,32.51499938964844,33.04999923706055,28.40576934814453,253170
2020-06-17,33.07500076293945,33.44499969482422,33.0099983215332,33.314998626708984,28.63352394104004,140226
2020-06-18,33.21500015258789,33.48500061035156,32.880001068115234,33.1150016784668,28.461633682250977,121395
2020-06-19,33.435001373291016,33.654998779296875,33.34000015258789,33.369998931884766,28.680797576904297,162548
2020-06-22,32.92499923706055,33.459999084472656,32.92499923706055,33.125,28.47023200988769,135641
2020-06-23,33.334999084472656,33.900001525878906,33.334999084472656,33.70000076293945,28.96442604064941,223258
2020-06-24,33.474998474121094,33.474998474121094,32.685001373291016,32.685001373291016,28.09205818176269,46085
2020-06-25,32.52000045776367,33.029998779296875,32.18000030517578,32.88999938964844,28.26824951171875,94001
2020-06-26,33.25,33.42499923706055,32.71500015258789,32.744998931884766,28.14362335205078,49617
2020-06-29,32.685001373291016,33.23500061035156,32.54999923706055,33.04999923706055,28.40576934814453,156933
2020-06-30,33.1349983215332,33.154998779296875,32.84000015258789,33.0099983215332,28.371381759643555,107082
2020-07-01,32.82500076293945,33.189998626708984,32.55500030517578,32.994998931884766,28.35849380493164,61622
2020-07-02,33.310001373291016,34.084999084472656,33.310001373291016,33.96500015258789,29.19219207763672,230255
2020-07-06,34.369998931884766,34.540000915527344,34.1150016784668,34.33000183105469,29.505895614624023,364004
2020-07-07,34.07500076293945,34.095001220703125,33.82500076293945,34.04499816894531,29.26094055175781,269522
2020-07-08,33.81999969482422,34.04999923706055,33.69499969482422,33.69499969482422,28.96012687683105,370775
2020-07-09,33.93000030517578,33.994998931884766,33.3650016784668,33.439998626708984,28.740964889526367,171957
2020-07-10,33.27000045776367,33.82500076293945,33.27000045776367,33.82500076293945,29.07186508178711,80150
2020-07-13,34.21500015258789,34.34000015258789,34.0099983215332,34.34000015258789,29.51449584960937,60820
2020-07-14,33.900001525878906,34.04999923706055,33.650001525878906,34.04999923706055,29.26524543762207,32206
2020-07-15,34.36000061035156,34.82500076293945,34.27000045776367,34.665000915527344,29.793825149536133,86022
2020-07-16,34.380001068115234,34.60499954223633,34.29999923706055,34.5099983215332,29.660606384277344,70888
2020-07-17,34.58000183105469,34.59000015258789,34.43000030517578,34.525001525878906,29.673498153686523,52875
2020-07-20,34.3650016784668,34.775001525878906,34.2400016784668,34.73500061035156,29.853988647460938,93668
2020-07-21,35.029998779296875,35.400001525878906,34.900001525878906,34.90999984741211,30.0044002532959,121187
2020-07-22,34.81999969482422,34.88999938964844,34.470001220703125,34.560001373291016,29.703577041625977,150485
2020-07-23,34.77000045776367,34.869998931884766,34.52000045776367,34.56999969482422,29.71217536926269,146654
2020-07-24,34.07500076293945,34.150001525878906,33.810001373291016,33.915000915527344,29.149219512939453,182410
2020-07-27,33.95000076293945,34.01499938964844,33.77000045776367,33.86000061035156,29.10194969177246,143048
2020-07-28,33.880001068115234,34.01499938964844,33.654998779296875,33.8849983215332,29.123432159423828,266859
2020-07-29,33.92499923706055,33.959999084472656,33.790000915527344,33.86000061035156,29.10194969177246,44369
2020-07-30,33.79499816894531,33.79499816894531,32.57500076293945,32.939998626708984,28.311227798461918,309196
2020-07-31,33.005001068115234,33.290000915527344,32.5099983215332,32.5099983215332,27.94164276123047,200229
2020-08-03,32.68000030517578,33.4900016784668,32.55500030517578,33.33000183105469,28.646425247192383,276972
2020-08-04,33.595001220703125,33.595001220703125,33.13999938964844,33.369998931884766,28.680797576904297,388674
2020-08-05,33.630001068115234,33.76499938964844,33.470001220703125,33.525001525878906,28.81402015686035,213892
2020-08-06,33.39500045776367,33.665000915527344,33.06999969482422,33.23500061035156,28.564769744873047,92057
2020-08-07,33.279998779296875,33.375,33.04499816894531,33.375,28.685094833374023,27768
2020-08-10,33.45000076293945,33.584999084472656,33.279998779296875,33.459999084472656,28.75814819335937,50796
2020-08-11,33.79499816894531,34.34000015258789,33.78499984741211,34.20000076293945,29.394166946411133,80382
2020-08-12,34.07500076293945,34.625,34.07500076293945,34.5,29.65201187133789,122107
2020-08-13,34.005001068115234,34.11000061035156,33.814998626708984,33.849998474121094,29.45950508117676,97717
2020-08-14,33.69499969482422,33.69499969482422,33.20500183105469,33.47999954223633,29.13749122619629,80221
2020-08-17,33.57500076293945,33.57500076293945,33.45500183105469,33.494998931884766,29.15055084228516,21245
2020-08-18,33.255001068115234,33.775001525878906,33.2400016784668,33.32500076293945,29.002593994140625,136816
2020-08-19,33.2400016784668,33.650001525878906,33.2400016784668,33.650001525878906,29.285446166992188,564898
2020-08-20,33.1349983215332,33.31999969482422,33.01499938964844,33.224998474121094,28.915565490722656,243487
2020-08-21,33.30500030517578,33.30500030517578,32.654998779296875,32.970001220703125,28.693639755249023,169817
2020-08-24,33.494998931884766,33.7599983215332,33.494998931884766,33.75,29.37247085571289,27001
2020-08-25,34.04999923706055,34.14500045776367,33.71500015258789,33.71500015258789,29.34201431274414,176658
2020-08-26,33.599998474121094,34.01499938964844,33.599998474121094,34.01499938964844,29.603099822998047,124578
2020-08-27,33.9900016784668,34.005001068115234,33.69499969482422,33.72999954223633,29.35506248474121,204976
2020-08-28,33.76499938964844,33.775001525878906,33.41999816894531,33.599998474121094,29.241926193237305,31386
2020-08-31,33.834999084472656,33.89500045776367,33.095001220703125,33.19499969482422,28.889463424682617,69700
2020-09-01,33.36000061035156,33.470001220703125,32.89500045776367,33.220001220703125,28.911216735839844,121675
2020-09-02,33.3849983215332,34.03499984741211,33.3849983215332,33.82500076293945,29.437744140625,72827
2020-09-03,34.244998931884766,34.415000915527344,33.28499984741211,33.459999084472656,29.120080947875977,250135
2020-09-04,33.209999084472656,33.709999084472656,32.83000183105469,33.04499816894531,28.75891494750977,100761
2020-09-08,33.61000061035156,33.64500045776367,32.85499954223633,33.07500076293945,28.78502655029297,97210
2020-09-09,33.20500183105469,33.779998779296875,33.20500183105469,33.724998474121094,29.3507137298584,193569
2020-09-10,33.77000045776367,33.83000183105469,33.52000045776367,33.54999923706055,29.19841194152832,153048
2020-09-11,33.494998931884766,33.70000076293945,33.40999984741211,33.60499954223633,29.246278762817383,66250
2020-09-14,33.85499954223633,33.8650016784668,33.59000015258789,33.619998931884766,29.259336471557617,25095
2020-09-15,33.67499923706055,33.904998779296875,33.54999923706055,33.79999923706055,29.41598892211914,27275
2020-09-16,33.834999084472656,33.93000030517578,33.59000015258789,33.83000183105469,29.44209861755371,15678
2020-09-17,33.3650016784668,33.70000076293945,33.3650016784668,33.6150016784668,29.254987716674805,238171
2020-09-18,33.60499954223633,33.73500061035156,33.32500076293945,33.375,29.04611015319824,106992
2020-09-21,32.97999954223633,32.97999954223633,31.96999931335449,32.05500030517578,27.897321701049805,857051
2020-09-22,32.279998779296875,32.400001525878906,32.06999969482422,32.06999969482422,27.910377502441406,109626
2020-09-23,32.404998779296875,32.67499923706055,32.275001525878906,32.275001525878906,28.088790893554688,59668
2020-09-24,31.88999938964844,32.224998474121094,31.88999938964844,32.04999923706055,27.892969131469727,101859
2020-09-25,31.96999931335449,32.0,31.450000762939453,31.834999084472656,27.705856323242188,191246
2020-09-28,32.27000045776367,32.775001525878906,32.21500015258789,32.720001220703125,28.47606658935547,139941
2020-09-29,32.60499954223633,32.7400016784668,32.494998931884766,32.63999938964844,28.406444549560547,41148
2020-09-30,32.43000030517578,32.709999084472656,32.290000915527344,32.46500015258789,28.2541446685791,165041
2020-10-01,32.6349983215332,32.720001220703125,32.310001373291016,32.42499923706055,28.219331741333008,69349
2020-10-02,32.064998626708984,32.38999938964844,31.9950008392334,32.38999938964844,28.188865661621094,60568
2020-10-05,32.70000076293945,32.72999954223633,32.4900016784668,32.689998626708984,28.449954986572266,28602
2020-10-06,32.755001068115234,33.005001068115234,32.560001373291016,32.834999084472656,28.57615089416504,75071
2020-10-07,32.81999969482422,32.904998779296875,32.70500183105469,32.814998626708984,28.558744430541992,78344
2020-10-08,33.04499816894531,33.150001525878906,32.849998474121094,33.05500030517578,28.767616271972656,37185
2020-10-09,33.165000915527344,33.255001068115234,33.06999969482422,33.220001220703125,28.911216735839844,42559
2020-10-12,33.26499938964844,33.56999969482422,33.23500061035156,33.48500061035156,29.141845703125,83733
2020-10-13,33.45000076293945,33.45000076293945,33.189998626708984,33.290000915527344,28.97214126586914,36530
2020-10-14,33.224998474121094,33.349998474121094,33.15999984741211,33.23500061035156,28.92426872253418,39876
2020-10-15,32.73500061035156,32.73500061035156,32.244998931884766,32.415000915527344,28.21062660217285,74636
2020-10-16,32.685001373291016,33.04999923706055,32.54499816894531,32.98500061035156,28.706695556640625,60495
2020-10-19,33.2599983215332,33.310001373291016,32.88999938964844,32.93000030517578,28.65883445739746,28390
2020-10-20,32.834999084472656,32.96500015258789,32.744998931884766,32.744998931884766,28.497825622558597,30608
2020-10-21,32.79499816894531,32.79499816894531,32.22999954223633,32.29499816894531,28.106189727783203,67928
2020-10-22,31.975000381469727,32.27000045776367,31.80500030517578,32.130001068115234,27.96259117126465,83676
2020-10-23,32.14500045776367,32.6150016784668,32.14500045776367,32.43000030517578,28.223682403564453,111565
2020-10-26,31.73500061035156,31.979999542236328,31.479999542236328,31.479999542236328,27.39690399169922,45972
2020-10-27,31.5049991607666,31.559999465942383,31.100000381469727,31.1200008392334,27.08359718322754,185174
2020-10-28,30.53499984741211,30.53499984741211,29.815000534057617,30.045000076293945,26.148025512695312,279666
2020-10-29,30.2450008392334,30.28499984741211,29.655000686645508,30.06999969482422,26.169788360595703,350216
2020-10-30,29.7549991607666,30.1299991607666,29.7549991607666,30.020000457763672,26.12627410888672,23407
2020-11-02,30.11000061035156,30.770000457763672,29.959999084472656,30.674999237060547,26.696311950683597,112769
2020-11-03,30.895000457763672,31.48500061035156,30.815000534057617,31.45499992370605,27.37514305114746,77171
2020-11-04,30.940000534057617,32.14500045776367,30.90999984741211,32.14500045776367,27.97564697265625,251479
2020-11-05,32.415000915527344,32.68000030517578,32.29999923706055,32.595001220703125,28.36728286743164,73411
2020-11-06,32.540000915527344,32.70500183105469,32.15999984741211,32.54499816894531,28.32376289367676,111911
2020-11-09,33.01499938964844,34.88999938964844,33.01499938964844,34.584999084472656,30.099166870117188,1011592
2020-11-10,34.70000076293945,35.119998931884766,34.494998931884766,34.94499969482422,30.412477493286133,194594
2020-11-11,35.09000015258789,35.27000045776367,34.94499969482422,35.209999084472656,30.64309883117676,214933
2020-11-12,34.85499954223633,35.0099983215332,34.689998626708984,34.73500061035156,30.300195693969727,53273
2020-11-13,34.67499923706055,34.9900016784668,34.654998779296875,34.76499938964844,30.32636070251465,22963
2020-11-16,35.05500030517578,35.400001525878906,34.84000015258789,35.125,30.64039802551269,84340
2020-11-17,35.08000183105469,35.13999938964844,34.869998931884766,35.125,30.64039802551269,75314
2020-11-18,34.994998931884766,35.310001373291016,34.994998931884766,35.275001525878906,30.7712516784668,35235
2020-11-19,35.0099983215332,35.060001373291016,34.90999984741211,34.95000076293945,30.487743377685547,183131
2020-11-20,34.939998626708984,35.255001068115234,34.939998626708984,35.1349983215332,30.64912223815918,245565
2020-11-23,35.314998626708984,35.5,35.095001220703125,35.095001220703125,30.614238739013672,19925
2020-11-24,35.439998626708984,35.560001373291016,35.400001525878906,35.54499816894531,31.00676918029785,22830
2020-11-25,35.630001068115234,35.630001068115234,35.404998779296875,35.56999969482422,31.028587341308597,18784
2020-11-27,35.54999923706055,35.834999084472656,35.54999923706055,35.7400016784668,31.176876068115234,71712
2020-11-30,35.53499984741211,35.834999084472656,35.35499954223633,35.35499954223633,30.841039657592773,95049
2020-12-01,35.56999969482422,35.77000045776367,35.47999954223633,35.73500061035156,31.17251968383789,55030
2020-12-02,35.57500076293945,35.70500183105469,35.5099983215332,35.64500045776367,31.09401130676269,40163
2020-12-03,35.650001525878906,35.68000030517578,35.47999954223633,35.63999938964844,31.089643478393555,36782
2020-12-04,35.68000030517578,35.86000061035156,35.654998779296875,35.85499954223633,31.27719116210937,167780
2020-12-07,35.744998931884766,35.76499938964844,35.44499969482422,35.76499938964844,31.19868469238281,84324
2020-12-08,35.70000076293945,35.76499938964844,35.494998931884766,35.7400016784668,31.176876068115234,23637
2020-12-09,35.849998474121094,36.03499984741211,35.77000045776367,35.77000045776367,31.203060150146484,116539
2020-12-10,35.814998626708984,35.869998931884766,35.5,35.68000030517578,31.124547958374023,95973
2020-12-11,35.56999969482422,35.59000015258789,35.084999084472656,35.33000183105469,30.81922912597656,47994
2020-12-14,35.65999984741211,35.790000915527344,35.540000915527344,35.540000915527344,31.002418518066406,69521
2020-12-15,35.525001525878906,35.77000045776367,35.525001525878906,35.70000076293945,31.141979217529297,100644
2020-12-16,35.814998626708984,36.08000183105469,35.775001525878906,35.935001373291016,31.34698867797852,153131
2020-12-17,36.20500183105469,36.20500183105469,36.05500030517578,36.095001220703125,31.486547470092773,311894
2020-12-18,35.974998474121094,36.29999923706055,35.880001068115234,35.880001068115234,31.29901123046875,135743
2020-12-21,35.060001373291016,35.23500061035156,34.5,34.96500015258789,30.50082015991211,208403
2020-12-22,35.154998779296875,35.470001220703125,35.154998779296875,35.400001525878906,30.88028907775879,61183
2020-12-23,35.54499816894531,35.915000915527344,35.54499816894531,35.8650016784668,31.28592872619629,93134
2020-12-24,35.8650016784668,35.8650016784668,35.8650016784668,35.8650016784668,31.28592872619629,0
2020-12-28,36.13999938964844,36.31999969482422,36.08000183105469,36.23500061035156,31.608680725097656,229575
2020-12-29,36.41999816894531,36.5,36.27999877929688,36.28499984741211,31.652294158935547,84283
2020-12-30,36.27999877929688,36.34999847412109,36.20000076293945,36.20000076293945,31.578147888183597,94885
2020-12-31,36.20000076293945,36.20000076293945,36.20000076293945,36.20000076293945,31.578147888183597,0
2021-01-04,36.505001068115234,36.59999847412109,35.98500061035156,36.084999084472656,31.477828979492188,160117
2021-01-05,36.040000915527344,36.2400016784668,35.755001068115234,35.994998931884766,31.399320602416992,71666
2021-01-06,36.18999862670898,36.720001220703125,35.974998474121094,36.59999847412109,31.92708396911621,79829
2021-01-07,36.75,36.84000015258789,36.59000015258789,36.744998931884766,32.05356979370117,41510
2021-01-08,37.05500030517578,37.05500030517578,36.81999969482422,36.93999862670898,32.223663330078125,165373
2021-01-11,36.834999084472656,36.90499877929688,36.47499847412109,36.66999816894531,31.988136291503903,42644
2021-01-12,36.81499862670898,36.834999084472656,36.560001373291016,36.595001220703125,31.922719955444336,66998
2021-01-13,36.6150016784668,36.755001068115234,36.51499938964844,36.67499923706055,31.99250602722168,39192
2021-01-14,36.790000915527344,36.93000030517578,36.7400016784668,36.92499923706055,32.21058654785156,51333
2021-01-15,36.73500061035156,36.81999969482422,36.290000915527344,36.4900016784668,31.831127166748047,106580
2021-01-19,36.709999084472656,36.72499847412109,36.46500015258789,36.47999954223633,31.822399139404297,126557
2021-01-20,36.59999847412109,36.80500030517578,36.56999969482422,36.775001525878906,32.07973861694336,35356
2021-01-21,37.01499938964844,37.01499938964844,36.70000076293945,36.70000076293945,32.01430892944336,52623
2021-01-22,36.560001373291016,36.560001373291016,36.25,36.525001525878906,31.861661911010746,66339
2021-01-25,36.720001220703125,36.720001220703125,35.974998474121094,36.060001373291016,31.45602226257324,133019
2021-01-26,36.07500076293945,36.595001220703125,36.07500076293945,36.435001373291016,31.783151626586918,106097
2021-01-27,36.2400016784668,36.40999984741211,35.625,35.88999938964844,31.30772399902344,55271
2021-01-28,35.54499816894531,36.15999984741211,35.25,36.13999938964844,31.525806427001957,87247
2021-01-29,35.53499984741211,35.81999969482422,35.31999969482422,35.31999969482422,30.81050682067871,59151
2021-02-01,35.630001068115234,35.935001373291016,35.61000061035156,35.82500076293945,31.25102996826172,18016
2021-02-02,36.1349983215332,36.46500015258789,36.1349983215332,36.46500015258789,31.8093204498291,47842
2021-02-03,36.79999923706055,36.79999923706055,36.53499984741211,36.595001220703125,31.922719955444336,80934
2021-02-04,36.68999862670898,37.0,36.67499923706055,36.97499847412109,32.25419998168945,20720
2021-02-05,37.04999923706055,37.244998931884766,36.97999954223633,37.130001068115234,32.389408111572266,80125
2021-02-08,37.31999969482422,37.380001068115234,37.20000076293945,37.23500061035156,32.48100280761719,37861
2021-02-09,37.209999084472656,37.22999954223633,37.095001220703125,37.20000076293945,32.45047378540039,12924
2021-02-10,37.29999923706055,37.29999923706055,36.84000015258789,37.03499984741211,32.30653762817383,34657
2021-02-11,37.03499984741211,37.20000076293945,36.994998931884766,37.18999862670898,32.51127243041992,12737
2021-02-12,37.10499954223633,37.44499969482422,37.0,37.44499969482422,32.73419570922852,38598
2021-02-16,37.875,37.89500045776367,37.69499969482422,37.7599983215332,33.00957489013672,50649
2021-02-17,37.59999847412109,37.744998931884766,37.470001220703125,37.470001220703125,32.75605010986328,72351
2021-02-18,37.53499984741211,37.59999847412109,37.22499847412109,37.275001525878906,32.5855827331543,42399
2021-02-19,37.380001068115234,37.70000076293945,37.310001373291016,37.64500045776367,32.909027099609375,72563
2021-02-22,37.27000045776367,37.52000045776367,37.119998931884766,37.52000045776367,32.79975891113281,38438
2021-02-23,37.53499984741211,37.56499862670898,36.91999816894531,37.40999984741211,32.7036018371582,73924
2021-02-24,37.40499877929688,37.60499954223633,37.34999847412109,37.55500030517578,32.830360412597656,48456
2021-02-25,37.7599983215332,37.78499984741211,37.32500076293945,37.32500076293945,32.62929916381836,49129
2021-02-26,36.81499862670898,37.244998931884766,36.72499847412109,36.880001068115234,32.240272521972656,184431
2021-03-01,37.40999984741211,37.60499954223633,37.220001220703125,37.56999969482422,32.84347152709961,334358
2021-03-02,37.46500015258789,37.77000045776367,37.435001373291016,37.584999084472656,32.85658264160156,15262
2021-03-03,37.81499862670898,37.93000030517578,37.3849983215332,37.650001525878906,32.91341018676758,123749
2021-03-04,37.4900016784668,37.67499923706055,37.31999969482422,37.59999847412109,32.86969375610352,245939
2021-03-05,37.19499969482422,37.630001068115234,37.125,37.22499847412109,32.541873931884766,110298
2021-03-08,37.41999816894531,38.20000076293945,37.32500076293945,38.10499954223633,33.3111572265625,261340
2021-03-09,38.14500045776367,38.47999954223633,38.084999084472656,38.38999938964844,33.56031036376953,134916
2021-03-10,38.34999847412109,38.77000045776367,38.31999969482422,38.744998931884766,33.87065124511719,360130
2021-03-11,38.89500045776367,38.994998931884766,38.810001373291016,38.994998931884766,34.089202880859375,82702
2021-03-12,38.77999877929688,38.869998931884766,38.72499847412109,38.869998931884766,33.979923248291016,65666
2021-03-15,38.98500061035156,39.095001220703125,38.80500030517578,38.82500076293945,33.94057846069336,28072
2021-03-16,39.0,39.130001068115234,38.970001220703125,39.06999969482422,34.15475845336914,232419
2021-03-17,39.04499816894531,39.08000183105469,38.94499969482422,39.05500030517578,34.14164352416992,48695
2021-03-18,39.22499847412109,39.31499862670898,39.09000015258789,39.22499847412109,34.290260314941406,76152
2021-03-19,38.970001220703125,39.09999847412109,38.76499938964844,38.8849983215332,33.99303436279297,113625
2021-03-22,38.69499969482422,38.96500015258789,38.68999862670898,38.88999938964844,33.997406005859375,54640
2021-03-23,38.70500183105469,38.93000030517578,38.70000076293945,38.84000015258789,33.953697204589844,36602
2021-03-24,38.61000061035156,38.900001525878906,38.584999084472656,38.875,33.98428726196289,210844
2021-03-25,38.68000030517578,38.90999984741211,38.44499969482422,38.90999984741211,34.014888763427734,79188
2021-03-26,39.20000076293945,39.29499816894531,39.060001373291016,39.2599983215332,34.32085037231445,89528
2021-03-29,39.400001525878906,39.5,39.26499938964844,39.40999984741211,34.45198059082031,72317
2021-03-30,39.625,39.91999816894531,39.584999084472656,39.8650016784668,34.84975051879883,62318
2021-03-31,39.79999923706055,39.869998931884766,39.755001068115234,39.790000915527344,34.78418731689453,82595
2021-04-01,39.92499923706055,40.07500076293945,39.880001068115234,40.060001373291016,35.02021408081055,563182
2021-04-05,40.060001373291016,40.060001373291016,40.060001373291016,40.060001373291016,35.02021408081055,0
2021-04-06,40.375,40.45000076293945,40.275001525878906,40.34999847412109,35.27372741699219,85956
2021-04-07,40.23500061035156,40.33000183105469,40.150001525878906,40.19499969482422,35.13822937011719,77341
2021-04-08,40.34999847412109,40.41999816894531,40.27000045776367,40.41999816894531,35.33491516113281,75198
2021-04-09,40.369998931884766,40.4900016784668,40.33000183105469,40.40499877929688,35.32180404663086,24300
2021-04-12,40.31999969482422,40.400001525878906,40.2400016784668,40.25,35.186309814453125,26880
2021-04-13,40.31499862670898,40.415000915527344,40.150001525878906,40.28499984741211,35.21690368652344,85556
2021-04-14,40.35499954223633,40.43000030517578,40.31999969482422,40.3849983215332,35.30432891845703,46230
2021-04-15,40.45500183105469,40.60499954223633,40.42499923706055,40.584999084472656,35.47916793823242,66465
2021-04-16,40.59000015258789,41.0,40.59000015258789,40.994998931884766,35.83758544921875,89882
2021-04-19,40.994998931884766,41.03499984741211,40.834999084472656,40.84999847412109,35.71083068847656,36432
2021-04-20,40.79999923706055,40.79999923706055,40.02999877929688,40.05500030517578,35.01584243774414,54403
2021-04-21,40.334999084472656,40.4900016784668,40.18000030517578,40.46500015258789,35.37425994873047,26080
2021-04-22,40.59999847412109,40.834999084472656,40.59999847412109,40.834999084472656,35.697715759277344,49566
2021-04-23,40.76499938964844,40.82500076293945,40.48500061035156,40.82500076293945,35.688968658447266,39391
2021-04-26,40.810001373291016,40.92499923706055,40.72999954223633,40.869998931884766,35.72830581665039,74060
2021-04-27,40.869998931884766,40.869998931884766,40.69499969482422,40.77999877929688,35.649635314941406,59644
2021-04-28,40.90499877929688,40.959999084472656,40.77999877929688,40.875,35.73268508911133,54925
2021-04-29,40.96500015258789,41.05500030517578,40.61000061035156,40.68999862670898,35.57096099853516,197899
2021-04-30,40.77999877929688,40.79999923706055,40.505001068115234,40.505001068115234,35.40922927856445,34656
2021-05-03,40.6150016784668,40.84999847412109,40.435001373291016,40.79999923706055,35.667118072509766,44471
2021-05-04,40.8650016784668,40.97999954223633,39.9900016784668,40.03499984741211,34.99835586547852,158970
2021-05-05,40.369998931884766,40.89500045776367,40.369998931884766,40.89500045776367,35.75016784667969,83352
2021-05-06,41.02999877929688,41.1349983215332,40.685001373291016,40.935001373291016,35.7851448059082,49853
2021-05-07,41.20500183105469,41.345001220703125,41.05500030517578,41.345001220703125,36.14355850219727,43040
2021-05-10,41.369998931884766,41.369998931884766,41.18000030517578,41.255001068115234,36.06487655639648,22365
2021-05-11,40.75,40.75,40.20000076293945,40.44499969482422,35.356781005859375,145011
2021-05-12,40.494998931884766,40.619998931884766,40.27000045776367,40.47499847412109,35.382999420166016,50123
2021-05-13,39.7400016784668,40.3849983215332,39.35499954223633,40.31999969482422,35.47891616821289,32589
2021-05-14,40.58000183105469,40.97999954223633,40.39500045776367,40.97999954223633,36.05967330932617,55325
2021-05-17,41.025001525878906,41.06999969482422,40.7400016784668,40.86000061035156,35.95408630371094,72960
2021-05-18,41.16999816894531,41.2400016784668,40.775001525878906,40.869998931884766,35.9628791809082,75872
2021-05-19,40.400001525878906,40.47499847412109,39.71500015258789,40.150001525878906,35.32931900024414,367879
2021-05-20,40.380001068115234,40.81999969482422,40.150001525878906,40.81999969482422,35.91888427734375,24132
2021-05-21,40.93000030517578,41.084999084472656,40.81499862670898,41.06499862670898,36.13446807861328,36266
2021-05-24,41.06499862670898,41.06499862670898,41.06499862670898,41.06499862670898,36.13446807861328,0
2021-05-25,41.375,41.43999862670898,41.25,41.25,36.2972526550293,453199
2021-05-26,41.38999938964844,41.38999938964844,41.1150016784668,41.17499923706055,36.23126220703125,110216
2021-05-27,41.1349983215332,41.43000030517578,41.09999847412109,41.28499984741211,36.32804489135742,13951
2021-05-28,41.369998931884766,41.6150016784668,41.35499954223633,41.584999084472656,36.59202194213867,63466
2021-06-01,41.5099983215332,41.88999938964844,41.5099983215332,41.61000061035156,36.61403274536133,180997
2021-06-02,41.68999862670898,41.78499984741211,41.540000915527344,41.78499984741211,36.76802444458008,60092
2021-06-03,41.72499847412109,41.77000045776367,41.415000915527344,41.70500183105469,36.69762420654297,17960
2021-06-04,41.68000030517578,41.82500076293945,41.59999847412109,41.79999923706055,36.78121948242188,34499
2021-06-07,41.709999084472656,41.94499969482422,41.595001220703125,41.86000061035156,36.83401107788086,44476
2021-06-08,41.89500045776367,42.03499984741211,41.83000183105469,41.86000061035156,36.83401107788086,16443
2021-06-09,41.8650016784668,41.915000915527344,41.744998931884766,41.8650016784668,36.838417053222656,125610
2021-06-10,41.91999816894531,41.98500061035156,41.709999084472656,41.85499954223633,36.8296127319336,45277
2021-06-11,41.900001525878906,42.18000030517578,41.8849983215332,42.17499923706055,37.11119079589844,192514
2021-06-14,42.380001068115234,42.40999984741211,42.19499969482422,42.2599983215332,37.18598556518555,23374
2021-06-15,42.45500183105469,42.47499847412109,42.32500076293945,42.32500076293945,37.24317932128906,19836
2021-06-16,42.43999862670898,42.46500015258789,42.29999923706055,42.435001373291016,37.339969635009766,27215
2021-06-17,42.26499938964844,42.52999877929688,42.255001068115234,42.52999877929688,37.42356491088867,23684
2021-06-18,42.47999954223633,42.54999923706055,41.720001220703125,41.72499847412109,36.7152214050293,48889
2021-06-21,41.505001068115234,42.03499984741211,41.40999984741211,42.03499984741211,36.98799133300781,71229
2021-06-22,42.0099983215332,42.18999862670898,41.84000015258789,42.130001068115234,37.07159805297852,56162
2021-06-23,42.23500061035156,42.23500061035156,41.65499877929688,41.65499877929688,36.65362548828125,85804
2021-06-24,41.900001525878906,42.18000030517578,41.89500045776367,42.18000030517578,37.11559295654297,72973
2021-06-25,42.16999816894531,42.16999816894531,42.0,42.150001525878906,37.08919143676758,42279
2021-06-28,42.06999969482422,42.15999984741211,41.81999969482422,41.82500076293945,36.80320739746094,69715
2021-06-29,41.93999862670898,42.165000915527344,41.935001373291016,41.97499847412109,36.93520736694336,84488
2021-06-30,41.994998931884766,41.994998931884766,41.41999816894531,41.56999969482422,36.57883834838867,121338
2021-07-01,41.89500045776367,42.06499862670898,41.415000915527344,41.69499969482422,36.68882369995117,296999
2021-07-02,41.79999923706055,41.915000915527344,41.685001373291016,41.7599983215332,36.74601364135742,50046
2021-07-06,41.64500045776367,41.7599983215332,41.29499816894531,41.43999862670898,36.46443557739258,228138
2021-07-07,41.59000015258789,41.73500061035156,41.51499938964844,41.73500061035156,36.72402191162109,90363
2021-07-08,41.28499984741211,41.28499984741211,40.54999923706055,40.84999847412109,35.94527816772461,72679
2021-07-09,41.125,41.60499954223633,41.09999847412109,41.60499954223633,36.609622955322266,24822
2021-07-12,41.61000061035156,41.89500045776367,41.400001525878906,41.88999938964844,36.86040878295898,43705
2021-07-13,41.869998931884766,41.91999816894531,41.77999877929688,41.875,36.84720993041992,33523
2021-07-14,41.76499938964844,41.970001220703125,41.70000076293945,41.91999816894531,36.88681411743164,29499
2021-07-15,41.7400016784668,41.834999084472656,41.415000915527344,41.47999954223633,36.499637603759766,31357
2021-07-16,41.52000045776367,41.55500030517578,41.04999923706055,41.290000915527344,36.33244705200195,114112
2021-07-19,40.83000183105469,40.83000183105469,39.97999954223633,40.19499969482422,35.368927001953125,87566
2021-07-20,40.51499938964844,40.685001373291016,40.16999816894531,40.47499847412109,35.61530685424805,53258
2021-07-21,40.77999877929688,41.21500015258789,40.73500061035156,41.21500015258789,36.26645660400391,15834
2021-07-22,41.5099983215332,41.68999862670898,41.435001373291016,41.53499984741211,36.54803085327149,100672
2021-07-23,41.65499877929688,42.060001373291016,41.625,42.060001373291016,37.01000213623047,47682
2021-07-26,41.845001220703125,41.98500061035156,41.685001373291016,41.98500061035156,36.94400787353516,72231
2021-07-27,41.810001373291016,41.869998931884766,41.51499938964844,41.60499954223633,36.609622955322266,734729
2021-07-28,41.68000030517578,42.0099983215332,41.619998931884766,42.0099983215332,36.966007232666016,90710
2021-07-29,42.1150016784668,42.255001068115234,42.095001220703125,42.119998931884766,37.062801361083984,64974
2021-07-30,41.875,42.09999847412109,41.77000045776367,41.86000061035156,36.83401107788086,35607
2021-08-02,42.29499816894531,42.31999969482422,41.970001220703125,42.125,37.06719970703125,85502
2021-08-03,42.06999969482422,42.2599983215332,42.02999877929688,42.19499969482422,37.1287956237793,41225
2021-08-04,42.3650016784668,42.46500015258789,42.23500061035156,42.415000915527344,37.322364807128906,65319
2021-08-05,42.435001373291016,42.625,42.435001373291016,42.595001220703125,37.48077392578125,123463
2021-08-06,42.584999084472656,42.80500030517578,42.525001525878906,42.720001220703125,37.59075927734375,1128994
2021-08-09,42.810001373291016,42.84000015258789,42.70500183105469,42.78499984741211,37.64795303344727,52626
2021-08-10,42.84999847412109,42.93999862670898,42.82500076293945,42.880001068115234,37.73154830932617,20487
2021-08-11,42.97499847412109,43.165000915527344,42.84999847412109,43.06499862670898,37.89433670043945,74723
2021-08-12,42.665000915527344,42.869998931884766,42.65499877929688,42.869998931884766,38.089805603027344,124502
2021-08-13,42.84999847412109,42.9900016784668,42.81499862670898,42.875,38.09424209594727,116031
2021-08-16,42.55500030517578,42.70000076293945,42.48500061035156,42.6150016784668,37.86323547363281,69888
2021-08-17,42.42499923706055,42.56499862670898,42.29999923706055,42.540000915527344,37.79660034179688,41096
2021-08-18,42.584999084472656,42.584999084472656,42.380001068115234,42.47499847412109,37.73883819580078,82279
2021-08-19,41.85499954223633,41.91999816894531,41.380001068115234,41.77999877929688,37.121337890625,90359
2021-08-20,41.85499954223633,42.05500030517578,41.6150016784668,42.03499984741211,37.3479118347168,106265
2021-08-23,42.36000061035156,42.3849983215332,42.17499923706055,42.31999969482422,37.60112762451172,80815
2021-08-24,42.4900016784668,42.5099983215332,42.185001373291016,42.345001220703125,37.623348236083984,66048
2021-08-25,42.41999816894531,42.43000030517578,42.345001220703125,42.35499954223633,37.63222885131836,28862
2021-08-26,42.1150016784668,42.31999969482422,41.97499847412109,42.23500061035156,37.52560806274414,72993
2021-08-27,42.18999862670898,42.470001220703125,42.185001373291016,42.470001220703125,37.73440170288086,53462
2021-08-30,42.5099983215332,42.59000015258789,42.494998931884766,42.54499816894531,37.80103302001953,54458
2021-08-31,42.63999938964844,42.76499938964844,42.334999084472656,42.505001068115234,37.7655029296875,95577
2021-09-01,42.900001525878906,43.06999969482422,42.685001373291016,42.84000015258789,38.06314468383789,153883
2021-09-02,42.79999923706055,42.93999862670898,42.77999877929688,42.89500045776367,38.11202239990234,57475
2021-09-03,42.80500030517578,42.86000061035156,42.41999816894531,42.57500076293945,37.82769393920898,83091
2021-09-07,42.9900016784668,43.0099983215332,42.775001525878906,42.81499862670898,38.04093551635742,49751
2021-09-08,42.334999084472656,42.630001068115234,42.16999816894531,42.35499954223633,37.63222885131836,36293
2021-09-09,41.93999862670898,42.494998931884766,41.93999862670898,42.35499954223633,37.63222885131836,39491
2021-09-10,42.47999954223633,42.619998931884766,42.20000076293945,42.275001525878906,37.56114959716797,54690
2021-09-13,42.470001220703125,42.65999984741211,42.40999984741211,42.470001220703125,37.73440170288086,58298
2021-09-14,42.400001525878906,42.560001373291016,42.275001525878906,42.47499847412109,37.73883819580078,32916
2021-09-15,42.5,42.5,42.025001525878906,42.02999877929688,37.34346008300781,71240
2021-09-16,42.27000045776367,42.42499923706055,42.209999084472656,42.275001525878906,37.56114959716797,182499
2021-09-17,42.69499969482422,42.69499969482422,41.75,41.869998931884766,37.2013053894043,241782
2021-09-20,41.20500183105469,41.20500183105469,40.67499923706055,40.9900016784668,36.419429779052734,688049
2021-09-21,41.34000015258789,41.69499969482422,41.34000015258789,41.65499877929688,37.01028823852539,115968
2021-09-22,41.994998931884766,42.20000076293945,41.77999877929688,42.20000076293945,37.494510650634766,115895
2021-09-23,42.53499984741211,42.75,42.44499969482422,42.630001068115234,37.876556396484375,1367740
2021-09-24,42.345001220703125,42.35499954223633,42.20000076293945,42.23500061035156,37.52560806274414,1478202
2021-09-27,42.64500045776367,42.64500045776367,42.33000183105469,42.36000061035156,37.63667297363281,55249
2021-09-28,42.25,42.25,41.27000045776367,41.310001373291016,36.70375061035156,132000
2021-09-29,41.459999084472656,41.77000045776367,41.44499969482422,41.47499847412109,36.8503532409668,424687
2021-09-30,41.775001525878906,41.84999847412109,41.165000915527344,41.165000915527344,36.57492065429688,170787
2021-10-01,40.525001525878906,41.165000915527344,40.505001068115234,41.040000915527344,36.46385192871094,147427
2021-10-04,40.810001373291016,41.040000915527344,40.619998931884766,40.619998931884766,36.0906867980957,84595
2021-10-05,40.80500030517578,41.36000061035156,40.709999084472656,41.36000061035156,36.74817657470703,54240
2021-10-06,40.81999969482422,40.959999084472656,40.345001220703125,40.810001373291016,36.259498596191406,120092
2021-10-07,41.400001525878906,41.70000076293945,41.27000045776367,41.67499923706055,37.02804946899414,139640
2021-10-08,41.685001373291016,41.72999954223633,41.415000915527344,41.415000915527344,36.79704666137695,38763
2021-10-11,41.34000015258789,41.46500015258789,41.13999938964844,41.44499969482422,36.823692321777344,43998
2021-10-12,40.93999862670898,41.334999084472656,40.93999862670898,41.244998931884766,36.64599609375,66879
2021-10-13,41.17499923706055,41.619998931884766,41.1349983215332,41.540000915527344,36.90810394287109,45711
2021-10-14,41.84000015258789,42.23500061035156,41.77999877929688,42.22999954223633,37.52116394042969,48525
2021-10-15,42.40999984741211,42.59000015258789,42.31499862670898,42.57500076293945,37.82769393920898,46827
2021-10-18,42.36000061035156,42.375,42.06499862670898,42.2400016784668,37.53004837036133,109125
2021-10-19,42.39500045776367,42.43999862670898,42.275001525878906,42.41999816894531,37.68998336791992,62653
2021-10-20,42.22999954223633,42.52000045776367,42.22999954223633,42.470001220703125,37.73440170288086,58938
2021-10-21,42.20500183105469,42.3849983215332,42.18999862670898,42.29999923706055,37.58335876464844,37155
2021-10-22,42.5,42.76499938964844,42.470001220703125,42.6349983215332,37.88100051879883,91699
2021-10-25,42.685001373291016,42.7400016784668,42.625,42.65499877929688,37.89878082275391,43584
2021-10-26,42.7599983215332,43.08000183105469,42.7400016784668,42.994998931884766,38.20086669921875,24168
2021-10-27,43.0099983215332,43.0099983215332,42.84000015258789,42.93999862670898,38.15199661254883,65542
2021-10-28,42.96500015258789,43.125,42.900001525878906,43.10499954223633,38.29859161376953,73021
2021-10-29,42.81999969482422,43.255001068115234,42.77999877929688,43.255001068115234,38.43186950683594,34298
2021-11-01,43.505001068115234,43.69499969482422,43.45500183105469,43.625,38.7606086730957,74600
2021-11-02,43.55500030517578,43.78499984741211,43.540000915527344,43.78499984741211,38.90277099609375,80030
2021-11-03,43.775001525878906,43.900001525878906,43.709999084472656,43.900001525878906,39.00495529174805,47014
2021-11-04,44.15999984741211,44.21500015258789,44.03499984741211,44.125,39.204864501953125,107237
2021-11-05,44.16999816894531,44.56499862670898,44.15999984741211,44.43999862670898,39.4847412109375,32192
2021-11-08,44.400001525878906,44.45500183105469,44.34000015258789,44.34000015258789,39.39588928222656,69658
2021-11-09,44.19499969482422,44.44499969482422,44.19499969482422,44.23500061035156,39.30259704589844,62931
2021-11-10,44.34000015258789,44.345001220703125,44.130001068115234,44.310001373291016,39.369239807128906,81586
2021-11-11,44.04999923706055,44.244998931884766,44.04999923706055,44.244998931884766,39.435184478759766,21536
2021-11-12,44.310001373291016,44.380001068115234,44.21500015258789,44.375,39.55105972290039,38650
2021-11-15,44.3849983215332,44.51499938964844,44.34999847412109,44.51499938964844,39.67584609985352,133976
2021-11-16,44.650001525878906,44.73500061035156,44.59000015258789,44.69499969482422,39.83626937866211,113668
2021-11-17,44.709999084472656,44.76499938964844,44.67499923706055,44.685001373291016,39.82736587524414,99035
2021-11-18,44.685001373291016,44.80500030517578,44.470001220703125,44.51499938964844,39.67584609985352,45019
2021-11-19,44.6349983215332,44.64500045776367,44.03499984741211,44.22999954223633,39.42181396484375,210665
2021-11-22,44.43999862670898,44.43999862670898,44.060001373291016,44.11000061035156,39.31487274169922,112023
2021-11-23,43.709999084472656,44.0,43.3650016784668,43.5099983215332,38.78009033203125,394576
2021-11-24,43.70500183105469,43.7400016784668,43.13999938964844,43.47499847412109,38.74889373779297,330550
2021-11-26,42.16999816894531,42.44499969482422,41.57500076293945,41.57500076293945,37.055450439453125,205018
2021-11-29,42.130001068115234,42.25,41.72499847412109,41.78499984741211,37.242618560791016,97354
2021-11-30,41.25,41.72499847412109,40.935001373291016,41.35499954223633,36.85935974121094,117278
2021-12-01,41.72499847412109,42.56499862670898,41.57500076293945,42.41999816894531,37.8085823059082,113852
2021-12-02,41.92499923706055,42.1150016784668,41.54999923706055,41.775001525878906,37.233699798583984,103688
2021-12-03,42.1150016784668,42.119998931884766,41.310001373291016,41.45500183105469,36.948490142822266,26518
2021-12-06,41.755001068115234,42.14500045776367,41.46500015258789,42.06499862670898,37.49216842651367,47261
2021-12-07,42.665000915527344,43.46500015258789,42.60499954223633,43.46500015258789,38.73997497558594,41884
2021-12-08,43.40499877929688,43.584999084472656,43.01499938964844,43.01499938964844,38.338897705078125,38154
2021-12-09,43.1150016784668,43.1150016784668,42.72999954223633,42.7400016784668,38.09380340576172,46719
2021-12-10,42.56999969482422,42.880001068115234,42.560001373291016,42.68000030517578,38.04032516479492,21178
2021-12-13,42.76499938964844,43.06999969482422,42.470001220703125,42.540000915527344,37.91554260253906,104468
2021-12-14,42.72999954223633,42.77000045776367,42.095001220703125,42.095001220703125,37.51891326904297,166320
2021-12-15,42.3650016784668,42.415000915527344,42.244998931884766,42.27000045776367,37.674896240234375,56292
2021-12-16,42.994998931884766,43.150001525878906,42.68000030517578,42.68000030517578,38.04032516479492,67756
2021-12-17,42.53499984741211,42.53499984741211,42.0,42.28499984741211,37.68825912475586,121654
2021-12-20,41.36000061035156,41.8650016784668,41.165000915527344,41.72999954223633,37.1935920715332,64945
2021-12-21,42.18000030517578,42.4900016784668,41.98500061035156,42.4900016784668,37.870975494384766,47782
2021-12-22,42.505001068115234,42.94499969482422,42.39500045776367,42.94499969482422,38.27651596069336,478962
2021-12-23,43.10499954223633,43.435001373291016,42.95000076293945,43.415000915527344,38.69541549682617,50280
2021-12-27,43.185001373291016,43.709999084472656,43.15499877929688,43.665000915527344,38.91824722290039,115702
2021-12-28,43.65499877929688,43.94499969482422,43.64500045776367,43.8849983215332,39.11432647705078,103926
2021-12-29,43.81499862670898,43.8849983215332,43.505001068115234,43.59999847412109,38.86030960083008,201063
2021-12-30,43.6150016784668,43.82500076293945,43.595001220703125,43.82500076293945,39.060848236083984,45572
2021-12-31,43.82500076293945,43.82500076293945,43.82500076293945,43.82500076293945,39.060848236083984,0
2022-01-03,44.060001373291016,44.275001525878906,44.0,44.06499862670898,39.27476501464844,39198
2022-01-04,44.255001068115234,44.66999816894531,44.244998931884766,44.43000030517578,39.60008239746094,64475
2022-01-05,44.52000045776367,44.720001220703125,44.43999862670898,44.70500183105469,39.84518432617188,132281
2022-01-06,44.11000061035156,44.18999862670898,43.880001068115234,44.02999877929688,39.24356460571289,47810
2022-01-07,43.97999954223633,44.095001220703125,43.55500030517578,43.810001373291016,39.047481536865234,114251
2022-01-10,43.970001220703125,43.970001220703125,43.09999847412109,43.15499877929688,38.46368789672852,42843
2022-01-11,43.6349983215332,43.79499816894531,43.44499969482422,43.619998931884766,38.87813186645508,148495
2022-01-12,43.900001525878906,44.07500076293945,43.70500183105469,43.970001220703125,39.19009399414063,216368
2022-01-13,43.88999938964844,44.125,43.744998931884766,43.95500183105469,39.176719665527344,39551
2022-01-14,43.459999084472656,43.64500045776367,43.3849983215332,43.494998931884766,38.766727447509766,77163
2022-01-18,43.54499816894531,43.59999847412109,43.15999984741211,43.34999847412109,38.63749313354492,132988
2022-01-19,43.150001525878906,43.81499862670898,43.150001525878906,43.45000076293945,38.72661590576172,81433
2022-01-20,43.57500076293945,43.78499984741211,43.34000015258789,43.78499984741211,39.02519226074219,80936
2022-01-21,43.16999816894531,43.29499816894531,42.70000076293945,43.06999969482422,38.387916564941406,61282
2022-01-24,42.77000045776367,43.02999877929688,41.15999984741211,41.290000915527344,36.80142974853516,107317
2022-01-25,41.69499969482422,41.869998931884766,41.17499923706055,41.4900016784668,36.97967529296875,139230
2022-01-26,42.04999923706055,42.625,42.04999923706055,42.42499923706055,37.81303787231445,89973
2022-01-27,41.80500030517578,42.81499862670898,41.790000915527344,42.65999984741211,38.022499084472656,85565
2022-01-28,42.525001525878906,42.525001525878906,41.494998931884766,42.08000183105469,37.50554656982422,271210
2022-01-31,42.55500030517578,42.72499847412109,42.060001373291016,42.46500015258789,37.84869003295898,188603
2022-02-01,42.90999984741211,43.05500030517578,42.709999084472656,42.96500015258789,38.29433822631836,130981
2022-02-02,43.130001068115234,43.30500030517578,42.95000076293945,42.95000076293945,38.28097152709961,59718
2022-02-03,42.79999923706055,42.81499862670898,42.07500076293945,42.07500076293945,37.501094818115234,143605
2022-02-04,42.35499954223633,42.369998931884766,41.470001220703125,41.59999847412109,37.07772445678711,70532
2022-02-07,41.875,42.0099983215332,41.45500183105469,41.89500045776367,37.34065628051758,36881
2022-02-08,41.935001373291016,42.255001068115234,41.7599983215332,42.025001525878906,37.456520080566406,33387
2022-02-09,42.435001373291016,42.79999923706055,42.435001373291016,42.790000915527344,38.13835906982422,33086
2022-02-10,43.09999847412109,43.11000061035156,42.435001373291016,42.67499923706055,38.03585815429688,57270
2022-02-11,42.209999084472656,42.36000061035156,42.02000045776367,42.16999816894531,37.675811767578125,75781
2022-02-14,41.26499938964844,41.435001373291016,40.65499877929688,41.435001373291016,37.019142150878906,276669
2022-02-15,41.2400016784668,42.125,41.2400016784668,42.125,37.63560485839844,55725
2022-02-16,42.13999938964844,42.380001068115234,41.869998931884766,42.02999877929688,37.55073165893555,33824
2022-02-17,42.20000076293945,42.20000076293945,41.57500076293945,41.7599983215332,37.30950546264648,77539
2022-02-18,41.7599983215332,41.93000030517578,41.22999954223633,41.375,36.96554183959961,71223
2022-02-22,39.584999084472656,40.77999877929688,39.56499862670898,40.39500045776367,36.08998107910156,47432
2022-02-23,40.68000030517578,41.150001525878906,40.28499984741211,40.36000061035156,36.0587043762207,121650
2022-02-24,38.76499938964844,39.27000045776367,38.244998931884766,38.900001525878906,34.75431060791016,524728
2022-02-25,39.415000915527344,40.334999084472656,38.935001373291016,40.334999084472656,36.03637313842773,237403
2022-02-28,39.43999862670898,39.97499847412109,38.880001068115234,39.810001373291016,35.56732940673828,68798
2022-03-01,39.7599983215332,39.85499954223633,38.209999084472656,38.209999084472656,34.137847900390625,141784
2022-03-02,38.03499984741211,39.09999847412109,37.775001525878906,38.744998931884766,34.615821838378906,317929
2022-03-03,38.915000915527344,39.040000915527344,37.959999084472656,37.98500061035156,33.93682098388672,163810
2022-03-04,37.56999969482422,37.6349983215332,36.06499862670898,36.06499862670898,32.221431732177734,861623
2022-03-07,35.1150016784668,36.59999847412109,34.44499969482422,35.595001220703125,31.8015251159668,568075
2022-03-08,35.435001373291016,36.720001220703125,35.435001373291016,35.70000076293945,31.895341873168945,256748
2022-03-09,36.98500061035156,38.494998931884766,36.77999877929688,38.494998931884766,34.39247131347656,184159
2022-03-10,38.09000015258789,38.09999847412109,36.90999984741211,37.19499969482422,33.23100280761719,166835
2022-03-11,37.29499816894531,38.595001220703125,36.94499969482422,37.54499816894531,33.54371643066406,282982
2022-03-14,37.810001373291016,38.540000915527344,37.79499816894531,38.05500030517578,33.999359130859375,177907
2022-03-15,37.53499984741211,38.20000076293945,37.119998931884766,38.125,34.06189727783203,126523
2022-03-16,38.96500015258789,40.0,38.93999862670898,39.584999084472656,35.366302490234375,409349
2022-03-17,39.775001525878906,39.84999847412109,39.095001220703125,39.5099983215332,35.29929733276367,360335
2022-03-18,39.47499847412109,39.76499938964844,38.97499847412109,39.76499938964844,35.52711486816406,67746
2022-03-21,39.685001373291016,39.77000045776367,39.380001068115234,39.380001068115234,35.18315124511719,58457
2022-03-22,39.59999847412109,40.01499938964844,39.59999847412109,39.96500015258789,35.70580291748047,91840
2022-03-23,39.92499923706055,40.03499984741211,39.25,39.32500076293945,35.13401412963867,86420
2022-03-24,39.459999084472656,39.525001525878906,39.130001068115234,39.27000045776367,35.084869384765625,108803
2022-03-25,39.415000915527344,39.70500183105469,39.18000030517578,39.31999969482422,35.129547119140625,64018
2022-03-28,39.665000915527344,40.13999938964844,39.54499816894531,39.54499816894531,35.330562591552734,69821
2022-03-29,40.084999084472656,40.92499923706055,40.0099983215332,40.709999084472656,36.37141036987305,177637
2022-03-30,40.47499847412109,40.525001525878906,40.150001525878906,40.290000915527344,35.99617004394531,40432
2022-03-31,40.40999984741211,40.46500015258789,39.720001220703125,39.720001220703125,35.48691940307617,33100
2022-04-01,39.76499938964844,39.9900016784668,39.66999816894531,39.83000183105469,35.58519744873047,53182
2022-04-04,39.9900016784668,40.2599983215332,39.58000183105469,40.18000030517578,35.89789581298828,49286
2022-04-05,40.17499923706055,40.35499954223633,39.63999938964844,39.775001525878906,35.53605651855469,51305
2022-04-06,39.72999954223633,39.775001525878906,38.630001068115234,38.90999984741211,34.763240814208984,139722
2022-04-07,39.10499954223633,39.31999969482422,38.64500045776367,38.70000076293945,34.575618743896484,66113
2022-04-08,39.2599983215332,39.43000030517578,39.025001525878906,39.28499984741211,35.0982780456543,63719
2022-04-11,39.1349983215332,39.415000915527344,38.82500076293945,39.11000061035156,34.941925048828125,66381
2022-04-12,38.43000030517578,39.209999084472656,38.369998931884766,38.994998931884766,34.83917617797852,113793
2022-04-13,38.90499877929688,39.06499862670898,38.595001220703125,38.970001220703125,34.81684875488281,32713
2022-04-14,39.1349983215332,39.310001373291016,38.98500061035156,39.209999084472656,35.03126525878906,72726
2022-04-18,39.209999084472656,39.209999084472656,39.209999084472656,39.209999084472656,35.03126525878906,0
2022-04-19,39.02999877929688,39.21500015258789,38.744998931884766,39.05500030517578,34.89278793334961,31270
2022-04-20,39.125,39.79999923706055,39.125,39.75,35.51371765136719,100439
2022-04-21,39.7599983215332,40.29499816894531,39.755001068115234,40.04499816894531,35.77727508544922,99801
2022-04-22,39.540000915527344,39.6349983215332,39.10499954223633,39.10499954223633,34.93745422363281,40795
2022-04-25,38.584999084472656,38.72999954223633,38.1349983215332,38.36000061035156,34.27185821533203,50010
2022-04-26,38.775001525878906,38.79999923706055,37.96500015258789,37.970001220703125,33.92341613769531,63320
2022-04-27,38.01499938964844,38.290000915527344,37.744998931884766,38.125,34.06189727783203,222057
2022-04-28,38.540000915527344,38.915000915527344,38.185001373291016,38.584999084472656,34.47287368774414,24976
2022-04-29,38.90999984741211,39.185001373291016,38.76499938964844,38.935001373291016,34.785579681396484,19476
2022-05-02,38.46500015258789,38.494998931884766,38.11000061035156,38.23500061035156,34.160179138183594,15642
2022-05-03,38.42499923706055,38.665000915527344,38.27999877929688,38.59999847412109,34.48627471923828,47963
2022-05-04,38.665000915527344,38.665000915527344,38.23500061035156,38.23500061035156,34.160179138183594,20989
2022-05-05,39.150001525878906,39.150001525878906,37.8849983215332,37.994998931884766,33.94575119018555,152842
2022-05-06,37.845001220703125,37.845001220703125,37.1349983215332,37.375,33.39182662963867,327493
2022-05-09,37.209999084472656,37.34999847412109,36.3849983215332,36.3849983215332,32.50734329223633,82932
2022-05-10,36.845001220703125,37.21500015258789,36.665000915527344,36.665000915527344,32.757503509521484,141515
2022-05-11,36.9900016784668,37.64500045776367,36.7599983215332,37.64500045776367,33.633056640625,64138
2022-05-12,36.5,37.209999084472656,36.36000061035156,37.005001068115234,33.319358825683594,94771
2022-05-13,37.27000045776367,37.97499847412109,37.27000045776367,37.97499847412109,34.192745208740234,42747
2022-05-16,37.79999923706055,37.90999984741211,37.584999084472656,37.709999084472656,33.95414352416992,41613
2022-05-17,38.15499877929688,38.5,38.040000915527344,38.39500045776367,34.5709114074707,50296
2022-05-18,38.40499877929688,38.415000915527344,37.82500076293945,37.86000061035156,34.08919906616211,13675
2022-05-19,37.39500045776367,37.435001373291016,36.89500045776367,37.42499923706055,33.69752502441406,41258
2022-05-20,37.58000183105469,38.02000045776367,37.47999954223633,37.540000915527344,33.80107116699219,27100
2022-05-23,38.03499984741211,38.21500015258789,37.68000030517578,38.21500015258789,34.408836364746094,36964
2022-05-24,37.82500076293945,37.97999954223633,37.53499984741211,37.53499984741211,33.796566009521484,29215
2022-05-25,37.81999969482422,38.0,37.44499969482422,37.84000015258789,34.071189880371094,32416
2022-05-26,37.90999984741211,38.58000183105469,37.900001525878906,38.540000915527344,34.70146942138672,23608
2022-05-27,38.845001220703125,39.27000045776367,38.65499877929688,39.27000045776367,35.3587646484375,28980
2022-05-31,39.369998931884766,39.48500061035156,38.93999862670898,39.04499816894531,35.15616607666016,17873
2022-06-01,39.244998931884766,39.244998931884766,38.67499923706055,38.67499923706055,34.823020935058594,22387
2022-06-02,38.88999938964844,39.09999847412109,38.875,39.084999084472656,35.19219207763672,49641
2022-06-03,39.31999969482422,39.31999969482422,38.92499923706055,38.970001220703125,35.088645935058594,22284
2022-06-06,39.345001220703125,39.7400016784668,39.345001220703125,39.560001373291016,35.619876861572266,112990
2022-06-07,39.31999969482422,39.32500076293945,38.98500061035156,39.220001220703125,35.313743591308594,40578
2022-06-08,39.29999923706055,39.29999923706055,38.83000183105469,39.04499816894531,35.15616607666016,34145
2022-06-09,38.7400016784668,38.94499969482422,38.34999847412109,38.400001525878906,34.57542037963867,24562
2022-06-10,38.06999969482422,38.084999084472656,37.05500030517578,37.05500030517578,33.364376068115234,50540
2022-06-13,36.55500030517578,36.70000076293945,36.0,36.15499877929688,32.55400848388672,95725
2022-06-14,36.40499877929688,36.44499969482422,35.73500061035156,35.810001373291016,32.243377685546875,269626
2022-06-15,36.32500076293945,36.584999084472656,36.0,36.415000915527344,32.788124084472656,101208
2022-06-16,36.244998931884766,36.244998931884766,35.2599983215332,35.34000015258789,31.8201847076416,80347
2022-06-17,35.45000076293945,35.875,35.33000183105469,35.40999984741211,31.883211135864254,122947
2022-06-21,36.005001068115234,36.29999923706055,35.93000030517578,36.02999877929688,32.441463470458984,28901
2022-06-22,35.290000915527344,35.88999938964844,35.20000076293945,35.724998474121094,32.16683578491211,58411
2022-06-23,35.529998779296875,35.845001220703125,35.20000076293945,35.404998779296875,31.87871360778809,12894
2022-06-24,35.66999816894531,36.505001068115234,35.6349983215332,36.46500015258789,32.833133697509766,60544
2022-06-27,36.744998931884766,37.02999877929688,36.38999938964844,36.5099983215332,32.873653411865234,111474
2022-06-28,36.73500061035156,36.92499923706055,36.58000183105469,36.58000183105469,32.93668365478516,17061
2022-06-29,36.2400016784668,36.40499877929688,36.08000183105469,36.31499862670898,32.69807815551758,29722
2022-06-30,35.79999923706055,35.79999923706055,35.23500061035156,35.630001068115234,32.08130645751953,87364
2022-07-01,35.165000915527344,35.755001068115234,35.154998779296875,35.59000015258789,32.045291900634766,72188
2022-07-05,35.79499816894531,35.79499816894531,34.6349983215332,34.64500045776367,31.19441032409668,43093
2022-07-06,35.185001373291016,35.43000030517578,35.04999923706055,35.290000915527344,31.775169372558597,94299
2022-07-07,35.7599983215332,36.0,35.665000915527344,35.97999954223633,32.396446228027344,41551
2022-07-08,35.94499969482422,36.17499923706055,35.650001525878906,36.14500045776367,32.54501724243164,31998
2022-07-11,35.6150016784668,36.02000045776367,35.6150016784668,35.849998474121094,32.27939224243164,52422
2022-07-12,35.61000061035156,36.0099983215332,35.349998474121094,36.0099983215332,32.42345428466797,38115
2022-07-13,35.790000915527344,35.80500030517578,35.29999923706055,35.64500045776367,32.094810485839844,34645
2022-07-14,35.540000915527344,35.625,34.845001220703125,35.029998779296875,31.54106330871582,57254
2022-07-15,35.150001525878906,35.904998779296875,35.064998626708984,35.900001525878906,32.32440948486328,23594
2022-07-18,36.07500076293945,36.43000030517578,36.07500076293945,36.27999877929688,32.66656494140625,61817
2022-07-19,36.04499816894531,37.10499954223633,35.880001068115234,37.02999877929688,33.34186553955078,52774
2022-07-20,37.084999084472656,37.165000915527344,36.66999816894531,37.025001525878906,33.33736801147461,65760
2022-07-21,36.875,37.25,36.72499847412109,37.13999938964844,33.4409065246582,91952
2022-07-22,36.959999084472656,37.38999938964844,36.959999084472656,37.095001220703125,33.400394439697266,38097
2022-07-25,37.01499938964844,37.36000061035156,36.90499877929688,37.20500183105469,33.49943923950195,39059
2022-07-26,37.14500045776367,37.18000030517578,36.915000915527344,36.915000915527344,33.238319396972656,14134
2022-07-27,37.05500030517578,37.32500076293945,37.040000915527344,37.244998931884766,33.53544998168945,54642
2022-07-28,37.400001525878906,37.709999084472656,37.150001525878906,37.709999084472656,33.95414352416992,36915
2022-07-29,37.970001220703125,38.38999938964844,37.970001220703125,38.29999923706055,34.485374450683594,46206
2022-08-01,38.2400016784668,38.505001068115234,38.19499969482422,38.2599983215332,34.44935607910156,18146
2022-08-02,38.09999847412109,38.15999984741211,37.834999084472656,38.05500030517578,34.26477813720703,38452
2022-08-03,38.005001068115234,38.54499816894531,38.0,38.54499816894531,34.70596694946289,72515
2022-08-04,38.630001068115234,39.005001068115234,38.630001068115234,38.77000045776367,34.9085578918457,66636
2022-08-05,38.7400016784668,38.7400016784668,38.435001373291016,38.46500015258789,34.633941650390625,9814
2022-08-08,38.810001373291016,38.98500061035156,38.65499877929688,38.79999923706055,34.935577392578125,168366
2022-08-09,38.71500015258789,38.75,38.3849983215332,38.3849983215332,34.56190490722656,63335
2022-08-10,38.23500061035156,38.755001068115234,38.15499877929688,38.68999862670898,34.83652877807617,22245
2022-08-11,38.2400016784668,38.2400016784668,38.025001525878906,38.130001068115234,34.919776916503906,82534
2022-08-12,38.165000915527344,38.415000915527344,38.165000915527344,38.380001068115234,35.14873123168945,24580
2022-08-15,38.52000045776367,38.52000045776367,38.19499969482422,38.47999954223633,35.24031066894531,11307
2022-08-16,38.619998931884766,38.7400016784668,38.47499847412109,38.64500045776367,35.391414642333984,32065
2022-08-17,38.70500183105469,38.70500183105469,38.10499954223633,38.10499954223633,34.89688491821289,23929
2022-08-18,38.084999084472656,38.36000061035156,38.084999084472656,38.36000061035156,35.13042068481445,40950
2022-08-19,38.1150016784668,38.23500061035156,37.81999969482422,37.8849983215332,34.69540786743164,38758
2022-08-22,37.64500045776367,37.65499877929688,36.994998931884766,37.119998931884766,33.99481201171875,229451
2022-08-23,36.959999084472656,37.290000915527344,36.959999084472656,37.08000183105469,33.95817947387695,54624
2022-08-24,37.02000045776367,37.27000045776367,36.82500076293945,37.2599983215332,34.12302017211914,25403
2022-08-25,37.52999877929688,37.55500030517578,37.18000030517578,37.290000915527344,34.15049743652344,10905
2022-08-26,37.494998931884766,37.525001525878906,36.54999923706055,36.56499862670898,33.48653793334961,48700
2022-08-29,36.18999862670898,36.2599983215332,35.93000030517578,36.255001068115234,33.20263671875,50803
2022-08-30,36.44499969482422,36.81499862670898,36.10499954223633,36.15499877929688,33.11104965209961,59449
2022-08-31,36.3650016784668,36.3650016784668,35.72999954223633,35.72999954223633,32.721832275390625,60319
2022-09-01,35.38999938964844,35.404998779296875,35.04999923706055,35.15999984741211,32.1998291015625,72084
2022-09-02,35.3849983215332,36.03499984741211,35.26499938964844,35.9900016784668,32.95995330810547,88304
2022-09-06,35.540000915527344,35.76499938964844,35.26499938964844,35.54499816894531,32.55241394042969,48989
2022-09-07,35.2599983215332,35.654998779296875,35.224998474121094,35.57500076293945,32.579891204833984,49228
2022-09-08,35.79499816894531,35.81999969482422,35.1150016784668,35.66999816894531,32.666893005371094,72588
2022-09-09,35.790000915527344,36.34999847412109,35.790000915527344,36.275001525878906,33.220951080322266,65882
2022-09-12,36.43999862670898,37.11000061035156,36.43999862670898,37.02999877929688,33.91238784790039,60414
2022-09-13,37.16999816894531,37.375,36.41999816894531,36.43000030517578,33.36290740966797,197256
2022-09-14,36.33000183105469,36.45000076293945,36.01499938964844,36.23500061035156,33.184322357177734,75105
2022-09-15,36.27000045776367,36.40499877929688,35.900001525878906,35.97999954223633,32.9507942199707,323502
2022-09-16,35.61000061035156,35.73500061035156,35.369998931884766,35.525001525878906,32.53410339355469,70469
2022-09-19,35.314998626708984,35.7599983215332,35.084999084472656,35.57500076293945,32.579891204833984,49312
2022-09-20,35.71500015258789,35.935001373291016,35.150001525878906,35.20000076293945,32.23645782470703,67009
2022-09-21,34.88999938964844,35.525001525878906,34.869998931884766,35.5099983215332,32.52035903930664,12512
2022-09-22,34.88999938964844,35.529998779296875,34.84000015258789,34.849998474121094,31.91592788696289,83140
2022-09-23,34.73500061035156,34.73500061035156,33.869998931884766,34.029998779296875,31.16496086120605,95626
2022-09-26,33.959999084472656,34.334999084472656,33.79999923706055,34.029998779296875,31.16496086120605,37669
2022-09-27,34.275001525878906,34.494998931884766,33.79499816894531,33.79499816894531,30.94974708557129,41358
2022-09-28,33.560001373291016,33.93000030517578,33.154998779296875,33.93000030517578,31.07337760925293,69047
2022-09-29,33.6150016784668,33.6150016784668,33.040000915527344,33.369998931884766,30.560529708862305,82198
2022-09-30,33.53499984741211,33.790000915527344,33.369998931884766,33.70500183105469,30.867328643798828,80767
2022-10-03,33.29999923706055,34.01499938964844,33.15999984741211,33.970001220703125,31.110015869140625,53449
2022-10-04,34.404998779296875,35.439998626708984,34.404998779296875,35.439998626708984,32.45625305175781,72079
2022-10-05,35.154998779296875,35.380001068115234,34.8849983215332,35.1349983215332,32.17692565917969,42794
2022-10-06,35.27000045776367,35.349998474121094,34.810001373291016,34.91999816894531,31.980030059814453,25960
2022-10-07,34.775001525878906,34.900001525878906,34.32500076293945,34.33000183105469,31.43971061706543,79958
2022-10-10,34.07500076293945,34.45500183105469,34.03499984741211,34.1349983215332,31.261119842529297,54677
2022-10-11,33.84000015258789,34.09000015258789,33.66999816894531,33.97999954223633,31.119171142578125,78599
2022-10-12,33.935001373291016,34.20000076293945,33.720001220703125,33.875,31.023012161254883,218260
2022-10-13,33.65999984741211,34.28499984741211,33.18000030517578,34.25,31.36644172668457,134838
2022-10-14,34.84000015258789,35.0099983215332,34.369998931884766,34.369998931884766,31.47633934020996,252199
2022-10-17,34.54999923706055,35.15999984741211,34.33000183105469,35.0099983215332,32.06245040893555,71097
2022-10-18,35.31999969482422,35.689998626708984,35.209999084472656,35.21500015258789,32.25019454956055,100235
2022-10-19,35.40999984741211,35.494998931884766,35.19499969482422,35.275001525878906,32.305145263671875,20643
2022-10-20,35.255001068115234,35.595001220703125,35.1349983215332,35.53499984741211,32.54325485229492,22340
2022-10-21,35.130001068115234,35.45000076293945,34.82500076293945,35.349998474121094,32.37383270263672,128317
2022-10-24,35.744998931884766,36.119998931884766,35.32500076293945,35.904998779296875,32.882102966308594,64415
2022-10-25,36.01499938964844,36.5099983215332,35.7400016784668,36.5099983215332,33.43616485595703,304120
2022-10-26,36.400001525878906,36.68999862670898,36.22499847412109,36.68999862670898,33.60101318359375,70418
2022-10-27,36.56499862670898,36.75,36.29499816894531,36.69499969482422,33.605587005615234,9038
2022-10-28,36.310001373291016,36.77000045776367,36.22499847412109,36.7400016784668,33.64680480957031,52518
2022-10-31,36.76499938964844,36.880001068115234,36.73500061035156,36.83000183105469,33.72923278808594,25190
2022-11-01,37.25,37.42499923706055,37.095001220703125,37.11000061035156,33.98564910888672,12811
2022-11-02,37.32500076293945,37.36000061035156,36.84000015258789,36.85499954223633,33.75212478637695,64896
2022-11-03,36.4900016784668,36.59999847412109,36.29499816894531,36.54999923706055,33.47279739379883,90425
2022-11-04,36.81999969482422,37.744998931884766,36.77000045776367,37.470001220703125,34.315338134765625,194602
2022-11-07,37.35499954223633,37.79999923706055,37.35499954223633,37.720001220703125,34.54430389404297,25955
2022-11-08,37.6150016784668,38.06999969482422,37.60499954223633,38.06999969482422,34.86483383178711,27148
2022-11-09,37.97499847412109,37.994998931884766,37.744998931884766,37.915000915527344,34.722877502441406,39015
2022-11-10,37.755001068115234,39.15999984741211,37.755001068115234,39.125,35.83100509643555,75548
2022-11-11,39.380001068115234,39.505001068115234,39.29999923706055,39.38999938964844,36.07369995117188,18348
2022-11-14,39.525001525878906,39.82500076293945,39.400001525878906,39.57500076293945,36.24312210083008,20957
2022-11-15,39.70500183105469,40.0,39.59999847412109,39.84000015258789,36.48581314086914,170869
2022-11-16,39.82500076293945,39.83000183105469,39.45000076293945,39.52000045776367,36.192752838134766,31135
2022-11-17,39.65999984741211,39.69499969482422,39.084999084472656,39.38999938964844,36.1523666381836,24549
2022-11-18,39.54499816894531,39.959999084472656,39.54499816894531,39.84000015258789,36.56538009643555,145728
2022-11-21,39.80500030517578,39.81999969482422,39.595001220703125,39.744998931884766,36.47819137573242,3382
2022-11-22,39.71500015258789,39.98500061035156,39.68000030517578,39.915000915527344,36.63422393798828,14208
2022-11-23,40.025001525878906,40.13999938964844,39.900001525878906,40.08000183105469,36.7856559753418,100507
2022-11-25,40.244998931884766,40.34000015258789,40.16999816894531,40.28499984741211,36.97380065917969,24921
2022-11-28,40.07500076293945,40.20000076293945,39.91999816894531,40.025001525878906,36.73517227172852,122723
2022-11-29,40.125,40.130001068115234,39.93000030517578,39.96500015258789,36.68010711669922,30736
2022-11-30,40.22999954223633,40.34999847412109,40.13999938964844,40.29999923706055,36.987571716308594,4799
2022-12-01,40.69499969482422,40.70500183105469,40.369998931884766,40.540000915527344,37.20784759521485,16304
2022-12-02,40.369998931884766,40.56999969482422,40.185001373291016,40.45000076293945,37.12524032592773,22833
2022-12-05,40.345001220703125,40.39500045776367,40.22999954223633,40.22999954223633,36.923316955566406,18670
2022-12-06,40.22499847412109,40.30500030517578,39.915000915527344,40.04999923706055,36.75811767578125,56907
2022-12-07,40.06499862670898,40.07500076293945,39.81499862670898,39.880001068115234,36.60209274291992,17637
2022-12-08,39.935001373291016,39.94499969482422,39.72999954223633,39.8650016784668,36.58833312988281,11899
2022-12-09,40.0,40.13999938964844,39.70000076293945,40.084999084472656,36.79023742675781,32433
2022-12-12,39.84999847412109,40.0099983215332,39.81499862670898,39.8849983215332,36.60668563842773,9932
2022-12-13,40.04999923706055,41.02999877929688,39.959999084472656,40.56999969482422,37.235382080078125,86495
2022-12-14,40.400001525878906,40.43999862670898,40.25,40.43000030517578,37.10688781738281,4014
2022-12-15,40.084999084472656,40.10499954223633,39.0,39.02000045776367,35.81277847290039,65068
2022-12-16,38.994998931884766,38.994998931884766,38.4900016784668,38.665000915527344,35.486961364746094,83483
2022-12-19,38.80500030517578,38.9900016784668,38.744998931884766,38.75,35.56497573852539,30623
2022-12-20,38.44499969482422,38.775001525878906,38.29499816894531,38.665000915527344,35.486961364746094,9508
2022-12-21,38.81999969482422,39.400001525878906,38.81999969482422,39.380001068115234,36.143192291259766,14416
2022-12-22,39.45000076293945,39.5,38.83000183105469,38.8650016784668,35.6705207824707,16500
2022-12-23,38.93000030517578,38.959999084472656,38.65999984741211,38.84000015258789,35.64757537841797,62609
2022-12-27,39.17499923706055,39.20500183105469,38.95000076293945,38.970001220703125,35.76689529418945,11093
2022-12-28,39.04999923706055,39.04999923706055,38.72499847412109,38.73500061035156,35.551204681396484,5603
2022-12-29,38.60499954223633,39.185001373291016,38.60499954223633,39.185001373291016,35.9642219543457,11108
2022-12-30,38.89500045776367,38.92499923706055,38.73500061035156,38.73500061035156,35.551204681396484,69840
2023-01-03,39.31499862670898,39.880001068115234,39.310001373291016,39.54999923706055,36.29921722412109,21933
2023-01-04,39.78499984741211,40.494998931884766,39.78499984741211,40.494998931884766,37.166534423828125,40937
2023-01-05,40.26499938964844,40.41999816894531,40.220001220703125,40.31499862670898,37.00133514404297,4978
2023-01-06,40.40499877929688,40.91999816894531,40.23500061035156,40.91999816894531,37.55660629272461,9368
2023-01-09,41.0,41.52999877929688,40.994998931884766,41.43000030517578,38.024688720703125,89412
2023-01-10,41.21500015258789,41.35499954223633,41.18999862670898,41.31999969482422,37.923736572265625,9135
2023-01-11,41.43999862670898,41.81499862670898,41.43999862670898,41.72999954223633,38.3000373840332,21729
2023-01-12,41.8650016784668,42.20000076293945,41.84999847412109,42.03499984741211,38.57996368408203,45391
2023-01-13,42.095001220703125,42.33000183105469,42.08000183105469,42.25,38.77729034423828,48642
2023-01-17,42.31999969482422,42.65999984741211,42.16999816894531,42.5099983215332,39.01592254638672,21529
2023-01-18,42.53499984741211,42.70000076293945,42.459999084472656,42.459999084472656,38.97003173828125,23417
2023-01-19,42.275001525878906,42.30500030517578,41.65499877929688,41.69499969482422,38.26791000366211,32262
2023-01-20,41.95500183105469,41.96500015258789,41.79499816894531,41.93000030517578,38.48359680175781,45326
2023-01-23,42.10499954223633,42.33000183105469,42.0,42.27000045776367,38.79564666748047,85129
2023-01-24,42.41999816894531,42.41999816894531,42.09999847412109,42.31999969482422,38.84153747558594,6938
2023-01-25,42.34000015258789,42.34999847412109,41.970001220703125,42.244998931884766,38.77270126342773,3220
2023-01-26,42.55500030517578,42.584999084472656,42.40999984741211,42.5099983215332,39.01592254638672,14938
2023-01-27,42.459999084472656,42.65499877929688,42.3650016784668,42.560001373291016,39.06180953979492,48048
2023-01-30,42.29499816894531,42.40499877929688,42.13999938964844,42.34999847412109,38.86907196044922,9576
2023-01-31,42.334999084472656,42.435001373291016,42.09999847412109,42.41999816894531,38.93331909179688,36192
2023-02-01,42.494998931884766,42.64500045776367,42.369998931884766,42.47999954223633,38.9883918762207,30963
2023-02-02,42.790000915527344,43.22999954223633,42.77000045776367,43.220001220703125,39.66756057739258,50936
2023-02-03,42.97499847412109,43.35499954223633,42.88999938964844,43.35499954223633,39.791465759277344,26330
2023-02-06,43.0099983215332,43.06499862670898,42.65999984741211,42.8849983215332,39.36009979248047,45447
2023-02-07,42.93000030517578,42.93999862670898,42.71500015258789,42.880001068115234,39.355506896972656,24185
2023-02-08,43.19499969482422,43.20000076293945,42.869998931884766,42.869998931884766,39.34633255004883,24607
2023-02-09,43.28499984741211,43.55500030517578,43.27000045776367,43.27000045776367,39.71345138549805,55663
2023-02-10,43.0,43.16999816894531,42.53499984741211,42.81999969482422,39.300437927246094,142545
2023-02-13,42.900001525878906,43.27000045776367,42.900001525878906,43.23500061035156,39.68133163452149,81007
2023-02-14,43.28499984741211,43.619998931884766,43.23500061035156,43.23500061035156,39.68133163452149,23354
2023-02-15,43.20000076293945,43.68999862670898,43.20000076293945,43.64500045776367,40.05763626098633,28307
2023-02-16,43.70000076293945,43.7599983215332,43.31999969482422,43.58000183105469,40.193397521972656,36212
2023-02-17,43.185001373291016,43.51499938964844,43.02000045776367,43.3849983215332,40.01354598999024,68765
2023-02-21,43.185001373291016,43.22499847412109,42.83000183105469,43.125,39.77375411987305,28149
2023-02-22,42.96500015258789,43.06499862670898,42.68000030517578,43.05500030517578,39.70919418334961,87374
2023-02-23,43.20000076293945,43.43999862670898,43.18000030517578,43.20500183105469,39.8475341796875,49797
2023-02-24,43.39500045776367,43.40999984741211,42.3849983215332,42.3849983215332,39.09125518798828,31812
2023-02-27,42.91999816894531,43.29999923706055,42.85499954223633,43.09999847412109,39.75069427490234,22196
2023-02-28,42.875,43.290000915527344,42.875,42.96500015258789,39.62617874145508,29353
2023-03-01,43.19499969482422,43.380001068115234,42.665000915527344,42.755001068115234,39.4325065612793,18203
2023-03-02,42.470001220703125,43.03499984741211,42.400001525878906,42.98500061035156,39.644630432128906,23566
2023-03-03,43.32500076293945,43.61000061035156,43.22499847412109,43.59000015258789,40.202613830566406,31905
2023-03-06,43.76499938964844,43.875,43.59000015258789,43.7599983215332,40.3593978881836,71844
2023-03-07,43.650001525878906,43.82500076293945,43.40999984741211,43.40999984741211,40.0366096496582,42944
2023-03-08,43.30500030517578,43.59999847412109,43.30500030517578,43.52999877929688,40.14727783203125,46937
2023-03-09,43.44499969482422,43.59999847412109,43.22499847412109,43.48500061035156,40.10577392578125,6449
2023-03-10,42.75,43.08000183105469,42.56999969482422,42.95000076293945,39.61234664916992,46396
2023-03-13,42.75,42.75,41.310001373291016,41.55500030517578,38.32575988769531,310852
2023-03-14,41.65999984741211,42.5,41.47499847412109,42.41999816894531,39.12353515625,33870
2023-03-15,42.18999862670898,42.38999938964844,40.755001068115234,40.94499969482422,37.763160705566406,176648
2023-03-16,41.63999938964844,41.915000915527344,40.79499816894531,41.77000045776367,38.5240478515625,188929
2023-03-17,42.17499923706055,42.34000015258789,41.08000183105469,41.29999923706055,38.09057235717773,76619
2023-03-20,41.19499969482422,42.040000915527344,40.459999084472656,41.84999847412109,38.59782791137695,107592
2023-03-21,42.27000045776367,42.71500015258789,42.2599983215332,42.459999084472656,39.16042709350586,35634
2023-03-22,42.400001525878906,42.80500030517578,42.380001068115234,42.625,39.31260681152344,81774
2023-03-23,42.61000061035156,42.80500030517578,42.33000183105469,42.720001220703125,39.40022659301758,31748
2023-03-24,42.47999954223633,42.47999954223633,41.59999847412109,42.01499938964844,38.75000381469727,44183
2023-03-27,42.59000015258789,42.59000015258789,42.125,42.35499954223633,39.0635871887207,28602
2023-03-28,42.720001220703125,42.720001220703125,42.2599983215332,42.38999938964844,39.09587097167969,23762
2023-03-29,42.69499969482422,43.03499984741211,42.630001068115234,43.01499938964844,39.67229843139648,23054
2023-03-30,43.32500076293945,43.650001525878906,43.275001525878906,43.59999847412109,40.21184158325195,53214
2023-03-31,43.66999816894531,43.97499847412109,43.51499938964844,43.90999984741211,40.49774932861328,16168
2023-04-03,43.900001525878906,44.03499984741211,43.81499862670898,43.869998931884766,40.46085739135742,13223
2023-04-04,44.040000915527344,44.20000076293945,43.84999847412109,43.89500045776367,40.4839096069336,30504
2023-04-05,43.89500045776367,43.900001525878906,43.60499954223633,43.72499847412109,40.327125549316406,18242
2023-04-06,43.71500015258789,43.90499877929688,43.71500015258789,43.869998931884766,40.46085739135742,14665
2023-04-10,43.869998931884766,43.869998931884766,43.869998931884766,43.869998931884766,40.46085739135742,0
2023-04-11,44.185001373291016,44.220001220703125,44.06999969482422,44.130001068115234,40.70065307617188,49322
2023-04-12,44.10499954223633,44.51499938964844,44.08000183105469,44.125,40.69604110717773,20753
2023-04-13,44.27000045776367,44.42499923706055,44.20500183105469,44.42499923706055,40.97272491455078,13861
2023-04-14,44.52999877929688,44.70500183105469,44.5,44.69499969482422,41.22174835205078,10664
2023-04-17,44.77000045776367,44.79999923706055,44.459999084472656,44.47499847412109,41.01884460449219,26005
2023-04-18,44.59999847412109,44.880001068115234,44.59999847412109,44.73500061035156,41.258636474609375,31644
2023-04-19,44.584999084472656,44.77999877929688,44.56499862670898,44.75,41.2724723815918,13393
2023-04-20,44.775001525878906,44.78499984741211,44.47499847412109,44.65999984741211,41.18946075439453,12827
2023-04-21,44.67499923706055,44.8650016784668,44.47999954223633,44.8650016784668,41.378536224365234,20255
2023-04-24,44.79999923706055,44.98500061035156,44.744998931884766,44.88999938964844,41.401588439941406,58183
2023-04-25,44.65499877929688,44.76499938964844,44.57500076293945,44.71500015258789,41.24018859863281,14874
2023-04-26,44.5,44.540000915527344,44.20500183105469,44.40499877929688,40.95428085327149,189251
2023-04-27,44.334999084472656,44.65999984741211,44.29999923706055,44.560001373291016,41.09723663330078,49600
2023-04-28,44.775001525878906,44.775001525878906,44.09999847412109,44.630001068115234,41.16180038452149,76006
2023-05-01,44.630001068115234,44.630001068115234,44.630001068115234,44.630001068115234,41.16180038452149,0
2023-05-02,44.720001220703125,44.900001525878906,43.97499847412109,44.0,40.58075714111328,23812
2023-05-03,44.27999877929688,44.36000061035156,44.1349983215332,44.17499923706055,40.74215316772461,32917
2023-05-04,44.06499862670898,44.06499862670898,43.744998931884766,43.994998931884766,40.57613754272461,24682
2023-05-05,44.220001220703125,44.61000061035156,44.1150016784668,44.61000061035156,41.14335250854492,7269
2023-05-08,44.6349983215332,44.81999969482422,44.630001068115234,44.775001525878906,41.2955322265625,11762
2023-05-09,44.685001373291016,44.70500183105469,44.3650016784668,44.525001525878906,41.06496047973633,18680
2023-05-10,44.625,44.625,44.2400016784668,44.34999847412109,40.90355682373047,45818
2023-05-11,44.619998931884766,44.744998931884766,44.13999938964844,44.415000915527344,40.963504791259766,22199
2023-05-12,44.665000915527344,44.845001220703125,44.5,44.55500030517578,41.092620849609375,12414
2023-05-15,44.72999954223633,44.77999877929688,44.44499969482422,44.55500030517578,41.092620849609375,106425
2023-05-16,44.46500015258789,44.70000076293945,44.45000076293945,44.55500030517578,41.092620849609375,36651
2023-05-17,44.470001220703125,44.72999954223633,44.36000061035156,44.625,41.15718460083008,66390
2023-05-18,44.959999084472656,45.244998931884766,44.95000076293945,45.11000061035156,41.60449981689453,40901
2023-05-19,44.880001068115234,45.150001525878906,44.81999969482422,44.98500061035156,41.89150619506836,29791
2023-05-22,44.9900016784668,45.060001373291016,44.90499877929688,44.959999084472656,41.86822509765625,21009
2023-05-23,44.875,44.875,44.525001525878906,44.525001525878906,41.463134765625,24678
2023-05-24,44.07500076293945,44.09999847412109,43.595001220703125,43.75,40.74142837524414,33698
2023-05-25,43.810001373291016,43.915000915527344,43.59999847412109,43.77999877929688,40.76936340332031,66128
2023-05-26,43.97999954223633,44.560001373291016,43.72499847412109,44.494998931884766,41.43519973754883,22459
2023-05-30,44.220001220703125,44.525001525878906,44.0,44.05500030517578,41.02545547485352,37775
2023-05-31,43.625,43.900001525878906,43.2400016784668,43.29499816894531,40.31771469116211,26848
2023-06-01,43.59999847412109,43.86000061035156,43.40999984741211,43.72499847412109,40.7181510925293,18609
2023-06-02,44.0099983215332,44.43000030517578,43.94499969482422,44.38999938964844,41.33741760253906,25056
2023-06-05,44.38999938964844,44.48500061035156,44.04999923706055,44.05500030517578,41.02545547485352,42243
2023-06-06,44.0,44.13999938964844,43.90999984741211,44.125,41.09064865112305,8251
2023-06-07,44.04999923706055,44.17499923706055,43.90999984741211,44.09999847412109,41.06736373901367,27166
2023-06-08,43.97499847412109,44.22499847412109,43.915000915527344,44.15999984741211,41.12323760986328,15144
2023-06-09,44.19499969482422,44.20000076293945,43.9900016784668,44.060001373291016,41.03010940551758,6953
2023-06-12,44.31499862670898,44.5,44.244998931884766,44.33000183105469,41.28154373168945,17454
2023-06-13,44.6150016784668,44.69499969482422,44.32500076293945,44.66999816894531,41.59815979003906,44719
2023-06-14,44.6349983215332,45.04499816894531,44.630001068115234,44.96500015258789,41.87287521362305,32620
2023-06-15,44.810001373291016,44.880001068115234,44.55500030517578,44.834999084472656,41.75181579589844,10812
2023-06-16,44.85499954223633,45.25,44.81999969482422,45.16999816894531,42.063777923583984,23696
2023-06-20,44.64500045776367,44.810001373291016,44.584999084472656,44.61000061035156,41.54228973388672,20690
2023-06-21,44.53499984741211,44.68999862670898,44.38999938964844,44.415000915527344,41.36070251464844,84043
2023-06-22,44.025001525878906,44.2400016784668,43.790000915527344,44.2400016784668,41.197731018066406,15760
2023-06-23,43.97999954223633,44.09000015258789,43.685001373291016,43.875,40.85782623291016,51121
2023-06-26,43.92499923706055,44.119998931884766,43.59000015258789,43.9900016784668,40.96492385864258,12847
2023-06-27,44.25,44.27999877929688,43.90499877929688,44.25,41.20704650878906,57698
2023-06-28,44.494998931884766,44.69499969482422,44.470001220703125,44.68000030517578,41.60747909545898,77787
2023-06-29,44.68000030517578,44.90499877929688,44.65499877929688,44.75,41.672664642333984,8796
2023-06-30,44.80500030517578,45.310001373291016,44.7599983215332,45.22999954223633,42.11965560913086,29199
2023-07-03,45.345001220703125,45.40499877929688,45.20000076293945,45.209999084472656,42.10102462768555,12452
2023-07-05,44.79499816894531,44.94499969482422,44.64500045776367,44.68000030517578,41.60747909545898,4799
2023-07-06,44.2599983215332,44.31499862670898,43.29999923706055,43.39500045776367,40.41084289550781,65773
2023-07-07,43.380001068115234,43.76499938964844,43.20000076293945,43.56499862670898,40.569149017333984,95112
2023-07-10,43.39500045776367,43.93000030517578,43.369998931884766,43.77000045776367,40.76005172729492,39414
2023-07-11,43.92499923706055,44.18999862670898,43.79999923706055,44.08000183105469,41.048736572265625,44340
2023-07-12,44.244998931884766,44.89500045776367,44.244998931884766,44.85499954223633,41.77044677734375,13194
2023-07-13,44.900001525878906,45.35499954223633,44.875,45.18999862670898,42.08240509033203,29017
2023-07-14,45.165000915527344,45.35499954223633,45.165000915527344,45.2599983215332,42.14759063720703,33965
2023-07-17,44.915000915527344,45.05500030517578,44.65999984741211,44.869998931884766,41.78440856933594,40098
2023-07-18,44.77000045776367,44.970001220703125,44.709999084472656,44.959999084472656,41.86822509765625,45775
2023-07-19,45.15499877929688,45.29499816894531,44.85499954223633,44.869998931884766,41.78440856933594,28543
2023-07-20,44.66999816894531,45.005001068115234,44.66999816894531,45.005001068115234,41.91012191772461,6796
2023-07-21,44.845001220703125,45.18999862670898,44.845001220703125,45.18999862670898,42.08240509033203,11713
2023-07-24,44.97999954223633,45.119998931884766,44.94499969482422,45.1150016784668,42.0125617980957,20927
2023-07-25,45.13999938964844,45.22499847412109,44.9900016784668,45.185001373291016,42.07775115966797,77057
2023-07-26,45.005001068115234,45.005001068115234,44.369998931884766,44.720001220703125,41.64472198486328,16956
2023-07-27,44.97999954223633,45.77999877929688,44.91999816894531,45.77999877929688,42.631832122802734,101727
2023-07-28,45.619998931884766,46.060001373291016,45.56999969482422,46.005001068115234,42.84136581420898,54841
2023-07-31,45.90999984741211,46.209999084472656,45.86000061035156,46.02999877929688,42.8646354675293,31687
2023-08-01,45.92499923706055,45.93000030517578,45.334999084472656,45.34000015258789,42.22208404541016,22742
2023-08-02,44.720001220703125,45.05500030517578,44.55500030517578,44.619998931884766,41.551605224609375,77124
2023-08-03,44.290000915527344,44.369998931884766,44.02999877929688,44.29499816894531,41.24895095825195,44388
2023-08-04,44.41999816894531,44.625,44.165000915527344,44.61000061035156,41.54228973388672,47556
2023-08-07,44.435001373291016,44.70000076293945,44.32500076293945,44.665000915527344,41.593505859375,22848
2023-08-08,44.40999984741211,44.53499984741211,43.869998931884766,44.1349983215332,41.09995269775391,46662
2023-08-09,44.685001373291016,44.84000015258789,44.39500045776367,44.45500183105469,41.39794921875,19478
2023-08-10,44.76499938964844,45.29999923706055,44.70000076293945,45.1349983215332,42.03118133544922,44041
2023-08-11,44.89500045776367,44.915000915527344,44.45000076293945,44.45000076293945,41.39329147338867,8120
2023-08-14,44.43999862670898,44.70000076293945,44.380001068115234,44.54499816894531,41.48176193237305,5872
2023-08-15,44.619998931884766,44.64500045776367,43.900001525878906,44.095001220703125,41.06270599365234,46375
2023-08-16,44.04999923706055,44.29499816894531,44.04999923706055,44.095001220703125,41.06270599365234,2673
2023-08-17,43.26499938964844,43.35499954223633,42.84999847412109,42.84999847412109,40.4979133605957,21603
2023-08-18,42.65999984741211,42.78499984741211,42.40499877929688,42.73500061035156,40.38921737670898,9855
2023-08-21,42.880001068115234,43.18000030517578,42.84000015258789,42.875,40.52153015136719,45908
2023-08-22,43.1150016784668,43.51499938964844,43.1150016784668,43.22999954223633,40.857051849365234,21789
2023-08-23,43.380001068115234,43.5,43.130001068115234,43.29999923706055,40.9232063293457,7400
2023-08-24,43.83000183105469,43.83000183105469,42.91999816894531,42.91999816894531,40.56406021118164,36554
2023-08-25,42.8849983215332,43.29499816894531,42.8849983215332,43.02000045776367,40.65858459472656,19604
2023-08-28,43.3849983215332,43.6349983215332,43.20000076293945,43.60499954223633,41.21146774291992,7682
2023-08-29,43.68000030517578,43.92499923706055,43.57500076293945,43.92499923706055,41.51390075683594,41781
2023-08-30,43.97999954223633,44.095001220703125,43.59999847412109,43.790000915527344,41.38631057739258,39775
2023-08-31,43.80500030517578,43.959999084472656,43.6150016784668,43.6150016784668,41.22091293334961,2600
2023-09-01,43.57500076293945,43.834999084472656,43.46500015258789,43.46500015258789,41.07914733886719,10331
2023-09-05,43.1150016784668,43.48500061035156,43.0,43.34999847412109,40.97046661376953,15002
2023-09-06,43.08000183105469,43.15999984741211,42.915000915527344,43.005001068115234,40.6443977355957,55830
2023-09-07,42.8650016784668,43.119998931884766,42.720001220703125,42.84000015258789,40.48846054077149,36539
2023-09-08,43.0,43.025001525878906,42.41999816894531,43.02000045776367,40.65858459472656,32609
2023-09-11,43.20000076293945,43.41999816894531,43.07500076293945,43.185001373291016,40.81452560424805,6770
2023-09-12,43.22499847412109,43.22499847412109,42.93999862670898,43.07500076293945,40.710567474365234,12324
2023-09-13,42.900001525878906,43.02000045776367,42.619998931884766,42.880001068115234,40.52626419067383,19863
2023-09-14,42.79499816894531,43.51499938964844,42.685001373291016,43.45000076293945,41.06497573852539,18326
2023-09-15,43.86000061035156,43.89500045776367,43.54499816894531,43.560001373291016,41.16893768310547,35606
2023-09-18,43.46500015258789,43.470001220703125,43.01499938964844,43.08000183105469,40.71529006958008,9196
2023-09-19,43.0,43.255001068115234,42.92499923706055,43.04499816894531,40.68220138549805,10872
