Datetime,Open,High,Low,Close,Adj Close,Volume
2025-08-08 00:00:00,43570.0,43570.0,43425.0,43430.0,43430.0,0
2025-08-08 00:02:00,43435.0,43535.0,43400.0,43500.0,43500.0,213820
2025-08-08 00:04:00,43500.0,43515.0,43455.0,43470.0,43470.0,158179
2025-08-08 00:06:00,43460.0,43510.0,43430.0,43480.0,43480.0,140404
2025-08-08 00:08:00,43480.0,43605.0,43475.0,43585.0,43585.0,191398
2025-08-08 00:10:00,43585.0,43625.0,43570.0,43580.0,43580.0,141528
2025-08-08 00:12:00,43580.0,43600.0,43520.0,43570.0,43570.0,215838
2025-08-08 00:14:00,43570.0,43615.0,43545.0,43600.0,43600.0,282642
2025-08-08 00:16:00,43600.0,43620.0,43555.0,43605.0,43605.0,53924
2025-08-08 00:18:00,43610.0,43635.0,43580.0,43590.0,43590.0,61121
2025-08-08 00:20:00,43590.0,43590.0,43520.0,43540.0,43540.0,89709
2025-08-08 00:22:00,43550.0,43585.0,43500.0,43580.0,43580.0,213080
2025-08-08 00:24:00,43580.0,43665.0,43575.0,43650.0,43650.0,114484
2025-08-08 00:26:00,43655.0,43675.0,43630.0,43645.0,43645.0,55318
2025-08-08 00:28:00,43640.0,43670.0,43630.0,43660.0,43660.0,28019
2025-08-08 00:30:00,43660.0,43695.0,43650.0,43655.0,43655.0,138156
2025-08-08 00:32:00,43650.0,43690.0,43640.0,43675.0,43675.0,100500
2025-08-08 00:34:00,43675.0,43680.0,43625.0,43630.0,43630.0,47136
2025-08-08 00:36:00,43625.0,43640.0,43600.0,43630.0,43630.0,38466
2025-08-08 00:38:00,43630.0,43655.0,43605.0,43615.0,43615.0,41117
2025-08-08 00:40:00,43615.0,43675.0,43595.0,43675.0,43675.0,62501
2025-08-08 00:42:00,43675.0,43720.0,43665.0,43690.0,43690.0,100897
2025-08-08 00:44:00,43690.0,43690.0,43615.0,43620.0,43620.0,48299
2025-08-08 00:46:00,43620.0,43630.0,43585.0,43595.0,43595.0,28891
2025-08-08 00:48:00,43590.0,43595.0,43540.0,43565.0,43565.0,29904
2025-08-08 00:50:00,43565.0,43575.0,43495.0,43505.0,43505.0,35711
2025-08-08 00:52:00,43500.0,43550.0,43490.0,43545.0,43545.0,21904
2025-08-08 00:54:00,43545.0,43580.0,43535.0,43570.0,43570.0,91753
2025-08-08 00:56:00,43570.0,43585.0,43565.0,43575.0,43575.0,12033
2025-08-08 00:58:00,43580.0,43600.0,43565.0,43595.0,43595.0,38301
2025-08-08 01:00:00,43600.0,43615.0,43575.0,43590.0,43590.0,17454
2025-08-08 01:02:00,43590.0,43610.0,43570.0,43580.0,43580.0,12931
2025-08-08 01:04:00,43575.0,43605.0,43550.0,43605.0,43605.0,23645
2025-08-08 01:06:00,43605.0,43640.0,43600.0,43625.0,43625.0,26940
2025-08-08 01:08:00,43625.0,43650.0,43605.0,43615.0,43615.0,34241
2025-08-08 01:10:00,43610.0,43620.0,43585.0,43600.0,43600.0,18708
2025-08-08 01:12:00,43600.0,43615.0,43560.0,43580.0,43580.0,45016
2025-08-08 01:14:00,43580.0,43585.0,43510.0,43530.0,43530.0,31483
2025-08-08 01:16:00,43535.0,43575.0,43530.0,43560.0,43560.0,21633
2025-08-08 01:18:00,43560.0,43585.0,43560.0,43560.0,43560.0,23975
2025-08-08 01:20:00,43565.0,43575.0,43535.0,43565.0,43565.0,12143
2025-08-08 01:22:00,43560.0,43580.0,43540.0,43560.0,43560.0,6843
2025-08-08 01:24:00,43555.0,43580.0,43550.0,43565.0,43565.0,7632
2025-08-08 01:26:00,43570.0,43575.0,43535.0,43560.0,43560.0,9132
2025-08-08 01:28:00,43560.0,43580.0,43545.0,43570.0,43570.0,7659
2025-08-08 01:30:00,43565.0,43590.0,43555.0,43590.0,43590.0,44947
2025-08-08 01:32:00,43590.0,43605.0,43540.0,43565.0,43565.0,18646
2025-08-08 01:34:00,43560.0,43580.0,43510.0,43535.0,43535.0,48911
2025-08-08 01:36:00,43535.0,43560.0,43530.0,43540.0,43540.0,55807
2025-08-08 01:38:00,43545.0,43580.0,43540.0,43545.0,43545.0,48613
2025-08-08 01:40:00,43540.0,43580.0,43540.0,43565.0,43565.0,11782
2025-08-08 01:42:00,43560.0,43570.0,43540.0,43540.0,43540.0,15006
2025-08-08 01:44:00,43545.0,43560.0,43535.0,43550.0,43550.0,7845
2025-08-08 01:46:00,43555.0,43565.0,43540.0,43560.0,43560.0,8879
2025-08-08 01:48:00,43565.0,43610.0,43560.0,43585.0,43585.0,65819
2025-08-08 01:50:00,43590.0,43605.0,43570.0,43575.0,43575.0,52031
2025-08-08 01:52:00,43580.0,43580.0,43515.0,43525.0,43525.0,24729
2025-08-08 01:54:00,43525.0,43545.0,43505.0,43540.0,43540.0,34133
2025-08-08 01:56:00,43545.0,43545.0,43525.0,43540.0,43540.0,53079
2025-08-08 01:58:00,43545.0,43550.0,43530.0,43540.0,43540.0,20244
2025-08-08 02:00:00,43545.0,43580.0,43530.0,43575.0,43575.0,33079
2025-08-08 02:02:00,43570.0,43580.0,43555.0,43570.0,43570.0,7829
2025-08-08 02:04:00,43570.0,43610.0,43570.0,43605.0,43605.0,50573
2025-08-08 02:06:00,43605.0,43640.0,43600.0,43620.0,43620.0,62244
2025-08-08 02:08:00,43615.0,43635.0,43600.0,43610.0,43610.0,28182
2025-08-08 02:10:00,43615.0,43620.0,43590.0,43595.0,43595.0,7627
2025-08-08 02:12:00,43595.0,43595.0,43565.0,43570.0,43570.0,11076
2025-08-08 02:14:00,43570.0,43590.0,43560.0,43585.0,43585.0,31603
2025-08-08 02:16:00,43580.0,43585.0,43545.0,43555.0,43555.0,9863
2025-08-08 02:18:00,43555.0,43560.0,43540.0,43550.0,43550.0,11002
2025-08-08 02:20:00,43550.0,43575.0,43545.0,43555.0,43555.0,8628
2025-08-08 02:22:00,43555.0,43565.0,43545.0,43550.0,43550.0,4662
2025-08-08 02:24:00,43550.0,43560.0,43545.0,43555.0,43555.0,13217
2025-08-08 02:26:00,43550.0,43585.0,43540.0,43580.0,43580.0,55795
2025-08-08 02:28:00,43580.0,43590.0,43565.0,43585.0,43585.0,27550
2025-08-08 02:30:00,43585.0,43600.0,43585.0,43595.0,43595.0,12512
2025-08-08 02:32:00,43595.0,43605.0,43585.0,43595.0,43595.0,10462
2025-08-08 02:34:00,43595.0,43630.0,43590.0,43625.0,43625.0,28469
2025-08-08 02:36:00,43625.0,43655.0,43625.0,43640.0,43640.0,24169
2025-08-08 02:38:00,43640.0,43655.0,43630.0,43635.0,43635.0,25616
2025-08-08 02:40:00,43630.0,43660.0,43630.0,43650.0,43650.0,8389
2025-08-08 02:42:00,43650.0,43680.0,43645.0,43675.0,43675.0,53105
2025-08-08 02:44:00,43675.0,43695.0,43670.0,43685.0,43685.0,61741
2025-08-08 02:46:00,43690.0,43690.0,43670.0,43680.0,43680.0,13481
2025-08-08 02:48:00,43680.0,43690.0,43655.0,43660.0,43660.0,9972
2025-08-08 02:50:00,43655.0,43665.0,43640.0,43655.0,43655.0,18020
2025-08-08 02:52:00,43660.0,43665.0,43640.0,43645.0,43645.0,1574
2025-08-08 02:54:00,43645.0,43655.0,43640.0,43650.0,43650.0,1821
2025-08-08 02:56:00,43650.0,43655.0,43635.0,43645.0,43645.0,4594
2025-08-08 02:58:00,43645.0,43655.0,43635.0,43650.0,43650.0,2998
2025-08-08 03:00:00,43645.0,43660.0,43635.0,43655.0,43655.0,6554
2025-08-08 03:02:00,43655.0,43655.0,43640.0,43640.0,43640.0,4325
2025-08-08 03:04:00,43645.0,43645.0,43605.0,43610.0,43610.0,10441
2025-08-08 03:06:00,43610.0,43630.0,43610.0,43620.0,43620.0,7209
2025-08-08 03:08:00,43615.0,43620.0,43585.0,43590.0,43590.0,10457
2025-08-08 03:10:00,43590.0,43595.0,43575.0,43580.0,43580.0,3670
2025-08-08 03:12:00,43580.0,43595.0,43575.0,43590.0,43590.0,15033
2025-08-08 03:14:00,43590.0,43595.0,43555.0,43565.0,43565.0,20494
2025-08-08 03:16:00,43565.0,43570.0,43550.0,43570.0,43570.0,6639
2025-08-08 03:18:00,43570.0,43570.0,43550.0,43555.0,43555.0,17249
2025-08-08 03:20:00,43555.0,43555.0,43530.0,43540.0,43540.0,29155
2025-08-08 03:22:00,43535.0,43550.0,43520.0,43545.0,43545.0,29811
2025-08-08 03:24:00,43550.0,43550.0,43520.0,43525.0,43525.0,28678
2025-08-08 03:26:00,43525.0,43530.0,43510.0,43515.0,43515.0,14242
2025-08-08 03:28:00,43515.0,43515.0,43475.0,43490.0,43490.0,62177
2025-08-08 03:30:00,43487.0,43500.0,43470.0,43480.0,43480.0,27545
2025-08-08 03:32:00,43480.0,43485.0,43455.0,43475.0,43475.0,15686
2025-08-08 03:34:00,43475.0,43490.0,43470.0,43485.0,43485.0,20160
2025-08-08 03:36:00,43490.0,43495.0,43475.0,43475.0,43475.0,9513
2025-08-08 03:38:00,43475.0,43475.0,43455.0,43465.0,43465.0,16901
2025-08-08 03:40:00,43465.0,43480.0,43455.0,43470.0,43470.0,10115
2025-08-08 03:42:00,43465.0,43470.0,43430.0,43455.0,43455.0,23480
2025-08-08 03:44:00,43450.0,43460.0,43450.0,43460.0,43460.0,5927
2025-08-08 03:46:00,43460.0,43465.0,43440.0,43465.0,43465.0,9100
2025-08-08 03:48:00,43460.0,43460.0,43435.0,43450.0,43450.0,16673
2025-08-08 03:50:00,43450.0,43460.0,43445.0,43450.0,43450.0,7038
2025-08-08 03:52:00,43445.0,43470.0,43445.0,43465.0,43465.0,10369
2025-08-08 03:54:00,43460.0,43470.0,43440.0,43445.0,43445.0,16422
2025-08-08 03:56:00,43445.0,43450.0,43410.0,43435.0,43435.0,22432
2025-08-08 03:58:00,43435.0,43445.0,43425.0,43425.0,43425.0,18665
2025-08-08 04:00:00,43425.0,43435.0,43390.0,43405.0,43405.0,54856
2025-08-08 04:02:00,43400.0,43440.0,43400.0,43420.0,43420.0,46160
2025-08-08 04:04:00,43425.0,43440.0,43425.0,43430.0,43430.0,5764
2025-08-08 04:06:00,43435.0,43440.0,43420.0,43435.0,43435.0,4201
2025-08-08 04:08:00,43435.0,43440.0,43415.0,43430.0,43430.0,7670
2025-08-08 04:10:00,43425.0,43445.0,43425.0,43440.0,43440.0,9750
2025-08-08 04:12:00,43440.0,43450.0,43440.0,43445.0,43445.0,13523
2025-08-08 04:14:00,43445.0,43460.0,43435.0,43460.0,43460.0,8335
2025-08-08 04:16:00,43460.0,43465.0,43450.0,43450.0,43450.0,26791
2025-08-08 04:18:00,43455.0,43470.0,43445.0,43450.0,43450.0,11180
2025-08-08 04:20:00,43455.0,43465.0,43450.0,43455.0,43455.0,18833
2025-08-08 04:22:00,43455.0,43470.0,43455.0,43460.0,43460.0,6597
2025-08-08 04:24:00,43460.0,43465.0,43450.0,43465.0,43465.0,3955
2025-08-08 04:26:00,43465.0,43465.0,43450.0,43460.0,43460.0,4151
2025-08-08 04:28:00,43455.0,43475.0,43455.0,43465.0,43465.0,6163
2025-08-08 04:30:00,43470.0,43480.0,43465.0,43480.0,43480.0,3924
2025-08-08 04:32:00,43480.0,43485.0,43450.0,43455.0,43455.0,24591
2025-08-08 04:34:00,43455.0,43455.0,43425.0,43435.0,43435.0,7886
2025-08-08 04:36:00,43430.0,43440.0,43410.0,43420.0,43420.0,8237
2025-08-08 04:38:00,43410.0,43420.0,43390.0,43410.0,43410.0,14591
2025-08-08 04:40:00,43410.0,43420.0,43380.0,43385.0,43385.0,21060
2025-08-08 04:42:00,43385.0,43390.0,43350.0,43385.0,43385.0,81899
2025-08-08 04:44:00,43390.0,43395.0,43375.0,43390.0,43390.0,22196
2025-08-08 04:46:00,43385.0,43395.0,43375.0,43390.0,43390.0,9182
2025-08-08 04:48:00,43390.0,43405.0,43385.0,43400.0,43400.0,32223
2025-08-08 04:50:00,43405.0,43410.0,43395.0,43400.0,43400.0,20920
2025-08-08 04:52:00,43400.0,43405.0,43380.0,43390.0,43390.0,10350
2025-08-08 04:54:00,43390.0,43390.0,43370.0,43380.0,43380.0,26017
2025-08-08 04:56:00,43370.0,43390.0,43370.0,43370.0,43370.0,10358
2025-08-08 04:58:00,43365.0,43385.0,43360.0,43375.0,43375.0,47774
2025-08-08 05:00:00,43385.0,43405.0,43370.0,43400.0,43400.0,46243
2025-08-08 05:02:00,43400.0,43420.0,43390.0,43410.0,43410.0,25833
2025-08-08 05:04:00,43405.0,43425.0,43400.0,43410.0,43410.0,14810
2025-08-08 05:06:00,43410.0,43435.0,43405.0,43430.0,43430.0,29349
2025-08-08 05:08:00,43425.0,43430.0,43410.0,43425.0,43425.0,23087
2025-08-08 05:10:00,43430.0,43435.0,43415.0,43420.0,43420.0,6913
2025-08-08 05:12:00,43415.0,43420.0,43402.0,43405.0,43405.0,12052
2025-08-08 05:14:00,43405.0,43415.0,43385.0,43395.0,43395.0,16876
2025-08-08 05:16:00,43395.0,43400.0,43385.0,43395.0,43395.0,7543
2025-08-08 05:18:00,43385.0,43390.0,43370.0,43375.0,43375.0,8825
2025-08-08 05:20:00,43375.0,43380.0,43365.0,43375.0,43375.0,9687
2025-08-08 05:22:00,43380.0,43380.0,43360.0,43370.0,43370.0,2233
2025-08-08 05:24:00,43370.0,43380.0,43345.0,43350.0,43350.0,31224
2025-08-08 05:26:00,43360.0,43360.0,43317.0,43320.0,43320.0,40362
2025-08-08 05:28:00,43320.0,43330.0,43310.0,43330.0,43330.0,11472
2025-08-08 05:30:00,43330.0,43365.0,43320.0,43350.0,43350.0,38276
2025-08-08 05:32:00,43345.0,43350.0,43330.0,43350.0,43350.0,23415
2025-08-08 05:34:00,43350.0,43350.0,43325.0,43345.0,43345.0,7229
2025-08-08 05:36:00,43340.0,43350.0,43330.0,43350.0,43350.0,29854
2025-08-08 05:38:00,43345.0,43360.0,43340.0,43345.0,43345.0,10452
2025-08-08 05:40:00,43345.0,43370.0,43345.0,43370.0,43370.0,26118
2025-08-08 05:42:00,43370.0,43375.0,43355.0,43360.0,43360.0,25666
2025-08-08 05:44:00,43355.0,43365.0,43345.0,43355.0,43355.0,5855
2025-08-08 05:46:00,43350.0,43370.0,43350.0,43355.0,43355.0,11360
2025-08-08 05:48:00,43355.0,43360.0,43340.0,43340.0,43340.0,11244
2025-08-08 05:50:00,43345.0,43355.0,43335.0,43345.0,43345.0,24681
2025-08-08 05:52:00,43345.0,43345.0,43327.0,43340.0,43340.0,20771
2025-08-08 05:54:00,43340.0,43355.0,43330.0,43355.0,43355.0,21736
2025-08-08 05:56:00,43355.0,43360.0,43330.0,43335.0,43335.0,18812
2025-08-08 05:58:00,43335.0,43345.0,43325.0,43335.0,43335.0,24337
2025-08-11 00:00:00,43505.0,43585.0,43505.0,43542.0,43542.0,149573
2025-08-11 00:02:00,43540.0,43605.0,43500.0,43550.0,43550.0,92296
2025-08-11 00:04:00,43540.0,43560.0,43380.0,43385.0,43385.0,130630
2025-08-11 00:06:00,43375.0,43395.0,43315.0,43385.0,43385.0,97993
2025-08-11 00:08:00,43385.0,43420.0,43375.0,43380.0,43380.0,46169
2025-08-11 00:10:00,43380.0,43475.0,43375.0,43435.0,43435.0,64407
2025-08-11 00:12:00,43435.0,43440.0,43380.0,43395.0,43395.0,59517
2025-08-11 00:14:00,43395.0,43445.0,43370.0,43445.0,43445.0,57060
2025-08-11 00:16:00,43450.0,43575.0,43440.0,43475.0,43475.0,157063
2025-08-11 00:18:00,43465.0,43505.0,43425.0,43505.0,43505.0,40101
2025-08-11 00:20:00,43510.0,43525.0,43475.0,43495.0,43495.0,23545
2025-08-11 00:22:00,43500.0,43540.0,43490.0,43525.0,43525.0,14145
2025-08-11 00:24:00,43535.0,43540.0,43515.0,43515.0,43515.0,23119
2025-08-11 00:26:00,43510.0,43535.0,43500.0,43510.0,43510.0,21267
2025-08-11 00:28:00,43515.0,43520.0,43495.0,43520.0,43520.0,20728
2025-08-11 00:30:00,43520.0,43540.0,43500.0,43535.0,43535.0,42778
2025-08-11 00:32:00,43535.0,43555.0,43520.0,43540.0,43540.0,45072
2025-08-11 00:34:00,43535.0,43540.0,43500.0,43540.0,43540.0,28046
2025-08-11 00:36:00,43535.0,43535.0,43470.0,43480.0,43480.0,30001
2025-08-11 00:38:00,43480.0,43505.0,43470.0,43500.0,43500.0,24661
2025-08-11 00:40:00,43505.0,43515.0,43480.0,43480.0,43480.0,20274
2025-08-11 00:42:00,43480.0,43495.0,43450.0,43475.0,43475.0,43017
2025-08-11 00:44:00,43475.0,43500.0,43460.0,43480.0,43480.0,22881
2025-08-11 00:46:00,43480.0,43490.0,43455.0,43470.0,43470.0,44817
2025-08-11 00:48:00,43470.0,43500.0,43465.0,43490.0,43490.0,29419
2025-08-11 00:50:00,43480.0,43490.0,43455.0,43470.0,43470.0,72711
2025-08-11 00:52:00,43465.0,43475.0,43445.0,43460.0,43460.0,29914
2025-08-11 00:54:00,43455.0,43490.0,43445.0,43480.0,43480.0,49505
2025-08-11 00:56:00,43480.0,43525.0,43475.0,43510.0,43510.0,92700
2025-08-11 00:58:00,43510.0,43540.0,43475.0,43485.0,43485.0,47980
2025-08-11 01:00:00,43480.0,43500.0,43380.0,43435.0,43435.0,71759
2025-08-11 01:02:00,43425.0,43465.0,43425.0,43450.0,43450.0,55920
2025-08-11 01:04:00,43450.0,43450.0,43385.0,43390.0,43390.0,37148
2025-08-11 01:06:00,43390.0,43410.0,43375.0,43385.0,43385.0,53289
2025-08-11 01:08:00,43390.0,43395.0,43330.0,43385.0,43385.0,33571
2025-08-11 01:10:00,43385.0,43395.0,43365.0,43380.0,43380.0,9362
2025-08-11 01:12:00,43380.0,43400.0,43365.0,43390.0,43390.0,11462
2025-08-11 01:14:00,43390.0,43410.0,43365.0,43410.0,43410.0,11305
2025-08-11 01:16:00,43410.0,43445.0,43400.0,43440.0,43440.0,28076
2025-08-11 01:18:00,43440.0,43465.0,43435.0,43460.0,43460.0,21679
2025-08-11 01:20:00,43460.0,43465.0,43445.0,43450.0,43450.0,12636
2025-08-11 01:22:00,43455.0,43460.0,43435.0,43455.0,43455.0,13374
2025-08-11 01:24:00,43460.0,43465.0,43450.0,43455.0,43455.0,14257
2025-08-11 01:26:00,43450.0,43465.0,43450.0,43450.0,43450.0,11429
2025-08-11 01:28:00,43455.0,43470.0,43450.0,43465.0,43465.0,2177
2025-08-11 01:30:00,43465.0,43515.0,43460.0,43510.0,43510.0,60695
2025-08-11 01:32:00,43510.0,43525.0,43500.0,43520.0,43520.0,18686
2025-08-11 01:34:00,43520.0,43530.0,43505.0,43515.0,43515.0,13524
2025-08-11 01:36:00,43515.0,43540.0,43505.0,43530.0,43530.0,9687
2025-08-11 01:38:00,43525.0,43545.0,43515.0,43540.0,43540.0,10186
2025-08-11 01:40:00,43540.0,43545.0,43525.0,43530.0,43530.0,44687
2025-08-11 01:42:00,43535.0,43560.0,43525.0,43550.0,43550.0,29669
2025-08-11 01:44:00,43545.0,43560.0,43535.0,43535.0,43535.0,64029
2025-08-11 01:46:00,43535.0,43545.0,43520.0,43540.0,43540.0,28214
2025-08-11 01:48:00,43535.0,43565.0,43530.0,43555.0,43555.0,49677
2025-08-11 01:50:00,43555.0,43575.0,43550.0,43560.0,43560.0,20461
2025-08-11 01:52:00,43565.0,43565.0,43540.0,43545.0,43545.0,19682
2025-08-11 01:54:00,43540.0,43560.0,43540.0,43555.0,43555.0,9022
2025-08-11 01:56:00,43555.0,43560.0,43540.0,43555.0,43555.0,14391
2025-08-11 01:58:00,43560.0,43565.0,43530.0,43530.0,43530.0,11262
2025-08-11 02:00:00,43530.0,43560.0,43525.0,43560.0,43560.0,145093
2025-08-11 02:02:00,43560.0,43560.0,43530.0,43540.0,43540.0,79171
2025-08-11 02:04:00,43540.0,43550.0,43535.0,43540.0,43540.0,99046
2025-08-11 02:06:00,43535.0,43540.0,43520.0,43535.0,43535.0,35321
2025-08-11 02:08:00,43530.0,43535.0,43510.0,43530.0,43530.0,4550
2025-08-11 02:10:00,43520.0,43530.0,43500.0,43515.0,43515.0,18464
2025-08-11 02:12:00,43510.0,43520.0,43495.0,43515.0,43515.0,7027
2025-08-11 02:14:00,43515.0,43530.0,43505.0,43520.0,43520.0,13689
2025-08-11 02:16:00,43520.0,43525.0,43490.0,43500.0,43500.0,11510
2025-08-11 02:18:00,43490.0,43505.0,43485.0,43490.0,43490.0,4768
2025-08-11 02:20:00,43490.0,43505.0,43475.0,43480.0,43480.0,12582
2025-08-11 02:22:00,43480.0,43505.0,43480.0,43500.0,43500.0,3676
2025-08-11 02:24:00,43500.0,43510.0,43485.0,43495.0,43495.0,6036
2025-08-11 02:26:00,43485.0,43495.0,43470.0,43485.0,43485.0,23080
2025-08-11 02:28:00,43485.0,43490.0,43475.0,43480.0,43480.0,9744
2025-08-11 02:30:00,43480.0,43480.0,43460.0,43470.0,43470.0,7618
2025-08-11 02:32:00,43475.0,43475.0,43455.0,43470.0,43470.0,4589
2025-08-11 02:34:00,43475.0,43480.0,43465.0,43470.0,43470.0,3785
2025-08-11 02:36:00,43475.0,43485.0,43460.0,43460.0,43460.0,5878
2025-08-11 02:38:00,43460.0,43470.0,43445.0,43455.0,43455.0,31647
2025-08-11 02:40:00,43450.0,43475.0,43430.0,43470.0,43470.0,20073
2025-08-11 02:42:00,43465.0,43480.0,43465.0,43475.0,43475.0,7312
2025-08-11 02:44:00,43475.0,43485.0,43470.0,43485.0,43485.0,15658
2025-08-11 02:46:00,43480.0,43505.0,43475.0,43485.0,43485.0,59451
2025-08-11 02:48:00,43490.0,43515.0,43480.0,43510.0,43510.0,11698
2025-08-11 02:50:00,43510.0,43530.0,43505.0,43510.0,43510.0,41205
2025-08-11 02:52:00,43505.0,43540.0,43505.0,43540.0,43540.0,33140
2025-08-11 02:54:00,43540.0,43550.0,43535.0,43535.0,43535.0,16801
2025-08-11 02:56:00,43530.0,43540.0,43515.0,43525.0,43525.0,11457
2025-08-11 02:58:00,43520.0,43530.0,43515.0,43520.0,43520.0,12620
2025-08-11 03:00:00,43530.0,43545.0,43525.0,43545.0,43545.0,6207
2025-08-11 03:02:00,43542.0,43550.0,43535.0,43545.0,43545.0,5004
2025-08-11 03:04:00,43545.0,43555.0,43540.0,43555.0,43555.0,22486
2025-08-11 03:06:00,43550.0,43555.0,43540.0,43550.0,43550.0,4510
2025-08-11 03:08:00,43545.0,43555.0,43540.0,43550.0,43550.0,9082
2025-08-11 03:10:00,43550.0,43580.0,43545.0,43580.0,43580.0,19536
2025-08-11 03:12:00,43580.0,43605.0,43580.0,43585.0,43585.0,49262
2025-08-11 03:14:00,43590.0,43595.0,43580.0,43580.0,43580.0,7134
2025-08-11 03:16:00,43585.0,43595.0,43570.0,43575.0,43575.0,19371
2025-08-11 03:18:00,43575.0,43580.0,43565.0,43580.0,43580.0,7387
2025-08-11 03:20:00,43580.0,43585.0,43570.0,43580.0,43580.0,7862
2025-08-11 03:22:00,43580.0,43600.0,43580.0,43595.0,43595.0,17224
2025-08-11 03:24:00,43600.0,43600.0,43570.0,43570.0,43570.0,18125
2025-08-11 03:26:00,43570.0,43570.0,43560.0,43565.0,43565.0,10670
2025-08-11 03:28:00,43560.0,43575.0,43560.0,43570.0,43570.0,10708
2025-08-11 03:30:00,43570.0,43575.0,43555.0,43560.0,43560.0,8324
2025-08-11 03:32:00,43560.0,43570.0,43555.0,43565.0,43565.0,2785
2025-08-11 03:34:00,43560.0,43570.0,43560.0,43570.0,43570.0,3301
2025-08-11 03:36:00,43560.0,43570.0,43555.0,43570.0,43570.0,3516
2025-08-11 03:38:00,43565.0,43575.0,43560.0,43565.0,43565.0,7869
2025-08-11 03:40:00,43570.0,43580.0,43565.0,43565.0,43565.0,12046
2025-08-11 03:42:00,43570.0,43575.0,43555.0,43555.0,43555.0,6035
2025-08-11 03:44:00,43565.0,43575.0,43555.0,43565.0,43565.0,3305
2025-08-11 03:46:00,43565.0,43565.0,43545.0,43550.0,43550.0,5471
2025-08-11 03:48:00,43555.0,43560.0,43550.0,43560.0,43560.0,3034
2025-08-11 03:50:00,43560.0,43565.0,43550.0,43565.0,43565.0,7523
2025-08-11 03:52:00,43565.0,43575.0,43555.0,43565.0,43565.0,11379
2025-08-11 03:54:00,43565.0,43570.0,43540.0,43555.0,43555.0,16378
2025-08-11 03:56:00,43550.0,43560.0,43540.0,43550.0,43550.0,8673
2025-08-11 03:58:00,43550.0,43550.0,43535.0,43540.0,43540.0,10986
2025-08-11 04:00:00,43545.0,43550.0,43530.0,43530.0,43530.0,8071
2025-08-11 04:02:00,43530.0,43540.0,43525.0,43540.0,43540.0,11300
2025-08-11 04:04:00,43540.0,43550.0,43535.0,43542.0,43542.0,16167
2025-08-11 04:06:00,43542.0,43555.0,43540.0,43540.0,43540.0,20830
2025-08-11 04:08:00,43545.0,43545.0,43520.0,43525.0,43525.0,13570
2025-08-11 04:10:00,43525.0,43540.0,43520.0,43540.0,43540.0,5241
2025-08-11 04:12:00,43530.0,43535.0,43515.0,43515.0,43515.0,10400
2025-08-11 04:14:00,43520.0,43520.0,43510.0,43515.0,43515.0,31696
2025-08-11 04:16:00,43510.0,43525.0,43500.0,43520.0,43520.0,7219
2025-08-11 04:18:00,43520.0,43545.0,43520.0,43535.0,43535.0,8512
2025-08-11 04:20:00,43540.0,43540.0,43515.0,43515.0,43515.0,7102
2025-08-11 04:22:00,43515.0,43525.0,43505.0,43515.0,43515.0,13812
2025-08-11 04:24:00,43510.0,43520.0,43505.0,43515.0,43515.0,4643
2025-08-11 04:26:00,43510.0,43515.0,43505.0,43505.0,43505.0,9750
2025-08-11 04:28:00,43505.0,43520.0,43495.0,43510.0,43510.0,13027
2025-08-11 04:30:00,43505.0,43515.0,43500.0,43510.0,43510.0,2479
2025-08-11 04:32:00,43515.0,43515.0,43495.0,43510.0,43510.0,25903
2025-08-11 04:34:00,43510.0,43525.0,43505.0,43525.0,43525.0,11621
2025-08-11 04:36:00,43525.0,43535.0,43520.0,43525.0,43525.0,27796
2025-08-11 04:38:00,43520.0,43530.0,43515.0,43525.0,43525.0,6930
2025-08-11 04:40:00,43525.0,43530.0,43520.0,43525.0,43525.0,1704
2025-08-11 04:42:00,43525.0,43530.0,43515.0,43520.0,43520.0,11738
2025-08-11 04:44:00,43520.0,43520.0,43500.0,43500.0,43500.0,20944
2025-08-11 04:46:00,43505.0,43510.0,43490.0,43505.0,43505.0,24745
2025-08-11 04:48:00,43510.0,43510.0,43490.0,43490.0,43490.0,6414
2025-08-11 04:50:00,43495.0,43500.0,43475.0,43485.0,43485.0,10645
2025-08-11 04:52:00,43490.0,43490.0,43455.0,43465.0,43465.0,24538
2025-08-11 04:54:00,43460.0,43490.0,43460.0,43480.0,43480.0,23386
2025-08-11 04:56:00,43480.0,43485.0,43460.0,43470.0,43470.0,26795
2025-08-11 04:58:00,43470.0,43470.0,43455.0,43470.0,43470.0,25395
2025-08-11 05:00:00,43470.0,43470.0,43445.0,43470.0,43470.0,63900
2025-08-11 05:02:00,43465.0,43485.0,43465.0,43470.0,43470.0,13067
2025-08-11 05:04:00,43470.0,43480.0,43460.0,43470.0,43470.0,9706
2025-08-11 05:06:00,43470.0,43500.0,43470.0,43495.0,43495.0,21825
2025-08-11 05:08:00,43495.0,43500.0,43485.0,43495.0,43495.0,3536
2025-08-11 05:10:00,43495.0,43500.0,43475.0,43480.0,43480.0,19814
2025-08-11 05:12:00,43475.0,43490.0,43470.0,43485.0,43485.0,5580
2025-08-11 05:14:00,43485.0,43490.0,43475.0,43480.0,43480.0,8520
2025-08-11 05:16:00,43475.0,43480.0,43470.0,43475.0,43475.0,13645
2025-08-11 05:18:00,43470.0,43485.0,43465.0,43470.0,43470.0,9361
2025-08-11 05:20:00,43475.0,43475.0,43465.0,43470.0,43470.0,11565
2025-08-11 05:22:00,43465.0,43475.0,43445.0,43445.0,43445.0,17896
2025-08-11 05:24:00,43450.0,43450.0,43435.0,43445.0,43445.0,41599
2025-08-11 05:26:00,43445.0,43445.0,43420.0,43440.0,43440.0,27276
2025-08-11 05:28:00,43440.0,43445.0,43430.0,43440.0,43440.0,8817
2025-08-11 05:30:00,43435.0,43450.0,43425.0,43450.0,43450.0,12573
2025-08-11 05:32:00,43455.0,43475.0,43450.0,43460.0,43460.0,25024
2025-08-11 05:34:00,43455.0,43465.0,43445.0,43455.0,43455.0,16620
2025-08-11 05:36:00,43450.0,43455.0,43425.0,43430.0,43430.0,14717
2025-08-11 05:38:00,43425.0,43455.0,43425.0,43450.0,43450.0,12524
2025-08-11 05:40:00,43450.0,43470.0,43445.0,43465.0,43465.0,25832
2025-08-11 05:42:00,43470.0,43470.0,43445.0,43455.0,43455.0,19861
2025-08-11 05:44:00,43460.0,43470.0,43455.0,43470.0,43470.0,20764
2025-08-11 05:46:00,43470.0,43470.0,43460.0,43465.0,43465.0,4454
2025-08-11 05:48:00,43465.0,43475.0,43460.0,43475.0,43475.0,14402
2025-08-11 05:50:00,43475.0,43480.0,43460.0,43465.0,43465.0,12484
2025-08-11 05:52:00,43460.0,43475.0,43460.0,43460.0,43460.0,36721
2025-08-11 05:54:00,43465.0,43475.0,43445.0,43450.0,43450.0,13172
2025-08-11 05:56:00,43450.0,43465.0,43450.0,43455.0,43455.0,7105
2025-08-11 05:58:00,43450.0,43460.0,43445.0,43460.0,43460.0,16824
2025-08-12 00:00:00,43500.0,43655.0,43475.0,43645.0,43645.0,135110
2025-08-12 00:02:00,43655.0,43780.0,43650.0,43760.0,43760.0,147602
2025-08-12 00:04:00,43760.0,43805.0,43750.0,43775.0,43775.0,208060
2025-08-12 00:06:00,43775.0,43795.0,43745.0,43775.0,43775.0,43499
2025-08-12 00:08:00,43780.0,43795.0,43745.0,43785.0,43785.0,88092
2025-08-12 00:10:00,43785.0,43810.0,43755.0,43785.0,43785.0,56284
2025-08-12 00:12:00,43780.0,43815.0,43755.0,43815.0,43815.0,46503
2025-08-12 00:14:00,43810.0,43830.0,43775.0,43785.0,43785.0,109506
2025-08-12 00:16:00,43785.0,43850.0,43755.0,43845.0,43845.0,77616
2025-08-12 00:18:00,43840.0,43880.0,43840.0,43855.0,43855.0,75582
2025-08-12 00:20:00,43850.0,43870.0,43820.0,43855.0,43855.0,48557
2025-08-12 00:22:00,43860.0,43870.0,43780.0,43800.0,43800.0,51108
2025-08-12 00:24:00,43815.0,43855.0,43805.0,43825.0,43825.0,94823
2025-08-12 00:26:00,43825.0,43835.0,43810.0,43815.0,43815.0,14782
2025-08-12 00:28:00,43810.0,43825.0,43785.0,43795.0,43795.0,21712
2025-08-12 00:30:00,43800.0,43875.0,43790.0,43865.0,43865.0,68280
2025-08-12 00:32:00,43865.0,43865.0,43820.0,43845.0,43845.0,30118
2025-08-12 00:34:00,43850.0,43850.0,43805.0,43815.0,43815.0,20930
2025-08-12 00:36:00,43820.0,43875.0,43820.0,43855.0,43855.0,25868
2025-08-12 00:38:00,43860.0,43875.0,43850.0,43860.0,43860.0,18722
2025-08-12 00:40:00,43865.0,43920.0,43860.0,43910.0,43910.0,90085
2025-08-12 00:42:00,43905.0,43930.0,43890.0,43925.0,43925.0,41382
2025-08-12 00:44:00,43925.0,43955.0,43905.0,43910.0,43910.0,42448
2025-08-12 00:46:00,43910.0,43940.0,43900.0,43930.0,43930.0,27235
2025-08-12 00:48:00,43935.0,43940.0,43890.0,43900.0,43900.0,35680
2025-08-12 00:50:00,43895.0,43915.0,43885.0,43890.0,43890.0,14309
2025-08-12 00:52:00,43895.0,43910.0,43885.0,43900.0,43900.0,27327
2025-08-12 00:54:00,43900.0,43915.0,43890.0,43910.0,43910.0,26737
2025-08-12 00:56:00,43905.0,43925.0,43885.0,43915.0,43915.0,11925
2025-08-12 00:58:00,43920.0,43920.0,43885.0,43890.0,43890.0,10092
2025-08-12 01:00:00,43885.0,43920.0,43870.0,43920.0,43920.0,26973
2025-08-12 01:02:00,43925.0,43982.0,43915.0,43980.0,43980.0,146954
2025-08-12 01:04:00,43980.0,44005.0,43970.0,43995.0,43995.0,70804
2025-08-12 01:06:00,44000.0,44020.0,43960.0,43980.0,43980.0,28595
2025-08-12 01:08:00,43985.0,43985.0,43880.0,43885.0,43885.0,215736
2025-08-12 01:10:00,43880.0,43895.0,43840.0,43890.0,43890.0,25370
2025-08-12 01:12:00,43885.0,43885.0,43855.0,43880.0,43880.0,30176
2025-08-12 01:14:00,43880.0,43885.0,43825.0,43845.0,43845.0,30026
2025-08-12 01:16:00,43840.0,43900.0,43835.0,43895.0,43895.0,38448
2025-08-12 01:18:00,43895.0,43910.0,43885.0,43910.0,43910.0,23448
2025-08-12 01:20:00,43910.0,43925.0,43890.0,43920.0,43920.0,26717
2025-08-12 01:22:00,43920.0,43935.0,43910.0,43915.0,43915.0,29511
2025-08-12 01:24:00,43915.0,43920.0,43900.0,43915.0,43915.0,10855
2025-08-12 01:26:00,43915.0,43915.0,43865.0,43870.0,43870.0,8128
2025-08-12 01:28:00,43870.0,43895.0,43870.0,43880.0,43880.0,21678
2025-08-12 01:30:00,43880.0,43880.0,43845.0,43850.0,43850.0,34817
2025-08-12 01:32:00,43850.0,43865.0,43835.0,43845.0,43845.0,25969
2025-08-12 01:34:00,43845.0,43880.0,43840.0,43875.0,43875.0,45552
2025-08-12 01:36:00,43875.0,43895.0,43870.0,43890.0,43890.0,35543
2025-08-12 01:38:00,43885.0,43895.0,43875.0,43890.0,43890.0,14178
2025-08-12 01:40:00,43885.0,43915.0,43880.0,43910.0,43910.0,46434
2025-08-12 01:42:00,43915.0,43945.0,43915.0,43925.0,43925.0,60238
2025-08-12 01:44:00,43935.0,43935.0,43905.0,43905.0,43905.0,11882
2025-08-12 01:46:00,43905.0,43915.0,43895.0,43905.0,43905.0,8797
2025-08-12 01:48:00,43905.0,43920.0,43900.0,43910.0,43910.0,9606
2025-08-12 01:50:00,43905.0,43915.0,43890.0,43900.0,43900.0,13379
2025-08-12 01:52:00,43890.0,43900.0,43855.0,43870.0,43870.0,34914
2025-08-12 01:54:00,43880.0,43880.0,43845.0,43850.0,43850.0,22115
2025-08-12 01:56:00,43855.0,43870.0,43840.0,43860.0,43860.0,6964
2025-08-12 01:58:00,43860.0,43885.0,43855.0,43885.0,43885.0,11899
2025-08-12 02:00:00,43880.0,43895.0,43870.0,43870.0,43870.0,13782
2025-08-12 02:02:00,43870.0,43885.0,43860.0,43860.0,43860.0,10467
2025-08-12 02:04:00,43860.0,43880.0,43860.0,43880.0,43880.0,10012
2025-08-12 02:06:00,43880.0,43880.0,43820.0,43830.0,43830.0,31157
2025-08-12 02:08:00,43835.0,43850.0,43815.0,43850.0,43850.0,53194
2025-08-12 02:10:00,43845.0,43850.0,43825.0,43825.0,43825.0,8386
2025-08-12 02:12:00,43825.0,43840.0,43780.0,43810.0,43810.0,32997
2025-08-12 02:14:00,43800.0,43805.0,43750.0,43775.0,43775.0,30587
2025-08-12 02:16:00,43775.0,43780.0,43750.0,43755.0,43755.0,23124
2025-08-12 02:18:00,43745.0,43760.0,43740.0,43750.0,43750.0,22977
2025-08-12 02:20:00,43750.0,43780.0,43745.0,43770.0,43770.0,20867
2025-08-12 02:22:00,43780.0,43790.0,43755.0,43765.0,43765.0,34649
2025-08-12 02:24:00,43765.0,43770.0,43750.0,43750.0,43750.0,10148
2025-08-12 02:26:00,43745.0,43765.0,43740.0,43765.0,43765.0,9412
2025-08-12 02:28:00,43760.0,43800.0,43755.0,43795.0,43795.0,21198
2025-08-12 02:30:00,43795.0,43810.0,43775.0,43780.0,43780.0,43600
2025-08-12 02:32:00,43780.0,43800.0,43770.0,43790.0,43790.0,9130
2025-08-12 02:34:00,43790.0,43800.0,43780.0,43795.0,43795.0,49373
2025-08-12 02:36:00,43790.0,43795.0,43770.0,43770.0,43770.0,14035
2025-08-12 02:38:00,43770.0,43790.0,43755.0,43785.0,43785.0,30540
2025-08-12 02:40:00,43780.0,43790.0,43750.0,43765.0,43765.0,39891
2025-08-12 02:42:00,43765.0,43765.0,43730.0,43735.0,43735.0,17350
2025-08-12 02:44:00,43730.0,43740.0,43720.0,43735.0,43735.0,9274
2025-08-12 02:46:00,43735.0,43740.0,43725.0,43725.0,43725.0,11758
2025-08-12 02:48:00,43730.0,43745.0,43710.0,43715.0,43715.0,18616
2025-08-12 02:50:00,43715.0,43720.0,43685.0,43690.0,43690.0,20112
2025-08-12 02:52:00,43690.0,43695.0,43660.0,43675.0,43675.0,31733
2025-08-12 02:54:00,43675.0,43680.0,43635.0,43660.0,43660.0,28620
2025-08-12 02:56:00,43660.0,43695.0,43655.0,43695.0,43695.0,58283
2025-08-12 02:58:00,43695.0,43705.0,43690.0,43695.0,43695.0,74233
2025-08-12 03:00:00,43695.0,43705.0,43690.0,43705.0,43705.0,13461
2025-08-12 03:02:00,43700.0,43705.0,43660.0,43670.0,43670.0,32098
2025-08-12 03:04:00,43670.0,43680.0,43660.0,43675.0,43675.0,17838
2025-08-12 03:06:00,43670.0,43695.0,43670.0,43675.0,43675.0,12475
2025-08-12 03:08:00,43680.0,43680.0,43665.0,43665.0,43665.0,6972
2025-08-12 03:10:00,43665.0,43680.0,43660.0,43680.0,43680.0,13803
2025-08-12 03:12:00,43675.0,43675.0,43650.0,43650.0,43650.0,12498
2025-08-12 03:14:00,43650.0,43665.0,43650.0,43660.0,43660.0,3262
2025-08-12 03:16:00,43660.0,43690.0,43650.0,43685.0,43685.0,25043
2025-08-12 03:18:00,43690.0,43715.0,43690.0,43700.0,43700.0,25411
2025-08-12 03:20:00,43705.0,43715.0,43680.0,43685.0,43685.0,10319
2025-08-12 03:22:00,43685.0,43685.0,43640.0,43650.0,43650.0,20550
2025-08-12 03:24:00,43650.0,43670.0,43640.0,43645.0,43645.0,16680
2025-08-12 03:26:00,43645.0,43675.0,43640.0,43665.0,43665.0,11921
2025-08-12 03:28:00,43670.0,43675.0,43655.0,43660.0,43660.0,6531
2025-08-12 03:30:00,43655.0,43660.0,43630.0,43640.0,43640.0,58389
2025-08-12 03:32:00,43650.0,43665.0,43640.0,43640.0,43640.0,8463
2025-08-12 03:34:00,43640.0,43670.0,43640.0,43655.0,43655.0,7137
2025-08-12 03:36:00,43655.0,43665.0,43650.0,43660.0,43660.0,6741
2025-08-12 03:38:00,43660.0,43670.0,43655.0,43670.0,43670.0,5391
2025-08-12 03:40:00,43670.0,43700.0,43665.0,43680.0,43680.0,187768
2025-08-12 03:42:00,43680.0,43690.0,43640.0,43640.0,43640.0,12069
2025-08-12 03:44:00,43645.0,43660.0,43645.0,43650.0,43650.0,8510
2025-08-12 03:46:00,43650.0,43650.0,43625.0,43630.0,43630.0,18544
2025-08-12 03:48:00,43630.0,43645.0,43620.0,43625.0,43625.0,37569
2025-08-12 03:50:00,43630.0,43640.0,43610.0,43640.0,43640.0,11931
2025-08-12 03:52:00,43640.0,43660.0,43635.0,43640.0,43640.0,41192
2025-08-12 03:54:00,43635.0,43655.0,43635.0,43652.0,43652.0,10363
2025-08-12 03:56:00,43650.0,43660.0,43645.0,43645.0,43645.0,8046
2025-08-12 03:58:00,43650.0,43650.0,43590.0,43600.0,43600.0,32009
2025-08-12 04:00:00,43590.0,43595.0,43560.0,43575.0,43575.0,41626
2025-08-12 04:02:00,43570.0,43590.0,43565.0,43565.0,43565.0,21173
2025-08-12 04:04:00,43565.0,43565.0,43510.0,43520.0,43520.0,69413
2025-08-12 04:06:00,43520.0,43545.0,43515.0,43525.0,43525.0,22785
2025-08-12 04:08:00,43530.0,43530.0,43495.0,43510.0,43510.0,45027
2025-08-12 04:10:00,43510.0,43535.0,43505.0,43525.0,43525.0,39333
2025-08-12 04:12:00,43520.0,43545.0,43515.0,43535.0,43535.0,41331
2025-08-12 04:14:00,43535.0,43545.0,43520.0,43530.0,43530.0,21828
2025-08-12 04:16:00,43535.0,43550.0,43525.0,43540.0,43540.0,21074
2025-08-12 04:18:00,43545.0,43545.0,43520.0,43520.0,43520.0,7454
2025-08-12 04:20:00,43525.0,43535.0,43505.0,43505.0,43505.0,23365
2025-08-12 04:22:00,43505.0,43510.0,43485.0,43505.0,43505.0,43417
2025-08-12 04:24:00,43510.0,43520.0,43495.0,43507.0,43507.0,30470
2025-08-12 04:26:00,43507.0,43530.0,43500.0,43525.0,43525.0,23373
2025-08-12 04:28:00,43530.0,43545.0,43515.0,43545.0,43545.0,72486
2025-08-12 04:30:00,43545.0,43550.0,43525.0,43545.0,43545.0,35617
2025-08-12 04:32:00,43550.0,43565.0,43535.0,43555.0,43555.0,68563
2025-08-12 04:34:00,43560.0,43565.0,43535.0,43540.0,43540.0,35371
2025-08-12 04:36:00,43540.0,43555.0,43535.0,43550.0,43550.0,4491
2025-08-12 04:38:00,43550.0,43555.0,43525.0,43530.0,43530.0,9441
2025-08-12 04:40:00,43525.0,43525.0,43490.0,43520.0,43520.0,23947
2025-08-12 04:42:00,43520.0,43535.0,43510.0,43525.0,43525.0,12211
2025-08-12 04:44:00,43520.0,43520.0,43485.0,43495.0,43495.0,11955
2025-08-12 04:46:00,43495.0,43505.0,43480.0,43480.0,43480.0,27429
2025-08-12 04:48:00,43480.0,43495.0,43470.0,43490.0,43490.0,11897
2025-08-12 04:50:00,43490.0,43495.0,43465.0,43490.0,43490.0,39830
2025-08-12 04:52:00,43495.0,43530.0,43490.0,43530.0,43530.0,13761
2025-08-12 04:54:00,43527.0,43535.0,43520.0,43525.0,43525.0,28425
2025-08-12 04:56:00,43530.0,43545.0,43530.0,43535.0,43535.0,6865
2025-08-12 04:58:00,43540.0,43545.0,43530.0,43530.0,43530.0,21804
2025-08-12 05:00:00,43530.0,43550.0,43530.0,43545.0,43545.0,10362
2025-08-12 05:02:00,43550.0,43550.0,43370.0,43375.0,43375.0,278546
2025-08-12 05:04:00,43375.0,43465.0,43365.0,43465.0,43465.0,85130
2025-08-12 05:06:00,43460.0,43465.0,43425.0,43455.0,43455.0,19486
2025-08-12 05:08:00,43450.0,43465.0,43425.0,43460.0,43460.0,26102
2025-08-12 05:10:00,43465.0,43475.0,43450.0,43475.0,43475.0,22347
2025-08-12 05:12:00,43475.0,43505.0,43460.0,43460.0,43460.0,27919
2025-08-12 05:14:00,43455.0,43470.0,43425.0,43425.0,43425.0,26080
2025-08-12 05:16:00,43430.0,43475.0,43425.0,43475.0,43475.0,28922
2025-08-12 05:18:00,43465.0,43480.0,43460.0,43465.0,43465.0,11649
2025-08-12 05:20:00,43460.0,43495.0,43460.0,43490.0,43490.0,13994
2025-08-12 05:22:00,43490.0,43490.0,43445.0,43450.0,43450.0,31658
2025-08-12 05:24:00,43450.0,43465.0,43445.0,43460.0,43460.0,17296
2025-08-12 05:26:00,43460.0,43480.0,43455.0,43470.0,43470.0,18568
2025-08-12 05:28:00,43475.0,43475.0,43430.0,43435.0,43435.0,12564
2025-08-12 05:30:00,43435.0,43440.0,43400.0,43410.0,43410.0,42462
2025-08-12 05:32:00,43415.0,43440.0,43400.0,43425.0,43425.0,12987
2025-08-12 05:34:00,43425.0,43430.0,43405.0,43425.0,43425.0,5920
2025-08-12 05:36:00,43420.0,43440.0,43405.0,43410.0,43410.0,18888
2025-08-12 05:38:00,43405.0,43420.0,43375.0,43390.0,43390.0,43288
2025-08-12 05:40:00,43395.0,43400.0,43350.0,43375.0,43375.0,31207
2025-08-12 05:42:00,43375.0,43390.0,43370.0,43385.0,43385.0,23061
2025-08-12 05:44:00,43385.0,43390.0,43365.0,43365.0,43365.0,13345
2025-08-12 05:46:00,43365.0,43370.0,43345.0,43350.0,43350.0,25110
2025-08-12 05:48:00,43355.0,43360.0,43335.0,43340.0,43340.0,17889
2025-08-12 05:50:00,43345.0,43380.0,43335.0,43375.0,43375.0,43413
2025-08-12 05:52:00,43375.0,43375.0,43350.0,43360.0,43360.0,24554
2025-08-12 05:54:00,43365.0,43375.0,43345.0,43350.0,43350.0,29298
2025-08-12 05:56:00,43350.0,43370.0,43345.0,43360.0,43360.0,14778
2025-08-12 05:58:00,43355.0,43365.0,43345.0,43355.0,43355.0,26192
2025-08-13 00:00:00,43735.0,43800.0,43675.0,43720.0,43720.0,202165
2025-08-13 00:02:00,43725.0,43765.0,43685.0,43725.0,43725.0,150136
2025-08-13 00:04:00,43730.0,43760.0,43670.0,43685.0,43685.0,72538
2025-08-13 00:06:00,43695.0,43720.0,43630.0,43645.0,43645.0,70744
2025-08-13 00:08:00,43640.0,43655.0,43565.0,43645.0,43645.0,95664
2025-08-13 00:10:00,43645.0,43670.0,43625.0,43645.0,43645.0,34473
2025-08-13 00:12:00,43655.0,43680.0,43640.0,43660.0,43660.0,61032
2025-08-13 00:14:00,43650.0,43665.0,43565.0,43580.0,43580.0,60443
2025-08-13 00:16:00,43580.0,43640.0,43580.0,43590.0,43590.0,33028
2025-08-13 00:18:00,43590.0,43615.0,43560.0,43585.0,43585.0,40071
2025-08-13 00:20:00,43595.0,43595.0,43525.0,43575.0,43575.0,119881
2025-08-13 00:22:00,43575.0,43580.0,43550.0,43560.0,43560.0,365114
2025-08-13 00:24:00,43560.0,43585.0,43545.0,43545.0,43545.0,32036
2025-08-13 00:26:00,43555.0,43580.0,43535.0,43575.0,43575.0,27217
2025-08-13 00:28:00,43580.0,43620.0,43560.0,43605.0,43605.0,92832
2025-08-13 00:30:00,43600.0,43640.0,43560.0,43565.0,43565.0,42038
2025-08-13 00:32:00,43565.0,43620.0,43545.0,43610.0,43610.0,50282
2025-08-13 00:34:00,43620.0,43640.0,43595.0,43620.0,43620.0,28519
2025-08-13 00:36:00,43610.0,43640.0,43600.0,43605.0,43605.0,18500
2025-08-13 00:38:00,43605.0,43615.0,43570.0,43585.0,43585.0,30925
2025-08-13 00:40:00,43585.0,43600.0,43535.0,43535.0,43535.0,40472
2025-08-13 00:42:00,43535.0,43570.0,43535.0,43550.0,43550.0,27061
2025-08-13 00:44:00,43545.0,43565.0,43515.0,43565.0,43565.0,25848
2025-08-13 00:46:00,43565.0,43565.0,43525.0,43540.0,43540.0,8162
2025-08-13 00:48:00,43535.0,43540.0,43485.0,43485.0,43485.0,22337
2025-08-13 00:50:00,43490.0,43510.0,43485.0,43495.0,43495.0,19915
2025-08-13 00:52:00,43495.0,43495.0,43425.0,43430.0,43430.0,31486
2025-08-13 00:54:00,43430.0,43460.0,43425.0,43450.0,43450.0,26091
2025-08-13 00:56:00,43445.0,43465.0,43440.0,43460.0,43460.0,27369
2025-08-13 00:58:00,43450.0,43455.0,43430.0,43430.0,43430.0,32860
2025-08-13 01:00:00,43430.0,43455.0,43430.0,43450.0,43450.0,37761
2025-08-13 01:02:00,43450.0,43480.0,43445.0,43480.0,43480.0,29767
2025-08-13 01:04:00,43475.0,43480.0,43390.0,43400.0,43400.0,54201
2025-08-13 01:06:00,43405.0,43420.0,43395.0,43415.0,43415.0,39940
2025-08-13 01:08:00,43415.0,43425.0,43355.0,43355.0,43355.0,20723
2025-08-13 01:10:00,43355.0,43360.0,43320.0,43355.0,43355.0,18837
2025-08-13 01:12:00,43360.0,43390.0,43340.0,43380.0,43380.0,27585
2025-08-13 01:14:00,43380.0,43395.0,43365.0,43390.0,43390.0,22885
2025-08-13 01:16:00,43390.0,43415.0,43390.0,43405.0,43405.0,24962
2025-08-13 01:18:00,43405.0,43425.0,43385.0,43390.0,43390.0,42255
2025-08-13 01:20:00,43390.0,43395.0,43380.0,43390.0,43390.0,18874
2025-08-13 01:22:00,43390.0,43405.0,43375.0,43400.0,43400.0,11749
2025-08-13 01:24:00,43400.0,43420.0,43395.0,43405.0,43405.0,30319
2025-08-13 01:26:00,43410.0,43425.0,43395.0,43400.0,43400.0,13359
2025-08-13 01:28:00,43395.0,43415.0,43390.0,43400.0,43400.0,34796
2025-08-13 01:30:00,43405.0,43445.0,43405.0,43445.0,43445.0,55845
2025-08-13 01:32:00,43445.0,43455.0,43415.0,43430.0,43430.0,22967
2025-08-13 01:34:00,43430.0,43445.0,43425.0,43430.0,43430.0,49590
2025-08-13 01:36:00,43430.0,43490.0,43425.0,43485.0,43485.0,150625
2025-08-13 01:38:00,43485.0,43490.0,43460.0,43475.0,43475.0,145678
2025-08-13 01:40:00,43480.0,43490.0,43470.0,43475.0,43475.0,42297
2025-08-13 01:42:00,43470.0,43520.0,43470.0,43510.0,43510.0,138871
2025-08-13 01:44:00,43510.0,43520.0,43475.0,43490.0,43490.0,100163
2025-08-13 01:46:00,43485.0,43520.0,43485.0,43510.0,43510.0,16498
2025-08-13 01:48:00,43515.0,43520.0,43470.0,43480.0,43480.0,34180
2025-08-13 01:50:00,43485.0,43495.0,43480.0,43480.0,43480.0,5269
2025-08-13 01:52:00,43480.0,43480.0,43440.0,43440.0,43440.0,12870
2025-08-13 01:54:00,43450.0,43470.0,43440.0,43470.0,43470.0,5904
2025-08-13 01:56:00,43465.0,43510.0,43465.0,43505.0,43505.0,14500
2025-08-13 01:58:00,43505.0,43530.0,43500.0,43530.0,43530.0,37355
2025-08-13 02:00:00,43530.0,43535.0,43505.0,43525.0,43525.0,16902
2025-08-13 02:02:00,43522.0,43535.0,43520.0,43535.0,43535.0,5940
2025-08-13 02:04:00,43530.0,43565.0,43520.0,43550.0,43550.0,18279
2025-08-13 02:06:00,43550.0,43550.0,43525.0,43530.0,43530.0,10490
2025-08-13 02:08:00,43530.0,43550.0,43520.0,43540.0,43540.0,9563
2025-08-13 02:10:00,43535.0,43545.0,43520.0,43545.0,43545.0,4736
2025-08-13 02:12:00,43545.0,43560.0,43535.0,43555.0,43555.0,6088
2025-08-13 02:14:00,43560.0,43570.0,43545.0,43560.0,43560.0,8834
2025-08-13 02:16:00,43560.0,43565.0,43545.0,43550.0,43550.0,2996
2025-08-13 02:18:00,43550.0,43560.0,43545.0,43555.0,43555.0,32213
2025-08-13 02:20:00,43560.0,43565.0,43550.0,43565.0,43565.0,12912
2025-08-13 02:22:00,43560.0,43580.0,43560.0,43575.0,43575.0,23471
2025-08-13 02:24:00,43575.0,43575.0,43555.0,43555.0,43555.0,8120
2025-08-13 02:26:00,43560.0,43565.0,43550.0,43555.0,43555.0,10638
2025-08-13 02:28:00,43555.0,43585.0,43550.0,43585.0,43585.0,18778
2025-08-13 02:30:00,43580.0,43585.0,43565.0,43575.0,43575.0,6494
2025-08-13 02:32:00,43575.0,43610.0,43575.0,43605.0,43605.0,30156
2025-08-13 02:34:00,43605.0,43625.0,43595.0,43625.0,43625.0,23392
2025-08-13 02:36:00,43625.0,43635.0,43615.0,43630.0,43630.0,6048
2025-08-13 02:38:00,43635.0,43660.0,43625.0,43640.0,43640.0,21253
2025-08-13 02:40:00,43645.0,43665.0,43640.0,43660.0,43660.0,10663
2025-08-13 02:42:00,43655.0,43655.0,43640.0,43640.0,43640.0,13384
2025-08-13 02:44:00,43645.0,43660.0,43640.0,43660.0,43660.0,7000
2025-08-13 02:46:00,43660.0,43670.0,43650.0,43665.0,43665.0,7484
2025-08-13 02:48:00,43665.0,43670.0,43645.0,43665.0,43665.0,14102
2025-08-13 02:50:00,43670.0,43670.0,43655.0,43665.0,43665.0,18460
2025-08-13 02:52:00,43660.0,43680.0,43655.0,43660.0,43660.0,20063
2025-08-13 02:54:00,43660.0,43675.0,43645.0,43645.0,43645.0,21643
2025-08-13 02:56:00,43645.0,43665.0,43635.0,43635.0,43635.0,8570
2025-08-13 02:58:00,43640.0,43645.0,43630.0,43640.0,43640.0,3999
2025-08-13 03:00:00,43635.0,43665.0,43635.0,43660.0,43660.0,8176
2025-08-13 03:02:00,43660.0,43660.0,43645.0,43655.0,43655.0,5555
2025-08-13 03:04:00,43650.0,43650.0,43635.0,43640.0,43640.0,5789
2025-08-13 03:06:00,43640.0,43650.0,43620.0,43640.0,43640.0,18615
2025-08-13 03:08:00,43640.0,43645.0,43625.0,43645.0,43645.0,6176
2025-08-13 03:10:00,43635.0,43655.0,43635.0,43655.0,43655.0,5882
2025-08-13 03:12:00,43650.0,43665.0,43645.0,43665.0,43665.0,6963
2025-08-13 03:14:00,43660.0,43665.0,43650.0,43660.0,43660.0,23703
2025-08-13 03:16:00,43650.0,43660.0,43650.0,43655.0,43655.0,2250
2025-08-13 03:18:00,43650.0,43665.0,43640.0,43665.0,43665.0,14821
2025-08-13 03:20:00,43660.0,43695.0,43660.0,43695.0,43695.0,41687
2025-08-13 03:22:00,43690.0,43705.0,43685.0,43700.0,43700.0,25136
2025-08-13 03:24:00,43700.0,43705.0,43660.0,43670.0,43670.0,16744
2025-08-13 03:26:00,43665.0,43670.0,43650.0,43660.0,43660.0,5625
2025-08-13 03:28:00,43657.0,43665.0,43635.0,43640.0,43640.0,13696
2025-08-13 03:30:00,43640.0,43645.0,43630.0,43635.0,43635.0,13246
2025-08-13 03:32:00,43635.0,43650.0,43630.0,43630.0,43630.0,32266
2025-08-13 03:34:00,43630.0,43640.0,43615.0,43615.0,43615.0,7934
2025-08-13 03:36:00,43615.0,43630.0,43600.0,43605.0,43605.0,18823
2025-08-13 03:38:00,43600.0,43615.0,43600.0,43605.0,43605.0,18283
2025-08-13 03:40:00,43605.0,43615.0,43590.0,43615.0,43615.0,8086
2025-08-13 03:42:00,43615.0,43630.0,43605.0,43630.0,43630.0,19613
2025-08-13 03:44:00,43635.0,43640.0,43630.0,43640.0,43640.0,5485
2025-08-13 03:46:00,43635.0,43655.0,43635.0,43650.0,43650.0,17404
2025-08-13 03:48:00,43650.0,43655.0,43645.0,43655.0,43655.0,5230
2025-08-13 03:50:00,43655.0,43665.0,43650.0,43655.0,43655.0,30976
2025-08-13 03:52:00,43660.0,43660.0,43630.0,43640.0,43640.0,7924
2025-08-13 03:54:00,43640.0,43655.0,43635.0,43650.0,43650.0,29217
2025-08-13 03:56:00,43650.0,43660.0,43650.0,43650.0,43650.0,3711
2025-08-13 03:58:00,43655.0,43655.0,43640.0,43650.0,43650.0,4862
2025-08-13 04:00:00,43645.0,43665.0,43640.0,43645.0,43645.0,21627
2025-08-13 04:02:00,43645.0,43650.0,43620.0,43620.0,43620.0,19060
2025-08-13 04:04:00,43630.0,43635.0,43615.0,43625.0,43625.0,3920
2025-08-13 04:06:00,43630.0,43645.0,43625.0,43630.0,43630.0,17570
2025-08-13 04:08:00,43630.0,43630.0,43600.0,43605.0,43605.0,9402
2025-08-13 04:10:00,43605.0,43615.0,43590.0,43600.0,43600.0,8697
2025-08-13 04:12:00,43600.0,43610.0,43590.0,43595.0,43595.0,5337
2025-08-13 04:14:00,43595.0,43610.0,43590.0,43605.0,43605.0,23037
2025-08-13 04:16:00,43600.0,43620.0,43595.0,43620.0,43620.0,6749
2025-08-13 04:18:00,43620.0,43635.0,43610.0,43625.0,43625.0,12739
2025-08-13 04:20:00,43635.0,43640.0,43625.0,43630.0,43630.0,12972
2025-08-13 04:22:00,43625.0,43635.0,43615.0,43615.0,43615.0,5265
2025-08-13 04:24:00,43625.0,43635.0,43615.0,43635.0,43635.0,6309
2025-08-13 04:26:00,43635.0,43655.0,43630.0,43650.0,43650.0,14099
2025-08-13 04:28:00,43650.0,43650.0,43620.0,43630.0,43630.0,8865
2025-08-13 04:30:00,43625.0,43650.0,43625.0,43645.0,43645.0,8690
2025-08-13 04:32:00,43645.0,43650.0,43635.0,43650.0,43650.0,9664
2025-08-13 04:34:00,43650.0,43665.0,43650.0,43655.0,43655.0,15480
2025-08-13 04:36:00,43660.0,43680.0,43650.0,43670.0,43670.0,14551
2025-08-13 04:38:00,43675.0,43680.0,43660.0,43680.0,43680.0,13691
2025-08-13 04:40:00,43680.0,43710.0,43675.0,43685.0,43685.0,32374
2025-08-13 04:42:00,43685.0,43700.0,43685.0,43700.0,43700.0,8345
2025-08-13 04:44:00,43700.0,43715.0,43695.0,43710.0,43710.0,17316
2025-08-13 04:46:00,43715.0,43720.0,43705.0,43715.0,43715.0,22121
2025-08-13 04:48:00,43715.0,43735.0,43715.0,43720.0,43720.0,25710
2025-08-13 04:50:00,43715.0,43725.0,43700.0,43705.0,43705.0,18529
2025-08-13 04:52:00,43705.0,43715.0,43700.0,43710.0,43710.0,19813
2025-08-13 04:54:00,43710.0,43715.0,43695.0,43710.0,43710.0,35223
2025-08-13 04:56:00,43700.0,43710.0,43695.0,43705.0,43705.0,7673
2025-08-13 04:58:00,43705.0,43710.0,43695.0,43705.0,43705.0,4009
2025-08-13 05:00:00,43697.0,43725.0,43695.0,43720.0,43720.0,29104
2025-08-13 05:02:00,43715.0,43730.0,43715.0,43730.0,43730.0,7343
2025-08-13 05:04:00,43725.0,43767.0,43725.0,43760.0,43760.0,72326
2025-08-13 05:06:00,43765.0,43765.0,43745.0,43750.0,43750.0,6705
2025-08-13 05:08:00,43750.0,43755.0,43735.0,43745.0,43745.0,12365
2025-08-13 05:10:00,43740.0,43765.0,43740.0,43765.0,43765.0,29598
2025-08-13 05:12:00,43760.0,43765.0,43740.0,43740.0,43740.0,4398
2025-08-13 05:14:00,43740.0,43750.0,43740.0,43745.0,43745.0,5082
2025-08-13 05:16:00,43745.0,43760.0,43740.0,43750.0,43750.0,19452
2025-08-13 05:18:00,43750.0,43755.0,43735.0,43740.0,43740.0,5902
2025-08-13 05:20:00,43740.0,43740.0,43720.0,43725.0,43725.0,7800
2025-08-13 05:22:00,43720.0,43740.0,43720.0,43735.0,43735.0,6353
2025-08-13 05:24:00,43740.0,43750.0,43735.0,43745.0,43745.0,9644
2025-08-13 05:26:00,43750.0,43765.0,43730.0,43760.0,43760.0,16904
2025-08-13 05:28:00,43760.0,43760.0,43745.0,43750.0,43750.0,3560
2025-08-13 05:30:00,43745.0,43760.0,43740.0,43750.0,43750.0,10659
2025-08-13 05:32:00,43745.0,43755.0,43740.0,43750.0,43750.0,5038
2025-08-13 05:34:00,43750.0,43765.0,43745.0,43750.0,43750.0,12851
2025-08-13 05:36:00,43750.0,43755.0,43735.0,43745.0,43745.0,22791
2025-08-13 05:38:00,43740.0,43745.0,43740.0,43745.0,43745.0,9847
2025-08-13 05:40:00,43740.0,43745.0,43730.0,43735.0,43735.0,7141
2025-08-13 05:42:00,43735.0,43745.0,43730.0,43745.0,43745.0,7310
2025-08-13 05:44:00,43735.0,43740.0,43715.0,43720.0,43720.0,30653
2025-08-13 05:46:00,43720.0,43735.0,43720.0,43725.0,43725.0,8601
2025-08-13 05:48:00,43730.0,43745.0,43725.0,43725.0,43725.0,15024
2025-08-13 05:50:00,43730.0,43740.0,43720.0,43725.0,43725.0,8950
2025-08-13 05:52:00,43720.0,43725.0,43690.0,43705.0,43705.0,29647
2025-08-13 05:54:00,43705.0,43710.0,43695.0,43695.0,43695.0,8555
2025-08-13 05:56:00,43700.0,43705.0,43690.0,43695.0,43695.0,4001
2025-08-13 05:58:00,43690.0,43710.0,43690.0,43710.0,43710.0,11647
2025-08-14 00:00:00,43870.0,43915.0,43840.0,43900.0,43900.0,106373
2025-08-14 00:02:00,43900.0,43970.0,43895.0,43965.0,43965.0,96898
2025-08-14 00:04:00,43950.0,43995.0,43930.0,43940.0,43940.0,120931
2025-08-14 00:06:00,43935.0,43960.0,43900.0,43945.0,43945.0,154865
2025-08-14 00:08:00,43945.0,43950.0,43900.0,43905.0,43905.0,71177
2025-08-14 00:10:00,43920.0,43925.0,43855.0,43920.0,43920.0,97296
2025-08-14 00:12:00,43920.0,43920.0,43880.0,43890.0,43890.0,28629
2025-08-14 00:14:00,43890.0,43905.0,43830.0,43850.0,43850.0,35199
2025-08-14 00:16:00,43845.0,43895.0,43825.0,43880.0,43880.0,30768
2025-08-14 00:18:00,43885.0,43895.0,43865.0,43880.0,43880.0,27584
2025-08-14 00:20:00,43875.0,43925.0,43865.0,43920.0,43920.0,34022
2025-08-14 00:22:00,43920.0,43925.0,43850.0,43880.0,43880.0,23478
2025-08-14 00:24:00,43885.0,43885.0,43845.0,43855.0,43855.0,34303
2025-08-14 00:26:00,43860.0,43875.0,43840.0,43850.0,43850.0,16769
2025-08-14 00:28:00,43845.0,43855.0,43815.0,43830.0,43830.0,43002
2025-08-14 00:30:00,43835.0,43835.0,43810.0,43810.0,43810.0,28680
2025-08-14 00:32:00,43810.0,43825.0,43780.0,43805.0,43805.0,41323
2025-08-14 00:34:00,43805.0,43845.0,43800.0,43825.0,43825.0,29408
2025-08-14 00:36:00,43825.0,43840.0,43820.0,43830.0,43830.0,53634
2025-08-14 00:38:00,43825.0,43835.0,43780.0,43785.0,43785.0,14594
2025-08-14 00:40:00,43790.0,43790.0,43730.0,43730.0,43730.0,40352
2025-08-14 00:42:00,43725.0,43730.0,43700.0,43710.0,43710.0,45220
2025-08-14 00:44:00,43710.0,43725.0,43685.0,43685.0,43685.0,23519
2025-08-14 00:46:00,43685.0,43720.0,43680.0,43705.0,43705.0,33016
2025-08-14 00:48:00,43700.0,43715.0,43690.0,43690.0,43690.0,47380
2025-08-14 00:50:00,43690.0,43700.0,43660.0,43695.0,43695.0,41134
2025-08-14 00:52:00,43690.0,43695.0,43660.0,43680.0,43680.0,39148
2025-08-14 00:54:00,43680.0,43695.0,43680.0,43690.0,43690.0,23647
2025-08-14 00:56:00,43690.0,43700.0,43650.0,43665.0,43665.0,50033
2025-08-14 00:58:00,43660.0,43665.0,43650.0,43655.0,43655.0,16680
2025-08-14 01:00:00,43650.0,43675.0,43645.0,43655.0,43655.0,20030
2025-08-14 01:02:00,43660.0,43665.0,43650.0,43660.0,43660.0,12425
2025-08-14 01:04:00,43660.0,43700.0,43650.0,43685.0,43685.0,54679
2025-08-14 01:06:00,43680.0,43690.0,43665.0,43680.0,43680.0,14606
2025-08-14 01:08:00,43680.0,43685.0,43660.0,43680.0,43680.0,19174
2025-08-14 01:10:00,43675.0,43710.0,43670.0,43705.0,43705.0,28746
2025-08-14 01:12:00,43705.0,43715.0,43695.0,43715.0,43715.0,121483
2025-08-14 01:14:00,43715.0,43730.0,43710.0,43715.0,43715.0,407406
2025-08-14 01:16:00,43715.0,43720.0,43645.0,43650.0,43650.0,93323
2025-08-14 01:18:00,43645.0,43665.0,43635.0,43650.0,43650.0,175425
2025-08-14 01:20:00,43650.0,43680.0,43645.0,43670.0,43670.0,22418
2025-08-14 01:22:00,43675.0,43690.0,43660.0,43680.0,43680.0,87011
2025-08-14 01:24:00,43680.0,43720.0,43675.0,43715.0,43715.0,54195
2025-08-14 01:26:00,43715.0,43755.0,43710.0,43745.0,43745.0,30598
2025-08-14 01:28:00,43745.0,43760.0,43740.0,43750.0,43750.0,43809
2025-08-14 01:30:00,43750.0,43750.0,43720.0,43735.0,43735.0,13191
2025-08-14 01:32:00,43735.0,43740.0,43725.0,43740.0,43740.0,11617
2025-08-14 01:34:00,43740.0,43745.0,43725.0,43735.0,43735.0,5624
2025-08-14 01:36:00,43735.0,43760.0,43730.0,43730.0,43730.0,22003
2025-08-14 01:38:00,43730.0,43755.0,43730.0,43755.0,43755.0,3377
2025-08-14 01:40:00,43745.0,43765.0,43740.0,43760.0,43760.0,16524
2025-08-14 01:42:00,43765.0,43765.0,43740.0,43755.0,43755.0,4808
2025-08-14 01:44:00,43755.0,43760.0,43740.0,43750.0,43750.0,9676
2025-08-14 01:46:00,43750.0,43755.0,43745.0,43755.0,43755.0,16595
2025-08-14 01:48:00,43755.0,43775.0,43755.0,43760.0,43760.0,14970
2025-08-14 01:50:00,43760.0,43760.0,43725.0,43730.0,43730.0,72639
2025-08-14 01:52:00,43730.0,43740.0,43725.0,43735.0,43735.0,41952
2025-08-14 01:54:00,43735.0,43740.0,43720.0,43720.0,43720.0,18393
2025-08-14 01:56:00,43720.0,43745.0,43720.0,43745.0,43745.0,9205
2025-08-14 01:58:00,43745.0,43750.0,43730.0,43740.0,43740.0,4951
2025-08-14 02:00:00,43745.0,43745.0,43725.0,43730.0,43730.0,5585
2025-08-14 02:02:00,43730.0,43745.0,43730.0,43745.0,43745.0,6902
2025-08-14 02:04:00,43745.0,43750.0,43730.0,43745.0,43745.0,25323
2025-08-14 02:06:00,43750.0,43755.0,43735.0,43740.0,43740.0,4072
2025-08-14 02:08:00,43740.0,43750.0,43730.0,43745.0,43745.0,13881
2025-08-14 02:10:00,43745.0,43745.0,43715.0,43715.0,43715.0,48342
2025-08-14 02:12:00,43715.0,43725.0,43680.0,43690.0,43690.0,27340
2025-08-14 02:14:00,43685.0,43700.0,43670.0,43700.0,43700.0,16744
2025-08-14 02:16:00,43700.0,43715.0,43680.0,43690.0,43690.0,5437
2025-08-14 02:18:00,43690.0,43705.0,43680.0,43695.0,43695.0,22633
2025-08-14 02:20:00,43695.0,43710.0,43680.0,43700.0,43700.0,8493
2025-08-14 02:22:00,43710.0,43710.0,43690.0,43700.0,43700.0,3894
2025-08-14 02:24:00,43700.0,43700.0,43670.0,43670.0,43670.0,25572
2025-08-14 02:26:00,43680.0,43695.0,43670.0,43695.0,43695.0,3865
2025-08-14 02:28:00,43695.0,43715.0,43695.0,43705.0,43705.0,23560
2025-08-14 02:30:00,43700.0,43700.0,43665.0,43665.0,43665.0,11552
2025-08-14 02:32:00,43670.0,43675.0,43655.0,43675.0,43675.0,12800
2025-08-14 02:34:00,43675.0,43685.0,43660.0,43685.0,43685.0,2168
2025-08-14 02:36:00,43685.0,43690.0,43675.0,43685.0,43685.0,5088
2025-08-14 02:38:00,43685.0,43685.0,43665.0,43675.0,43675.0,7113
2025-08-14 02:40:00,43675.0,43685.0,43670.0,43680.0,43680.0,2172
2025-08-14 02:42:00,43680.0,43690.0,43675.0,43690.0,43690.0,1798
2025-08-14 02:44:00,43685.0,43710.0,43685.0,43700.0,43700.0,5943
2025-08-14 02:46:00,43705.0,43715.0,43700.0,43700.0,43700.0,4127
2025-08-14 02:48:00,43705.0,43705.0,43680.0,43690.0,43690.0,3808
2025-08-14 02:50:00,43690.0,43715.0,43685.0,43710.0,43710.0,9639
2025-08-14 02:52:00,43710.0,43720.0,43700.0,43710.0,43710.0,3135
2025-08-14 02:54:00,43710.0,43725.0,43700.0,43725.0,43725.0,5408
2025-08-14 02:56:00,43725.0,43740.0,43722.0,43730.0,43730.0,34853
2025-08-14 02:58:00,43735.0,43735.0,43715.0,43730.0,43730.0,5752
2025-08-14 03:00:00,43725.0,43730.0,43715.0,43715.0,43715.0,3098
2025-08-14 03:02:00,43715.0,43725.0,43710.0,43710.0,43710.0,2121
2025-08-14 03:04:00,43710.0,43720.0,43700.0,43700.0,43700.0,4985
2025-08-14 03:06:00,43705.0,43705.0,43680.0,43690.0,43690.0,6546
2025-08-14 03:08:00,43685.0,43695.0,43670.0,43685.0,43685.0,24191
2025-08-14 03:10:00,43680.0,43690.0,43670.0,43675.0,43675.0,5930
2025-08-14 03:12:00,43675.0,43675.0,43655.0,43665.0,43665.0,25561
2025-08-14 03:14:00,43665.0,43670.0,43630.0,43645.0,43645.0,28547
2025-08-14 03:16:00,43645.0,43660.0,43640.0,43645.0,43645.0,10503
2025-08-14 03:18:00,43645.0,43645.0,43635.0,43640.0,43640.0,12016
2025-08-14 03:20:00,43640.0,43640.0,43620.0,43620.0,43620.0,28712
2025-08-14 03:22:00,43620.0,43630.0,43615.0,43620.0,43620.0,43592
2025-08-14 03:24:00,43620.0,43640.0,43615.0,43635.0,43635.0,11275
2025-08-14 03:26:00,43635.0,43640.0,43625.0,43630.0,43630.0,14315
2025-08-14 03:28:00,43630.0,43640.0,43630.0,43630.0,43630.0,3697
2025-08-14 03:30:00,43630.0,43630.0,43605.0,43610.0,43610.0,12025
2025-08-14 03:32:00,43610.0,43615.0,43590.0,43615.0,43615.0,31193
2025-08-14 03:34:00,43610.0,43615.0,43595.0,43600.0,43600.0,5973
2025-08-14 03:36:00,43595.0,43615.0,43595.0,43615.0,43615.0,18963
2025-08-14 03:38:00,43615.0,43615.0,43605.0,43610.0,43610.0,2319
2025-08-14 03:40:00,43610.0,43615.0,43605.0,43615.0,43615.0,5065
2025-08-14 03:42:00,43612.0,43615.0,43570.0,43580.0,43580.0,65472
2025-08-14 03:44:00,43575.0,43580.0,43560.0,43565.0,43565.0,90434
2025-08-14 03:46:00,43570.0,43570.0,43555.0,43570.0,43570.0,45585
2025-08-14 03:48:00,43570.0,43590.0,43570.0,43590.0,43590.0,46227
2025-08-14 03:50:00,43585.0,43590.0,43580.0,43585.0,43585.0,118815
2025-08-14 03:52:00,43585.0,43600.0,43585.0,43600.0,43600.0,14081
2025-08-14 03:54:00,43600.0,43605.0,43590.0,43590.0,43590.0,8603
2025-08-14 03:56:00,43590.0,43595.0,43585.0,43590.0,43590.0,1740
2025-08-14 03:58:00,43590.0,43605.0,43590.0,43605.0,43605.0,15443
2025-08-14 04:00:00,43605.0,43620.0,43600.0,43610.0,43610.0,14852
2025-08-14 04:02:00,43615.0,43630.0,43610.0,43625.0,43625.0,10321
2025-08-14 04:04:00,43630.0,43640.0,43625.0,43635.0,43635.0,22428
2025-08-14 04:06:00,43635.0,43635.0,43620.0,43630.0,43630.0,1858
2025-08-14 04:08:00,43630.0,43640.0,43625.0,43635.0,43635.0,11662
2025-08-14 04:10:00,43630.0,43645.0,43625.0,43635.0,43635.0,23073
2025-08-14 04:12:00,43635.0,43645.0,43630.0,43640.0,43640.0,1233
2025-08-14 04:14:00,43640.0,43650.0,43635.0,43645.0,43645.0,26764
2025-08-14 04:16:00,43645.0,43670.0,43645.0,43655.0,43655.0,24277
2025-08-14 04:18:00,43655.0,43660.0,43650.0,43660.0,43660.0,8924
2025-08-14 04:20:00,43660.0,43675.0,43655.0,43670.0,43670.0,12773
2025-08-14 04:22:00,43670.0,43670.0,43660.0,43665.0,43665.0,1899
2025-08-14 04:24:00,43665.0,43680.0,43665.0,43675.0,43675.0,5808
2025-08-14 04:26:00,43675.0,43680.0,43665.0,43675.0,43675.0,23100
2025-08-14 04:28:00,43675.0,43680.0,43670.0,43675.0,43675.0,72274
2025-08-14 04:30:00,43675.0,43680.0,43670.0,43680.0,43680.0,191079
2025-08-14 04:32:00,43680.0,43680.0,43665.0,43670.0,43670.0,11201
2025-08-14 04:34:00,43665.0,43680.0,43665.0,43680.0,43680.0,12713
2025-08-14 04:36:00,43675.0,43680.0,43670.0,43675.0,43675.0,8811
2025-08-14 04:38:00,43675.0,43680.0,43670.0,43670.0,43670.0,8355
2025-08-14 04:40:00,43670.0,43680.0,43650.0,43660.0,43660.0,27554
2025-08-14 04:42:00,43655.0,43660.0,43645.0,43655.0,43655.0,7844
2025-08-14 04:44:00,43650.0,43675.0,43650.0,43675.0,43675.0,9065
2025-08-14 04:46:00,43675.0,43710.0,43675.0,43710.0,43710.0,30472
2025-08-14 04:48:00,43705.0,43720.0,43700.0,43700.0,43700.0,7906
2025-08-14 04:50:00,43705.0,43745.0,43705.0,43740.0,43740.0,62267
2025-08-14 04:52:00,43735.0,43745.0,43730.0,43745.0,43745.0,36265
2025-08-14 04:54:00,43745.0,43760.0,43740.0,43755.0,43755.0,33383
2025-08-14 04:56:00,43760.0,43770.0,43740.0,43740.0,43740.0,13958
2025-08-14 04:58:00,43740.0,43760.0,43740.0,43740.0,43740.0,13520
2025-08-14 05:00:00,43740.0,43755.0,43740.0,43750.0,43750.0,28605
2025-08-14 05:02:00,43755.0,43765.0,43745.0,43755.0,43755.0,11651
2025-08-14 05:04:00,43755.0,43770.0,43745.0,43770.0,43770.0,12462
2025-08-14 05:06:00,43760.0,43770.0,43750.0,43750.0,43750.0,1089
2025-08-14 05:08:00,43750.0,43755.0,43745.0,43755.0,43755.0,31749
2025-08-14 05:10:00,43755.0,43760.0,43730.0,43745.0,43745.0,16745
2025-08-14 05:12:00,43745.0,43760.0,43740.0,43760.0,43760.0,7465
2025-08-14 05:14:00,43755.0,43765.0,43745.0,43760.0,43760.0,23219
2025-08-14 05:16:00,43760.0,43765.0,43755.0,43765.0,43765.0,3799
2025-08-14 05:18:00,43765.0,43780.0,43760.0,43780.0,43780.0,47401
2025-08-14 05:20:00,43780.0,43780.0,43765.0,43770.0,43770.0,10408
2025-08-14 05:22:00,43770.0,43775.0,43750.0,43755.0,43755.0,13057
2025-08-14 05:24:00,43760.0,43760.0,43735.0,43745.0,43745.0,57444
2025-08-14 05:26:00,43740.0,43760.0,43740.0,43750.0,43750.0,16203
2025-08-14 05:28:00,43750.0,43755.0,43740.0,43750.0,43750.0,14018
2025-08-14 05:30:00,43750.0,43750.0,43735.0,43745.0,43745.0,25400
2025-08-14 05:32:00,43745.0,43755.0,43740.0,43745.0,43745.0,8368
2025-08-14 05:34:00,43745.0,43755.0,43735.0,43740.0,43740.0,9898
2025-08-14 05:36:00,43740.0,43750.0,43730.0,43740.0,43740.0,6549
2025-08-14 05:38:00,43735.0,43740.0,43720.0,43725.0,43725.0,4499
2025-08-14 05:40:00,43730.0,43745.0,43725.0,43730.0,43730.0,9347
2025-08-14 05:42:00,43725.0,43730.0,43715.0,43715.0,43715.0,10135
2025-08-14 05:44:00,43720.0,43725.0,43705.0,43725.0,43725.0,27757
2025-08-14 05:46:00,43720.0,43740.0,43720.0,43735.0,43735.0,13106
2025-08-14 05:48:00,43740.0,43740.0,43720.0,43720.0,43720.0,32707
2025-08-14 05:50:00,43725.0,43730.0,43720.0,43730.0,43730.0,10020
2025-08-14 05:52:00,43725.0,43730.0,43705.0,43715.0,43715.0,11207
2025-08-14 05:54:00,43715.0,43730.0,43710.0,43720.0,43720.0,27940
2025-08-14 05:56:00,43720.0,43725.0,43690.0,43695.0,43695.0,53794
2025-08-14 05:58:00,43690.0,43710.0,43690.0,43710.0,43710.0,46429
2025-08-18 00:00:00,43495.0,43495.0,43335.0,43395.0,43395.0,136618
2025-08-18 00:02:00,43395.0,43425.0,43365.0,43370.0,43370.0,56931
2025-08-18 00:04:00,43365.0,43450.0,43335.0,43375.0,43375.0,68331
2025-08-18 00:06:00,43375.0,43420.0,43340.0,43350.0,43350.0,43061
2025-08-18 00:08:00,43350.0,43350.0,43295.0,43315.0,43315.0,75583
2025-08-18 00:10:00,43315.0,43350.0,43270.0,43280.0,43280.0,55946
2025-08-18 00:12:00,43280.0,43290.0,43210.0,43240.0,43240.0,45711
2025-08-18 00:14:00,43230.0,43265.0,43215.0,43230.0,43230.0,57500
2025-08-18 00:16:00,43230.0,43260.0,43205.0,43215.0,43215.0,49553
2025-08-18 00:18:00,43215.0,43220.0,43140.0,43140.0,43140.0,90492
2025-08-18 00:20:00,43140.0,43155.0,43125.0,43150.0,43150.0,58128
2025-08-18 00:22:00,43157.0,43180.0,43135.0,43165.0,43165.0,36890
2025-08-18 00:24:00,43160.0,43175.0,43125.0,43175.0,43175.0,47536
2025-08-18 00:26:00,43175.0,43200.0,43160.0,43175.0,43175.0,102937
2025-08-18 00:28:00,43180.0,43220.0,43170.0,43190.0,43190.0,86826
2025-08-18 00:30:00,43190.0,43265.0,43185.0,43255.0,43255.0,76647
2025-08-18 00:32:00,43260.0,43295.0,43245.0,43280.0,43280.0,34938
2025-08-18 00:34:00,43280.0,43300.0,43250.0,43290.0,43290.0,40104
2025-08-18 00:36:00,43290.0,43370.0,43285.0,43355.0,43355.0,135681
2025-08-18 00:38:00,43355.0,43385.0,43325.0,43325.0,43325.0,81842
2025-08-18 00:40:00,43325.0,43360.0,43320.0,43350.0,43350.0,36112
2025-08-18 00:42:00,43350.0,43350.0,43285.0,43300.0,43300.0,53703
2025-08-18 00:44:00,43300.0,43310.0,43285.0,43305.0,43305.0,30561
2025-08-18 00:46:00,43310.0,43315.0,43275.0,43310.0,43310.0,18804
2025-08-18 00:48:00,43307.0,43325.0,43285.0,43295.0,43295.0,28343
2025-08-18 00:50:00,43295.0,43315.0,43265.0,43290.0,43290.0,30529
2025-08-18 00:52:00,43300.0,43305.0,43275.0,43290.0,43290.0,9813
2025-08-18 00:54:00,43290.0,43330.0,43275.0,43295.0,43295.0,31622
2025-08-18 00:56:00,43300.0,43315.0,43275.0,43300.0,43300.0,21685
2025-08-18 00:58:00,43300.0,43300.0,43270.0,43285.0,43285.0,9788
2025-08-18 01:00:00,43285.0,43315.0,43240.0,43260.0,43260.0,44758
2025-08-18 01:02:00,43255.0,43280.0,43240.0,43250.0,43250.0,8758
2025-08-18 01:04:00,43250.0,43275.0,43240.0,43260.0,43260.0,5728
2025-08-18 01:06:00,43255.0,43270.0,43235.0,43265.0,43265.0,13640
2025-08-18 01:08:00,43265.0,43290.0,43225.0,43240.0,43240.0,15498
2025-08-18 01:10:00,43240.0,43290.0,43225.0,43280.0,43280.0,28107
2025-08-18 01:12:00,43280.0,43290.0,43265.0,43275.0,43275.0,95563
2025-08-18 01:14:00,43275.0,43275.0,43235.0,43250.0,43250.0,9295
2025-08-18 01:16:00,43250.0,43290.0,43240.0,43285.0,43285.0,15912
2025-08-18 01:18:00,43285.0,43285.0,43245.0,43255.0,43255.0,20276
2025-08-18 01:20:00,43255.0,43265.0,43230.0,43255.0,43255.0,7641
2025-08-18 01:22:00,43255.0,43260.0,43235.0,43245.0,43245.0,4229
2025-08-18 01:24:00,43240.0,43240.0,43200.0,43240.0,43240.0,59201
2025-08-18 01:26:00,43240.0,43270.0,43235.0,43260.0,43260.0,14168
2025-08-18 01:28:00,43260.0,43275.0,43240.0,43250.0,43250.0,11555
2025-08-18 01:30:00,43250.0,43255.0,43185.0,43210.0,43210.0,43484
2025-08-18 01:32:00,43210.0,43210.0,43185.0,43190.0,43190.0,15891
2025-08-18 01:34:00,43190.0,43195.0,43155.0,43170.0,43170.0,25676
2025-08-18 01:36:00,43170.0,43180.0,43160.0,43170.0,43170.0,8310
2025-08-18 01:38:00,43170.0,43175.0,43150.0,43170.0,43170.0,37695
2025-08-18 01:40:00,43170.0,43175.0,43150.0,43160.0,43160.0,34286
2025-08-18 01:42:00,43155.0,43165.0,43140.0,43150.0,43150.0,8434
2025-08-18 01:44:00,43150.0,43150.0,43135.0,43140.0,43140.0,25705
2025-08-18 01:46:00,43145.0,43150.0,43115.0,43140.0,43140.0,47260
2025-08-18 01:48:00,43140.0,43175.0,43135.0,43175.0,43175.0,35599
2025-08-18 01:50:00,43175.0,43185.0,43170.0,43175.0,43175.0,21186
2025-08-18 01:52:00,43175.0,43190.0,43170.0,43180.0,43180.0,31836
2025-08-18 01:54:00,43175.0,43200.0,43175.0,43185.0,43185.0,28591
2025-08-18 01:56:00,43185.0,43185.0,43160.0,43170.0,43170.0,9965
2025-08-18 01:58:00,43170.0,43180.0,43155.0,43160.0,43160.0,6261
2025-08-18 02:00:00,43160.0,43160.0,43145.0,43150.0,43150.0,18984
2025-08-18 02:02:00,43150.0,43155.0,43130.0,43150.0,43150.0,30823
2025-08-18 02:04:00,43150.0,43170.0,43145.0,43145.0,43145.0,15873
2025-08-18 02:06:00,43145.0,43150.0,43125.0,43125.0,43125.0,9732
2025-08-18 02:08:00,43125.0,43150.0,43105.0,43150.0,43150.0,21367
2025-08-18 02:10:00,43145.0,43170.0,43145.0,43170.0,43170.0,11232
2025-08-18 02:12:00,43160.0,43195.0,43160.0,43195.0,43195.0,17567
2025-08-18 02:14:00,43195.0,43215.0,43185.0,43200.0,43200.0,27986
2025-08-18 02:16:00,43200.0,43225.0,43200.0,43210.0,43210.0,30035
2025-08-18 02:18:00,43210.0,43220.0,43195.0,43195.0,43195.0,6011
2025-08-18 02:20:00,43200.0,43200.0,43170.0,43195.0,43195.0,18146
2025-08-18 02:22:00,43195.0,43195.0,43150.0,43160.0,43160.0,8979
2025-08-18 02:24:00,43155.0,43160.0,43140.0,43145.0,43145.0,15831
2025-08-18 02:26:00,43145.0,43160.0,43140.0,43155.0,43155.0,3926
2025-08-18 02:28:00,43155.0,43155.0,43135.0,43135.0,43135.0,12846
2025-08-18 02:30:00,43135.0,43140.0,43115.0,43135.0,43135.0,14001
2025-08-18 02:32:00,43135.0,43135.0,43115.0,43115.0,43115.0,11616
2025-08-18 02:34:00,43115.0,43120.0,43080.0,43090.0,43090.0,86348
2025-08-18 02:36:00,43090.0,43115.0,43080.0,43110.0,43110.0,10600
2025-08-18 02:38:00,43105.0,43130.0,43105.0,43120.0,43120.0,11203
2025-08-18 02:40:00,43120.0,43120.0,43095.0,43105.0,43105.0,8661
2025-08-18 02:42:00,43105.0,43110.0,43100.0,43100.0,43100.0,4586
2025-08-18 02:44:00,43100.0,43110.0,43095.0,43105.0,43105.0,4753
2025-08-18 02:46:00,43105.0,43120.0,43100.0,43110.0,43110.0,3690
2025-08-18 02:48:00,43115.0,43120.0,43095.0,43100.0,43100.0,24833
2025-08-18 02:50:00,43100.0,43130.0,43100.0,43125.0,43125.0,5147
2025-08-18 02:52:00,43115.0,43135.0,43115.0,43135.0,43135.0,4761
2025-08-18 02:54:00,43140.0,43150.0,43130.0,43135.0,43135.0,12645
2025-08-18 02:56:00,43135.0,43170.0,43125.0,43165.0,43165.0,22424
2025-08-18 02:58:00,43170.0,43180.0,43165.0,43170.0,43170.0,13610
2025-08-18 03:00:00,43165.0,43180.0,43160.0,43160.0,43160.0,11542
2025-08-18 03:02:00,43160.0,43165.0,43140.0,43155.0,43155.0,5696
2025-08-18 03:04:00,43150.0,43160.0,43140.0,43150.0,43150.0,3272
2025-08-18 03:06:00,43155.0,43170.0,43145.0,43165.0,43165.0,12077
2025-08-18 03:08:00,43160.0,43185.0,43160.0,43175.0,43175.0,3957
2025-08-18 03:10:00,43175.0,43180.0,43165.0,43170.0,43170.0,4796
2025-08-18 03:12:00,43175.0,43175.0,43155.0,43160.0,43160.0,3954
2025-08-18 03:14:00,43160.0,43195.0,43155.0,43190.0,43190.0,13344
2025-08-18 03:16:00,43185.0,43190.0,43160.0,43165.0,43165.0,3706
2025-08-18 03:18:00,43165.0,43175.0,43150.0,43160.0,43160.0,25613
2025-08-18 03:20:00,43155.0,43160.0,43135.0,43135.0,43135.0,10788
2025-08-18 03:22:00,43140.0,43150.0,43135.0,43140.0,43140.0,3241
2025-08-18 03:24:00,43140.0,43155.0,43135.0,43140.0,43140.0,2805
2025-08-18 03:26:00,43140.0,43150.0,43135.0,43150.0,43150.0,3193
2025-08-18 03:28:00,43147.0,43150.0,43140.0,43145.0,43145.0,4120
2025-08-18 03:30:00,43145.0,43165.0,43135.0,43155.0,43155.0,10372
2025-08-18 03:32:00,43155.0,43155.0,43140.0,43150.0,43150.0,6222
2025-08-18 03:34:00,43150.0,43185.0,43145.0,43180.0,43180.0,11988
2025-08-18 03:36:00,43180.0,43185.0,43170.0,43180.0,43180.0,12939
2025-08-18 03:38:00,43180.0,43200.0,43170.0,43195.0,43195.0,17250
2025-08-18 03:40:00,43190.0,43215.0,43180.0,43215.0,43215.0,8841
2025-08-18 03:42:00,43210.0,43220.0,43200.0,43220.0,43220.0,6517
2025-08-18 03:44:00,43215.0,43220.0,43205.0,43215.0,43215.0,12626
2025-08-18 03:46:00,43210.0,43220.0,43200.0,43210.0,43210.0,11698
2025-08-18 03:48:00,43210.0,43225.0,43205.0,43210.0,43210.0,8419
2025-08-18 03:50:00,43215.0,43220.0,43200.0,43210.0,43210.0,3432
2025-08-18 03:52:00,43210.0,43225.0,43195.0,43225.0,43225.0,11613
2025-08-18 03:54:00,43225.0,43235.0,43220.0,43220.0,43220.0,6949
2025-08-18 03:56:00,43230.0,43235.0,43220.0,43220.0,43220.0,5616
2025-08-18 03:58:00,43230.0,43230.0,43210.0,43215.0,43215.0,9034
2025-08-18 04:00:00,43215.0,43215.0,43200.0,43210.0,43210.0,8761
2025-08-18 04:02:00,43205.0,43225.0,43200.0,43210.0,43210.0,5657
2025-08-18 04:04:00,43220.0,43225.0,43210.0,43220.0,43220.0,12448
2025-08-18 04:06:00,43215.0,43220.0,43205.0,43215.0,43215.0,3360
2025-08-18 04:08:00,43215.0,43220.0,43205.0,43207.0,43207.0,48964
2025-08-18 04:10:00,43205.0,43215.0,43205.0,43205.0,43205.0,3831
2025-08-18 04:12:00,43205.0,43210.0,43185.0,43185.0,43185.0,23345
2025-08-18 04:14:00,43185.0,43200.0,43185.0,43195.0,43195.0,2883
2025-08-18 04:16:00,43195.0,43195.0,43170.0,43170.0,43170.0,4915
2025-08-18 04:18:00,43170.0,43190.0,43165.0,43185.0,43185.0,2880
2025-08-18 04:20:00,43185.0,43190.0,43170.0,43175.0,43175.0,10085
2025-08-18 04:22:00,43180.0,43210.0,43175.0,43205.0,43205.0,4960
2025-08-18 04:24:00,43210.0,43220.0,43200.0,43200.0,43200.0,18598
2025-08-18 04:26:00,43210.0,43215.0,43195.0,43205.0,43205.0,4662
2025-08-18 04:28:00,43200.0,43215.0,43200.0,43205.0,43205.0,2802
2025-08-18 04:30:00,43205.0,43205.0,43195.0,43197.0,43197.0,3109
2025-08-18 04:32:00,43195.0,43205.0,43190.0,43195.0,43195.0,14482
2025-08-18 04:34:00,43195.0,43215.0,43195.0,43210.0,43210.0,11263
2025-08-18 04:36:00,43210.0,43225.0,43205.0,43225.0,43225.0,12589
2025-08-18 04:38:00,43225.0,43225.0,43200.0,43205.0,43205.0,10471
2025-08-18 04:40:00,43205.0,43230.0,43195.0,43210.0,43210.0,27935
2025-08-18 04:42:00,43210.0,43210.0,43180.0,43185.0,43185.0,16496
2025-08-18 04:44:00,43180.0,43185.0,43165.0,43185.0,43185.0,8798
2025-08-18 04:46:00,43180.0,43190.0,43170.0,43180.0,43180.0,3139
2025-08-18 04:48:00,43180.0,43180.0,43150.0,43155.0,43155.0,13629
2025-08-18 04:50:00,43155.0,43160.0,43140.0,43150.0,43150.0,18907
2025-08-18 04:52:00,43150.0,43150.0,43135.0,43145.0,43145.0,5892
2025-08-18 04:54:00,43145.0,43150.0,43140.0,43145.0,43145.0,6662
2025-08-18 04:56:00,43150.0,43155.0,43135.0,43135.0,43135.0,5404
2025-08-18 04:58:00,43140.0,43150.0,43135.0,43150.0,43150.0,4429
2025-08-18 05:00:00,43145.0,43165.0,43140.0,43155.0,43155.0,7175
2025-08-18 05:02:00,43155.0,43175.0,43150.0,43165.0,43165.0,39024
2025-08-18 05:04:00,43165.0,43180.0,43160.0,43175.0,43175.0,11828
2025-08-18 05:06:00,43180.0,43180.0,43170.0,43180.0,43180.0,7414
2025-08-18 05:08:00,43180.0,43185.0,43165.0,43170.0,43170.0,14738
2025-08-18 05:10:00,43170.0,43180.0,43165.0,43180.0,43180.0,33387
2025-08-18 05:12:00,43180.0,43180.0,43150.0,43150.0,43150.0,9739
2025-08-18 05:14:00,43150.0,43160.0,43150.0,43155.0,43155.0,3911
2025-08-18 05:16:00,43160.0,43170.0,43155.0,43170.0,43170.0,4935
2025-08-18 05:18:00,43170.0,43170.0,43150.0,43160.0,43160.0,3812
2025-08-18 05:20:00,43160.0,43165.0,43150.0,43155.0,43155.0,3466
2025-08-18 05:22:00,43155.0,43160.0,43140.0,43145.0,43145.0,16490
2025-08-18 05:24:00,43140.0,43150.0,43135.0,43150.0,43150.0,4978
2025-08-18 05:26:00,43150.0,43175.0,43150.0,43175.0,43175.0,8489
2025-08-18 05:28:00,43170.0,43205.0,43170.0,43205.0,43205.0,32153
2025-08-18 05:30:00,43205.0,43205.0,43175.0,43180.0,43180.0,31138
2025-08-18 05:32:00,43175.0,43180.0,43160.0,43165.0,43165.0,10998
2025-08-18 05:34:00,43165.0,43175.0,43155.0,43165.0,43165.0,6066
2025-08-18 05:36:00,43170.0,43180.0,43165.0,43175.0,43175.0,3603
2025-08-18 05:38:00,43170.0,43175.0,43155.0,43160.0,43160.0,6544
2025-08-18 05:40:00,43155.0,43170.0,43155.0,43165.0,43165.0,4457
2025-08-18 05:42:00,43165.0,43165.0,43155.0,43160.0,43160.0,14259
2025-08-18 05:44:00,43160.0,43165.0,43150.0,43165.0,43165.0,348486
2025-08-18 05:46:00,43160.0,43170.0,43155.0,43170.0,43170.0,4853
2025-08-18 05:48:00,43170.0,43170.0,43145.0,43155.0,43155.0,15937
2025-08-18 05:50:00,43150.0,43155.0,43135.0,43145.0,43145.0,8058
2025-08-18 05:52:00,43150.0,43160.0,43145.0,43160.0,43160.0,10439
2025-08-18 05:54:00,43160.0,43160.0,43135.0,43140.0,43140.0,6272
2025-08-18 05:56:00,43140.0,43145.0,43135.0,43145.0,43145.0,11684
2025-08-18 05:58:00,43145.0,43145.0,43120.0,43125.0,43125.0,22660
2025-08-19 00:00:00,43175.0,43230.0,43085.0,43130.0,43130.0,152879
2025-08-19 00:02:00,43135.0,43185.0,43105.0,43145.0,43145.0,44010
2025-08-19 00:04:00,43150.0,43160.0,43040.0,43050.0,43050.0,60817
2025-08-19 00:06:00,43050.0,43065.0,42945.0,43020.0,43020.0,90765
2025-08-19 00:08:00,43020.0,43050.0,43000.0,43005.0,43005.0,73528
2025-08-19 00:10:00,42995.0,43050.0,42995.0,43020.0,43020.0,19736
2025-08-19 00:12:00,43030.0,43035.0,42955.0,42965.0,42965.0,49644
2025-08-19 00:14:00,42965.0,43000.0,42950.0,42975.0,42975.0,53411
2025-08-19 00:16:00,42975.0,42980.0,42940.0,42955.0,42955.0,26731
2025-08-19 00:18:00,42960.0,42960.0,42860.0,42870.0,42870.0,75044
2025-08-19 00:20:00,42865.0,42910.0,42850.0,42880.0,42880.0,26468
2025-08-19 00:22:00,42880.0,42885.0,42840.0,42860.0,42860.0,55112
2025-08-19 00:24:00,42850.0,42860.0,42785.0,42785.0,42785.0,97770
2025-08-19 00:26:00,42790.0,42805.0,42700.0,42705.0,42705.0,76139
2025-08-19 00:28:00,42705.0,42735.0,42660.0,42690.0,42690.0,123187
2025-08-19 00:30:00,42685.0,42725.0,42675.0,42705.0,42705.0,54246
2025-08-19 00:32:00,42705.0,42745.0,42695.0,42740.0,42740.0,126796
2025-08-19 00:34:00,42740.0,42740.0,42685.0,42725.0,42725.0,71197
2025-08-19 00:36:00,42730.0,42770.0,42720.0,42760.0,42760.0,50343
2025-08-19 00:38:00,42770.0,42840.0,42760.0,42815.0,42815.0,133901
2025-08-19 00:40:00,42820.0,42840.0,42805.0,42840.0,42840.0,31633
2025-08-19 00:42:00,42840.0,42840.0,42800.0,42830.0,42830.0,29650
2025-08-19 00:44:00,42830.0,42980.0,42825.0,42980.0,42980.0,178055
2025-08-19 00:46:00,42980.0,43035.0,42970.0,43030.0,43030.0,133075
2025-08-19 00:48:00,43030.0,43035.0,42990.0,43000.0,43000.0,71686
2025-08-19 00:50:00,43005.0,43035.0,42995.0,43025.0,43025.0,44464
2025-08-19 00:52:00,43020.0,43060.0,43015.0,43020.0,43020.0,46908
2025-08-19 00:54:00,43020.0,43065.0,43015.0,43050.0,43050.0,18402
2025-08-19 00:56:00,43050.0,43070.0,43015.0,43030.0,43030.0,59048
2025-08-19 00:58:00,43030.0,43065.0,43030.0,43045.0,43045.0,102801
2025-08-19 01:00:00,43045.0,43070.0,43010.0,43050.0,43050.0,30211
2025-08-19 01:02:00,43050.0,43120.0,43045.0,43090.0,43090.0,76015
2025-08-19 01:04:00,43090.0,43100.0,43010.0,43025.0,43025.0,29344
2025-08-19 01:06:00,43020.0,43055.0,43005.0,43055.0,43055.0,14750
2025-08-19 01:08:00,43050.0,43065.0,43030.0,43055.0,43055.0,8484
2025-08-19 01:10:00,43055.0,43075.0,43040.0,43060.0,43060.0,10612
2025-08-19 01:12:00,43065.0,43085.0,43055.0,43075.0,43075.0,11976
2025-08-19 01:14:00,43075.0,43080.0,43045.0,43080.0,43080.0,7448
2025-08-19 01:16:00,43080.0,43105.0,43075.0,43075.0,43075.0,12511
2025-08-19 01:18:00,43080.0,43095.0,43060.0,43075.0,43075.0,13307
2025-08-19 01:20:00,43075.0,43095.0,43055.0,43060.0,43060.0,9364
2025-08-19 01:22:00,43055.0,43075.0,43035.0,43045.0,43045.0,9209
2025-08-19 01:24:00,43040.0,43075.0,43040.0,43070.0,43070.0,5389
2025-08-19 01:26:00,43070.0,43075.0,43020.0,43025.0,43025.0,6372
2025-08-19 01:28:00,43030.0,43040.0,42995.0,42995.0,42995.0,18900
2025-08-19 01:30:00,42995.0,43005.0,42980.0,43000.0,43000.0,9774
2025-08-19 01:32:00,43000.0,43005.0,42945.0,42955.0,42955.0,26877
2025-08-19 01:34:00,42950.0,42960.0,42940.0,42960.0,42960.0,7548
2025-08-19 01:36:00,42955.0,42980.0,42940.0,42955.0,42955.0,17291
2025-08-19 01:38:00,42960.0,42960.0,42940.0,42945.0,42945.0,5693
2025-08-19 01:40:00,42945.0,42970.0,42940.0,42960.0,42960.0,7743
2025-08-19 01:42:00,42960.0,42980.0,42955.0,42955.0,42955.0,7302
2025-08-19 01:44:00,42965.0,42970.0,42945.0,42955.0,42955.0,4131
2025-08-19 01:46:00,42950.0,42955.0,42915.0,42915.0,42915.0,13657
2025-08-19 01:48:00,42915.0,42930.0,42905.0,42925.0,42925.0,9386
2025-08-19 01:50:00,42925.0,42955.0,42905.0,42955.0,42955.0,6010
2025-08-19 01:52:00,42955.0,42970.0,42920.0,42925.0,42925.0,16588
2025-08-19 01:54:00,42915.0,42925.0,42890.0,42915.0,42915.0,30048
2025-08-19 01:56:00,42920.0,42930.0,42900.0,42925.0,42925.0,10553
2025-08-19 01:58:00,42930.0,42955.0,42915.0,42925.0,42925.0,10649
2025-08-19 02:00:00,42917.0,42930.0,42900.0,42905.0,42905.0,7131
2025-08-19 02:02:00,42900.0,42915.0,42880.0,42890.0,42890.0,7000
2025-08-19 02:04:00,42895.0,42905.0,42890.0,42895.0,42895.0,5743
2025-08-19 02:06:00,42895.0,42905.0,42870.0,42905.0,42905.0,7639
2025-08-19 02:08:00,42905.0,42935.0,42895.0,42905.0,42905.0,6382
2025-08-19 02:10:00,42905.0,42940.0,42902.0,42930.0,42930.0,3946
2025-08-19 02:12:00,42930.0,42970.0,42930.0,42960.0,42960.0,24561
2025-08-19 02:14:00,42960.0,42960.0,42935.0,42940.0,42940.0,2262
2025-08-19 02:16:00,42945.0,42965.0,42940.0,42950.0,42950.0,3532
2025-08-19 02:18:00,42950.0,42950.0,42925.0,42935.0,42935.0,3947
2025-08-19 02:20:00,42935.0,42950.0,42935.0,42940.0,42940.0,4025
2025-08-19 02:22:00,42935.0,42945.0,42890.0,42900.0,42900.0,15813
2025-08-19 02:24:00,42905.0,42910.0,42880.0,42880.0,42880.0,4635
2025-08-19 02:26:00,42875.0,42875.0,42860.0,42875.0,42875.0,23448
2025-08-19 02:28:00,42875.0,42890.0,42870.0,42885.0,42885.0,4541
2025-08-19 02:30:00,42885.0,42895.0,42880.0,42880.0,42880.0,6004
2025-08-19 02:32:00,42880.0,42890.0,42865.0,42880.0,42880.0,17334
2025-08-19 02:34:00,42880.0,42880.0,42865.0,42880.0,42880.0,18536
2025-08-19 02:36:00,42880.0,42900.0,42875.0,42900.0,42900.0,19792
2025-08-19 02:38:00,42900.0,42940.0,42895.0,42935.0,42935.0,6758
2025-08-19 02:40:00,42935.0,42960.0,42925.0,42950.0,42950.0,11220
2025-08-19 02:42:00,42950.0,42960.0,42935.0,42935.0,42935.0,6113
2025-08-19 02:44:00,42935.0,42965.0,42925.0,42965.0,42965.0,10678
2025-08-19 02:46:00,42965.0,42970.0,42940.0,42955.0,42955.0,2996
2025-08-19 02:48:00,42940.0,42945.0,42900.0,42900.0,42900.0,17385
2025-08-19 02:50:00,42910.0,42925.0,42905.0,42925.0,42925.0,4865
2025-08-19 02:52:00,42920.0,42930.0,42900.0,42915.0,42915.0,2682
2025-08-19 02:54:00,42920.0,42925.0,42910.0,42912.0,42912.0,2054
2025-08-19 02:56:00,42910.0,42915.0,42890.0,42890.0,42890.0,4057
2025-08-19 02:58:00,42895.0,42900.0,42885.0,42895.0,42895.0,4306
2025-08-19 03:00:00,42890.0,42900.0,42885.0,42895.0,42895.0,5325
2025-08-19 03:02:00,42890.0,42915.0,42890.0,42915.0,42915.0,3211
2025-08-19 03:04:00,42915.0,42965.0,42915.0,42955.0,42955.0,107517
2025-08-19 03:06:00,42950.0,42950.0,42920.0,42930.0,42930.0,15637
2025-08-19 03:08:00,42925.0,42935.0,42920.0,42935.0,42935.0,4433
2025-08-19 03:10:00,42940.0,42940.0,42920.0,42940.0,42940.0,1970
2025-08-19 03:12:00,42935.0,42970.0,42935.0,42960.0,42960.0,17236
2025-08-19 03:14:00,42960.0,42970.0,42955.0,42965.0,42965.0,11172
2025-08-19 03:16:00,42965.0,42970.0,42955.0,42965.0,42965.0,6370
2025-08-19 03:18:00,42955.0,42965.0,42950.0,42950.0,42950.0,3260
2025-08-19 03:20:00,42960.0,42985.0,42950.0,42975.0,42975.0,18271
2025-08-19 03:22:00,42980.0,43005.0,42975.0,43005.0,43005.0,32472
2025-08-19 03:24:00,43000.0,43040.0,43000.0,43040.0,43040.0,54949
2025-08-19 03:26:00,43035.0,43045.0,43030.0,43035.0,43035.0,1431
2025-08-19 03:28:00,43035.0,43040.0,43025.0,43035.0,43035.0,14603
2025-08-19 03:30:00,43035.0,43035.0,42990.0,43000.0,43000.0,5647
2025-08-19 03:32:00,43000.0,43000.0,42975.0,42985.0,42985.0,4113
2025-08-19 03:34:00,42990.0,42990.0,42970.0,42970.0,42970.0,3015
2025-08-19 03:36:00,42975.0,42975.0,42945.0,42955.0,42955.0,5468
2025-08-19 03:38:00,42950.0,42955.0,42930.0,42935.0,42935.0,9617
2025-08-19 03:40:00,42930.0,42970.0,42925.0,42970.0,42970.0,2247
2025-08-19 03:42:00,42960.0,42980.0,42960.0,42975.0,42975.0,2208
2025-08-19 03:44:00,42975.0,42980.0,42960.0,42970.0,42970.0,3777
2025-08-19 03:46:00,42970.0,42980.0,42970.0,42975.0,42975.0,3096
2025-08-19 03:48:00,42980.0,42980.0,42965.0,42975.0,42975.0,2202
2025-08-19 03:50:00,42975.0,42985.0,42970.0,42980.0,42980.0,2544
2025-08-19 03:52:00,42985.0,43005.0,42980.0,43005.0,43005.0,5177
2025-08-19 03:54:00,43002.0,43005.0,42995.0,43000.0,43000.0,12755
2025-08-19 03:56:00,43000.0,43005.0,42990.0,42990.0,42990.0,2672
2025-08-19 03:58:00,42995.0,43005.0,42985.0,42990.0,42990.0,4533
2025-08-19 04:00:00,42990.0,42990.0,42960.0,42975.0,42975.0,4898
2025-08-19 04:02:00,42975.0,42995.0,42965.0,42965.0,42965.0,14707
2025-08-19 04:04:00,42970.0,42970.0,42945.0,42950.0,42950.0,3409
2025-08-19 04:06:00,42945.0,42960.0,42930.0,42960.0,42960.0,2343
2025-08-19 04:08:00,42960.0,42975.0,42955.0,42970.0,42970.0,4425
2025-08-19 04:10:00,42970.0,42975.0,42960.0,42965.0,42965.0,6285
2025-08-19 04:12:00,42965.0,42980.0,42960.0,42970.0,42970.0,2462
2025-08-19 04:14:00,42970.0,42980.0,42935.0,42935.0,42935.0,6391
2025-08-19 04:16:00,42935.0,42940.0,42895.0,42905.0,42905.0,40132
2025-08-19 04:18:00,42905.0,42945.0,42905.0,42940.0,42940.0,4656
2025-08-19 04:20:00,42935.0,42960.0,42935.0,42935.0,42935.0,8100
2025-08-19 04:22:00,42940.0,42950.0,42930.0,42945.0,42945.0,7839
2025-08-19 04:24:00,42945.0,42950.0,42925.0,42925.0,42925.0,6157
2025-08-19 04:26:00,42925.0,42935.0,42920.0,42930.0,42930.0,6208
2025-08-19 04:28:00,42925.0,42935.0,42920.0,42930.0,42930.0,3655
2025-08-19 04:30:00,42930.0,42955.0,42920.0,42950.0,42950.0,11867
2025-08-19 04:32:00,42950.0,42950.0,42925.0,42930.0,42930.0,7388
2025-08-19 04:34:00,42930.0,42950.0,42920.0,42950.0,42950.0,7049
2025-08-19 04:36:00,42950.0,42960.0,42920.0,42930.0,42930.0,13863
2025-08-19 04:38:00,42930.0,42930.0,42890.0,42905.0,42905.0,14218
2025-08-19 04:40:00,42905.0,42910.0,42895.0,42900.0,42900.0,9507
2025-08-19 04:42:00,42900.0,42905.0,42890.0,42890.0,42890.0,28484
2025-08-19 04:44:00,42890.0,42900.0,42885.0,42900.0,42900.0,13229
2025-08-19 04:46:00,42900.0,42900.0,42875.0,42885.0,42885.0,35418
2025-08-19 04:48:00,42875.0,42885.0,42850.0,42855.0,42855.0,17118
2025-08-19 04:50:00,42850.0,42880.0,42845.0,42875.0,42875.0,11846
2025-08-19 04:52:00,42870.0,42905.0,42870.0,42895.0,42895.0,16428
2025-08-19 04:54:00,42890.0,42895.0,42865.0,42865.0,42865.0,7664
2025-08-19 04:56:00,42865.0,42880.0,42860.0,42865.0,42865.0,10549
2025-08-19 04:58:00,42865.0,42875.0,42855.0,42865.0,42865.0,4756
2025-08-19 05:00:00,42865.0,42890.0,42860.0,42890.0,42890.0,12804
2025-08-19 05:02:00,42890.0,42900.0,42870.0,42875.0,42875.0,11047
2025-08-19 05:04:00,42875.0,42885.0,42865.0,42865.0,42865.0,3995
2025-08-19 05:06:00,42865.0,42870.0,42855.0,42860.0,42860.0,4016
2025-08-19 05:08:00,42860.0,42860.0,42835.0,42845.0,42845.0,9465
2025-08-19 05:10:00,42845.0,42850.0,42825.0,42825.0,42825.0,23177
2025-08-19 05:12:00,42825.0,42845.0,42825.0,42835.0,42835.0,11929
2025-08-19 05:14:00,42830.0,42855.0,42830.0,42850.0,42850.0,10931
2025-08-19 05:16:00,42847.0,42860.0,42845.0,42855.0,42855.0,8143
2025-08-19 05:18:00,42855.0,42860.0,42840.0,42840.0,42840.0,14024
2025-08-19 05:20:00,42840.0,42845.0,42800.0,42805.0,42805.0,64097
2025-08-19 05:22:00,42805.0,42805.0,42775.0,42775.0,42775.0,24042
2025-08-19 05:24:00,42780.0,42800.0,42780.0,42790.0,42790.0,5531
2025-08-19 05:26:00,42790.0,42800.0,42780.0,42780.0,42780.0,42500
2025-08-19 05:28:00,42790.0,42795.0,42770.0,42770.0,42770.0,10158
2025-08-19 05:30:00,42770.0,42780.0,42755.0,42770.0,42770.0,25131
2025-08-19 05:32:00,42770.0,42780.0,42760.0,42780.0,42780.0,5516
2025-08-19 05:34:00,42780.0,42785.0,42755.0,42765.0,42765.0,14201
2025-08-19 05:36:00,42765.0,42770.0,42745.0,42760.0,42760.0,13527
2025-08-19 05:38:00,42760.0,42765.0,42750.0,42755.0,42755.0,37463
2025-08-19 05:40:00,42755.0,42760.0,42740.0,42750.0,42750.0,31259
2025-08-19 05:42:00,42755.0,42765.0,42725.0,42730.0,42730.0,26230
2025-08-19 05:44:00,42730.0,42745.0,42710.0,42715.0,42715.0,13111
2025-08-19 05:46:00,42710.0,42720.0,42695.0,42695.0,42695.0,37336
2025-08-19 05:48:00,42700.0,42715.0,42685.0,42715.0,42715.0,14852
2025-08-19 05:50:00,42715.0,42720.0,42675.0,42685.0,42685.0,76957
2025-08-19 05:52:00,42680.0,42680.0,42645.0,42665.0,42665.0,85241
2025-08-19 05:54:00,42660.0,42685.0,42660.0,42670.0,42670.0,67421
2025-08-19 05:56:00,42675.0,42675.0,42640.0,42665.0,42665.0,22188
2025-08-19 05:58:00,42665.0,42670.0,42647.0,42665.0,42665.0,37905
2025-08-20 00:00:00,42370.0,42415.0,42275.0,42340.0,42340.0,243867
2025-08-20 00:02:00,42345.0,42425.0,42330.0,42370.0,42370.0,303512
2025-08-20 00:04:00,42375.0,42430.0,42335.0,42365.0,42365.0,134553
2025-08-20 00:06:00,42370.0,42370.0,42230.0,42240.0,42240.0,181345
2025-08-20 00:08:00,42240.0,42245.0,42135.0,42160.0,42160.0,226395
2025-08-20 00:10:00,42155.0,42200.0,42140.0,42185.0,42185.0,271679
2025-08-20 00:12:00,42180.0,42270.0,42165.0,42175.0,42175.0,99561
2025-08-20 00:14:00,42175.0,42175.0,42055.0,42065.0,42065.0,205865
2025-08-20 00:16:00,42060.0,42080.0,41990.0,42010.0,42010.0,125197
2025-08-20 00:18:00,42012.0,42035.0,41920.0,41920.0,41920.0,167950
2025-08-20 00:20:00,41925.0,41980.0,41915.0,41930.0,41930.0,155886
2025-08-20 00:22:00,41940.0,41940.0,41880.0,41890.0,41890.0,122646
2025-08-20 00:24:00,41890.0,41910.0,41855.0,41905.0,41905.0,87825
2025-08-20 00:26:00,41905.0,41950.0,41885.0,41935.0,41935.0,93917
2025-08-20 00:28:00,41935.0,42035.0,41920.0,42025.0,42025.0,127364
2025-08-20 00:30:00,42025.0,42045.0,41990.0,42040.0,42040.0,68209
2025-08-20 00:32:00,42040.0,42050.0,42015.0,42025.0,42025.0,32521
2025-08-20 00:34:00,42025.0,42040.0,42005.0,42020.0,42020.0,38702
2025-08-20 00:36:00,42020.0,42085.0,42010.0,42040.0,42040.0,61040
2025-08-20 00:38:00,42040.0,42105.0,42025.0,42100.0,42100.0,74395
2025-08-20 00:40:00,42105.0,42130.0,42065.0,42120.0,42120.0,63599
2025-08-20 00:42:00,42125.0,42135.0,42080.0,42100.0,42100.0,61870
2025-08-20 00:44:00,42100.0,42140.0,42065.0,42140.0,42140.0,86850
2025-08-20 00:46:00,42130.0,42180.0,42115.0,42175.0,42175.0,159846
2025-08-20 00:48:00,42170.0,42180.0,42155.0,42165.0,42165.0,235512
2025-08-20 00:50:00,42160.0,42250.0,42155.0,42240.0,42240.0,135075
2025-08-20 00:52:00,42245.0,42270.0,42220.0,42225.0,42225.0,43134
2025-08-20 00:54:00,42220.0,42235.0,42205.0,42235.0,42235.0,74417
2025-08-20 00:56:00,42240.0,42245.0,42190.0,42210.0,42210.0,31497
2025-08-20 00:58:00,42210.0,42230.0,42190.0,42205.0,42205.0,11145
2025-08-20 01:00:00,42205.0,42270.0,42190.0,42265.0,42265.0,57578
2025-08-20 01:02:00,42255.0,42280.0,42215.0,42240.0,42240.0,29614
2025-08-20 01:04:00,42235.0,42290.0,42230.0,42265.0,42265.0,43038
2025-08-20 01:06:00,42265.0,42300.0,42255.0,42295.0,42295.0,67796
2025-08-20 01:08:00,42295.0,42310.0,42240.0,42245.0,42245.0,54303
2025-08-20 01:10:00,42240.0,42240.0,42130.0,42135.0,42135.0,91971
2025-08-20 01:12:00,42140.0,42145.0,42105.0,42115.0,42115.0,17923
2025-08-20 01:14:00,42115.0,42115.0,42040.0,42065.0,42065.0,80952
2025-08-20 01:16:00,42065.0,42100.0,42065.0,42080.0,42080.0,18685
2025-08-20 01:18:00,42075.0,42115.0,42070.0,42095.0,42095.0,39700
2025-08-20 01:20:00,42095.0,42105.0,42045.0,42080.0,42080.0,43198
2025-08-20 01:22:00,42085.0,42090.0,42010.0,42010.0,42010.0,36152
2025-08-20 01:24:00,42015.0,42035.0,41995.0,41995.0,41995.0,54207
2025-08-20 01:26:00,41995.0,42005.0,41955.0,41990.0,41990.0,52883
2025-08-20 01:28:00,41985.0,42015.0,41960.0,41975.0,41975.0,71195
2025-08-20 01:30:00,41970.0,41975.0,41925.0,41950.0,41950.0,52374
2025-08-20 01:32:00,41950.0,41955.0,41890.0,41895.0,41895.0,97437
2025-08-20 01:34:00,41895.0,41905.0,41875.0,41895.0,41895.0,67885
2025-08-20 01:36:00,41895.0,41910.0,41870.0,41880.0,41880.0,63695
2025-08-20 01:38:00,41875.0,41890.0,41860.0,41880.0,41880.0,68435
2025-08-20 01:40:00,41880.0,41900.0,41845.0,41850.0,41850.0,117229
2025-08-20 01:42:00,41850.0,41915.0,41835.0,41915.0,41915.0,96404
2025-08-20 01:44:00,41910.0,41995.0,41905.0,41985.0,41985.0,191703
2025-08-20 01:46:00,41985.0,42010.0,41975.0,42005.0,42005.0,73981
2025-08-20 01:48:00,42005.0,42020.0,41995.0,42010.0,42010.0,61345
2025-08-20 01:50:00,42010.0,42030.0,41990.0,42020.0,42020.0,34666
2025-08-20 01:52:00,42025.0,42030.0,41950.0,41980.0,41980.0,138654
2025-08-20 01:54:00,41980.0,42015.0,41955.0,42005.0,42005.0,57774
2025-08-20 01:56:00,42005.0,42025.0,41985.0,41995.0,41995.0,31415
2025-08-20 01:58:00,41990.0,41995.0,41920.0,41935.0,41935.0,46328
2025-08-20 02:00:00,41935.0,41960.0,41915.0,41955.0,41955.0,64900
2025-08-20 02:02:00,41955.0,41960.0,41910.0,41935.0,41935.0,31527
2025-08-20 02:04:00,41935.0,41940.0,41890.0,41895.0,41895.0,60175
2025-08-20 02:06:00,41900.0,41995.0,41895.0,41990.0,41990.0,100178
2025-08-20 02:08:00,41995.0,42015.0,41965.0,41985.0,41985.0,38615
2025-08-20 02:10:00,41990.0,41995.0,41940.0,41980.0,41980.0,103196
2025-08-20 02:12:00,41985.0,42005.0,41960.0,41990.0,41990.0,25378
2025-08-20 02:14:00,41987.0,42065.0,41987.0,42055.0,42055.0,215572
2025-08-20 02:16:00,42055.0,42060.0,41995.0,42010.0,42010.0,111037
2025-08-20 02:18:00,42015.0,42015.0,41955.0,41985.0,41985.0,41891
2025-08-20 02:20:00,41985.0,42030.0,41975.0,42025.0,42025.0,75649
2025-08-20 02:22:00,42020.0,42050.0,42020.0,42050.0,42050.0,14497
2025-08-20 02:24:00,42050.0,42055.0,42005.0,42010.0,42010.0,15754
2025-08-20 02:26:00,42005.0,42065.0,42000.0,42065.0,42065.0,22474
2025-08-20 02:28:00,42055.0,42085.0,42050.0,42075.0,42075.0,13439
2025-08-20 02:30:00,42080.0,42080.0,42045.0,42075.0,42075.0,76550
2025-08-20 02:32:00,42080.0,42100.0,42065.0,42100.0,42100.0,13459
2025-08-20 02:34:00,42095.0,42100.0,42065.0,42070.0,42070.0,19526
2025-08-20 02:36:00,42070.0,42080.0,42055.0,42060.0,42060.0,10300
2025-08-20 02:38:00,42065.0,42085.0,42050.0,42065.0,42065.0,13010
2025-08-20 02:40:00,42070.0,42080.0,42055.0,42070.0,42070.0,23086
2025-08-20 02:42:00,42070.0,42080.0,42060.0,42080.0,42080.0,4794
2025-08-20 02:44:00,42080.0,42110.0,42060.0,42100.0,42100.0,12254
2025-08-20 02:46:00,42102.0,42120.0,42055.0,42055.0,42055.0,69204
2025-08-20 02:48:00,42060.0,42110.0,42055.0,42105.0,42105.0,14726
2025-08-20 02:50:00,42100.0,42125.0,42095.0,42110.0,42110.0,45331
2025-08-20 02:52:00,42115.0,42120.0,42105.0,42120.0,42120.0,5130
2025-08-20 02:54:00,42120.0,42120.0,42075.0,42080.0,42080.0,14595
2025-08-20 02:56:00,42085.0,42090.0,42065.0,42070.0,42070.0,21594
2025-08-20 02:58:00,42075.0,42085.0,42070.0,42080.0,42080.0,8842
2025-08-20 03:00:00,42080.0,42080.0,42045.0,42065.0,42065.0,18538
2025-08-20 03:02:00,42065.0,42065.0,42020.0,42025.0,42025.0,19552
2025-08-20 03:04:00,42025.0,42030.0,42000.0,42020.0,42020.0,30633
2025-08-20 03:06:00,42020.0,42030.0,42000.0,42000.0,42000.0,35748
2025-08-20 03:08:00,42000.0,42015.0,42000.0,42005.0,42005.0,23102
2025-08-20 03:10:00,42010.0,42010.0,41975.0,41980.0,41980.0,63323
2025-08-20 03:12:00,41985.0,42000.0,41980.0,41995.0,41995.0,5568
2025-08-20 03:14:00,41990.0,42020.0,41985.0,42010.0,42010.0,11165
2025-08-20 03:16:00,42010.0,42015.0,41990.0,41995.0,41995.0,11724
2025-08-20 03:18:00,41990.0,42000.0,41980.0,42000.0,42000.0,3816
2025-08-20 03:20:00,41995.0,41995.0,41950.0,41950.0,41950.0,27937
2025-08-20 03:22:00,41955.0,41975.0,41955.0,41975.0,41975.0,53379
2025-08-20 03:24:00,41975.0,41980.0,41960.0,41970.0,41970.0,7194
2025-08-20 03:26:00,41970.0,41990.0,41965.0,41990.0,41990.0,7481
2025-08-20 03:28:00,41990.0,42010.0,41987.0,42005.0,42005.0,20200
2025-08-20 03:30:00,42005.0,42035.0,42005.0,42035.0,42035.0,12707
2025-08-20 03:32:00,42040.0,42040.0,41980.0,41985.0,41985.0,38256
2025-08-20 03:34:00,41990.0,42000.0,41975.0,41980.0,41980.0,6774
2025-08-20 03:36:00,41977.0,41980.0,41950.0,41950.0,41950.0,26206
2025-08-20 03:38:00,41950.0,41965.0,41935.0,41965.0,41965.0,16243
2025-08-20 03:40:00,41965.0,41970.0,41950.0,41950.0,41950.0,9836
2025-08-20 03:42:00,41950.0,41950.0,41930.0,41940.0,41940.0,9955
2025-08-20 03:44:00,41935.0,41950.0,41935.0,41950.0,41950.0,24298
2025-08-20 03:46:00,41950.0,41955.0,41930.0,41935.0,41935.0,39416
2025-08-20 03:48:00,41935.0,41950.0,41925.0,41950.0,41950.0,23046
2025-08-20 03:50:00,41950.0,41960.0,41935.0,41955.0,41955.0,15990
2025-08-20 03:52:00,41955.0,41980.0,41955.0,41980.0,41980.0,22861
2025-08-20 03:54:00,41975.0,41990.0,41960.0,41975.0,41975.0,49766
2025-08-20 03:56:00,41980.0,42000.0,41972.0,41995.0,41995.0,8062
2025-08-20 03:58:00,41995.0,42000.0,41985.0,41995.0,41995.0,11984
2025-08-20 04:00:00,41995.0,42005.0,41965.0,41990.0,41990.0,13431
2025-08-20 04:02:00,41990.0,42030.0,41980.0,42030.0,42030.0,16305
2025-08-20 04:04:00,42025.0,42025.0,42005.0,42025.0,42025.0,13233
2025-08-20 04:06:00,42025.0,42055.0,42025.0,42045.0,42045.0,21318
2025-08-20 04:08:00,42050.0,42055.0,42040.0,42050.0,42050.0,12701
2025-08-20 04:10:00,42050.0,42060.0,42040.0,42055.0,42055.0,14068
2025-08-20 04:12:00,42055.0,42120.0,42050.0,42120.0,42120.0,34742
2025-08-20 04:14:00,42120.0,42180.0,42115.0,42175.0,42175.0,85841
2025-08-20 04:16:00,42175.0,42215.0,42170.0,42205.0,42205.0,103902
2025-08-20 04:18:00,42205.0,42225.0,42195.0,42215.0,42215.0,45440
2025-08-20 04:20:00,42210.0,42210.0,42170.0,42170.0,42170.0,61836
2025-08-20 04:22:00,42170.0,42180.0,42135.0,42155.0,42155.0,36842
2025-08-20 04:24:00,42155.0,42165.0,42140.0,42150.0,42150.0,33935
2025-08-20 04:26:00,42150.0,42185.0,42145.0,42175.0,42175.0,23592
2025-08-20 04:28:00,42180.0,42220.0,42170.0,42205.0,42205.0,39861
2025-08-20 04:30:00,42205.0,42205.0,42165.0,42195.0,42195.0,34206
2025-08-20 04:32:00,42195.0,42195.0,42175.0,42185.0,42185.0,14634
2025-08-20 04:34:00,42180.0,42190.0,42155.0,42170.0,42170.0,15945
2025-08-20 04:36:00,42170.0,42175.0,42150.0,42155.0,42155.0,14180
2025-08-20 04:38:00,42155.0,42200.0,42150.0,42200.0,42200.0,45817
2025-08-20 04:40:00,42200.0,42205.0,42175.0,42185.0,42185.0,24496
2025-08-20 04:42:00,42185.0,42210.0,42175.0,42200.0,42200.0,10850
2025-08-20 04:44:00,42205.0,42230.0,42190.0,42220.0,42220.0,100565
2025-08-20 04:46:00,42220.0,42225.0,42190.0,42210.0,42210.0,156811
2025-08-20 04:48:00,42210.0,42220.0,42190.0,42200.0,42200.0,44024
2025-08-20 04:50:00,42200.0,42220.0,42190.0,42210.0,42210.0,34695
2025-08-20 04:52:00,42210.0,42255.0,42200.0,42250.0,42250.0,37214
2025-08-20 04:54:00,42250.0,42270.0,42245.0,42270.0,42270.0,18381
2025-08-20 04:56:00,42265.0,42310.0,42260.0,42290.0,42290.0,138555
2025-08-20 04:58:00,42290.0,42300.0,42260.0,42270.0,42270.0,45572
2025-08-20 05:00:00,42265.0,42270.0,42205.0,42210.0,42210.0,44044
2025-08-20 05:02:00,42205.0,42215.0,42185.0,42205.0,42205.0,42165
2025-08-20 05:04:00,42200.0,42200.0,42175.0,42190.0,42190.0,24596
2025-08-20 05:06:00,42195.0,42225.0,42190.0,42225.0,42225.0,23631
2025-08-20 05:08:00,42225.0,42270.0,42215.0,42260.0,42260.0,52517
2025-08-20 05:10:00,42260.0,42320.0,42250.0,42320.0,42320.0,46889
2025-08-20 05:12:00,42325.0,42340.0,42300.0,42340.0,42340.0,29218
2025-08-20 05:14:00,42340.0,42350.0,42330.0,42345.0,42345.0,32884
2025-08-20 05:16:00,42345.0,42375.0,42330.0,42370.0,42370.0,60376
2025-08-20 05:18:00,42370.0,42380.0,42355.0,42360.0,42360.0,15688
2025-08-20 05:20:00,42360.0,42400.0,42355.0,42390.0,42390.0,38254
2025-08-20 05:22:00,42400.0,42400.0,42375.0,42380.0,42380.0,34028
2025-08-20 05:24:00,42380.0,42435.0,42375.0,42420.0,42420.0,46976
2025-08-20 05:26:00,42425.0,42430.0,42370.0,42380.0,42380.0,67098
2025-08-20 05:28:00,42375.0,42440.0,42375.0,42425.0,42425.0,30940
2025-08-20 05:30:00,42420.0,42430.0,42390.0,42390.0,42390.0,18753
2025-08-20 05:32:00,42390.0,42410.0,42380.0,42400.0,42400.0,18549
2025-08-20 05:34:00,42400.0,42435.0,42395.0,42410.0,42410.0,18373
2025-08-20 05:36:00,42410.0,42425.0,42405.0,42415.0,42415.0,28260
2025-08-20 05:38:00,42415.0,42430.0,42405.0,42410.0,42410.0,18636
2025-08-20 05:40:00,42410.0,42420.0,42390.0,42390.0,42390.0,117116
2025-08-20 05:42:00,42395.0,42430.0,42395.0,42405.0,42405.0,62467
2025-08-20 05:44:00,42410.0,42410.0,42395.0,42405.0,42405.0,7823
2025-08-20 05:46:00,42410.0,42420.0,42390.0,42400.0,42400.0,11872
2025-08-20 05:48:00,42410.0,42430.0,42400.0,42430.0,42430.0,18259
2025-08-20 05:50:00,42430.0,42445.0,42420.0,42435.0,42435.0,27954
2025-08-20 05:52:00,42435.0,42460.0,42425.0,42445.0,42445.0,25873
2025-08-20 05:54:00,42440.0,42450.0,42410.0,42425.0,42425.0,38985
2025-08-20 05:56:00,42420.0,42450.0,42410.0,42445.0,42445.0,16428
2025-08-20 05:58:00,42445.0,42460.0,42435.0,42455.0,42455.0,44629
2025-08-21 00:00:00,42600.0,42675.0,42555.0,42555.0,42555.0,296294
2025-08-21 00:02:00,42560.0,42735.0,42530.0,42735.0,42735.0,234836
2025-08-21 00:04:00,42730.0,42785.0,42730.0,42760.0,42760.0,118236
2025-08-21 00:06:00,42760.0,42805.0,42730.0,42790.0,42790.0,71601
2025-08-21 00:08:00,42790.0,42850.0,42770.0,42835.0,42835.0,105853
2025-08-21 00:10:00,42840.0,42920.0,42825.0,42920.0,42920.0,115644
2025-08-21 00:12:00,42917.0,42935.0,42905.0,42935.0,42935.0,51950
2025-08-21 00:14:00,42935.0,42940.0,42860.0,42865.0,42865.0,58582
2025-08-21 00:16:00,42865.0,42905.0,42825.0,42855.0,42855.0,55115
2025-08-21 00:18:00,42855.0,42865.0,42815.0,42820.0,42820.0,79708
2025-08-21 00:20:00,42815.0,42815.0,42735.0,42740.0,42740.0,47136
2025-08-21 00:22:00,42740.0,42775.0,42725.0,42755.0,42755.0,48112
2025-08-21 00:24:00,42757.0,42810.0,42750.0,42760.0,42760.0,17406
2025-08-21 00:26:00,42755.0,42815.0,42740.0,42810.0,42810.0,39151
2025-08-21 00:28:00,42805.0,42850.0,42800.0,42850.0,42850.0,48873
2025-08-21 00:30:00,42840.0,42900.0,42835.0,42900.0,42900.0,24343
2025-08-21 00:32:00,42900.0,42905.0,42855.0,42900.0,42900.0,23972
2025-08-21 00:34:00,42905.0,42945.0,42895.0,42920.0,42920.0,47855
2025-08-21 00:36:00,42920.0,42940.0,42915.0,42915.0,42915.0,43801
2025-08-21 00:38:00,42915.0,42925.0,42890.0,42905.0,42905.0,19345
2025-08-21 00:40:00,42905.0,42920.0,42895.0,42920.0,42920.0,23716
2025-08-21 00:42:00,42915.0,42920.0,42885.0,42905.0,42905.0,42087
2025-08-21 00:44:00,42900.0,42915.0,42885.0,42885.0,42885.0,27173
2025-08-21 00:46:00,42885.0,42885.0,42825.0,42870.0,42870.0,26837
2025-08-21 00:48:00,42875.0,42875.0,42810.0,42820.0,42820.0,10669
2025-08-21 00:50:00,42820.0,42865.0,42800.0,42850.0,42850.0,16465
2025-08-21 00:52:00,42850.0,42855.0,42820.0,42820.0,42820.0,11186
2025-08-21 00:54:00,42820.0,42860.0,42810.0,42855.0,42855.0,10245
2025-08-21 00:56:00,42855.0,42865.0,42835.0,42860.0,42860.0,9108
2025-08-21 00:58:00,42860.0,42895.0,42860.0,42865.0,42865.0,11125
2025-08-21 01:00:00,42870.0,42895.0,42830.0,42830.0,42830.0,30748
2025-08-21 01:02:00,42835.0,42855.0,42825.0,42830.0,42830.0,9290
2025-08-21 01:04:00,42820.0,42845.0,42810.0,42815.0,42815.0,21227
2025-08-21 01:06:00,42820.0,42860.0,42815.0,42845.0,42845.0,17288
2025-08-21 01:08:00,42840.0,42875.0,42830.0,42875.0,42875.0,14124
2025-08-21 01:10:00,42875.0,42915.0,42870.0,42915.0,42915.0,30133
2025-08-21 01:12:00,42915.0,42915.0,42880.0,42885.0,42885.0,24348
2025-08-21 01:14:00,42890.0,42910.0,42830.0,42845.0,42845.0,22002
2025-08-21 01:16:00,42840.0,42870.0,42805.0,42845.0,42845.0,21319
2025-08-21 01:18:00,42845.0,42845.0,42755.0,42765.0,42765.0,30861
2025-08-21 01:20:00,42765.0,42785.0,42735.0,42785.0,42785.0,27600
2025-08-21 01:22:00,42785.0,42805.0,42765.0,42765.0,42765.0,16615
2025-08-21 01:24:00,42765.0,42830.0,42765.0,42820.0,42820.0,14023
2025-08-21 01:26:00,42820.0,42820.0,42795.0,42810.0,42810.0,14646
2025-08-21 01:28:00,42805.0,42830.0,42790.0,42810.0,42810.0,17407
2025-08-21 01:30:00,42810.0,42825.0,42805.0,42820.0,42820.0,13596
2025-08-21 01:32:00,42820.0,42845.0,42810.0,42810.0,42810.0,24815
2025-08-21 01:34:00,42810.0,42840.0,42795.0,42795.0,42795.0,12371
2025-08-21 01:36:00,42800.0,42820.0,42795.0,42815.0,42815.0,2908
2025-08-21 01:38:00,42820.0,42840.0,42800.0,42820.0,42820.0,12130
2025-08-21 01:40:00,42820.0,42855.0,42820.0,42840.0,42840.0,17805
2025-08-21 01:42:00,42845.0,42860.0,42825.0,42835.0,42835.0,6415
2025-08-21 01:44:00,42830.0,42850.0,42825.0,42840.0,42840.0,28404
2025-08-21 01:46:00,42840.0,42855.0,42820.0,42825.0,42825.0,59391
2025-08-21 01:48:00,42820.0,42845.0,42820.0,42830.0,42830.0,2741
2025-08-21 01:50:00,42830.0,42845.0,42825.0,42845.0,42845.0,4582
2025-08-21 01:52:00,42840.0,42850.0,42830.0,42835.0,42835.0,7465
2025-08-21 01:54:00,42840.0,42860.0,42835.0,42850.0,42850.0,9933
2025-08-21 01:56:00,42850.0,42860.0,42830.0,42840.0,42840.0,13807
2025-08-21 01:58:00,42840.0,42850.0,42830.0,42835.0,42835.0,3684
2025-08-21 02:00:00,42835.0,42875.0,42830.0,42865.0,42865.0,15457
2025-08-21 02:02:00,42865.0,42875.0,42855.0,42870.0,42870.0,21667
2025-08-21 02:04:00,42870.0,42875.0,42835.0,42845.0,42845.0,7913
2025-08-21 02:06:00,42845.0,42865.0,42830.0,42835.0,42835.0,8179
2025-08-21 02:08:00,42835.0,42835.0,42805.0,42830.0,42830.0,16536
2025-08-21 02:10:00,42825.0,42860.0,42820.0,42855.0,42855.0,6286
2025-08-21 02:12:00,42855.0,42870.0,42845.0,42850.0,42850.0,10744
2025-08-21 02:14:00,42850.0,42865.0,42850.0,42865.0,42865.0,3415
2025-08-21 02:16:00,42870.0,42880.0,42865.0,42880.0,42880.0,13663
2025-08-21 02:18:00,42880.0,42925.0,42875.0,42920.0,42920.0,43179
2025-08-21 02:20:00,42920.0,42920.0,42890.0,42905.0,42905.0,9796
2025-08-21 02:22:00,42895.0,42895.0,42880.0,42885.0,42885.0,5825
2025-08-21 02:24:00,42885.0,42895.0,42870.0,42880.0,42880.0,9198
2025-08-21 02:26:00,42880.0,42890.0,42860.0,42860.0,42860.0,8125
2025-08-21 02:28:00,42860.0,42870.0,42850.0,42865.0,42865.0,12240
2025-08-21 02:30:00,42865.0,42865.0,42840.0,42860.0,42860.0,4387
2025-08-21 02:32:00,42860.0,42875.0,42855.0,42860.0,42860.0,2893
2025-08-21 02:34:00,42870.0,42875.0,42870.0,42870.0,42870.0,1576
2025-08-21 02:36:00,42870.0,42885.0,42865.0,42880.0,42880.0,3359
2025-08-21 02:38:00,42882.0,42885.0,42870.0,42880.0,42880.0,13584
2025-08-21 02:40:00,42880.0,42895.0,42865.0,42890.0,42890.0,3555
2025-08-21 02:42:00,42895.0,42910.0,42890.0,42905.0,42905.0,5478
2025-08-21 02:44:00,42900.0,42935.0,42900.0,42900.0,42900.0,24043
2025-08-21 02:46:00,42900.0,42930.0,42890.0,42925.0,42925.0,6751
2025-08-21 02:48:00,42925.0,42930.0,42900.0,42900.0,42900.0,2077
2025-08-21 02:50:00,42905.0,42910.0,42895.0,42900.0,42900.0,7442
2025-08-21 02:52:00,42905.0,42910.0,42895.0,42910.0,42910.0,4639
2025-08-21 02:54:00,42910.0,42945.0,42910.0,42925.0,42925.0,20679
2025-08-21 02:56:00,42925.0,42940.0,42920.0,42930.0,42930.0,5133
2025-08-21 02:58:00,42930.0,42935.0,42910.0,42925.0,42925.0,6104
2025-08-21 03:00:00,42925.0,42935.0,42900.0,42900.0,42900.0,5112
2025-08-21 03:02:00,42910.0,42920.0,42905.0,42915.0,42915.0,2720
2025-08-21 03:04:00,42910.0,42945.0,42910.0,42940.0,42940.0,31634
2025-08-21 03:06:00,42930.0,42940.0,42925.0,42930.0,42930.0,5792
2025-08-21 03:08:00,42935.0,42950.0,42925.0,42945.0,42945.0,35687
2025-08-21 03:10:00,42945.0,42950.0,42925.0,42930.0,42930.0,25344
2025-08-21 03:12:00,42935.0,42940.0,42930.0,42935.0,42935.0,49839
2025-08-21 03:14:00,42935.0,42945.0,42915.0,42925.0,42925.0,59442
2025-08-21 03:16:00,42925.0,42935.0,42920.0,42925.0,42925.0,15265
2025-08-21 03:18:00,42925.0,42930.0,42915.0,42920.0,42920.0,24830
2025-08-21 03:20:00,42925.0,42930.0,42900.0,42900.0,42900.0,29816
2025-08-21 03:22:00,42905.0,42920.0,42900.0,42920.0,42920.0,13508
2025-08-21 03:24:00,42920.0,42930.0,42910.0,42910.0,42910.0,19467
2025-08-21 03:26:00,42910.0,42915.0,42895.0,42900.0,42900.0,45690
2025-08-21 03:28:00,42895.0,42905.0,42887.0,42895.0,42895.0,15636
2025-08-21 03:30:00,42900.0,42910.0,42890.0,42910.0,42910.0,7959
2025-08-21 03:32:00,42910.0,42920.0,42905.0,42910.0,42910.0,3946
2025-08-21 03:34:00,42905.0,42910.0,42895.0,42905.0,42905.0,13465
2025-08-21 03:36:00,42900.0,42905.0,42890.0,42900.0,42900.0,4594
2025-08-21 03:38:00,42900.0,42905.0,42890.0,42895.0,42895.0,3276
2025-08-21 03:40:00,42895.0,42900.0,42885.0,42900.0,42900.0,7750
2025-08-21 03:42:00,42905.0,42905.0,42875.0,42875.0,42875.0,4227
2025-08-21 03:44:00,42877.0,42877.0,42845.0,42855.0,42855.0,8340
2025-08-21 03:46:00,42855.0,42860.0,42835.0,42855.0,42855.0,10414
2025-08-21 03:48:00,42855.0,42865.0,42840.0,42845.0,42845.0,6853
2025-08-21 03:50:00,42850.0,42850.0,42835.0,42845.0,42845.0,12429
2025-08-21 03:52:00,42850.0,42850.0,42825.0,42840.0,42840.0,11007
2025-08-21 03:54:00,42832.0,42845.0,42830.0,42840.0,42840.0,2197
2025-08-21 03:56:00,42840.0,42840.0,42810.0,42825.0,42825.0,20212
2025-08-21 03:58:00,42825.0,42825.0,42812.0,42820.0,42820.0,17877
2025-08-21 04:00:00,42815.0,42825.0,42795.0,42805.0,42805.0,13685
2025-08-21 04:02:00,42805.0,42805.0,42775.0,42780.0,42780.0,14255
2025-08-21 04:04:00,42785.0,42787.0,42765.0,42765.0,42765.0,5282
2025-08-21 04:06:00,42770.0,42770.0,42725.0,42755.0,42755.0,19185
2025-08-21 04:08:00,42750.0,42775.0,42750.0,42770.0,42770.0,18645
2025-08-21 04:10:00,42770.0,42790.0,42765.0,42770.0,42770.0,29170
2025-08-21 04:12:00,42775.0,42785.0,42765.0,42775.0,42775.0,6343
2025-08-21 04:14:00,42772.0,42780.0,42755.0,42755.0,42755.0,135863
2025-08-21 04:16:00,42750.0,42790.0,42750.0,42770.0,42770.0,13712
2025-08-21 04:18:00,42770.0,42780.0,42750.0,42760.0,42760.0,25379
2025-08-21 04:20:00,42765.0,42785.0,42755.0,42780.0,42780.0,29130
2025-08-21 04:22:00,42780.0,42795.0,42765.0,42790.0,42790.0,25769
2025-08-21 04:24:00,42795.0,42800.0,42765.0,42770.0,42770.0,10274
2025-08-21 04:26:00,42765.0,42775.0,42755.0,42760.0,42760.0,28553
2025-08-21 04:28:00,42760.0,42770.0,42755.0,42755.0,42755.0,10025
2025-08-21 04:30:00,42760.0,42765.0,42740.0,42740.0,42740.0,15298
2025-08-21 04:32:00,42740.0,42770.0,42725.0,42760.0,42760.0,40226
2025-08-21 04:34:00,42760.0,42765.0,42745.0,42745.0,42745.0,17699
2025-08-21 04:36:00,42745.0,42755.0,42735.0,42735.0,42735.0,2502
2025-08-21 04:38:00,42745.0,42765.0,42735.0,42755.0,42755.0,2616
2025-08-21 04:40:00,42760.0,42765.0,42745.0,42765.0,42765.0,2440
2025-08-21 04:42:00,42760.0,42775.0,42755.0,42765.0,42765.0,25711
2025-08-21 04:44:00,42760.0,42775.0,42755.0,42765.0,42765.0,9932
2025-08-21 04:46:00,42765.0,42765.0,42750.0,42765.0,42765.0,7247
2025-08-21 04:48:00,42765.0,42765.0,42720.0,42735.0,42735.0,8909
2025-08-21 04:50:00,42735.0,42755.0,42735.0,42750.0,42750.0,28648
2025-08-21 04:52:00,42750.0,42755.0,42740.0,42750.0,42750.0,2043
2025-08-21 04:54:00,42750.0,42750.0,42735.0,42735.0,42735.0,19138
2025-08-21 04:56:00,42735.0,42740.0,42707.0,42720.0,42720.0,48987
2025-08-21 04:58:00,42710.0,42715.0,42690.0,42715.0,42715.0,28396
2025-08-21 05:00:00,42720.0,42760.0,42715.0,42760.0,42760.0,53217
2025-08-21 05:02:00,42760.0,42765.0,42755.0,42755.0,42755.0,13783
2025-08-21 05:04:00,42755.0,42765.0,42730.0,42740.0,42740.0,6514
2025-08-21 05:06:00,42740.0,42745.0,42730.0,42730.0,42730.0,26045
2025-08-21 05:08:00,42730.0,42730.0,42702.0,42715.0,42715.0,29248
2025-08-21 05:10:00,42715.0,42720.0,42690.0,42690.0,42690.0,16781
2025-08-21 05:12:00,42690.0,42695.0,42645.0,42665.0,42665.0,35299
2025-08-21 05:14:00,42675.0,42675.0,42645.0,42655.0,42655.0,24953
2025-08-21 05:16:00,42650.0,42670.0,42640.0,42660.0,42660.0,15834
2025-08-21 05:18:00,42660.0,42670.0,42650.0,42660.0,42660.0,3901
2025-08-21 05:20:00,42660.0,42660.0,42630.0,42650.0,42650.0,29683
2025-08-21 05:22:00,42655.0,42665.0,42640.0,42660.0,42660.0,4687
2025-08-21 05:24:00,42665.0,42670.0,42645.0,42660.0,42660.0,16424
2025-08-21 05:26:00,42660.0,42660.0,42640.0,42660.0,42660.0,24735
2025-08-21 05:28:00,42655.0,42665.0,42650.0,42650.0,42650.0,15481
2025-08-21 05:30:00,42650.0,42655.0,42625.0,42635.0,42635.0,32475
2025-08-21 05:32:00,42640.0,42680.0,42630.0,42680.0,42680.0,21393
2025-08-21 05:34:00,42680.0,42685.0,42655.0,42660.0,42660.0,12606
2025-08-21 05:36:00,42665.0,42670.0,42650.0,42660.0,42660.0,6583
2025-08-21 05:38:00,42660.0,42665.0,42645.0,42655.0,42655.0,8333
2025-08-21 05:40:00,42650.0,42660.0,42625.0,42625.0,42625.0,24467
2025-08-21 05:42:00,42625.0,42630.0,42610.0,42615.0,42615.0,12853
2025-08-21 05:44:00,42615.0,42615.0,42600.0,42610.0,42610.0,12424
2025-08-21 05:46:00,42605.0,42625.0,42600.0,42625.0,42625.0,49219
2025-08-21 05:48:00,42620.0,42635.0,42615.0,42625.0,42625.0,5712
2025-08-21 05:50:00,42625.0,42635.0,42610.0,42630.0,42630.0,9739
2025-08-21 05:52:00,42620.0,42650.0,42620.0,42650.0,42650.0,30555
2025-08-21 05:54:00,42650.0,42660.0,42635.0,42660.0,42660.0,37663
2025-08-21 05:56:00,42660.0,42685.0,42650.0,42680.0,42680.0,58648
2025-08-21 05:58:00,42675.0,42710.0,42675.0,42700.0,42700.0,53310
2025-08-22 00:00:00,42880.0,43135.0,42880.0,43075.0,43075.0,310080
2025-08-22 00:02:00,43075.0,43115.0,43065.0,43095.0,43095.0,86498
2025-08-22 00:04:00,43095.0,43115.0,43060.0,43110.0,43110.0,57051
2025-08-22 00:06:00,43110.0,43115.0,43000.0,43075.0,43075.0,30708
2025-08-22 00:08:00,43075.0,43140.0,43060.0,43120.0,43120.0,63931
2025-08-22 00:10:00,43115.0,43125.0,43047.0,43065.0,43065.0,28660
2025-08-22 00:12:00,43060.0,43075.0,43007.0,43010.0,43010.0,44519
2025-08-22 00:14:00,43010.0,43010.0,42915.0,42945.0,42945.0,66083
2025-08-22 00:16:00,42950.0,42985.0,42940.0,42965.0,42965.0,42237
2025-08-22 00:18:00,42970.0,43015.0,42955.0,42985.0,42985.0,68582
2025-08-22 00:20:00,42985.0,43075.0,42985.0,43070.0,43070.0,42847
2025-08-22 00:22:00,43070.0,43135.0,43065.0,43135.0,43135.0,59844
2025-08-22 00:24:00,43135.0,43140.0,43095.0,43115.0,43115.0,17237
2025-08-22 00:26:00,43115.0,43135.0,43090.0,43110.0,43110.0,33476
2025-08-22 00:28:00,43110.0,43120.0,43085.0,43120.0,43120.0,26156
2025-08-22 00:30:00,43120.0,43175.0,43105.0,43140.0,43140.0,63599
2025-08-22 00:32:00,43140.0,43150.0,43095.0,43110.0,43110.0,44255
2025-08-22 00:34:00,43105.0,43120.0,43060.0,43070.0,43070.0,23103
2025-08-22 00:36:00,43075.0,43090.0,43060.0,43090.0,43090.0,9435
2025-08-22 00:38:00,43085.0,43110.0,43080.0,43080.0,43080.0,74306
2025-08-22 00:40:00,43075.0,43085.0,43025.0,43045.0,43045.0,56800
2025-08-22 00:42:00,43045.0,43060.0,43025.0,43050.0,43050.0,16362
2025-08-22 00:44:00,43045.0,43095.0,43045.0,43085.0,43085.0,33668
2025-08-22 00:46:00,43090.0,43105.0,43075.0,43095.0,43095.0,38241
2025-08-22 00:48:00,43090.0,43095.0,43050.0,43060.0,43060.0,11547
2025-08-22 00:50:00,43065.0,43070.0,43040.0,43070.0,43070.0,8016
2025-08-22 00:52:00,43070.0,43090.0,43065.0,43075.0,43075.0,8448
2025-08-22 00:54:00,43075.0,43075.0,42965.0,42975.0,42975.0,111896
2025-08-22 00:56:00,42975.0,43025.0,42970.0,43010.0,43010.0,32347
2025-08-22 00:58:00,43010.0,43030.0,43005.0,43030.0,43030.0,11550
2025-08-22 01:00:00,43030.0,43070.0,43010.0,43070.0,43070.0,30700
2025-08-22 01:02:00,43065.0,43070.0,42975.0,42990.0,42990.0,74350
2025-08-22 01:04:00,42990.0,42995.0,42960.0,42960.0,42960.0,21307
2025-08-22 01:06:00,42965.0,42995.0,42950.0,42955.0,42955.0,44066
2025-08-22 01:08:00,42955.0,42990.0,42940.0,42985.0,42985.0,8460
2025-08-22 01:10:00,42985.0,43020.0,42975.0,43020.0,43020.0,44309
2025-08-22 01:12:00,43020.0,43045.0,43005.0,43040.0,43040.0,26374
2025-08-22 01:14:00,43040.0,43055.0,43010.0,43055.0,43055.0,17728
2025-08-22 01:16:00,43050.0,43070.0,43035.0,43065.0,43065.0,18507
2025-08-22 01:18:00,43065.0,43075.0,43050.0,43055.0,43055.0,43179
2025-08-22 01:20:00,43055.0,43060.0,43040.0,43060.0,43060.0,9604
2025-08-22 01:22:00,43060.0,43095.0,43055.0,43090.0,43090.0,28265
2025-08-22 01:24:00,43090.0,43105.0,43070.0,43080.0,43080.0,25226
2025-08-22 01:26:00,43080.0,43085.0,43050.0,43050.0,43050.0,10853
2025-08-22 01:28:00,43060.0,43070.0,43050.0,43060.0,43060.0,12939
2025-08-22 01:30:00,43057.0,43080.0,43030.0,43070.0,43070.0,19616
2025-08-22 01:32:00,43065.0,43080.0,43035.0,43035.0,43035.0,8721
2025-08-22 01:34:00,43030.0,43055.0,43020.0,43050.0,43050.0,16194
2025-08-22 01:36:00,43050.0,43055.0,43030.0,43045.0,43045.0,11755
2025-08-22 01:38:00,43045.0,43050.0,43020.0,43040.0,43040.0,22447
2025-08-22 01:40:00,43040.0,43050.0,43000.0,43010.0,43010.0,14144
2025-08-22 01:42:00,43010.0,43020.0,43000.0,43010.0,43010.0,7355
2025-08-22 01:44:00,43020.0,43035.0,42985.0,42990.0,42990.0,22206
2025-08-22 01:46:00,42990.0,43005.0,42985.0,43000.0,43000.0,10896
2025-08-22 01:48:00,43000.0,43020.0,42990.0,42990.0,42990.0,13908
2025-08-22 01:50:00,42985.0,43035.0,42980.0,43035.0,43035.0,23890
2025-08-22 01:52:00,43030.0,43050.0,43015.0,43050.0,43050.0,5868
2025-08-22 01:54:00,43050.0,43050.0,43015.0,43025.0,43025.0,11325
2025-08-22 01:56:00,43025.0,43025.0,42970.0,42980.0,42980.0,39251
2025-08-22 01:58:00,42980.0,43000.0,42975.0,42985.0,42985.0,4560
2025-08-22 02:00:00,42985.0,42985.0,42955.0,42965.0,42965.0,22841
2025-08-22 02:02:00,42970.0,42990.0,42965.0,42990.0,42990.0,6626
2025-08-22 02:04:00,42990.0,43020.0,42980.0,43020.0,43020.0,15280
2025-08-22 02:06:00,43020.0,43040.0,43010.0,43025.0,43025.0,13484
2025-08-22 02:08:00,43025.0,43055.0,43025.0,43040.0,43040.0,40114
2025-08-22 02:10:00,43045.0,43050.0,43015.0,43030.0,43030.0,5445
2025-08-22 02:12:00,43030.0,43050.0,43015.0,43050.0,43050.0,9210
2025-08-22 02:14:00,43040.0,43050.0,43035.0,43045.0,43045.0,7382
2025-08-22 02:16:00,43035.0,43050.0,43030.0,43035.0,43035.0,5462
2025-08-22 02:18:00,43035.0,43050.0,43030.0,43030.0,43030.0,10255
2025-08-22 02:20:00,43035.0,43035.0,42990.0,43000.0,43000.0,20394
2025-08-22 02:22:00,43000.0,43005.0,42985.0,43000.0,43000.0,6444
2025-08-22 02:24:00,43000.0,43000.0,42975.0,42985.0,42985.0,10595
2025-08-22 02:26:00,42980.0,42985.0,42957.0,42957.0,42957.0,29672
2025-08-22 02:28:00,42960.0,42960.0,42910.0,42945.0,42945.0,35032
2025-08-22 02:30:00,42945.0,42970.0,42940.0,42965.0,42965.0,13084
2025-08-22 02:32:00,42960.0,42975.0,42955.0,42965.0,42965.0,10009
2025-08-22 02:34:00,42960.0,42970.0,42950.0,42960.0,42960.0,7803
2025-08-22 02:36:00,42960.0,42990.0,42960.0,42980.0,42980.0,12194
2025-08-22 02:38:00,42975.0,42985.0,42965.0,42970.0,42970.0,8442
2025-08-22 02:40:00,42970.0,42975.0,42950.0,42970.0,42970.0,49009
2025-08-22 02:42:00,42970.0,42980.0,42957.0,42975.0,42975.0,13390
2025-08-22 02:44:00,42980.0,42985.0,42965.0,42975.0,42975.0,15184
2025-08-22 02:46:00,42980.0,42995.0,42965.0,42990.0,42990.0,10975
2025-08-22 02:48:00,42990.0,43000.0,42990.0,42990.0,42990.0,11729
2025-08-22 02:50:00,42990.0,43000.0,42980.0,42995.0,42995.0,8108
2025-08-22 02:52:00,43000.0,43005.0,42965.0,42970.0,42970.0,10516
2025-08-22 02:54:00,42965.0,42975.0,42955.0,42960.0,42960.0,3617
2025-08-22 02:56:00,42955.0,42960.0,42925.0,42925.0,42925.0,14406
2025-08-22 02:58:00,42935.0,42945.0,42910.0,42920.0,42920.0,18299
2025-08-22 03:00:00,42920.0,42935.0,42915.0,42925.0,42925.0,5874
2025-08-22 03:02:00,42920.0,42930.0,42905.0,42915.0,42915.0,10902
2025-08-22 03:04:00,42915.0,42930.0,42915.0,42920.0,42920.0,5423
2025-08-22 03:06:00,42920.0,42935.0,42910.0,42910.0,42910.0,8481
2025-08-22 03:08:00,42910.0,42925.0,42905.0,42920.0,42920.0,7122
2025-08-22 03:10:00,42915.0,42925.0,42900.0,42900.0,42900.0,29132
2025-08-22 03:12:00,42900.0,42920.0,42900.0,42920.0,42920.0,8280
2025-08-22 03:14:00,42920.0,42930.0,42915.0,42930.0,42930.0,12000
2025-08-22 03:16:00,42935.0,42935.0,42910.0,42910.0,42910.0,19072
2025-08-22 03:18:00,42905.0,42925.0,42900.0,42900.0,42900.0,8787
2025-08-22 03:20:00,42900.0,42900.0,42865.0,42885.0,42885.0,40537
2025-08-22 03:22:00,42885.0,42890.0,42880.0,42890.0,42890.0,30359
2025-08-22 03:24:00,42880.0,42895.0,42875.0,42890.0,42890.0,46827
2025-08-22 03:26:00,42880.0,42885.0,42870.0,42880.0,42880.0,4729
2025-08-22 03:28:00,42882.0,42895.0,42880.0,42895.0,42895.0,9472
2025-08-22 03:30:00,42895.0,42905.0,42880.0,42890.0,42890.0,11636
2025-08-22 03:32:00,42885.0,42905.0,42880.0,42905.0,42905.0,9634
2025-08-22 03:34:00,42905.0,42910.0,42895.0,42905.0,42905.0,7096
2025-08-22 03:36:00,42905.0,42930.0,42905.0,42920.0,42920.0,26983
2025-08-22 03:38:00,42920.0,42930.0,42915.0,42925.0,42925.0,3537
2025-08-22 03:40:00,42920.0,42925.0,42900.0,42905.0,42905.0,24036
2025-08-22 03:42:00,42910.0,42910.0,42880.0,42885.0,42885.0,8101
2025-08-22 03:44:00,42880.0,42890.0,42870.0,42875.0,42875.0,21710
2025-08-22 03:46:00,42870.0,42895.0,42870.0,42885.0,42885.0,6567
2025-08-22 03:48:00,42885.0,42890.0,42870.0,42890.0,42890.0,19134
2025-08-22 03:50:00,42885.0,42895.0,42875.0,42885.0,42885.0,6467
2025-08-22 03:52:00,42885.0,42885.0,42857.0,42865.0,42865.0,11553
2025-08-22 03:54:00,42860.0,42870.0,42855.0,42865.0,42865.0,7985
2025-08-22 03:56:00,42870.0,42875.0,42850.0,42865.0,42865.0,27392
2025-08-22 03:58:00,42865.0,42865.0,42835.0,42840.0,42840.0,21350
2025-08-22 04:00:00,42845.0,42870.0,42840.0,42870.0,42870.0,11463
2025-08-22 04:02:00,42865.0,42885.0,42860.0,42885.0,42885.0,7668
2025-08-22 04:04:00,42885.0,42895.0,42875.0,42875.0,42875.0,27482
2025-08-22 04:06:00,42875.0,42880.0,42855.0,42870.0,42870.0,9106
2025-08-22 04:08:00,42870.0,42905.0,42870.0,42900.0,42900.0,12143
2025-08-22 04:10:00,42905.0,42910.0,42895.0,42900.0,42900.0,6557
2025-08-22 04:12:00,42905.0,42905.0,42865.0,42875.0,42875.0,7154
2025-08-22 04:14:00,42870.0,42880.0,42860.0,42875.0,42875.0,7672
2025-08-22 04:16:00,42880.0,42885.0,42860.0,42865.0,42865.0,9335
2025-08-22 04:18:00,42870.0,42875.0,42860.0,42865.0,42865.0,7322
2025-08-22 04:20:00,42860.0,42870.0,42855.0,42860.0,42860.0,3944
2025-08-22 04:22:00,42855.0,42885.0,42845.0,42880.0,42880.0,10287
2025-08-22 04:24:00,42885.0,42895.0,42865.0,42865.0,42865.0,5062
2025-08-22 04:26:00,42865.0,42875.0,42860.0,42860.0,42860.0,1678
2025-08-22 04:28:00,42860.0,42865.0,42840.0,42860.0,42860.0,7866
2025-08-22 04:30:00,42865.0,42870.0,42840.0,42840.0,42840.0,7181
2025-08-22 04:32:00,42835.0,42850.0,42830.0,42845.0,42845.0,16420
2025-08-22 04:34:00,42845.0,42850.0,42820.0,42840.0,42840.0,3505
2025-08-22 04:36:00,42840.0,42850.0,42830.0,42840.0,42840.0,4792
2025-08-22 04:38:00,42840.0,42860.0,42835.0,42855.0,42855.0,17366
2025-08-22 04:40:00,42855.0,42875.0,42850.0,42860.0,42860.0,7552
2025-08-22 04:42:00,42860.0,42865.0,42850.0,42850.0,42850.0,4299
2025-08-22 04:44:00,42855.0,42875.0,42845.0,42870.0,42870.0,18377
2025-08-22 04:46:00,42875.0,42890.0,42870.0,42880.0,42880.0,19783
2025-08-22 04:48:00,42875.0,42895.0,42875.0,42895.0,42895.0,17893
2025-08-22 04:50:00,42895.0,42920.0,42890.0,42915.0,42915.0,22931
2025-08-22 04:52:00,42920.0,42945.0,42915.0,42930.0,42930.0,15911
2025-08-22 04:54:00,42935.0,42945.0,42920.0,42935.0,42935.0,20081
2025-08-22 04:56:00,42935.0,42940.0,42915.0,42920.0,42920.0,12296
2025-08-22 04:58:00,42920.0,42935.0,42910.0,42925.0,42925.0,4325
2025-08-22 05:00:00,42935.0,42965.0,42930.0,42960.0,42960.0,16875
2025-08-22 05:02:00,42960.0,43000.0,42955.0,42980.0,42980.0,41000
2025-08-22 05:04:00,42975.0,42995.0,42970.0,42975.0,42975.0,15966
2025-08-22 05:06:00,42975.0,42985.0,42965.0,42980.0,42980.0,8593
2025-08-22 05:08:00,42975.0,42995.0,42970.0,42990.0,42990.0,13796
2025-08-22 05:10:00,42985.0,42995.0,42980.0,42990.0,42990.0,17202
2025-08-22 05:12:00,42990.0,43000.0,42970.0,42980.0,42980.0,10646
2025-08-22 05:14:00,42980.0,43005.0,42980.0,42990.0,42990.0,17999
2025-08-22 05:16:00,42985.0,43000.0,42970.0,42990.0,42990.0,4354
2025-08-22 05:18:00,42990.0,43015.0,42975.0,42985.0,42985.0,17028
2025-08-22 05:20:00,42985.0,42995.0,42975.0,42990.0,42990.0,11849
2025-08-22 05:22:00,42995.0,43005.0,42985.0,42985.0,42985.0,13467
2025-08-22 05:24:00,42985.0,42990.0,42965.0,42975.0,42975.0,2612
2025-08-22 05:26:00,42975.0,43010.0,42975.0,43005.0,43005.0,16377
2025-08-22 05:28:00,43000.0,43020.0,43000.0,43005.0,43005.0,8403
2025-08-22 05:30:00,43005.0,43015.0,43000.0,43010.0,43010.0,7708
2025-08-22 05:32:00,43005.0,43010.0,42995.0,43005.0,43005.0,2401
2025-08-22 05:34:00,43005.0,43025.0,42995.0,43025.0,43025.0,10215
2025-08-22 05:36:00,43025.0,43025.0,43000.0,43010.0,43010.0,7293
2025-08-22 05:38:00,43010.0,43015.0,42995.0,42995.0,42995.0,40425
2025-08-22 05:40:00,42995.0,43000.0,42980.0,42995.0,42995.0,57482
2025-08-22 05:42:00,42995.0,43015.0,42995.0,43015.0,43015.0,19690
2025-08-22 05:44:00,43015.0,43020.0,43000.0,43015.0,43015.0,15285
2025-08-22 05:46:00,43010.0,43025.0,43005.0,43025.0,43025.0,25442
2025-08-22 05:48:00,43025.0,43035.0,43015.0,43025.0,43025.0,60646
2025-08-22 05:50:00,43025.0,43035.0,43020.0,43025.0,43025.0,10994
2025-08-22 05:52:00,43027.0,43035.0,43010.0,43025.0,43025.0,5662
2025-08-22 05:54:00,43020.0,43025.0,43005.0,43010.0,43010.0,29394
2025-08-22 05:56:00,43005.0,43010.0,42990.0,42990.0,42990.0,15505
2025-08-22 05:58:00,42985.0,42990.0,42975.0,42985.0,42985.0,34807
2025-08-25 00:00:00,43335.0,43335.0,43210.0,43300.0,43300.0,338207
2025-08-25 00:02:00,43305.0,43335.0,43240.0,43250.0,43250.0,76114
2025-08-25 00:04:00,43255.0,43255.0,43185.0,43190.0,43190.0,98939
2025-08-25 00:06:00,43190.0,43265.0,43175.0,43240.0,43240.0,57878
2025-08-25 00:08:00,43240.0,43265.0,43220.0,43240.0,43240.0,61638
2025-08-25 00:10:00,43240.0,43310.0,43240.0,43265.0,43265.0,59756
2025-08-25 00:12:00,43270.0,43285.0,43230.0,43260.0,43260.0,37438
2025-08-25 00:14:00,43265.0,43280.0,43225.0,43225.0,43225.0,30217
2025-08-25 00:16:00,43225.0,43235.0,43165.0,43180.0,43180.0,34035
2025-08-25 00:18:00,43180.0,43195.0,43135.0,43150.0,43150.0,30383
2025-08-25 00:20:00,43150.0,43215.0,43145.0,43200.0,43200.0,30939
2025-08-25 00:22:00,43205.0,43250.0,43200.0,43215.0,43215.0,78001
2025-08-25 00:24:00,43220.0,43280.0,43220.0,43280.0,43280.0,39419
2025-08-25 00:26:00,43270.0,43295.0,43245.0,43265.0,43265.0,27955
2025-08-25 00:28:00,43260.0,43285.0,43260.0,43280.0,43280.0,16002
2025-08-25 00:30:00,43280.0,43330.0,43265.0,43310.0,43310.0,52121
2025-08-25 00:32:00,43320.0,43320.0,43280.0,43300.0,43300.0,74168
2025-08-25 00:34:00,43295.0,43325.0,43290.0,43315.0,43315.0,36346
2025-08-25 00:36:00,43305.0,43320.0,43260.0,43305.0,43305.0,19623
2025-08-25 00:38:00,43305.0,43315.0,43265.0,43285.0,43285.0,25677
2025-08-25 00:40:00,43280.0,43315.0,43275.0,43300.0,43300.0,29652
2025-08-25 00:42:00,43305.0,43340.0,43295.0,43305.0,43305.0,56610
2025-08-25 00:44:00,43300.0,43300.0,43270.0,43270.0,43270.0,28513
2025-08-25 00:46:00,43270.0,43305.0,43260.0,43300.0,43300.0,25290
2025-08-25 00:48:00,43295.0,43305.0,43270.0,43300.0,43300.0,20966
2025-08-25 00:50:00,43300.0,43300.0,43275.0,43275.0,43275.0,10183
2025-08-25 00:52:00,43270.0,43280.0,43250.0,43260.0,43260.0,8500
2025-08-25 00:54:00,43255.0,43330.0,43255.0,43325.0,43325.0,40530
2025-08-25 00:56:00,43320.0,43345.0,43320.0,43340.0,43340.0,35072
2025-08-25 00:58:00,43340.0,43345.0,43330.0,43340.0,43340.0,23124
2025-08-25 01:00:00,43335.0,43345.0,43305.0,43310.0,43310.0,3924
2025-08-25 01:02:00,43310.0,43310.0,43275.0,43275.0,43275.0,19570
2025-08-25 01:04:00,43275.0,43310.0,43265.0,43310.0,43310.0,6653
2025-08-25 01:06:00,43310.0,43335.0,43295.0,43325.0,43325.0,84684
2025-08-25 01:08:00,43320.0,43325.0,43275.0,43280.0,43280.0,10956
2025-08-25 01:10:00,43280.0,43280.0,43225.0,43235.0,43235.0,30468
2025-08-25 01:12:00,43240.0,43260.0,43230.0,43245.0,43245.0,7005
2025-08-25 01:14:00,43240.0,43250.0,43215.0,43220.0,43220.0,38249
2025-08-25 01:16:00,43210.0,43240.0,43210.0,43235.0,43235.0,19505
2025-08-25 01:18:00,43235.0,43255.0,43230.0,43235.0,43235.0,51438
2025-08-25 01:20:00,43235.0,43260.0,43225.0,43230.0,43230.0,76767
2025-08-25 01:22:00,43235.0,43285.0,43220.0,43270.0,43270.0,52409
2025-08-25 01:24:00,43270.0,43290.0,43255.0,43290.0,43290.0,16611
2025-08-25 01:26:00,43285.0,43350.0,43285.0,43330.0,43330.0,48802
2025-08-25 01:28:00,43330.0,43330.0,43295.0,43305.0,43305.0,7072
2025-08-25 01:30:00,43300.0,43310.0,43265.0,43285.0,43285.0,16574
2025-08-25 01:32:00,43290.0,43290.0,43250.0,43250.0,43250.0,11226
2025-08-25 01:34:00,43245.0,43250.0,43210.0,43220.0,43220.0,18740
2025-08-25 01:36:00,43215.0,43230.0,43195.0,43210.0,43210.0,28192
2025-08-25 01:38:00,43210.0,43235.0,43200.0,43235.0,43235.0,18748
2025-08-25 01:40:00,43240.0,43250.0,43230.0,43240.0,43240.0,13732
2025-08-25 01:42:00,43240.0,43245.0,43225.0,43225.0,43225.0,17859
2025-08-25 01:44:00,43225.0,43235.0,43220.0,43230.0,43230.0,3600
2025-08-25 01:46:00,43235.0,43245.0,43220.0,43230.0,43230.0,8938
2025-08-25 01:48:00,43235.0,43285.0,43230.0,43280.0,43280.0,17840
2025-08-25 01:50:00,43280.0,43315.0,43275.0,43305.0,43305.0,34485
2025-08-25 01:52:00,43305.0,43310.0,43280.0,43305.0,43305.0,11552
2025-08-25 01:54:00,43300.0,43325.0,43295.0,43315.0,43315.0,24135
2025-08-25 01:56:00,43310.0,43310.0,43285.0,43300.0,43300.0,7621
2025-08-25 01:58:00,43295.0,43320.0,43295.0,43300.0,43300.0,9423
2025-08-25 02:00:00,43305.0,43330.0,43295.0,43330.0,43330.0,9263
2025-08-25 02:02:00,43325.0,43350.0,43325.0,43350.0,43350.0,26683
2025-08-25 02:04:00,43350.0,43375.0,43345.0,43375.0,43375.0,88199
2025-08-25 02:06:00,43375.0,43385.0,43360.0,43370.0,43370.0,17906
2025-08-25 02:08:00,43370.0,43400.0,43365.0,43400.0,43400.0,51841
2025-08-25 02:10:00,43400.0,43405.0,43380.0,43380.0,43380.0,103163
2025-08-25 02:12:00,43380.0,43400.0,43375.0,43390.0,43390.0,56407
2025-08-25 02:14:00,43390.0,43405.0,43385.0,43400.0,43400.0,13770
2025-08-25 02:16:00,43390.0,43415.0,43385.0,43405.0,43405.0,12973
2025-08-25 02:18:00,43405.0,43415.0,43395.0,43405.0,43405.0,7315
2025-08-25 02:20:00,43395.0,43410.0,43385.0,43390.0,43390.0,13083
2025-08-25 02:22:00,43390.0,43405.0,43380.0,43380.0,43380.0,16413
2025-08-25 02:24:00,43380.0,43400.0,43360.0,43400.0,43400.0,11926
2025-08-25 02:26:00,43390.0,43400.0,43385.0,43385.0,43385.0,4500
2025-08-25 02:28:00,43390.0,43395.0,43375.0,43375.0,43375.0,10400
2025-08-25 02:30:00,43375.0,43395.0,43375.0,43395.0,43395.0,5380
2025-08-25 02:32:00,43385.0,43405.0,43385.0,43390.0,43390.0,10440
2025-08-25 02:34:00,43395.0,43420.0,43395.0,43410.0,43410.0,14421
2025-08-25 02:36:00,43405.0,43420.0,43395.0,43395.0,43395.0,23877
2025-08-25 02:38:00,43397.0,43410.0,43390.0,43395.0,43395.0,3950
2025-08-25 02:40:00,43397.0,43430.0,43395.0,43425.0,43425.0,31515
2025-08-25 02:42:00,43430.0,43430.0,43400.0,43405.0,43405.0,9461
2025-08-25 02:44:00,43405.0,43425.0,43405.0,43415.0,43415.0,3716
2025-08-25 02:46:00,43415.0,43430.0,43410.0,43415.0,43415.0,6903
2025-08-25 02:48:00,43410.0,43415.0,43400.0,43410.0,43410.0,5049
2025-08-25 02:50:00,43410.0,43415.0,43395.0,43400.0,43400.0,10418
2025-08-25 02:52:00,43405.0,43415.0,43390.0,43395.0,43395.0,8028
2025-08-25 02:54:00,43395.0,43410.0,43380.0,43385.0,43385.0,6426
2025-08-25 02:56:00,43385.0,43395.0,43380.0,43390.0,43390.0,7403
2025-08-25 02:58:00,43385.0,43400.0,43385.0,43395.0,43395.0,3765
2025-08-25 03:00:00,43400.0,43405.0,43390.0,43405.0,43405.0,4282
2025-08-25 03:02:00,43400.0,43405.0,43390.0,43400.0,43400.0,2835
2025-08-25 03:04:00,43400.0,43410.0,43380.0,43380.0,43380.0,6466
2025-08-25 03:06:00,43380.0,43390.0,43370.0,43375.0,43375.0,11083
2025-08-25 03:08:00,43370.0,43390.0,43365.0,43385.0,43385.0,5188
2025-08-25 03:10:00,43380.0,43400.0,43380.0,43395.0,43395.0,5852
2025-08-25 03:12:00,43395.0,43420.0,43395.0,43415.0,43415.0,11122
2025-08-25 03:14:00,43410.0,43410.0,43385.0,43390.0,43390.0,10098
2025-08-25 03:16:00,43390.0,43395.0,43365.0,43365.0,43365.0,13113
2025-08-25 03:18:00,43370.0,43380.0,43360.0,43362.0,43362.0,27092
2025-08-25 03:20:00,43362.0,43375.0,43360.0,43365.0,43365.0,4937
2025-08-25 03:22:00,43370.0,43375.0,43355.0,43370.0,43370.0,9663
2025-08-25 03:24:00,43375.0,43395.0,43370.0,43395.0,43395.0,6565
2025-08-25 03:26:00,43400.0,43420.0,43390.0,43420.0,43420.0,11572
2025-08-25 03:28:00,43420.0,43420.0,43405.0,43415.0,43415.0,4794
2025-08-25 03:30:00,43415.0,43420.0,43390.0,43400.0,43400.0,9000
2025-08-25 03:32:00,43400.0,43405.0,43380.0,43390.0,43390.0,13131
2025-08-25 03:34:00,43390.0,43390.0,43360.0,43370.0,43370.0,52151
2025-08-25 03:36:00,43370.0,43375.0,43355.0,43365.0,43365.0,5403
2025-08-25 03:38:00,43370.0,43390.0,43370.0,43380.0,43380.0,26150
2025-08-25 03:40:00,43385.0,43410.0,43380.0,43405.0,43405.0,15005
2025-08-25 03:42:00,43400.0,43420.0,43400.0,43415.0,43415.0,11324
2025-08-25 03:44:00,43420.0,43455.0,43420.0,43445.0,43445.0,88340
2025-08-25 03:46:00,43445.0,43460.0,43440.0,43440.0,43440.0,17134
2025-08-25 03:48:00,43440.0,43465.0,43440.0,43460.0,43460.0,13940
2025-08-25 03:50:00,43460.0,43465.0,43450.0,43455.0,43455.0,12133
2025-08-25 03:52:00,43460.0,43465.0,43445.0,43455.0,43455.0,18176
2025-08-25 03:54:00,43455.0,43470.0,43450.0,43460.0,43460.0,13479
2025-08-25 03:56:00,43465.0,43480.0,43455.0,43460.0,43460.0,7821
2025-08-25 03:58:00,43465.0,43470.0,43460.0,43465.0,43465.0,2765
2025-08-25 04:00:00,43460.0,43470.0,43450.0,43470.0,43470.0,9552
2025-08-25 04:02:00,43470.0,43485.0,43465.0,43475.0,43475.0,19010
2025-08-25 04:04:00,43480.0,43485.0,43470.0,43480.0,43480.0,9663
2025-08-25 04:06:00,43475.0,43485.0,43465.0,43475.0,43475.0,10317
2025-08-25 04:08:00,43475.0,43475.0,43465.0,43465.0,43465.0,9446
2025-08-25 04:10:00,43470.0,43470.0,43445.0,43450.0,43450.0,10694
2025-08-25 04:12:00,43450.0,43455.0,43440.0,43450.0,43450.0,11825
2025-08-25 04:14:00,43450.0,43455.0,43440.0,43440.0,43440.0,38865
2025-08-25 04:16:00,43445.0,43455.0,43440.0,43455.0,43455.0,7215
2025-08-25 04:18:00,43455.0,43455.0,43425.0,43435.0,43435.0,33322
2025-08-25 04:20:00,43430.0,43440.0,43420.0,43420.0,43420.0,34515
2025-08-25 04:22:00,43420.0,43440.0,43420.0,43420.0,43420.0,3975
2025-08-25 04:24:00,43430.0,43430.0,43405.0,43410.0,43410.0,8628
2025-08-25 04:26:00,43405.0,43415.0,43405.0,43410.0,43410.0,11579
2025-08-25 04:28:00,43405.0,43405.0,43390.0,43395.0,43395.0,27307
2025-08-25 04:30:00,43390.0,43415.0,43385.0,43405.0,43405.0,16150
2025-08-25 04:32:00,43410.0,43410.0,43400.0,43400.0,43400.0,6310
2025-08-25 04:34:00,43400.0,43410.0,43380.0,43385.0,43385.0,14300
2025-08-25 04:36:00,43380.0,43410.0,43380.0,43405.0,43405.0,5076
2025-08-25 04:38:00,43400.0,43420.0,43400.0,43410.0,43410.0,12913
2025-08-25 04:40:00,43410.0,43435.0,43410.0,43415.0,43415.0,12217
2025-08-25 04:42:00,43420.0,43425.0,43410.0,43425.0,43425.0,6965
2025-08-25 04:44:00,43425.0,43435.0,43420.0,43425.0,43425.0,5170
2025-08-25 04:46:00,43420.0,43440.0,43420.0,43430.0,43430.0,3483
2025-08-25 04:48:00,43425.0,43435.0,43425.0,43435.0,43435.0,5072
2025-08-25 04:50:00,43435.0,43445.0,43425.0,43440.0,43440.0,17617
2025-08-25 04:52:00,43440.0,43445.0,43430.0,43435.0,43435.0,10786
2025-08-25 04:54:00,43440.0,43445.0,43420.0,43425.0,43425.0,14950
2025-08-25 04:56:00,43420.0,43435.0,43410.0,43415.0,43415.0,6614
2025-08-25 04:58:00,43415.0,43420.0,43405.0,43405.0,43405.0,9022
2025-08-25 05:00:00,43405.0,43425.0,43405.0,43410.0,43410.0,8501
2025-08-25 05:02:00,43415.0,43425.0,43405.0,43420.0,43420.0,6648
2025-08-25 05:04:00,43415.0,43425.0,43405.0,43410.0,43410.0,5173
2025-08-25 05:06:00,43410.0,43425.0,43410.0,43420.0,43420.0,4258
2025-08-25 05:08:00,43420.0,43430.0,43415.0,43425.0,43425.0,78825
2025-08-25 05:10:00,43430.0,43430.0,43415.0,43425.0,43425.0,6972
2025-08-25 05:12:00,43425.0,43430.0,43405.0,43415.0,43415.0,18598
2025-08-25 05:14:00,43420.0,43430.0,43410.0,43420.0,43420.0,11422
2025-08-25 05:16:00,43420.0,43425.0,43400.0,43405.0,43405.0,20100
2025-08-25 05:18:00,43400.0,43410.0,43390.0,43405.0,43405.0,21925
2025-08-25 05:20:00,43415.0,43415.0,43400.0,43400.0,43400.0,5550
2025-08-25 05:22:00,43400.0,43405.0,43390.0,43400.0,43400.0,29627
2025-08-25 05:24:00,43395.0,43400.0,43390.0,43390.0,43390.0,5206
2025-08-25 05:26:00,43395.0,43395.0,43375.0,43390.0,43390.0,10388
2025-08-25 05:28:00,43390.0,43390.0,43375.0,43380.0,43380.0,11568
2025-08-25 05:30:00,43380.0,43390.0,43365.0,43385.0,43385.0,34117
2025-08-25 05:32:00,43390.0,43405.0,43380.0,43395.0,43395.0,9711
2025-08-25 05:34:00,43395.0,43395.0,43370.0,43370.0,43370.0,23451
2025-08-25 05:36:00,43375.0,43380.0,43360.0,43370.0,43370.0,11330
2025-08-25 05:38:00,43365.0,43375.0,43355.0,43365.0,43365.0,6049
2025-08-25 05:40:00,43365.0,43380.0,43360.0,43380.0,43380.0,9074
2025-08-25 05:42:00,43380.0,43380.0,43360.0,43370.0,43370.0,4255
2025-08-25 05:44:00,43375.0,43385.0,43370.0,43375.0,43375.0,25574
2025-08-25 05:46:00,43375.0,43385.0,43370.0,43380.0,43380.0,14819
2025-08-25 05:48:00,43380.0,43385.0,43365.0,43365.0,43365.0,15829
2025-08-25 05:50:00,43370.0,43380.0,43360.0,43370.0,43370.0,18401
2025-08-25 05:52:00,43375.0,43380.0,43365.0,43370.0,43370.0,5856
2025-08-25 05:54:00,43370.0,43380.0,43365.0,43370.0,43370.0,35291
2025-08-25 05:56:00,43380.0,43400.0,43370.0,43400.0,43400.0,21155
2025-08-25 05:58:00,43395.0,43405.0,43390.0,43400.0,43400.0,14375
2025-08-26 00:00:00,43350.0,43400.0,43210.0,43290.0,43290.0,123884
2025-08-26 00:02:00,43280.0,43325.0,43250.0,43275.0,43275.0,60427
2025-08-26 00:04:00,43270.0,43290.0,43210.0,43245.0,43245.0,48902
2025-08-26 00:06:00,43240.0,43285.0,43210.0,43230.0,43230.0,72638
2025-08-26 00:08:00,43225.0,43235.0,43150.0,43215.0,43215.0,124933
2025-08-26 00:10:00,43215.0,43215.0,43130.0,43135.0,43135.0,82367
2025-08-26 00:12:00,43140.0,43170.0,43130.0,43165.0,43165.0,41328
2025-08-26 00:14:00,43165.0,43215.0,43135.0,43210.0,43210.0,47456
2025-08-26 00:16:00,43210.0,43230.0,43175.0,43225.0,43225.0,39047
2025-08-26 00:18:00,43220.0,43255.0,43215.0,43230.0,43230.0,61983
2025-08-26 00:20:00,43225.0,43260.0,43215.0,43230.0,43230.0,71877
2025-08-26 00:22:00,43235.0,43270.0,43210.0,43225.0,43225.0,78992
2025-08-26 00:24:00,43220.0,43225.0,43150.0,43165.0,43165.0,41108
2025-08-26 00:26:00,43165.0,43205.0,43155.0,43205.0,43205.0,23654
2025-08-26 00:28:00,43210.0,43265.0,43210.0,43260.0,43260.0,40415
2025-08-26 00:30:00,43260.0,43325.0,43260.0,43300.0,43300.0,69301
2025-08-26 00:32:00,43300.0,43325.0,43220.0,43285.0,43285.0,311255
2025-08-26 00:34:00,43285.0,43305.0,43235.0,43250.0,43250.0,37931
2025-08-26 00:36:00,43245.0,43280.0,43245.0,43280.0,43280.0,7109
2025-08-26 00:38:00,43280.0,43280.0,43245.0,43260.0,43260.0,14496
2025-08-26 00:40:00,43260.0,43260.0,43160.0,43165.0,43165.0,123475
2025-08-26 00:42:00,43160.0,43160.0,43060.0,43135.0,43135.0,121583
2025-08-26 00:44:00,43135.0,43140.0,43060.0,43060.0,43060.0,51582
2025-08-26 00:46:00,43055.0,43065.0,43035.0,43050.0,43050.0,52302
2025-08-26 00:48:00,43050.0,43080.0,43035.0,43065.0,43065.0,45440
2025-08-26 00:50:00,43070.0,43110.0,43070.0,43095.0,43095.0,68377
2025-08-26 00:52:00,43100.0,43110.0,43090.0,43105.0,43105.0,33513
2025-08-26 00:54:00,43100.0,43160.0,43100.0,43145.0,43145.0,44753
2025-08-26 00:56:00,43155.0,43170.0,43140.0,43165.0,43165.0,12811
2025-08-26 00:58:00,43165.0,43180.0,43160.0,43170.0,43170.0,20391
2025-08-26 01:00:00,43170.0,43240.0,43155.0,43235.0,43235.0,49596
2025-08-26 01:02:00,43235.0,43250.0,43210.0,43225.0,43225.0,30442
2025-08-26 01:04:00,43220.0,43230.0,43205.0,43220.0,43220.0,10870
2025-08-26 01:06:00,43220.0,43225.0,43190.0,43195.0,43195.0,19993
2025-08-26 01:08:00,43200.0,43200.0,43175.0,43195.0,43195.0,11650
2025-08-26 01:10:00,43190.0,43195.0,43165.0,43195.0,43195.0,10331
2025-08-26 01:12:00,43195.0,43195.0,43150.0,43155.0,43155.0,23435
2025-08-26 01:14:00,43152.0,43190.0,43145.0,43160.0,43160.0,19415
2025-08-26 01:16:00,43160.0,43160.0,43140.0,43145.0,43145.0,25727
2025-08-26 01:18:00,43145.0,43165.0,43130.0,43140.0,43140.0,10194
2025-08-26 01:20:00,43140.0,43145.0,43110.0,43145.0,43145.0,37930
2025-08-26 01:22:00,43145.0,43145.0,43105.0,43117.0,43117.0,33616
2025-08-26 01:24:00,43117.0,43120.0,43060.0,43090.0,43090.0,74614
2025-08-26 01:26:00,43090.0,43115.0,43085.0,43115.0,43115.0,22892
2025-08-26 01:28:00,43115.0,43135.0,43105.0,43135.0,43135.0,19268
2025-08-26 01:30:00,43130.0,43130.0,43105.0,43120.0,43120.0,11936
2025-08-26 01:32:00,43120.0,43135.0,43105.0,43110.0,43110.0,10648
2025-08-26 01:34:00,43110.0,43140.0,43095.0,43125.0,43125.0,32105
2025-08-26 01:36:00,43125.0,43150.0,43110.0,43120.0,43120.0,8019
2025-08-26 01:38:00,43120.0,43135.0,43110.0,43115.0,43115.0,46816
2025-08-26 01:40:00,43115.0,43155.0,43110.0,43155.0,43155.0,31986
2025-08-26 01:42:00,43155.0,43170.0,43145.0,43150.0,43150.0,35410
2025-08-26 01:44:00,43150.0,43160.0,43140.0,43145.0,43145.0,5553
2025-08-26 01:46:00,43145.0,43150.0,43110.0,43120.0,43120.0,6891
2025-08-26 01:48:00,43125.0,43140.0,43120.0,43135.0,43135.0,20807
2025-08-26 01:50:00,43135.0,43160.0,43135.0,43135.0,43135.0,18936
2025-08-26 01:52:00,43140.0,43140.0,43080.0,43080.0,43080.0,25747
2025-08-26 01:54:00,43095.0,43110.0,43085.0,43090.0,43090.0,4165
2025-08-26 01:56:00,43090.0,43110.0,43085.0,43095.0,43095.0,11203
2025-08-26 01:58:00,43085.0,43100.0,43070.0,43080.0,43080.0,50973
2025-08-26 02:00:00,43080.0,43090.0,43080.0,43090.0,43090.0,56054
2025-08-26 02:02:00,43085.0,43105.0,43080.0,43100.0,43100.0,46725
2025-08-26 02:04:00,43110.0,43115.0,43095.0,43110.0,43110.0,32215
2025-08-26 02:06:00,43105.0,43120.0,43100.0,43105.0,43105.0,13432
2025-08-26 02:08:00,43105.0,43120.0,43095.0,43115.0,43115.0,29944
2025-08-26 02:10:00,43115.0,43140.0,43110.0,43130.0,43130.0,26402
2025-08-26 02:12:00,43135.0,43135.0,43090.0,43100.0,43100.0,5900
2025-08-26 02:14:00,43100.0,43135.0,43100.0,43125.0,43125.0,26094
2025-08-26 02:16:00,43120.0,43120.0,43100.0,43100.0,43100.0,4815
2025-08-26 02:18:00,43100.0,43110.0,43090.0,43105.0,43105.0,8984
2025-08-26 02:20:00,43095.0,43110.0,43080.0,43095.0,43095.0,9799
2025-08-26 02:22:00,43095.0,43095.0,43075.0,43080.0,43080.0,19199
2025-08-26 02:24:00,43080.0,43080.0,42985.0,43005.0,43005.0,110888
2025-08-26 02:26:00,43005.0,43055.0,42995.0,43055.0,43055.0,42587
2025-08-26 02:28:00,43055.0,43085.0,43050.0,43070.0,43070.0,18428
2025-08-26 02:30:00,43065.0,43070.0,43025.0,43030.0,43030.0,8755
2025-08-26 02:32:00,43035.0,43035.0,43005.0,43025.0,43025.0,7723
2025-08-26 02:34:00,43015.0,43035.0,43015.0,43025.0,43025.0,8219
2025-08-26 02:36:00,43020.0,43030.0,43005.0,43030.0,43030.0,8166
2025-08-26 02:38:00,43035.0,43055.0,43025.0,43045.0,43045.0,9272
2025-08-26 02:40:00,43045.0,43050.0,43030.0,43035.0,43035.0,3153
2025-08-26 02:42:00,43035.0,43050.0,43030.0,43045.0,43045.0,2371
2025-08-26 02:44:00,43045.0,43055.0,43040.0,43050.0,43050.0,7797
2025-08-26 02:46:00,43045.0,43070.0,43045.0,43065.0,43065.0,9309
2025-08-26 02:48:00,43065.0,43080.0,43060.0,43070.0,43070.0,25306
2025-08-26 02:50:00,43080.0,43085.0,43070.0,43070.0,43070.0,12994
2025-08-26 02:52:00,43065.0,43075.0,43055.0,43055.0,43055.0,15709
2025-08-26 02:54:00,43055.0,43060.0,43025.0,43050.0,43050.0,20119
2025-08-26 02:56:00,43040.0,43055.0,43030.0,43040.0,43040.0,4048
2025-08-26 02:58:00,43045.0,43075.0,43040.0,43070.0,43070.0,6447
2025-08-26 03:00:00,43070.0,43095.0,43065.0,43075.0,43075.0,12119
2025-08-26 03:02:00,43075.0,43085.0,43055.0,43080.0,43080.0,6240
2025-08-26 03:04:00,43080.0,43090.0,43070.0,43090.0,43090.0,1819
2025-08-26 03:06:00,43085.0,43090.0,43075.0,43080.0,43080.0,10518
2025-08-26 03:08:00,43075.0,43080.0,43065.0,43070.0,43070.0,4146
2025-08-26 03:10:00,43070.0,43085.0,43055.0,43055.0,43055.0,18194
2025-08-26 03:12:00,43055.0,43065.0,43050.0,43060.0,43060.0,16795
2025-08-26 03:14:00,43055.0,43060.0,43035.0,43045.0,43045.0,3397
2025-08-26 03:16:00,43045.0,43050.0,43035.0,43040.0,43040.0,11269
2025-08-26 03:18:00,43040.0,43045.0,43025.0,43030.0,43030.0,8763
2025-08-26 03:20:00,43030.0,43035.0,43020.0,43035.0,43035.0,12723
2025-08-26 03:22:00,43035.0,43040.0,43030.0,43030.0,43030.0,27838
2025-08-26 03:24:00,43032.0,43055.0,43030.0,43050.0,43050.0,17323
2025-08-26 03:26:00,43050.0,43075.0,43050.0,43075.0,43075.0,18306
2025-08-26 03:28:00,43070.0,43090.0,43065.0,43080.0,43080.0,31893
2025-08-26 03:30:00,43080.0,43115.0,43075.0,43095.0,43095.0,42693
2025-08-26 03:32:00,43095.0,43095.0,43085.0,43095.0,43095.0,3668
2025-08-26 03:34:00,43090.0,43105.0,43090.0,43100.0,43100.0,6088
2025-08-26 03:36:00,43100.0,43120.0,43095.0,43115.0,43115.0,10217
2025-08-26 03:38:00,43115.0,43125.0,43105.0,43115.0,43115.0,16296
2025-08-26 03:40:00,43115.0,43115.0,43100.0,43110.0,43110.0,2145
2025-08-26 03:42:00,43110.0,43115.0,43100.0,43115.0,43115.0,21816
2025-08-26 03:44:00,43115.0,43115.0,43100.0,43100.0,43100.0,39616
2025-08-26 03:46:00,43105.0,43130.0,43100.0,43130.0,43130.0,9071
2025-08-26 03:48:00,43130.0,43140.0,43120.0,43135.0,43135.0,28460
2025-08-26 03:50:00,43135.0,43155.0,43130.0,43150.0,43150.0,10329
2025-08-26 03:52:00,43150.0,43150.0,43110.0,43117.0,43117.0,8091
2025-08-26 03:54:00,43120.0,43125.0,43090.0,43090.0,43090.0,12312
2025-08-26 03:56:00,43095.0,43100.0,43090.0,43095.0,43095.0,2735
2025-08-26 03:58:00,43090.0,43115.0,43090.0,43110.0,43110.0,9621
2025-08-26 04:00:00,43105.0,43125.0,43100.0,43110.0,43110.0,4919
2025-08-26 04:02:00,43110.0,43110.0,43080.0,43080.0,43080.0,13830
2025-08-26 04:04:00,43085.0,43090.0,43065.0,43075.0,43075.0,6286
2025-08-26 04:06:00,43080.0,43120.0,43075.0,43110.0,43110.0,19555
2025-08-26 04:08:00,43115.0,43120.0,43100.0,43115.0,43115.0,9183
2025-08-26 04:10:00,43110.0,43130.0,43105.0,43125.0,43125.0,6906
2025-08-26 04:12:00,43120.0,43120.0,43100.0,43110.0,43110.0,3123
2025-08-26 04:14:00,43110.0,43110.0,43090.0,43090.0,43090.0,6989
2025-08-26 04:16:00,43090.0,43100.0,43085.0,43100.0,43100.0,2597
2025-08-26 04:18:00,43100.0,43105.0,43080.0,43085.0,43085.0,7732
2025-08-26 04:20:00,43085.0,43085.0,43040.0,43055.0,43055.0,25576
2025-08-26 04:22:00,43050.0,43070.0,43050.0,43060.0,43060.0,24099
2025-08-26 04:24:00,43055.0,43060.0,43035.0,43045.0,43045.0,74662
2025-08-26 04:26:00,43045.0,43060.0,43035.0,43055.0,43055.0,120345
2025-08-26 04:28:00,43055.0,43075.0,43055.0,43070.0,43070.0,183833
2025-08-26 04:30:00,43065.0,43075.0,43060.0,43065.0,43065.0,80042
2025-08-26 04:32:00,43065.0,43070.0,43055.0,43070.0,43070.0,116421
2025-08-26 04:34:00,43070.0,43080.0,43060.0,43060.0,43060.0,55150
2025-08-26 04:36:00,43065.0,43070.0,43055.0,43065.0,43065.0,2744
2025-08-26 04:38:00,43070.0,43070.0,43050.0,43060.0,43060.0,17110
2025-08-26 04:40:00,43055.0,43075.0,43055.0,43070.0,43070.0,71377
2025-08-26 04:42:00,43075.0,43080.0,43050.0,43055.0,43055.0,22158
2025-08-26 04:44:00,43055.0,43055.0,43030.0,43050.0,43050.0,22609
2025-08-26 04:46:00,43050.0,43065.0,43040.0,43065.0,43065.0,23726
2025-08-26 04:48:00,43065.0,43080.0,43055.0,43075.0,43075.0,10361
2025-08-26 04:50:00,43075.0,43085.0,43065.0,43080.0,43080.0,27400
2025-08-26 04:52:00,43085.0,43105.0,43085.0,43100.0,43100.0,37799
2025-08-26 04:54:00,43100.0,43110.0,43090.0,43100.0,43100.0,52863
2025-08-26 04:56:00,43100.0,43110.0,43095.0,43105.0,43105.0,8876
2025-08-26 04:58:00,43105.0,43120.0,43100.0,43100.0,43100.0,24401
2025-08-26 05:00:00,43105.0,43125.0,43105.0,43120.0,43120.0,55875
2025-08-26 05:02:00,43120.0,43125.0,43105.0,43110.0,43110.0,38578
2025-08-26 05:04:00,43115.0,43115.0,43100.0,43110.0,43110.0,20067
2025-08-26 05:06:00,43110.0,43120.0,43110.0,43115.0,43115.0,3950
2025-08-26 05:08:00,43110.0,43125.0,43110.0,43120.0,43120.0,27206
2025-08-26 05:10:00,43120.0,43125.0,43110.0,43110.0,43110.0,12079
2025-08-26 05:12:00,43115.0,43130.0,43110.0,43125.0,43125.0,81584
2025-08-26 05:14:00,43125.0,43125.0,43110.0,43115.0,43115.0,23015
2025-08-26 05:16:00,43115.0,43120.0,43095.0,43115.0,43115.0,16090
2025-08-26 05:18:00,43110.0,43115.0,43090.0,43105.0,43105.0,35344
2025-08-26 05:20:00,43105.0,43115.0,43100.0,43100.0,43100.0,14020
2025-08-26 05:22:00,43095.0,43100.0,43075.0,43075.0,43075.0,34270
2025-08-26 05:24:00,43080.0,43085.0,43070.0,43070.0,43070.0,13082
2025-08-26 05:26:00,43070.0,43080.0,43055.0,43080.0,43080.0,26711
2025-08-26 05:28:00,43075.0,43095.0,43075.0,43075.0,43075.0,20910
2025-08-26 05:30:00,43075.0,43085.0,43065.0,43080.0,43080.0,37688
2025-08-26 05:32:00,43085.0,43110.0,43085.0,43105.0,43105.0,67941
2025-08-26 05:34:00,43105.0,43130.0,43095.0,43125.0,43125.0,87613
2025-08-26 05:36:00,43130.0,43170.0,43125.0,43165.0,43165.0,67027
2025-08-26 05:38:00,43165.0,43165.0,43125.0,43130.0,43130.0,54828
2025-08-26 05:40:00,43125.0,43140.0,43115.0,43135.0,43135.0,16738
2025-08-26 05:42:00,43130.0,43150.0,43125.0,43145.0,43145.0,9270
2025-08-26 05:44:00,43145.0,43155.0,43140.0,43155.0,43155.0,12984
2025-08-26 05:46:00,43155.0,43165.0,43140.0,43145.0,43145.0,8141
2025-08-26 05:48:00,43140.0,43145.0,43130.0,43135.0,43135.0,24126
2025-08-26 05:50:00,43140.0,43140.0,43110.0,43115.0,43115.0,17518
2025-08-26 05:52:00,43115.0,43115.0,43075.0,43080.0,43080.0,28392
2025-08-26 05:54:00,43085.0,43095.0,43075.0,43090.0,43090.0,2942
2025-08-26 05:56:00,43090.0,43095.0,43075.0,43090.0,43090.0,32462
2025-08-26 05:58:00,43085.0,43085.0,43065.0,43080.0,43080.0,7536
2025-08-27 00:00:00,43120.0,43160.0,43045.0,43075.0,43075.0,148232
2025-08-27 00:02:00,43075.0,43075.0,42965.0,42975.0,42975.0,81496
2025-08-27 00:04:00,42975.0,43000.0,42910.0,42980.0,42980.0,66952
2025-08-27 00:06:00,42980.0,42980.0,42905.0,42930.0,42930.0,128723
2025-08-27 00:08:00,42925.0,43010.0,42920.0,43005.0,43005.0,131236
2025-08-27 00:10:00,43005.0,43055.0,42980.0,43015.0,43015.0,40699
2025-08-27 00:12:00,43015.0,43030.0,42985.0,42995.0,42995.0,34616
2025-08-27 00:14:00,43005.0,43020.0,42950.0,42970.0,42970.0,29899
2025-08-27 00:16:00,42970.0,43015.0,42970.0,42980.0,42980.0,33735
2025-08-27 00:18:00,42985.0,42985.0,42905.0,42915.0,42915.0,46783
2025-08-27 00:20:00,42915.0,42935.0,42900.0,42920.0,42920.0,37065
2025-08-27 00:22:00,42920.0,42930.0,42885.0,42930.0,42930.0,49092
2025-08-27 00:24:00,42925.0,42925.0,42897.0,42900.0,42900.0,20687
2025-08-27 00:26:00,42910.0,42910.0,42820.0,42865.0,42865.0,66614
2025-08-27 00:28:00,42865.0,42895.0,42845.0,42895.0,42895.0,15906
2025-08-27 00:30:00,42895.0,42970.0,42895.0,42965.0,42965.0,80628
2025-08-27 00:32:00,42965.0,42995.0,42960.0,42995.0,42995.0,25662
2025-08-27 00:34:00,42995.0,43020.0,42990.0,43020.0,43020.0,21499
2025-08-27 00:36:00,43020.0,43020.0,42985.0,43005.0,43005.0,20428
2025-08-27 00:38:00,43005.0,43010.0,42980.0,42990.0,42990.0,6539
2025-08-27 00:40:00,42990.0,42990.0,42960.0,42965.0,42965.0,13853
2025-08-27 00:42:00,42965.0,42980.0,42960.0,42960.0,42960.0,8041
2025-08-27 00:44:00,42960.0,42995.0,42955.0,42995.0,42995.0,20774
2025-08-27 00:46:00,42995.0,43030.0,42970.0,43005.0,43005.0,31490
2025-08-27 00:48:00,43000.0,43030.0,42980.0,42990.0,42990.0,19812
2025-08-27 00:50:00,42980.0,43025.0,42970.0,43010.0,43010.0,34106
2025-08-27 00:52:00,43015.0,43045.0,43005.0,43010.0,43010.0,64398
2025-08-27 00:54:00,43005.0,43020.0,42965.0,42970.0,42970.0,24422
2025-08-27 00:56:00,42965.0,42990.0,42965.0,42980.0,42980.0,13691
2025-08-27 00:58:00,42980.0,42995.0,42970.0,42985.0,42985.0,8075
2025-08-27 01:00:00,42985.0,43035.0,42965.0,43030.0,43030.0,30881
2025-08-27 01:02:00,43030.0,43035.0,42970.0,42995.0,42995.0,29051
2025-08-27 01:04:00,42995.0,43000.0,42965.0,42995.0,42995.0,8490
2025-08-27 01:06:00,42995.0,43055.0,42990.0,43055.0,43055.0,23126
2025-08-27 01:08:00,43055.0,43080.0,43040.0,43070.0,43070.0,29806
2025-08-27 01:10:00,43070.0,43090.0,43065.0,43080.0,43080.0,54991
2025-08-27 01:12:00,43075.0,43095.0,43065.0,43080.0,43080.0,22413
2025-08-27 01:14:00,43080.0,43100.0,43070.0,43100.0,43100.0,15058
2025-08-27 01:16:00,43100.0,43100.0,43075.0,43080.0,43080.0,16429
2025-08-27 01:18:00,43080.0,43090.0,43060.0,43075.0,43075.0,4154
2025-08-27 01:20:00,43070.0,43075.0,43060.0,43067.0,43067.0,3478
2025-08-27 01:22:00,43067.0,43075.0,43040.0,43055.0,43055.0,21573
2025-08-27 01:24:00,43055.0,43075.0,43045.0,43050.0,43050.0,5800
2025-08-27 01:26:00,43050.0,43055.0,43035.0,43040.0,43040.0,17168
2025-08-27 01:28:00,43035.0,43050.0,43025.0,43035.0,43035.0,17022
2025-08-27 01:30:00,43035.0,43035.0,42985.0,43000.0,43000.0,19523
2025-08-27 01:32:00,43000.0,43010.0,42995.0,43005.0,43005.0,5758
2025-08-27 01:34:00,43005.0,43030.0,43005.0,43025.0,43025.0,12597
2025-08-27 01:36:00,43025.0,43060.0,43025.0,43040.0,43040.0,10761
2025-08-27 01:38:00,43045.0,43050.0,43030.0,43040.0,43040.0,8871
2025-08-27 01:40:00,43035.0,43070.0,43035.0,43050.0,43050.0,11428
2025-08-27 01:42:00,43050.0,43055.0,43030.0,43045.0,43045.0,2533
2025-08-27 01:44:00,43050.0,43075.0,43050.0,43060.0,43060.0,4788
2025-08-27 01:46:00,43065.0,43065.0,43030.0,43040.0,43040.0,32716
2025-08-27 01:48:00,43040.0,43040.0,43015.0,43040.0,43040.0,25568
2025-08-27 01:50:00,43045.0,43070.0,43045.0,43070.0,43070.0,2479
2025-08-27 01:52:00,43065.0,43080.0,43065.0,43080.0,43080.0,5040
2025-08-27 01:54:00,43080.0,43090.0,43065.0,43070.0,43070.0,17683
2025-08-27 01:56:00,43075.0,43090.0,43070.0,43075.0,43075.0,1768
2025-08-27 01:58:00,43075.0,43080.0,43060.0,43065.0,43065.0,18798
2025-08-27 02:00:00,43062.0,43085.0,43060.0,43065.0,43065.0,7387
2025-08-27 02:02:00,43060.0,43065.0,43050.0,43060.0,43060.0,6443
2025-08-27 02:04:00,43060.0,43070.0,43050.0,43055.0,43055.0,5081
2025-08-27 02:06:00,43060.0,43065.0,43040.0,43040.0,43040.0,3470
2025-08-27 02:08:00,43040.0,43055.0,43040.0,43055.0,43055.0,1334
2025-08-27 02:10:00,43060.0,43070.0,43040.0,43070.0,43070.0,13373
2025-08-27 02:12:00,43065.0,43070.0,43050.0,43065.0,43065.0,3657
2025-08-27 02:14:00,43065.0,43095.0,43065.0,43075.0,43075.0,25932
2025-08-27 02:16:00,43080.0,43080.0,43060.0,43070.0,43070.0,11834
2025-08-27 02:18:00,43065.0,43065.0,43035.0,43035.0,43035.0,9118
2025-08-27 02:20:00,43040.0,43060.0,43035.0,43060.0,43060.0,2712
2025-08-27 02:22:00,43060.0,43090.0,43060.0,43085.0,43085.0,20342
2025-08-27 02:24:00,43085.0,43090.0,43075.0,43085.0,43085.0,5334
2025-08-27 02:26:00,43085.0,43110.0,43080.0,43090.0,43090.0,21695
2025-08-27 02:28:00,43090.0,43090.0,43040.0,43040.0,43040.0,27779
2025-08-27 02:30:00,43040.0,43055.0,43015.0,43055.0,43055.0,13495
2025-08-27 02:32:00,43055.0,43070.0,43045.0,43070.0,43070.0,4003
2025-08-27 02:34:00,43070.0,43085.0,43065.0,43070.0,43070.0,9047
2025-08-27 02:36:00,43075.0,43085.0,43055.0,43085.0,43085.0,7605
2025-08-27 02:38:00,43085.0,43090.0,43075.0,43075.0,43075.0,9824
2025-08-27 02:40:00,43080.0,43080.0,43050.0,43065.0,43065.0,5590
2025-08-27 02:42:00,43065.0,43070.0,43055.0,43065.0,43065.0,3236
2025-08-27 02:44:00,43070.0,43075.0,43050.0,43050.0,43050.0,40668
2025-08-27 02:46:00,43050.0,43060.0,43035.0,43050.0,43050.0,2908
2025-08-27 02:48:00,43055.0,43060.0,43050.0,43055.0,43055.0,960
2025-08-27 02:50:00,43050.0,43055.0,43045.0,43050.0,43050.0,1855
2025-08-27 02:52:00,43050.0,43050.0,43040.0,43045.0,43045.0,1178
2025-08-27 02:54:00,43045.0,43045.0,43025.0,43025.0,43025.0,2808
2025-08-27 02:56:00,43030.0,43040.0,43015.0,43015.0,43015.0,8351
2025-08-27 02:58:00,43020.0,43025.0,43010.0,43025.0,43025.0,9071
2025-08-27 03:00:00,43025.0,43050.0,43025.0,43045.0,43045.0,2743
2025-08-27 03:02:00,43050.0,43060.0,43040.0,43050.0,43050.0,4197
2025-08-27 03:04:00,43055.0,43065.0,43050.0,43065.0,43065.0,3306
2025-08-27 03:06:00,43065.0,43065.0,43050.0,43055.0,43055.0,927
2025-08-27 03:08:00,43055.0,43065.0,43045.0,43045.0,43045.0,1589
2025-08-27 03:10:00,43045.0,43080.0,43035.0,43070.0,43070.0,13513
2025-08-27 03:12:00,43075.0,43105.0,43075.0,43100.0,43100.0,31051
2025-08-27 03:14:00,43095.0,43120.0,43095.0,43100.0,43100.0,29768
2025-08-27 03:16:00,43095.0,43120.0,43090.0,43120.0,43120.0,32510
2025-08-27 03:18:00,43120.0,43125.0,43105.0,43110.0,43110.0,3774
2025-08-27 03:20:00,43110.0,43115.0,43100.0,43115.0,43115.0,6034
2025-08-27 03:22:00,43115.0,43115.0,43100.0,43110.0,43110.0,2012
2025-08-27 03:24:00,43107.0,43120.0,43105.0,43115.0,43115.0,8845
2025-08-27 03:26:00,43120.0,43120.0,43110.0,43110.0,43110.0,2644
2025-08-27 03:28:00,43110.0,43110.0,43100.0,43100.0,43100.0,1775
2025-08-27 03:30:00,43095.0,43115.0,43090.0,43115.0,43115.0,6092
2025-08-27 03:32:00,43115.0,43120.0,43105.0,43115.0,43115.0,2195
2025-08-27 03:34:00,43120.0,43130.0,43115.0,43125.0,43125.0,7617
2025-08-27 03:36:00,43130.0,43145.0,43130.0,43140.0,43140.0,17552
2025-08-27 03:38:00,43140.0,43165.0,43140.0,43160.0,43160.0,37995
2025-08-27 03:40:00,43160.0,43160.0,43135.0,43135.0,43135.0,5282
2025-08-27 03:42:00,43140.0,43140.0,43115.0,43120.0,43120.0,12407
2025-08-27 03:44:00,43120.0,43120.0,43090.0,43095.0,43095.0,13420
2025-08-27 03:46:00,43090.0,43095.0,43050.0,43070.0,43070.0,13917
2025-08-27 03:48:00,43067.0,43070.0,43055.0,43070.0,43070.0,19851
2025-08-27 03:50:00,43065.0,43070.0,43035.0,43050.0,43050.0,33140
2025-08-27 03:52:00,43055.0,43060.0,43030.0,43040.0,43040.0,30034
2025-08-27 03:54:00,43040.0,43050.0,43035.0,43050.0,43050.0,3867
2025-08-27 03:56:00,43045.0,43060.0,43045.0,43055.0,43055.0,3681
2025-08-27 03:58:00,43060.0,43070.0,43060.0,43065.0,43065.0,29368
2025-08-27 04:00:00,43070.0,43075.0,43055.0,43065.0,43065.0,4043
2025-08-27 04:02:00,43065.0,43075.0,43065.0,43070.0,43070.0,2396
2025-08-27 04:04:00,43065.0,43080.0,43065.0,43080.0,43080.0,4178
2025-08-27 04:06:00,43080.0,43085.0,43065.0,43065.0,43065.0,4510
2025-08-27 04:08:00,43065.0,43080.0,43065.0,43070.0,43070.0,3973
2025-08-27 04:10:00,43065.0,43080.0,43065.0,43075.0,43075.0,1349
2025-08-27 04:12:00,43075.0,43080.0,43060.0,43065.0,43065.0,2046
2025-08-27 04:14:00,43065.0,43075.0,43055.0,43060.0,43060.0,14395
2025-08-27 04:16:00,43065.0,43080.0,43055.0,43075.0,43075.0,4367
2025-08-27 04:18:00,43075.0,43080.0,43060.0,43075.0,43075.0,1461
2025-08-27 04:20:00,43080.0,43085.0,43070.0,43085.0,43085.0,6925
2025-08-27 04:22:00,43085.0,43095.0,43080.0,43090.0,43090.0,11684
2025-08-27 04:24:00,43090.0,43095.0,43075.0,43090.0,43090.0,3302
2025-08-27 04:26:00,43090.0,43095.0,43080.0,43080.0,43080.0,1428
2025-08-27 04:28:00,43085.0,43115.0,43085.0,43115.0,43115.0,10722
2025-08-27 04:30:00,43110.0,43125.0,43105.0,43120.0,43120.0,11086
2025-08-27 04:32:00,43115.0,43135.0,43115.0,43120.0,43120.0,44826
2025-08-27 04:34:00,43120.0,43125.0,43105.0,43115.0,43115.0,23533
2025-08-27 04:36:00,43110.0,43130.0,43110.0,43125.0,43125.0,22775
2025-08-27 04:38:00,43120.0,43140.0,43120.0,43130.0,43130.0,25590
2025-08-27 04:40:00,43135.0,43140.0,43115.0,43125.0,43125.0,23847
2025-08-27 04:42:00,43125.0,43130.0,43115.0,43125.0,43125.0,8670
2025-08-27 04:44:00,43125.0,43130.0,43120.0,43125.0,43125.0,14980
2025-08-27 04:46:00,43125.0,43130.0,43115.0,43115.0,43115.0,16319
2025-08-27 04:48:00,43115.0,43135.0,43115.0,43120.0,43120.0,22751
2025-08-27 04:50:00,43120.0,43130.0,43110.0,43110.0,43110.0,6759
2025-08-27 04:52:00,43110.0,43125.0,43105.0,43115.0,43115.0,4749
2025-08-27 04:54:00,43120.0,43120.0,43090.0,43095.0,43095.0,26751
2025-08-27 04:56:00,43097.0,43120.0,43095.0,43115.0,43115.0,16185
2025-08-27 04:58:00,43125.0,43125.0,43110.0,43110.0,43110.0,19684
2025-08-27 05:00:00,43110.0,43115.0,43075.0,43090.0,43090.0,9420
2025-08-27 05:02:00,43090.0,43125.0,43085.0,43120.0,43120.0,5846
2025-08-27 05:04:00,43115.0,43140.0,43115.0,43125.0,43125.0,15595
2025-08-27 05:06:00,43125.0,43130.0,43105.0,43105.0,43105.0,9463
2025-08-27 05:08:00,43110.0,43115.0,43085.0,43085.0,43085.0,4886
2025-08-27 05:10:00,43085.0,43105.0,43085.0,43085.0,43085.0,4924
2025-08-27 05:12:00,43085.0,43100.0,43075.0,43075.0,43075.0,15333
2025-08-27 05:14:00,43080.0,43090.0,43070.0,43075.0,43075.0,56855
2025-08-27 05:16:00,43080.0,43110.0,43075.0,43105.0,43105.0,7925
2025-08-27 05:18:00,43105.0,43120.0,43100.0,43105.0,43105.0,46625
2025-08-27 05:20:00,43105.0,43115.0,43100.0,43115.0,43115.0,16127
2025-08-27 05:22:00,43110.0,43110.0,43075.0,43075.0,43075.0,56502
2025-08-27 05:24:00,43080.0,43090.0,43070.0,43075.0,43075.0,8692
2025-08-27 05:26:00,43080.0,43080.0,43065.0,43080.0,43080.0,5334
2025-08-27 05:28:00,43075.0,43090.0,43070.0,43085.0,43085.0,3432
2025-08-27 05:30:00,43085.0,43090.0,43080.0,43080.0,43080.0,2895
2025-08-27 05:32:00,43085.0,43095.0,43075.0,43075.0,43075.0,5070
2025-08-27 05:34:00,43075.0,43100.0,43075.0,43095.0,43095.0,3853
2025-08-27 05:36:00,43095.0,43105.0,43090.0,43100.0,43100.0,3811
2025-08-27 05:38:00,43105.0,43105.0,43090.0,43090.0,43090.0,11006
2025-08-27 05:40:00,43085.0,43095.0,43080.0,43085.0,43085.0,2125
2025-08-27 05:42:00,43085.0,43110.0,43085.0,43110.0,43110.0,95922
2025-08-27 05:44:00,43105.0,43115.0,43105.0,43110.0,43110.0,157828
2025-08-27 05:46:00,43115.0,43135.0,43115.0,43115.0,43115.0,202216
2025-08-27 05:48:00,43115.0,43130.0,43105.0,43120.0,43120.0,23709
2025-08-27 05:50:00,43130.0,43130.0,43090.0,43095.0,43095.0,4245
2025-08-27 05:52:00,43100.0,43100.0,43085.0,43090.0,43090.0,8846
2025-08-27 05:54:00,43095.0,43100.0,43065.0,43075.0,43075.0,11764
2025-08-27 05:56:00,43070.0,43080.0,43055.0,43070.0,43070.0,14125
2025-08-27 05:58:00,43070.0,43090.0,43065.0,43090.0,43090.0,60416
2025-08-28 00:00:00,42930.0,42935.0,42785.0,42790.0,42790.0,119245
2025-08-28 00:02:00,42790.0,42905.0,42780.0,42895.0,42895.0,45913
2025-08-28 00:04:00,42900.0,43000.0,42900.0,42970.0,42970.0,79331
2025-08-28 00:06:00,42975.0,43030.0,42975.0,43010.0,43010.0,24052
2025-08-28 00:08:00,43010.0,43050.0,43000.0,43030.0,43030.0,50205
2025-08-28 00:10:00,43040.0,43060.0,43015.0,43050.0,43050.0,24633
2025-08-28 00:12:00,43050.0,43060.0,43015.0,43030.0,43030.0,52088
2025-08-28 00:14:00,43025.0,43050.0,43000.0,43035.0,43035.0,32368
2025-08-28 00:16:00,43040.0,43050.0,43005.0,43025.0,43025.0,8422
2025-08-28 00:18:00,43015.0,43055.0,43005.0,43045.0,43045.0,16876
2025-08-28 00:20:00,43050.0,43095.0,43040.0,43090.0,43090.0,26395
2025-08-28 00:22:00,43085.0,43085.0,43040.0,43060.0,43060.0,15990
2025-08-28 00:24:00,43060.0,43100.0,43060.0,43085.0,43085.0,12131
2025-08-28 00:26:00,43090.0,43115.0,43080.0,43115.0,43115.0,8723
2025-08-28 00:28:00,43115.0,43135.0,43112.0,43120.0,43120.0,12599
2025-08-28 00:30:00,43120.0,43150.0,43105.0,43115.0,43115.0,38448
2025-08-28 00:32:00,43115.0,43135.0,43110.0,43125.0,43125.0,6191
2025-08-28 00:34:00,43125.0,43170.0,43125.0,43145.0,43145.0,43387
2025-08-28 00:36:00,43145.0,43195.0,43145.0,43185.0,43185.0,43923
2025-08-28 00:38:00,43185.0,43240.0,43180.0,43235.0,43235.0,64193
2025-08-28 00:40:00,43240.0,43250.0,43205.0,43210.0,43210.0,47272
2025-08-28 00:42:00,43205.0,43250.0,43205.0,43242.0,43242.0,19650
2025-08-28 00:44:00,43242.0,43300.0,43240.0,43290.0,43290.0,86820
2025-08-28 00:46:00,43300.0,43300.0,43255.0,43285.0,43285.0,40364
2025-08-28 00:48:00,43285.0,43300.0,43280.0,43290.0,43290.0,34020
2025-08-28 00:50:00,43290.0,43290.0,43265.0,43280.0,43280.0,9999
2025-08-28 00:52:00,43280.0,43320.0,43275.0,43285.0,43285.0,35442
2025-08-28 00:54:00,43285.0,43310.0,43285.0,43305.0,43305.0,45694
2025-08-28 00:56:00,43295.0,43330.0,43280.0,43330.0,43330.0,12605
2025-08-28 00:58:00,43330.0,43335.0,43315.0,43320.0,43320.0,20261
2025-08-28 01:00:00,43320.0,43330.0,43300.0,43315.0,43315.0,10368
2025-08-28 01:02:00,43315.0,43330.0,43275.0,43285.0,43285.0,15837
2025-08-28 01:04:00,43280.0,43310.0,43275.0,43310.0,43310.0,122344
2025-08-28 01:06:00,43305.0,43315.0,43275.0,43295.0,43295.0,32652
2025-08-28 01:08:00,43295.0,43305.0,43265.0,43270.0,43270.0,83215
2025-08-28 01:10:00,43270.0,43300.0,43270.0,43295.0,43295.0,22408
2025-08-28 01:12:00,43295.0,43320.0,43295.0,43315.0,43315.0,10750
2025-08-28 01:14:00,43315.0,43320.0,43305.0,43315.0,43315.0,7816
2025-08-28 01:16:00,43315.0,43335.0,43310.0,43335.0,43335.0,22109
2025-08-28 01:18:00,43330.0,43345.0,43325.0,43335.0,43335.0,19026
2025-08-28 01:20:00,43325.0,43340.0,43320.0,43330.0,43330.0,7728
2025-08-28 01:22:00,43325.0,43330.0,43280.0,43315.0,43315.0,30551
2025-08-28 01:24:00,43315.0,43345.0,43310.0,43325.0,43325.0,13992
2025-08-28 01:26:00,43325.0,43360.0,43320.0,43355.0,43355.0,21093
2025-08-28 01:28:00,43355.0,43365.0,43350.0,43350.0,43350.0,9502
2025-08-28 01:30:00,43350.0,43355.0,43330.0,43330.0,43330.0,5721
2025-08-28 01:32:00,43325.0,43340.0,43310.0,43325.0,43325.0,19309
2025-08-28 01:34:00,43325.0,43340.0,43305.0,43310.0,43310.0,8581
2025-08-28 01:36:00,43310.0,43335.0,43305.0,43330.0,43330.0,5750
2025-08-28 01:38:00,43330.0,43330.0,43280.0,43295.0,43295.0,10662
2025-08-28 01:40:00,43295.0,43300.0,43285.0,43295.0,43295.0,15367
2025-08-28 01:42:00,43300.0,43310.0,43290.0,43305.0,43305.0,41703
2025-08-28 01:44:00,43300.0,43310.0,43285.0,43305.0,43305.0,78064
2025-08-28 01:46:00,43305.0,43310.0,43290.0,43295.0,43295.0,49685
2025-08-28 01:48:00,43290.0,43310.0,43285.0,43295.0,43295.0,37018
2025-08-28 01:50:00,43295.0,43325.0,43285.0,43315.0,43315.0,122411
2025-08-28 01:52:00,43310.0,43335.0,43305.0,43335.0,43335.0,32192
2025-08-28 01:54:00,43335.0,43340.0,43315.0,43325.0,43325.0,37771
2025-08-28 01:56:00,43325.0,43325.0,43300.0,43315.0,43315.0,15918
2025-08-28 01:58:00,43310.0,43330.0,43300.0,43330.0,43330.0,7951
2025-08-28 02:00:00,43325.0,43335.0,43315.0,43330.0,43330.0,5734
2025-08-28 02:02:00,43330.0,43355.0,43325.0,43345.0,43345.0,42653
2025-08-28 02:04:00,43345.0,43345.0,43325.0,43330.0,43330.0,9081
2025-08-28 02:06:00,43330.0,43350.0,43330.0,43340.0,43340.0,5550
2025-08-28 02:08:00,43335.0,43340.0,43320.0,43335.0,43335.0,10040
2025-08-28 02:10:00,43330.0,43345.0,43330.0,43330.0,43330.0,8754
2025-08-28 02:12:00,43330.0,43345.0,43325.0,43340.0,43340.0,9267
2025-08-28 02:14:00,43345.0,43350.0,43335.0,43335.0,43335.0,3882
2025-08-28 02:16:00,43340.0,43360.0,43335.0,43360.0,43360.0,12668
2025-08-28 02:18:00,43350.0,43370.0,43350.0,43360.0,43360.0,24746
2025-08-28 02:20:00,43360.0,43385.0,43355.0,43380.0,43380.0,6341
2025-08-28 02:22:00,43380.0,43395.0,43375.0,43380.0,43380.0,13291
2025-08-28 02:24:00,43385.0,43385.0,43375.0,43385.0,43385.0,5406
2025-08-28 02:26:00,43380.0,43400.0,43380.0,43390.0,43390.0,27877
2025-08-28 02:28:00,43390.0,43410.0,43390.0,43400.0,43400.0,9054
2025-08-28 02:30:00,43405.0,43410.0,43395.0,43395.0,43395.0,9294
2025-08-28 02:32:00,43395.0,43405.0,43390.0,43400.0,43400.0,7520
2025-08-28 02:34:00,43405.0,43410.0,43395.0,43410.0,43410.0,12380
2025-08-28 02:36:00,43400.0,43405.0,43390.0,43395.0,43395.0,3685
2025-08-28 02:38:00,43390.0,43400.0,43390.0,43390.0,43390.0,9061
2025-08-28 02:40:00,43390.0,43395.0,43380.0,43390.0,43390.0,5147
2025-08-28 02:42:00,43390.0,43395.0,43380.0,43380.0,43380.0,9411
2025-08-28 02:44:00,43385.0,43390.0,43370.0,43380.0,43380.0,2842
2025-08-28 02:46:00,43380.0,43390.0,43370.0,43370.0,43370.0,7961
2025-08-28 02:48:00,43375.0,43377.0,43365.0,43375.0,43375.0,19909
2025-08-28 02:50:00,43375.0,43390.0,43370.0,43380.0,43380.0,10413
2025-08-28 02:52:00,43380.0,43385.0,43370.0,43375.0,43375.0,20200
2025-08-28 02:54:00,43380.0,43385.0,43370.0,43380.0,43380.0,3709
2025-08-28 02:56:00,43380.0,43405.0,43380.0,43395.0,43395.0,39168
2025-08-28 02:58:00,43390.0,43420.0,43390.0,43400.0,43400.0,24670
2025-08-28 03:00:00,43400.0,43415.0,43400.0,43410.0,43410.0,3797
2025-08-28 03:02:00,43410.0,43420.0,43405.0,43415.0,43415.0,3808
2025-08-28 03:04:00,43415.0,43420.0,43405.0,43405.0,43405.0,2376
2025-08-28 03:06:00,43410.0,43445.0,43405.0,43445.0,43445.0,17660
2025-08-28 03:08:00,43445.0,43445.0,43435.0,43445.0,43445.0,10525
2025-08-28 03:10:00,43440.0,43450.0,43435.0,43445.0,43445.0,5915
2025-08-28 03:12:00,43445.0,43475.0,43445.0,43470.0,43470.0,22055
2025-08-28 03:14:00,43470.0,43475.0,43450.0,43455.0,43455.0,7452
2025-08-28 03:16:00,43450.0,43470.0,43450.0,43460.0,43460.0,6752
2025-08-28 03:18:00,43460.0,43470.0,43455.0,43470.0,43470.0,12026
2025-08-28 03:20:00,43460.0,43465.0,43435.0,43435.0,43435.0,21831
2025-08-28 03:22:00,43435.0,43445.0,43425.0,43435.0,43435.0,4189
2025-08-28 03:24:00,43435.0,43440.0,43430.0,43435.0,43435.0,4299
2025-08-28 03:26:00,43440.0,43440.0,43425.0,43425.0,43425.0,4854
2025-08-28 03:28:00,43430.0,43435.0,43425.0,43430.0,43430.0,2765
2025-08-28 03:30:00,43425.0,43425.0,43410.0,43420.0,43420.0,9510
2025-08-28 03:32:00,43420.0,43420.0,43405.0,43420.0,43420.0,7057
2025-08-28 03:34:00,43420.0,43420.0,43410.0,43420.0,43420.0,4392
2025-08-28 03:36:00,43415.0,43430.0,43405.0,43415.0,43415.0,11146
2025-08-28 03:38:00,43415.0,43425.0,43410.0,43420.0,43420.0,5073
2025-08-28 03:40:00,43425.0,43430.0,43420.0,43420.0,43420.0,3787
2025-08-28 03:42:00,43425.0,43430.0,43410.0,43420.0,43420.0,3946
2025-08-28 03:44:00,43425.0,43430.0,43395.0,43395.0,43395.0,9036
2025-08-28 03:46:00,43405.0,43410.0,43390.0,43400.0,43400.0,7232
2025-08-28 03:48:00,43395.0,43405.0,43395.0,43395.0,43395.0,1650
2025-08-28 03:50:00,43395.0,43400.0,43390.0,43395.0,43395.0,2535
2025-08-28 03:52:00,43395.0,43410.0,43390.0,43405.0,43405.0,7464
2025-08-28 03:54:00,43407.0,43410.0,43400.0,43405.0,43405.0,1607
2025-08-28 03:56:00,43405.0,43430.0,43400.0,43430.0,43430.0,21726
2025-08-28 03:58:00,43420.0,43430.0,43405.0,43410.0,43410.0,7208
2025-08-28 04:00:00,43415.0,43445.0,43410.0,43435.0,43435.0,30080
2025-08-28 04:02:00,43445.0,43450.0,43425.0,43425.0,43425.0,7397
2025-08-28 04:04:00,43425.0,43435.0,43420.0,43435.0,43435.0,21761
2025-08-28 04:06:00,43435.0,43440.0,43420.0,43425.0,43425.0,23010
2025-08-28 04:08:00,43415.0,43425.0,43415.0,43420.0,43420.0,3263
2025-08-28 04:10:00,43425.0,43440.0,43415.0,43440.0,43440.0,5187
2025-08-28 04:12:00,43442.0,43455.0,43440.0,43445.0,43445.0,11194
2025-08-28 04:14:00,43445.0,43450.0,43440.0,43445.0,43445.0,1437
2025-08-28 04:16:00,43445.0,43445.0,43430.0,43445.0,43445.0,4335
2025-08-28 04:18:00,43445.0,43450.0,43440.0,43445.0,43445.0,2805
2025-08-28 04:20:00,43450.0,43465.0,43445.0,43455.0,43455.0,15754
2025-08-28 04:22:00,43460.0,43465.0,43450.0,43450.0,43450.0,3539
2025-08-28 04:24:00,43455.0,43490.0,43455.0,43490.0,43490.0,81090
2025-08-28 04:26:00,43490.0,43520.0,43490.0,43515.0,43515.0,38885
2025-08-28 04:28:00,43520.0,43525.0,43505.0,43515.0,43515.0,17511
2025-08-28 04:30:00,43517.0,43555.0,43515.0,43555.0,43555.0,61601
2025-08-28 04:32:00,43550.0,43555.0,43535.0,43545.0,43545.0,3884
2025-08-28 04:34:00,43540.0,43550.0,43530.0,43532.0,43532.0,6287
2025-08-28 04:36:00,43530.0,43545.0,43520.0,43530.0,43530.0,5567
2025-08-28 04:38:00,43535.0,43540.0,43525.0,43540.0,43540.0,8017
2025-08-28 04:40:00,43540.0,43560.0,43540.0,43555.0,43555.0,17404
2025-08-28 04:42:00,43555.0,43555.0,43545.0,43550.0,43550.0,4720
2025-08-28 04:44:00,43550.0,43555.0,43535.0,43535.0,43535.0,14074
2025-08-28 04:46:00,43540.0,43545.0,43530.0,43530.0,43530.0,11445
2025-08-28 04:48:00,43530.0,43535.0,43520.0,43520.0,43520.0,9393
2025-08-28 04:50:00,43520.0,43535.0,43517.0,43530.0,43530.0,5639
2025-08-28 04:52:00,43530.0,43530.0,43520.0,43520.0,43520.0,13073
2025-08-28 04:54:00,43520.0,43525.0,43515.0,43515.0,43515.0,3129
2025-08-28 04:56:00,43520.0,43525.0,43510.0,43520.0,43520.0,17241
2025-08-28 04:58:00,43520.0,43530.0,43505.0,43525.0,43525.0,19966
2025-08-28 05:00:00,43525.0,43530.0,43520.0,43520.0,43520.0,1134
2025-08-28 05:02:00,43520.0,43525.0,43510.0,43510.0,43510.0,3151
2025-08-28 05:04:00,43510.0,43520.0,43505.0,43505.0,43505.0,3488
2025-08-28 05:06:00,43510.0,43515.0,43505.0,43505.0,43505.0,7554
2025-08-28 05:08:00,43510.0,43510.0,43500.0,43500.0,43500.0,12197
2025-08-28 05:10:00,43510.0,43510.0,43495.0,43500.0,43500.0,3157
2025-08-28 05:12:00,43500.0,43510.0,43500.0,43500.0,43500.0,1173
2025-08-28 05:14:00,43500.0,43505.0,43490.0,43500.0,43500.0,7368
2025-08-28 05:16:00,43505.0,43520.0,43485.0,43490.0,43490.0,75222
2025-08-28 05:18:00,43495.0,43497.0,43485.0,43495.0,43495.0,121868
2025-08-28 05:20:00,43495.0,43495.0,43480.0,43490.0,43490.0,92356
2025-08-28 05:22:00,43485.0,43495.0,43485.0,43485.0,43485.0,52763
2025-08-28 05:24:00,43487.0,43510.0,43485.0,43505.0,43505.0,114955
2025-08-28 05:26:00,43505.0,43510.0,43495.0,43500.0,43500.0,28460
2025-08-28 05:28:00,43500.0,43510.0,43495.0,43500.0,43500.0,13892
2025-08-28 05:30:00,43505.0,43505.0,43460.0,43465.0,43465.0,11097
2025-08-28 05:32:00,43460.0,43465.0,43445.0,43455.0,43455.0,8796
2025-08-28 05:34:00,43460.0,43460.0,43445.0,43450.0,43450.0,6232
2025-08-28 05:36:00,43450.0,43450.0,43425.0,43440.0,43440.0,20539
2025-08-28 05:38:00,43440.0,43450.0,43430.0,43430.0,43430.0,7466
2025-08-28 05:40:00,43430.0,43435.0,43400.0,43405.0,43405.0,6739
2025-08-28 05:42:00,43405.0,43415.0,43400.0,43405.0,43405.0,13704
2025-08-28 05:44:00,43405.0,43405.0,43385.0,43400.0,43400.0,16790
2025-08-28 05:46:00,43400.0,43410.0,43390.0,43400.0,43400.0,5337
2025-08-28 05:48:00,43402.0,43410.0,43395.0,43395.0,43395.0,6115
2025-08-28 05:50:00,43400.0,43400.0,43380.0,43390.0,43390.0,11248
2025-08-28 05:52:00,43395.0,43395.0,43365.0,43380.0,43380.0,8776
2025-08-28 05:54:00,43380.0,43385.0,43365.0,43370.0,43370.0,6812
2025-08-28 05:56:00,43370.0,43380.0,43365.0,43375.0,43375.0,4218
2025-08-28 05:58:00,43380.0,43380.0,43360.0,43365.0,43365.0,6706
2025-08-29 00:00:00,43495.0,43585.0,43465.0,43495.0,43495.0,182097
2025-08-29 00:02:00,43490.0,43510.0,43445.0,43480.0,43480.0,68661
2025-08-29 00:04:00,43470.0,43505.0,43455.0,43465.0,43465.0,45768
2025-08-29 00:06:00,43470.0,43485.0,43365.0,43445.0,43445.0,64995
2025-08-29 00:08:00,43435.0,43445.0,43385.0,43400.0,43400.0,35350
2025-08-29 00:10:00,43405.0,43435.0,43385.0,43435.0,43435.0,19114
2025-08-29 00:12:00,43435.0,43495.0,43430.0,43465.0,43465.0,36662
2025-08-29 00:14:00,43460.0,43500.0,43430.0,43495.0,43495.0,22500
2025-08-29 00:16:00,43500.0,43515.0,43470.0,43485.0,43485.0,22805
2025-08-29 00:18:00,43485.0,43525.0,43485.0,43505.0,43505.0,66054
2025-08-29 00:20:00,43505.0,43520.0,43480.0,43515.0,43515.0,39132
2025-08-29 00:22:00,43515.0,43525.0,43460.0,43495.0,43495.0,49073
2025-08-29 00:24:00,43490.0,43505.0,43460.0,43485.0,43485.0,24822
2025-08-29 00:26:00,43485.0,43485.0,43455.0,43465.0,43465.0,31148
2025-08-29 00:28:00,43475.0,43495.0,43470.0,43490.0,43490.0,20915
2025-08-29 00:30:00,43490.0,43510.0,43475.0,43475.0,43475.0,17164
2025-08-29 00:32:00,43480.0,43520.0,43475.0,43515.0,43515.0,32022
2025-08-29 00:34:00,43510.0,43530.0,43500.0,43515.0,43515.0,20650
2025-08-29 00:36:00,43515.0,43520.0,43470.0,43470.0,43470.0,13590
2025-08-29 00:38:00,43470.0,43470.0,43415.0,43450.0,43450.0,18765
2025-08-29 00:40:00,43445.0,43465.0,43410.0,43425.0,43425.0,13074
2025-08-29 00:42:00,43425.0,43430.0,43400.0,43415.0,43415.0,14231
2025-08-29 00:44:00,43410.0,43420.0,43395.0,43405.0,43405.0,17742
2025-08-29 00:46:00,43400.0,43400.0,43365.0,43385.0,43385.0,41000
2025-08-29 00:48:00,43380.0,43410.0,43375.0,43395.0,43395.0,31935
2025-08-29 00:50:00,43395.0,43455.0,43390.0,43430.0,43430.0,23378
2025-08-29 00:52:00,43435.0,43440.0,43405.0,43410.0,43410.0,9750
2025-08-29 00:54:00,43405.0,43410.0,43380.0,43385.0,43385.0,10330
2025-08-29 00:56:00,43385.0,43395.0,43340.0,43360.0,43360.0,77995
2025-08-29 00:58:00,43360.0,43365.0,43345.0,43350.0,43350.0,17415
2025-08-29 01:00:00,43350.0,43375.0,43345.0,43350.0,43350.0,34351
2025-08-29 01:02:00,43350.0,43355.0,43325.0,43330.0,43330.0,15695
2025-08-29 01:04:00,43330.0,43345.0,43295.0,43305.0,43305.0,32484
2025-08-29 01:06:00,43310.0,43325.0,43255.0,43270.0,43270.0,38332
2025-08-29 01:08:00,43270.0,43275.0,43235.0,43250.0,43250.0,37056
2025-08-29 01:10:00,43245.0,43290.0,43235.0,43290.0,43290.0,27835
2025-08-29 01:12:00,43295.0,43295.0,43265.0,43280.0,43280.0,22941
2025-08-29 01:14:00,43290.0,43305.0,43285.0,43290.0,43290.0,33697
2025-08-29 01:16:00,43290.0,43290.0,43270.0,43275.0,43275.0,9977
2025-08-29 01:18:00,43272.0,43280.0,43265.0,43280.0,43280.0,14962
2025-08-29 01:20:00,43275.0,43290.0,43260.0,43275.0,43275.0,15012
2025-08-29 01:22:00,43275.0,43290.0,43235.0,43280.0,43280.0,21239
2025-08-29 01:24:00,43275.0,43305.0,43270.0,43305.0,43305.0,16492
2025-08-29 01:26:00,43300.0,43305.0,43265.0,43270.0,43270.0,12569
2025-08-29 01:28:00,43270.0,43285.0,43270.0,43270.0,43270.0,4585
2025-08-29 01:30:00,43265.0,43275.0,43245.0,43250.0,43250.0,20927
2025-08-29 01:32:00,43250.0,43255.0,43220.0,43240.0,43240.0,31783
2025-08-29 01:34:00,43240.0,43265.0,43230.0,43265.0,43265.0,11027
2025-08-29 01:36:00,43270.0,43270.0,43250.0,43265.0,43265.0,18511
2025-08-29 01:38:00,43260.0,43275.0,43255.0,43270.0,43270.0,9969
2025-08-29 01:40:00,43270.0,43275.0,43255.0,43275.0,43275.0,4649
2025-08-29 01:42:00,43275.0,43275.0,43245.0,43260.0,43260.0,7050
2025-08-29 01:44:00,43260.0,43265.0,43240.0,43250.0,43250.0,6623
2025-08-29 01:46:00,43250.0,43250.0,43225.0,43235.0,43235.0,11464
2025-08-29 01:48:00,43240.0,43250.0,43220.0,43245.0,43245.0,5439
2025-08-29 01:50:00,43245.0,43245.0,43220.0,43220.0,43220.0,58430
2025-08-29 01:52:00,43220.0,43240.0,43220.0,43235.0,43235.0,34239
2025-08-29 01:54:00,43235.0,43255.0,43215.0,43255.0,43255.0,41827
2025-08-29 01:56:00,43255.0,43270.0,43250.0,43270.0,43270.0,15234
2025-08-29 01:58:00,43265.0,43280.0,43260.0,43260.0,43260.0,16106
2025-08-29 02:00:00,43265.0,43275.0,43250.0,43270.0,43270.0,6399
2025-08-29 02:02:00,43265.0,43270.0,43245.0,43255.0,43255.0,4684
2025-08-29 02:04:00,43255.0,43255.0,43215.0,43220.0,43220.0,21511
2025-08-29 02:06:00,43220.0,43250.0,43185.0,43240.0,43240.0,27813
2025-08-29 02:08:00,43240.0,43250.0,43210.0,43215.0,43215.0,30203
2025-08-29 02:10:00,43210.0,43220.0,43205.0,43210.0,43210.0,25118
2025-08-29 02:12:00,43215.0,43215.0,43185.0,43185.0,43185.0,15614
2025-08-29 02:14:00,43185.0,43200.0,43175.0,43200.0,43200.0,19411
2025-08-29 02:16:00,43195.0,43210.0,43190.0,43210.0,43210.0,2536
2025-08-29 02:18:00,43210.0,43235.0,43205.0,43230.0,43230.0,4550
2025-08-29 02:20:00,43230.0,43270.0,43225.0,43270.0,43270.0,8681
2025-08-29 02:22:00,43270.0,43270.0,43255.0,43265.0,43265.0,14967
2025-08-29 02:24:00,43270.0,43270.0,43245.0,43250.0,43250.0,5705
2025-08-29 02:26:00,43250.0,43260.0,43240.0,43240.0,43240.0,6834
2025-08-29 02:28:00,43235.0,43240.0,43195.0,43222.0,43222.0,15287
2025-08-29 02:30:00,43222.0,43225.0,43200.0,43205.0,43205.0,11909
2025-08-29 02:32:00,43205.0,43215.0,43200.0,43210.0,43210.0,6750
2025-08-29 02:34:00,43210.0,43215.0,43180.0,43185.0,43185.0,20204
2025-08-29 02:36:00,43185.0,43205.0,43180.0,43205.0,43205.0,5319
2025-08-29 02:38:00,43205.0,43215.0,43200.0,43215.0,43215.0,2102
2025-08-29 02:40:00,43215.0,43225.0,43205.0,43205.0,43205.0,25668
2025-08-29 02:42:00,43215.0,43225.0,43210.0,43217.0,43217.0,1668
2025-08-29 02:44:00,43220.0,43220.0,43205.0,43210.0,43210.0,5847
2025-08-29 02:46:00,43210.0,43220.0,43205.0,43205.0,43205.0,1626
2025-08-29 02:48:00,43210.0,43210.0,43190.0,43190.0,43190.0,12924
2025-08-29 02:50:00,43195.0,43205.0,43190.0,43200.0,43200.0,4182
2025-08-29 02:52:00,43200.0,43200.0,43195.0,43200.0,43200.0,1103
2025-08-29 02:54:00,43195.0,43210.0,43190.0,43195.0,43195.0,2987
2025-08-29 02:56:00,43195.0,43225.0,43190.0,43200.0,43200.0,19831
2025-08-29 02:58:00,43210.0,43215.0,43200.0,43210.0,43210.0,1623
2025-08-29 03:00:00,43210.0,43240.0,43210.0,43240.0,43240.0,7904
2025-08-29 03:02:00,43240.0,43245.0,43230.0,43235.0,43235.0,38845
2025-08-29 03:04:00,43235.0,43245.0,43225.0,43230.0,43230.0,4625
2025-08-29 03:06:00,43230.0,43235.0,43220.0,43230.0,43230.0,5757
2025-08-29 03:08:00,43220.0,43230.0,43215.0,43220.0,43220.0,1949
2025-08-29 03:10:00,43225.0,43250.0,43225.0,43240.0,43240.0,4668
2025-08-29 03:12:00,43250.0,43250.0,43235.0,43245.0,43245.0,1902
2025-08-29 03:14:00,43250.0,43270.0,43245.0,43260.0,43260.0,12357
2025-08-29 03:16:00,43265.0,43265.0,43245.0,43250.0,43250.0,16558
2025-08-29 03:18:00,43245.0,43275.0,43245.0,43275.0,43275.0,6218
2025-08-29 03:20:00,43270.0,43280.0,43250.0,43250.0,43250.0,6743
2025-08-29 03:22:00,43245.0,43255.0,43240.0,43250.0,43250.0,2525
2025-08-29 03:24:00,43250.0,43255.0,43240.0,43245.0,43245.0,1089
2025-08-29 03:26:00,43245.0,43255.0,43235.0,43235.0,43235.0,6641
2025-08-29 03:28:00,43240.0,43245.0,43230.0,43230.0,43230.0,1178
2025-08-29 03:30:00,43240.0,43255.0,43230.0,43255.0,43255.0,3018
2025-08-29 03:32:00,43250.0,43255.0,43245.0,43250.0,43250.0,1186
2025-08-29 03:34:00,43255.0,43255.0,43240.0,43250.0,43250.0,12068
2025-08-29 03:36:00,43240.0,43250.0,43240.0,43245.0,43245.0,967
2025-08-29 03:38:00,43245.0,43255.0,43240.0,43250.0,43250.0,7950
2025-08-29 03:40:00,43245.0,43250.0,43240.0,43240.0,43240.0,8879
2025-08-29 03:42:00,43235.0,43250.0,43235.0,43250.0,43250.0,1477
2025-08-29 03:44:00,43250.0,43250.0,43235.0,43240.0,43240.0,1322
2025-08-29 03:46:00,43240.0,43255.0,43235.0,43240.0,43240.0,42772
2025-08-29 03:48:00,43240.0,43240.0,43205.0,43210.0,43210.0,41247
2025-08-29 03:50:00,43215.0,43235.0,43210.0,43235.0,43235.0,27388
2025-08-29 03:52:00,43235.0,43240.0,43210.0,43220.0,43220.0,3164
2025-08-29 03:54:00,43210.0,43225.0,43210.0,43210.0,43210.0,7954
2025-08-29 03:56:00,43210.0,43215.0,43200.0,43200.0,43200.0,15802
2025-08-29 03:58:00,43200.0,43225.0,43200.0,43220.0,43220.0,20857
2025-08-29 04:00:00,43215.0,43245.0,43215.0,43230.0,43230.0,10042
2025-08-29 04:02:00,43227.0,43230.0,43210.0,43210.0,43210.0,12676
2025-08-29 04:04:00,43205.0,43205.0,43185.0,43200.0,43200.0,23883
2025-08-29 04:06:00,43200.0,43235.0,43200.0,43235.0,43235.0,3292
2025-08-29 04:08:00,43230.0,43235.0,43210.0,43235.0,43235.0,6808
2025-08-29 04:10:00,43235.0,43280.0,43235.0,43265.0,43265.0,55888
2025-08-29 04:12:00,43265.0,43275.0,43260.0,43265.0,43265.0,9972
2025-08-29 04:14:00,43265.0,43265.0,43255.0,43260.0,43260.0,12416
2025-08-29 04:16:00,43260.0,43265.0,43240.0,43250.0,43250.0,22984
2025-08-29 04:18:00,43245.0,43250.0,43240.0,43245.0,43245.0,6980
2025-08-29 04:20:00,43250.0,43250.0,43215.0,43230.0,43230.0,17333
2025-08-29 04:22:00,43230.0,43235.0,43220.0,43230.0,43230.0,6384
2025-08-29 04:24:00,43230.0,43235.0,43220.0,43230.0,43230.0,6235
2025-08-29 04:26:00,43225.0,43235.0,43220.0,43235.0,43235.0,19463
2025-08-29 04:28:00,43230.0,43240.0,43225.0,43235.0,43235.0,7320
2025-08-29 04:30:00,43240.0,43245.0,43230.0,43235.0,43235.0,11311
2025-08-29 04:32:00,43240.0,43245.0,43225.0,43230.0,43230.0,18115
2025-08-29 04:34:00,43225.0,43235.0,43220.0,43220.0,43220.0,13676
2025-08-29 04:36:00,43225.0,43225.0,43215.0,43220.0,43220.0,8550
2025-08-29 04:38:00,43225.0,43230.0,43220.0,43225.0,43225.0,15489
2025-08-29 04:40:00,43225.0,43230.0,43220.0,43230.0,43230.0,6292
2025-08-29 04:42:00,43225.0,43230.0,43210.0,43210.0,43210.0,19206
2025-08-29 04:44:00,43215.0,43215.0,43205.0,43215.0,43215.0,12782
2025-08-29 04:46:00,43215.0,43220.0,43200.0,43205.0,43205.0,24929
2025-08-29 04:48:00,43200.0,43215.0,43200.0,43210.0,43210.0,19174
2025-08-29 04:50:00,43220.0,43235.0,43215.0,43230.0,43230.0,7719
2025-08-29 04:52:00,43225.0,43230.0,43215.0,43215.0,43215.0,18690
2025-08-29 04:54:00,43220.0,43230.0,43210.0,43215.0,43215.0,6119
2025-08-29 04:56:00,43215.0,43230.0,43215.0,43225.0,43225.0,6362
2025-08-29 04:58:00,43225.0,43240.0,43220.0,43220.0,43220.0,17332
2025-08-29 05:00:00,43225.0,43270.0,43220.0,43270.0,43270.0,34971
2025-08-29 05:02:00,43265.0,43285.0,43260.0,43265.0,43265.0,35230
2025-08-29 05:04:00,43270.0,43270.0,43255.0,43265.0,43265.0,17925
2025-08-29 05:06:00,43260.0,43265.0,43255.0,43260.0,43260.0,13844
2025-08-29 05:08:00,43255.0,43260.0,43240.0,43255.0,43255.0,14100
2025-08-29 05:10:00,43255.0,43255.0,43235.0,43250.0,43250.0,18213
2025-08-29 05:12:00,43250.0,43250.0,43220.0,43225.0,43225.0,4923
2025-08-29 05:14:00,43230.0,43230.0,43220.0,43225.0,43225.0,8360
2025-08-29 05:16:00,43225.0,43225.0,43185.0,43200.0,43200.0,50244
2025-08-29 05:18:00,43200.0,43200.0,43170.0,43170.0,43170.0,50440
2025-08-29 05:20:00,43175.0,43200.0,43170.0,43200.0,43200.0,11715
2025-08-29 05:22:00,43200.0,43210.0,43195.0,43195.0,43195.0,12261
2025-08-29 05:24:00,43195.0,43205.0,43190.0,43195.0,43195.0,16197
2025-08-29 05:26:00,43195.0,43200.0,43180.0,43190.0,43190.0,12235
2025-08-29 05:28:00,43190.0,43195.0,43180.0,43195.0,43195.0,11975
2025-08-29 05:30:00,43190.0,43190.0,43165.0,43180.0,43180.0,19551
2025-08-29 05:32:00,43180.0,43185.0,43175.0,43180.0,43180.0,13586
2025-08-29 05:34:00,43180.0,43180.0,43165.0,43165.0,43165.0,22732
2025-08-29 05:36:00,43162.0,43185.0,43162.0,43185.0,43185.0,20275
2025-08-29 05:38:00,43185.0,43195.0,43175.0,43190.0,43190.0,16357
2025-08-29 05:40:00,43185.0,43190.0,43175.0,43175.0,43175.0,12364
2025-08-29 05:42:00,43175.0,43185.0,43170.0,43180.0,43180.0,2215
2025-08-29 05:44:00,43185.0,43190.0,43180.0,43190.0,43190.0,11404
2025-08-29 05:46:00,43185.0,43195.0,43180.0,43190.0,43190.0,7897
2025-08-29 05:48:00,43185.0,43195.0,43180.0,43180.0,43180.0,1644
2025-08-29 05:50:00,43182.0,43195.0,43180.0,43180.0,43180.0,6172
2025-08-29 05:52:00,43185.0,43185.0,43160.0,43175.0,43175.0,63906
2025-08-29 05:54:00,43175.0,43185.0,43165.0,43180.0,43180.0,48648
2025-08-29 05:56:00,43180.0,43185.0,43170.0,43175.0,43175.0,2090
2025-08-29 05:58:00,43175.0,43180.0,43165.0,43175.0,43175.0,22557
2025-09-01 00:00:00,42810.0,42815.0,42655.0,42675.0,42675.0,186243
2025-09-01 00:02:00,42670.0,42680.0,42600.0,42645.0,42645.0,68703
2025-09-01 00:04:00,42650.0,42655.0,42582.0,42610.0,42610.0,71348
2025-09-01 00:06:00,42605.0,42700.0,42600.0,42670.0,42670.0,50438
2025-09-01 00:08:00,42675.0,42680.0,42605.0,42605.0,42605.0,62189
2025-09-01 00:10:00,42610.0,42675.0,42555.0,42655.0,42655.0,56142
2025-09-01 00:12:00,42655.0,42680.0,42630.0,42655.0,42655.0,33659
2025-09-01 00:14:00,42660.0,42680.0,42625.0,42630.0,42630.0,37771
2025-09-01 00:16:00,42630.0,42675.0,42600.0,42660.0,42660.0,20262
2025-09-01 00:18:00,42655.0,42725.0,42650.0,42705.0,42705.0,30198
2025-09-01 00:20:00,42705.0,42755.0,42700.0,42720.0,42720.0,44653
2025-09-01 00:22:00,42725.0,42725.0,42690.0,42695.0,42695.0,18633
2025-09-01 00:24:00,42695.0,42730.0,42675.0,42685.0,42685.0,40302
2025-09-01 00:26:00,42685.0,42700.0,42655.0,42680.0,42680.0,59370
2025-09-01 00:28:00,42685.0,42705.0,42680.0,42700.0,42700.0,36220
2025-09-01 00:30:00,42690.0,42725.0,42665.0,42685.0,42685.0,45938
2025-09-01 00:32:00,42685.0,42740.0,42685.0,42740.0,42740.0,10136
2025-09-01 00:34:00,42740.0,42820.0,42715.0,42800.0,42800.0,56101
2025-09-01 00:36:00,42800.0,42830.0,42785.0,42830.0,42830.0,38508
2025-09-01 00:38:00,42835.0,42855.0,42810.0,42855.0,42855.0,48436
2025-09-01 00:40:00,42855.0,42880.0,42840.0,42842.0,42842.0,43872
2025-09-01 00:42:00,42842.0,42865.0,42840.0,42840.0,42840.0,55041
2025-09-01 00:44:00,42840.0,42855.0,42820.0,42840.0,42840.0,8507
2025-09-01 00:46:00,42845.0,42885.0,42840.0,42875.0,42875.0,21341
2025-09-01 00:48:00,42870.0,42930.0,42870.0,42905.0,42905.0,30543
2025-09-01 00:50:00,42905.0,42910.0,42880.0,42885.0,42885.0,36992
2025-09-01 00:52:00,42885.0,42890.0,42855.0,42880.0,42880.0,9874
2025-09-01 00:54:00,42880.0,42890.0,42875.0,42885.0,42885.0,13031
2025-09-01 00:56:00,42890.0,42915.0,42875.0,42875.0,42875.0,15197
2025-09-01 00:58:00,42880.0,42890.0,42870.0,42885.0,42885.0,12377
2025-09-01 01:00:00,42880.0,42895.0,42860.0,42880.0,42880.0,9692
2025-09-01 01:02:00,42880.0,42885.0,42870.0,42885.0,42885.0,5793
2025-09-01 01:04:00,42885.0,42890.0,42860.0,42875.0,42875.0,10529
2025-09-01 01:06:00,42875.0,42885.0,42850.0,42880.0,42880.0,6831
2025-09-01 01:08:00,42880.0,42885.0,42870.0,42880.0,42880.0,4276
2025-09-01 01:10:00,42880.0,42895.0,42860.0,42895.0,42895.0,26084
2025-09-01 01:12:00,42895.0,42900.0,42865.0,42885.0,42885.0,8248
2025-09-01 01:14:00,42885.0,42905.0,42875.0,42875.0,42875.0,11449
2025-09-01 01:16:00,42875.0,42880.0,42850.0,42860.0,42860.0,4976
2025-09-01 01:18:00,42860.0,42865.0,42840.0,42845.0,42845.0,7644
2025-09-01 01:20:00,42845.0,42865.0,42830.0,42865.0,42865.0,8333
2025-09-01 01:22:00,42865.0,42885.0,42855.0,42875.0,42875.0,6013
2025-09-01 01:24:00,42880.0,42935.0,42875.0,42935.0,42935.0,18971
2025-09-01 01:26:00,42935.0,42960.0,42925.0,42925.0,42925.0,30596
2025-09-01 01:28:00,42925.0,42950.0,42915.0,42935.0,42935.0,9539
2025-09-01 01:30:00,42935.0,42940.0,42910.0,42930.0,42930.0,10725
2025-09-01 01:32:00,42930.0,42980.0,42925.0,42975.0,42975.0,36852
2025-09-01 01:34:00,42975.0,42985.0,42940.0,42965.0,42965.0,32172
2025-09-01 01:36:00,42965.0,42965.0,42920.0,42935.0,42935.0,7802
2025-09-01 01:38:00,42935.0,42940.0,42925.0,42940.0,42940.0,5944
2025-09-01 01:40:00,42940.0,42945.0,42920.0,42925.0,42925.0,4598
2025-09-01 01:42:00,42925.0,42930.0,42915.0,42920.0,42920.0,6545
2025-09-01 01:44:00,42920.0,42920.0,42900.0,42900.0,42900.0,10172
2025-09-01 01:46:00,42900.0,42940.0,42890.0,42930.0,42930.0,19427
2025-09-01 01:48:00,42925.0,42935.0,42910.0,42915.0,42915.0,6079
2025-09-01 01:50:00,42915.0,42915.0,42885.0,42900.0,42900.0,8181
2025-09-01 01:52:00,42895.0,42900.0,42855.0,42870.0,42870.0,15661
2025-09-01 01:54:00,42870.0,42870.0,42835.0,42855.0,42855.0,15685
2025-09-01 01:56:00,42850.0,42865.0,42840.0,42860.0,42860.0,48852
2025-09-01 01:58:00,42860.0,42870.0,42855.0,42860.0,42860.0,10970
2025-09-01 02:00:00,42860.0,42875.0,42850.0,42860.0,42860.0,13016
2025-09-01 02:02:00,42860.0,42870.0,42860.0,42860.0,42860.0,5692
2025-09-01 02:04:00,42860.0,42885.0,42860.0,42870.0,42870.0,6553
2025-09-01 02:06:00,42875.0,42910.0,42870.0,42905.0,42905.0,6123
2025-09-01 02:08:00,42905.0,42910.0,42900.0,42905.0,42905.0,6141
2025-09-01 02:10:00,42905.0,42910.0,42890.0,42905.0,42905.0,20165
2025-09-01 02:12:00,42905.0,42910.0,42880.0,42885.0,42885.0,4955
2025-09-01 02:14:00,42885.0,42885.0,42830.0,42840.0,42840.0,17306
2025-09-01 02:16:00,42840.0,42850.0,42800.0,42805.0,42805.0,47614
2025-09-01 02:18:00,42805.0,42805.0,42755.0,42755.0,42755.0,44535
2025-09-01 02:20:00,42750.0,42765.0,42740.0,42760.0,42760.0,32697
2025-09-01 02:22:00,42755.0,42755.0,42730.0,42755.0,42755.0,16026
2025-09-01 02:24:00,42750.0,42750.0,42700.0,42700.0,42700.0,23733
2025-09-01 02:26:00,42705.0,42730.0,42690.0,42720.0,42720.0,48955
2025-09-01 02:28:00,42720.0,42720.0,42700.0,42710.0,42710.0,8511
2025-09-01 02:30:00,42710.0,42730.0,42700.0,42715.0,42715.0,6952
2025-09-01 02:32:00,42715.0,42730.0,42705.0,42725.0,42725.0,17240
2025-09-01 02:34:00,42725.0,42745.0,42715.0,42745.0,42745.0,11023
2025-09-01 02:36:00,42745.0,42745.0,42725.0,42740.0,42740.0,8380
2025-09-01 02:38:00,42740.0,42760.0,42735.0,42735.0,42735.0,5644
2025-09-01 02:40:00,42730.0,42740.0,42730.0,42730.0,42730.0,3801
2025-09-01 02:42:00,42735.0,42750.0,42725.0,42730.0,42730.0,9004
2025-09-01 02:44:00,42730.0,42735.0,42720.0,42725.0,42725.0,8788
2025-09-01 02:46:00,42730.0,42745.0,42730.0,42745.0,42745.0,7171
2025-09-01 02:48:00,42740.0,42750.0,42720.0,42730.0,42730.0,7809
2025-09-01 02:50:00,42730.0,42730.0,42710.0,42715.0,42715.0,13580
2025-09-01 02:52:00,42715.0,42730.0,42710.0,42725.0,42725.0,4331
2025-09-01 02:54:00,42730.0,42732.0,42715.0,42720.0,42720.0,9389
2025-09-01 02:56:00,42720.0,42730.0,42710.0,42720.0,42720.0,9294
2025-09-01 02:58:00,42725.0,42725.0,42715.0,42715.0,42715.0,2309
2025-09-01 03:00:00,42715.0,42715.0,42685.0,42695.0,42695.0,30555
2025-09-01 03:02:00,42695.0,42705.0,42660.0,42700.0,42700.0,14828
2025-09-01 03:04:00,42705.0,42720.0,42700.0,42715.0,42715.0,8843
2025-09-01 03:06:00,42715.0,42720.0,42700.0,42710.0,42710.0,7128
2025-09-01 03:08:00,42710.0,42710.0,42700.0,42705.0,42705.0,6914
2025-09-01 03:10:00,42705.0,42710.0,42670.0,42685.0,42685.0,21495
2025-09-01 03:12:00,42680.0,42685.0,42670.0,42675.0,42675.0,3313
2025-09-01 03:14:00,42675.0,42680.0,42670.0,42670.0,42670.0,9745
2025-09-01 03:16:00,42670.0,42675.0,42645.0,42655.0,42655.0,21587
2025-09-01 03:18:00,42650.0,42655.0,42630.0,42635.0,42635.0,10502
2025-09-01 03:20:00,42630.0,42640.0,42620.0,42630.0,42630.0,22391
2025-09-01 03:22:00,42630.0,42635.0,42615.0,42620.0,42620.0,8850
2025-09-01 03:24:00,42620.0,42620.0,42605.0,42605.0,42605.0,8860
2025-09-01 03:26:00,42610.0,42620.0,42600.0,42605.0,42605.0,35343
2025-09-01 03:28:00,42605.0,42620.0,42600.0,42620.0,42620.0,19507
2025-09-01 03:30:00,42625.0,42630.0,42600.0,42600.0,42600.0,11338
2025-09-01 03:32:00,42605.0,42615.0,42595.0,42600.0,42600.0,28301
2025-09-01 03:34:00,42600.0,42605.0,42590.0,42600.0,42600.0,10136
2025-09-01 03:36:00,42605.0,42625.0,42595.0,42620.0,42620.0,11242
2025-09-01 03:38:00,42625.0,42635.0,42620.0,42630.0,42630.0,10713
2025-09-01 03:40:00,42625.0,42635.0,42620.0,42630.0,42630.0,12192
2025-09-01 03:42:00,42630.0,42635.0,42620.0,42630.0,42630.0,4655
2025-09-01 03:44:00,42625.0,42640.0,42625.0,42635.0,42635.0,11030
2025-09-01 03:46:00,42635.0,42635.0,42620.0,42630.0,42630.0,12114
2025-09-01 03:48:00,42630.0,42630.0,42615.0,42625.0,42625.0,9860
2025-09-01 03:50:00,42625.0,42625.0,42590.0,42595.0,42595.0,16766
2025-09-01 03:52:00,42595.0,42615.0,42595.0,42605.0,42605.0,13547
2025-09-01 03:54:00,42600.0,42620.0,42600.0,42615.0,42615.0,5608
2025-09-01 03:56:00,42615.0,42615.0,42605.0,42610.0,42610.0,6085
2025-09-01 03:58:00,42610.0,42615.0,42600.0,42602.0,42602.0,12117
2025-09-01 04:00:00,42600.0,42635.0,42600.0,42625.0,42625.0,16599
2025-09-01 04:02:00,42625.0,42625.0,42605.0,42610.0,42610.0,38338
2025-09-01 04:04:00,42620.0,42620.0,42605.0,42605.0,42605.0,17764
2025-09-01 04:06:00,42605.0,42615.0,42575.0,42590.0,42590.0,26682
2025-09-01 04:08:00,42595.0,42605.0,42590.0,42595.0,42595.0,4091
2025-09-01 04:10:00,42600.0,42615.0,42590.0,42615.0,42615.0,11791
2025-09-01 04:12:00,42605.0,42615.0,42575.0,42575.0,42575.0,13566
2025-09-01 04:14:00,42570.0,42590.0,42560.0,42580.0,42580.0,30644
2025-09-01 04:16:00,42585.0,42590.0,42570.0,42570.0,42570.0,9299
2025-09-01 04:18:00,42570.0,42575.0,42565.0,42565.0,42565.0,11470
2025-09-01 04:20:00,42570.0,42580.0,42565.0,42580.0,42580.0,67845
2025-09-01 04:22:00,42580.0,42605.0,42575.0,42595.0,42595.0,6046
2025-09-01 04:24:00,42600.0,42600.0,42580.0,42585.0,42585.0,10528
2025-09-01 04:26:00,42580.0,42605.0,42580.0,42590.0,42590.0,10393
2025-09-01 04:28:00,42590.0,42625.0,42590.0,42620.0,42620.0,12800
2025-09-01 04:30:00,42620.0,42620.0,42590.0,42610.0,42610.0,15998
2025-09-01 04:32:00,42610.0,42615.0,42590.0,42590.0,42590.0,5356
2025-09-01 04:34:00,42590.0,42595.0,42570.0,42580.0,42580.0,15575
2025-09-01 04:36:00,42580.0,42580.0,42570.0,42575.0,42575.0,3370
2025-09-01 04:38:00,42575.0,42580.0,42500.0,42505.0,42505.0,107800
2025-09-01 04:40:00,42505.0,42515.0,42495.0,42510.0,42510.0,46282
2025-09-01 04:42:00,42505.0,42515.0,42480.0,42490.0,42490.0,19527
2025-09-01 04:44:00,42495.0,42505.0,42485.0,42490.0,42490.0,11663
2025-09-01 04:46:00,42490.0,42520.0,42490.0,42515.0,42515.0,12586
2025-09-01 04:48:00,42512.0,42520.0,42500.0,42515.0,42515.0,6232
2025-09-01 04:50:00,42510.0,42520.0,42500.0,42505.0,42505.0,9672
2025-09-01 04:52:00,42505.0,42515.0,42490.0,42500.0,42500.0,24481
2025-09-01 04:54:00,42500.0,42505.0,42485.0,42500.0,42500.0,10157
2025-09-01 04:56:00,42500.0,42500.0,42475.0,42475.0,42475.0,14858
2025-09-01 04:58:00,42480.0,42485.0,42465.0,42475.0,42475.0,27786
2025-09-01 05:00:00,42475.0,42480.0,42445.0,42460.0,42460.0,81153
2025-09-01 05:02:00,42455.0,42465.0,42440.0,42450.0,42450.0,46795
2025-09-01 05:04:00,42450.0,42460.0,42430.0,42440.0,42440.0,68668
2025-09-01 05:06:00,42440.0,42440.0,42405.0,42415.0,42415.0,36502
2025-09-01 05:08:00,42415.0,42420.0,42370.0,42375.0,42375.0,80137
2025-09-01 05:10:00,42375.0,42405.0,42370.0,42390.0,42390.0,28698
2025-09-01 05:12:00,42390.0,42415.0,42385.0,42415.0,42415.0,53010
2025-09-01 05:14:00,42420.0,42450.0,42400.0,42450.0,42450.0,17589
2025-09-01 05:16:00,42450.0,42470.0,42440.0,42465.0,42465.0,17678
2025-09-01 05:18:00,42460.0,42485.0,42455.0,42465.0,42465.0,24796
2025-09-01 05:20:00,42460.0,42485.0,42460.0,42480.0,42480.0,28119
2025-09-01 05:22:00,42485.0,42515.0,42480.0,42495.0,42495.0,33200
2025-09-01 05:24:00,42495.0,42505.0,42485.0,42500.0,42500.0,23572
2025-09-01 05:26:00,42490.0,42505.0,42490.0,42495.0,42495.0,10008
2025-09-01 05:28:00,42500.0,42510.0,42490.0,42495.0,42495.0,4436
2025-09-01 05:30:00,42495.0,42505.0,42485.0,42495.0,42495.0,20114
2025-09-01 05:32:00,42495.0,42505.0,42490.0,42500.0,42500.0,13972
2025-09-01 05:34:00,42500.0,42505.0,42490.0,42495.0,42495.0,5103
2025-09-01 05:36:00,42495.0,42495.0,42470.0,42490.0,42490.0,18234
2025-09-01 05:38:00,42490.0,42495.0,42480.0,42495.0,42495.0,8462
2025-09-01 05:40:00,42495.0,42500.0,42480.0,42500.0,42500.0,17036
2025-09-01 05:42:00,42500.0,42510.0,42485.0,42490.0,42490.0,22878
2025-09-01 05:44:00,42490.0,42490.0,42480.0,42485.0,42485.0,13604
2025-09-01 05:46:00,42485.0,42485.0,42455.0,42455.0,42455.0,40924
2025-09-01 05:48:00,42460.0,42460.0,42445.0,42455.0,42455.0,17767
2025-09-01 05:50:00,42455.0,42495.0,42450.0,42495.0,42495.0,32207
2025-09-01 05:52:00,42495.0,42525.0,42495.0,42510.0,42510.0,35726
2025-09-01 05:54:00,42505.0,42510.0,42490.0,42510.0,42510.0,18671
2025-09-01 05:56:00,42510.0,42510.0,42495.0,42500.0,42500.0,25002
2025-09-01 05:58:00,42505.0,42505.0,42490.0,42495.0,42495.0,23895
2025-09-02 00:00:00,42575.0,42730.0,42575.0,42715.0,42715.0,135349
2025-09-02 00:02:00,42715.0,42755.0,42670.0,42720.0,42720.0,74937
2025-09-02 00:04:00,42735.0,42780.0,42700.0,42700.0,42700.0,59219
2025-09-02 00:06:00,42695.0,42735.0,42680.0,42715.0,42715.0,66021
2025-09-02 00:08:00,42725.0,42730.0,42610.0,42665.0,42665.0,136457
2025-09-02 00:10:00,42660.0,42725.0,42660.0,42720.0,42720.0,75148
2025-09-02 00:12:00,42720.0,42815.0,42720.0,42795.0,42795.0,82270
2025-09-02 00:14:00,42792.0,42865.0,42790.0,42855.0,42855.0,86096
2025-09-02 00:16:00,42855.0,42870.0,42835.0,42860.0,42860.0,35745
2025-09-02 00:18:00,42860.0,42870.0,42790.0,42790.0,42790.0,40655
2025-09-02 00:20:00,42795.0,42810.0,42740.0,42750.0,42750.0,45804
2025-09-02 00:22:00,42745.0,42760.0,42710.0,42735.0,42735.0,55841
2025-09-02 00:24:00,42720.0,42745.0,42710.0,42740.0,42740.0,24584
2025-09-02 00:26:00,42745.0,42775.0,42730.0,42750.0,42750.0,73850
2025-09-02 00:28:00,42745.0,42785.0,42740.0,42775.0,42775.0,17070
2025-09-02 00:30:00,42775.0,42820.0,42765.0,42820.0,42820.0,27426
2025-09-02 00:32:00,42815.0,42850.0,42810.0,42850.0,42850.0,8918
2025-09-02 00:34:00,42845.0,42870.0,42825.0,42870.0,42870.0,21496
2025-09-02 00:36:00,42870.0,42870.0,42805.0,42815.0,42815.0,13106
2025-09-02 00:38:00,42810.0,42820.0,42785.0,42815.0,42815.0,20454
2025-09-02 00:40:00,42815.0,42820.0,42735.0,42735.0,42735.0,29966
2025-09-02 00:42:00,42735.0,42755.0,42695.0,42740.0,42740.0,57005
2025-09-02 00:44:00,42740.0,42815.0,42740.0,42815.0,42815.0,21733
2025-09-02 00:46:00,42815.0,42820.0,42795.0,42800.0,42800.0,20566
2025-09-02 00:48:00,42795.0,42800.0,42775.0,42785.0,42785.0,9733
2025-09-02 00:50:00,42790.0,42830.0,42775.0,42800.0,42800.0,11477
2025-09-02 00:52:00,42795.0,42825.0,42780.0,42805.0,42805.0,8883
2025-09-02 00:54:00,42805.0,42815.0,42760.0,42770.0,42770.0,64184
2025-09-02 00:56:00,42765.0,42800.0,42760.0,42790.0,42790.0,38650
2025-09-02 00:58:00,42795.0,42820.0,42785.0,42795.0,42795.0,10580
2025-09-02 01:00:00,42795.0,42800.0,42750.0,42765.0,42765.0,15254
2025-09-02 01:02:00,42770.0,42790.0,42765.0,42785.0,42785.0,28284
2025-09-02 01:04:00,42790.0,42790.0,42735.0,42735.0,42735.0,30217
2025-09-02 01:06:00,42735.0,42850.0,42730.0,42845.0,42845.0,40330
2025-09-02 01:08:00,42850.0,42875.0,42825.0,42840.0,42840.0,123260
2025-09-02 01:10:00,42840.0,42895.0,42840.0,42865.0,42865.0,68058
2025-09-02 01:12:00,42860.0,42860.0,42835.0,42855.0,42855.0,13012
2025-09-02 01:14:00,42855.0,42860.0,42840.0,42850.0,42850.0,36027
2025-09-02 01:16:00,42845.0,42885.0,42845.0,42885.0,42885.0,7707
2025-09-02 01:18:00,42885.0,42895.0,42870.0,42870.0,42870.0,31681
2025-09-02 01:20:00,42870.0,42890.0,42825.0,42825.0,42825.0,29048
2025-09-02 01:22:00,42830.0,42865.0,42830.0,42860.0,42860.0,14159
2025-09-02 01:24:00,42855.0,42865.0,42840.0,42850.0,42850.0,30777
2025-09-02 01:26:00,42850.0,42865.0,42850.0,42865.0,42865.0,8945
2025-09-02 01:28:00,42865.0,42885.0,42845.0,42880.0,42880.0,11857
2025-09-02 01:30:00,42880.0,42880.0,42840.0,42855.0,42855.0,24088
2025-09-02 01:32:00,42855.0,42895.0,42855.0,42895.0,42895.0,14200
2025-09-02 01:34:00,42890.0,42910.0,42880.0,42905.0,42905.0,31558
2025-09-02 01:36:00,42905.0,42915.0,42880.0,42885.0,42885.0,76607
2025-09-02 01:38:00,42885.0,42895.0,42870.0,42870.0,42870.0,32702
2025-09-02 01:40:00,42870.0,42890.0,42860.0,42860.0,42860.0,15385
2025-09-02 01:42:00,42860.0,42880.0,42855.0,42870.0,42870.0,3341
2025-09-02 01:44:00,42865.0,42875.0,42850.0,42875.0,42875.0,6658
2025-09-02 01:46:00,42880.0,42885.0,42855.0,42855.0,42855.0,17987
2025-09-02 01:48:00,42855.0,42910.0,42855.0,42910.0,42910.0,8123
2025-09-02 01:50:00,42910.0,42920.0,42885.0,42895.0,42895.0,18614
2025-09-02 01:52:00,42895.0,42905.0,42885.0,42900.0,42900.0,2298
2025-09-02 01:54:00,42890.0,42905.0,42880.0,42880.0,42880.0,19661
2025-09-02 01:56:00,42880.0,42885.0,42855.0,42865.0,42865.0,4094
2025-09-02 01:58:00,42860.0,42870.0,42855.0,42855.0,42855.0,15941
2025-09-02 02:00:00,42860.0,42870.0,42840.0,42855.0,42855.0,22685
2025-09-02 02:02:00,42855.0,42870.0,42845.0,42865.0,42865.0,1423
2025-09-02 02:04:00,42870.0,42885.0,42860.0,42885.0,42885.0,20082
2025-09-02 02:06:00,42885.0,42910.0,42885.0,42910.0,42910.0,14446
2025-09-02 02:08:00,42910.0,42930.0,42900.0,42905.0,42905.0,33221
2025-09-02 02:10:00,42905.0,42935.0,42905.0,42930.0,42930.0,72901
2025-09-02 02:12:00,42925.0,42930.0,42915.0,42925.0,42925.0,48773
2025-09-02 02:14:00,42925.0,42940.0,42920.0,42940.0,42940.0,52326
2025-09-02 02:16:00,42935.0,42935.0,42895.0,42905.0,42905.0,31084
2025-09-02 02:18:00,42900.0,42900.0,42885.0,42885.0,42885.0,7945
2025-09-02 02:20:00,42885.0,42890.0,42870.0,42870.0,42870.0,31994
2025-09-02 02:22:00,42875.0,42885.0,42865.0,42875.0,42875.0,61154
2025-09-02 02:24:00,42875.0,42880.0,42850.0,42850.0,42850.0,43222
2025-09-02 02:26:00,42847.0,42850.0,42795.0,42830.0,42830.0,160068
2025-09-02 02:28:00,42830.0,42865.0,42830.0,42855.0,42855.0,64303
2025-09-02 02:30:00,42855.0,42865.0,42840.0,42855.0,42855.0,31731
2025-09-02 02:32:00,42855.0,42860.0,42840.0,42855.0,42855.0,7392
2025-09-02 02:34:00,42855.0,42885.0,42850.0,42870.0,42870.0,28775
2025-09-02 02:36:00,42875.0,42875.0,42855.0,42860.0,42860.0,7085
2025-09-02 02:38:00,42855.0,42870.0,42850.0,42870.0,42870.0,2729
2025-09-02 02:40:00,42865.0,42865.0,42820.0,42820.0,42820.0,12260
2025-09-02 02:42:00,42825.0,42830.0,42800.0,42825.0,42825.0,12737
2025-09-02 02:44:00,42830.0,42830.0,42810.0,42815.0,42815.0,1799
2025-09-02 02:46:00,42815.0,42840.0,42815.0,42840.0,42840.0,5391
2025-09-02 02:48:00,42840.0,42850.0,42820.0,42830.0,42830.0,4235
2025-09-02 02:50:00,42825.0,42830.0,42805.0,42825.0,42825.0,3678
2025-09-02 02:52:00,42825.0,42840.0,42825.0,42835.0,42835.0,2493
2025-09-02 02:54:00,42840.0,42855.0,42835.0,42855.0,42855.0,8054
2025-09-02 02:56:00,42855.0,42875.0,42850.0,42875.0,42875.0,6738
2025-09-02 02:58:00,42875.0,42880.0,42855.0,42865.0,42865.0,2490
2025-09-02 03:00:00,42865.0,42870.0,42850.0,42850.0,42850.0,7845
2025-09-02 03:02:00,42850.0,42850.0,42825.0,42835.0,42835.0,19525
2025-09-02 03:04:00,42835.0,42835.0,42810.0,42820.0,42820.0,35206
2025-09-02 03:06:00,42825.0,42865.0,42825.0,42860.0,42860.0,8480
2025-09-02 03:08:00,42860.0,42860.0,42840.0,42845.0,42845.0,4653
2025-09-02 03:10:00,42840.0,42860.0,42835.0,42850.0,42850.0,12901
2025-09-02 03:12:00,42850.0,42855.0,42845.0,42845.0,42845.0,1855
2025-09-02 03:14:00,42850.0,42865.0,42845.0,42850.0,42850.0,32970
2025-09-02 03:16:00,42855.0,42890.0,42855.0,42880.0,42880.0,54751
2025-09-02 03:18:00,42880.0,42890.0,42845.0,42850.0,42850.0,30256
2025-09-02 03:20:00,42855.0,42860.0,42835.0,42840.0,42840.0,9389
2025-09-02 03:22:00,42840.0,42860.0,42840.0,42860.0,42860.0,7494
2025-09-02 03:24:00,42855.0,42875.0,42850.0,42870.0,42870.0,14662
2025-09-02 03:26:00,42870.0,42887.0,42867.0,42885.0,42885.0,41724
2025-09-02 03:28:00,42890.0,42890.0,42877.0,42890.0,42890.0,13884
2025-09-02 03:30:00,42890.0,42900.0,42880.0,42885.0,42885.0,29926
2025-09-02 03:32:00,42880.0,42890.0,42870.0,42880.0,42880.0,24880
2025-09-02 03:34:00,42880.0,42885.0,42875.0,42885.0,42885.0,19060
2025-09-02 03:36:00,42880.0,42885.0,42875.0,42880.0,42880.0,38535
2025-09-02 03:38:00,42880.0,42905.0,42880.0,42900.0,42900.0,46435
2025-09-02 03:40:00,42900.0,42915.0,42895.0,42915.0,42915.0,68506
2025-09-02 03:42:00,42915.0,42935.0,42915.0,42920.0,42920.0,23940
2025-09-02 03:44:00,42920.0,42925.0,42900.0,42900.0,42900.0,13428
2025-09-02 03:46:00,42900.0,42920.0,42900.0,42910.0,42910.0,26374
2025-09-02 03:48:00,42910.0,42920.0,42900.0,42910.0,42910.0,13453
2025-09-02 03:50:00,42910.0,42920.0,42900.0,42910.0,42910.0,6918
2025-09-02 03:52:00,42910.0,42935.0,42905.0,42925.0,42925.0,14853
2025-09-02 03:54:00,42925.0,42940.0,42920.0,42930.0,42930.0,6918
2025-09-02 03:56:00,42930.0,42945.0,42925.0,42945.0,42945.0,5991
2025-09-02 03:58:00,42945.0,42955.0,42935.0,42950.0,42950.0,11880
2025-09-02 04:00:00,42950.0,42975.0,42940.0,42975.0,42975.0,16572
2025-09-02 04:02:00,42975.0,42975.0,42952.0,42955.0,42955.0,7301
2025-09-02 04:04:00,42955.0,42960.0,42940.0,42950.0,42950.0,9429
2025-09-02 04:06:00,42950.0,42960.0,42935.0,42940.0,42940.0,16779
2025-09-02 04:08:00,42937.0,42940.0,42925.0,42930.0,42930.0,7154
2025-09-02 04:10:00,42935.0,42955.0,42935.0,42950.0,42950.0,4505
2025-09-02 04:12:00,42945.0,42955.0,42940.0,42945.0,42945.0,4191
2025-09-02 04:14:00,42947.0,42950.0,42935.0,42940.0,42940.0,9687
2025-09-02 04:16:00,42940.0,42960.0,42940.0,42945.0,42945.0,13272
2025-09-02 04:18:00,42947.0,42955.0,42935.0,42947.0,42947.0,14823
2025-09-02 04:20:00,42945.0,42975.0,42945.0,42972.0,42972.0,11035
2025-09-02 04:22:00,42972.0,42980.0,42960.0,42970.0,42970.0,5862
2025-09-02 04:24:00,42970.0,42980.0,42970.0,42977.0,42977.0,4290
2025-09-02 04:26:00,42980.0,42987.0,42970.0,42970.0,42970.0,7533
2025-09-02 04:28:00,42970.0,42980.0,42965.0,42965.0,42965.0,5410
2025-09-02 04:30:00,42967.0,42980.0,42960.0,42980.0,42980.0,6068
2025-09-02 04:32:00,42975.0,42980.0,42950.0,42950.0,42950.0,7667
2025-09-02 04:34:00,42950.0,42952.0,42915.0,42925.0,42925.0,10009
2025-09-02 04:36:00,42925.0,42940.0,42920.0,42927.0,42927.0,3609
2025-09-02 04:38:00,42927.0,42935.0,42920.0,42930.0,42930.0,9150
2025-09-02 04:40:00,42922.0,42945.0,42915.0,42940.0,42940.0,9680
2025-09-02 04:42:00,42935.0,42960.0,42930.0,42955.0,42955.0,11775
2025-09-02 04:44:00,42960.0,42970.0,42960.0,42965.0,42965.0,4198
2025-09-02 04:46:00,42965.0,42982.0,42962.0,42965.0,42965.0,16667
2025-09-02 04:48:00,42960.0,42965.0,42950.0,42950.0,42950.0,3027
2025-09-02 04:50:00,42950.0,42970.0,42950.0,42955.0,42955.0,4267
2025-09-02 04:52:00,42955.0,42970.0,42950.0,42950.0,42950.0,50302
2025-09-02 04:54:00,42952.0,42965.0,42935.0,42940.0,42940.0,54675
2025-09-02 04:56:00,42940.0,42955.0,42935.0,42940.0,42940.0,46904
2025-09-02 04:58:00,42940.0,42950.0,42935.0,42935.0,42935.0,46237
2025-09-02 05:00:00,42935.0,42945.0,42920.0,42922.0,42922.0,49301
2025-09-02 05:02:00,42922.0,42942.0,42922.0,42935.0,42935.0,48055
2025-09-02 05:04:00,42935.0,42942.0,42925.0,42925.0,42925.0,46220
2025-09-02 05:06:00,42925.0,42935.0,42905.0,42905.0,42905.0,44295
2025-09-02 05:08:00,42905.0,42920.0,42900.0,42910.0,42910.0,62673
2025-09-02 05:10:00,42910.0,42910.0,42890.0,42890.0,42890.0,49067
2025-09-02 05:12:00,42895.0,42912.0,42890.0,42902.0,42902.0,55634
2025-09-02 05:14:00,42900.0,42905.0,42885.0,42895.0,42895.0,47506
2025-09-02 05:16:00,42900.0,42910.0,42882.0,42905.0,42905.0,72480
2025-09-02 05:18:00,42905.0,42915.0,42890.0,42890.0,42890.0,52308
2025-09-02 05:20:00,42892.0,42895.0,42870.0,42885.0,42885.0,45639
2025-09-02 05:22:00,42882.0,42897.0,42880.0,42890.0,42890.0,46336
2025-09-02 05:24:00,42890.0,42900.0,42880.0,42890.0,42890.0,50886
2025-09-02 05:26:00,42892.0,42907.0,42890.0,42900.0,42900.0,47964
2025-09-02 05:28:00,42895.0,42907.0,42890.0,42897.0,42897.0,50409
2025-09-02 05:30:00,42895.0,42910.0,42885.0,42902.0,42902.0,18414
2025-09-02 05:32:00,42900.0,42922.0,42900.0,42922.0,42922.0,16964
2025-09-02 05:34:00,42922.0,42955.0,42922.0,42942.0,42942.0,21386
2025-09-02 05:36:00,42945.0,42955.0,42940.0,42950.0,42950.0,4378
2025-09-02 05:38:00,42947.0,42947.0,42925.0,42925.0,42925.0,12837
2025-09-02 05:40:00,42920.0,42950.0,42920.0,42945.0,42945.0,18102
2025-09-02 05:42:00,42947.0,42952.0,42935.0,42937.0,42937.0,58698
2025-09-02 05:44:00,42937.0,42942.0,42927.0,42937.0,42937.0,47158
2025-09-02 05:46:00,42937.0,42952.0,42932.0,42935.0,42935.0,63575
2025-09-02 05:48:00,42940.0,42945.0,42935.0,42940.0,42940.0,50435
2025-09-02 05:50:00,42935.0,42950.0,42935.0,42945.0,42945.0,19753
2025-09-02 05:52:00,42945.0,42950.0,42925.0,42925.0,42925.0,10507
2025-09-02 05:54:00,42925.0,42935.0,42910.0,42915.0,42915.0,14018
2025-09-02 05:56:00,42915.0,42920.0,42900.0,42905.0,42905.0,5395
2025-09-02 05:58:00,42900.0,42920.0,42900.0,42900.0,42900.0,4787
2025-09-03 00:00:00,42935.0,43145.0,42930.0,43115.0,43115.0,150570
2025-09-03 00:02:00,43110.0,43130.0,42880.0,42895.0,42895.0,172521
2025-09-03 00:04:00,42885.0,43025.0,42865.0,43000.0,43000.0,31839
2025-09-03 00:06:00,42995.0,43037.0,42980.0,43015.0,43015.0,43633
2025-09-03 00:08:00,43015.0,43040.0,42965.0,42995.0,42995.0,55199
2025-09-03 00:10:00,42995.0,43065.0,42995.0,43055.0,43055.0,80538
2025-09-03 00:12:00,43055.0,43105.0,43050.0,43065.0,43065.0,27197
2025-09-03 00:14:00,43065.0,43080.0,43035.0,43040.0,43040.0,21043
2025-09-03 00:16:00,43040.0,43105.0,43025.0,43090.0,43090.0,41391
2025-09-03 00:18:00,43090.0,43125.0,43085.0,43120.0,43120.0,25855
2025-09-03 00:20:00,43130.0,43135.0,43070.0,43090.0,43090.0,19623
2025-09-03 00:22:00,43095.0,43110.0,43075.0,43110.0,43110.0,20828
2025-09-03 00:24:00,43105.0,43105.0,43050.0,43090.0,43090.0,15550
2025-09-03 00:26:00,43085.0,43120.0,43080.0,43090.0,43090.0,15559
2025-09-03 00:28:00,43090.0,43090.0,43065.0,43070.0,43070.0,8563
2025-09-03 00:30:00,43070.0,43120.0,43050.0,43120.0,43120.0,29874
2025-09-03 00:32:00,43120.0,43210.0,43120.0,43190.0,43190.0,69338
2025-09-03 00:34:00,43190.0,43195.0,43110.0,43130.0,43130.0,30577
2025-09-03 00:36:00,43125.0,43125.0,43050.0,43065.0,43065.0,29545
2025-09-03 00:38:00,43060.0,43080.0,43050.0,43055.0,43055.0,11725
2025-09-03 00:40:00,43055.0,43055.0,43000.0,43015.0,43015.0,44757
2025-09-03 00:42:00,43017.0,43035.0,43005.0,43010.0,43010.0,13199
2025-09-03 00:44:00,43005.0,43010.0,42985.0,43000.0,43000.0,17458
2025-09-03 00:46:00,42995.0,43005.0,42955.0,42985.0,42985.0,36759
2025-09-03 00:48:00,42990.0,43010.0,42980.0,43000.0,43000.0,13197
2025-09-03 00:50:00,42995.0,43015.0,42990.0,43015.0,43015.0,15345
2025-09-03 00:52:00,43010.0,43020.0,42985.0,42990.0,42990.0,15151
2025-09-03 00:54:00,42990.0,42990.0,42930.0,42940.0,42940.0,32472
2025-09-03 00:56:00,42940.0,42980.0,42930.0,42975.0,42975.0,18080
2025-09-03 00:58:00,42980.0,43000.0,42970.0,43000.0,43000.0,13426
2025-09-03 01:00:00,43000.0,43030.0,42995.0,43030.0,43030.0,34603
2025-09-03 01:02:00,43030.0,43065.0,43030.0,43065.0,43065.0,24855
2025-09-03 01:04:00,43065.0,43085.0,43055.0,43070.0,43070.0,14124
2025-09-03 01:06:00,43070.0,43090.0,43040.0,43085.0,43085.0,28493
2025-09-03 01:08:00,43085.0,43085.0,43045.0,43050.0,43050.0,13220
2025-09-03 01:10:00,43050.0,43070.0,43045.0,43070.0,43070.0,10036
2025-09-03 01:12:00,43065.0,43070.0,43040.0,43050.0,43050.0,6543
2025-09-03 01:14:00,43045.0,43060.0,43030.0,43045.0,43045.0,18716
2025-09-03 01:16:00,43045.0,43050.0,43030.0,43045.0,43045.0,7471
2025-09-03 01:18:00,43050.0,43055.0,43030.0,43040.0,43040.0,21235
2025-09-03 01:20:00,43040.0,43055.0,42985.0,43000.0,43000.0,37087
2025-09-03 01:22:00,43010.0,43025.0,42990.0,43025.0,43025.0,40546
2025-09-03 01:24:00,43025.0,43055.0,43015.0,43055.0,43055.0,16617
2025-09-03 01:26:00,43055.0,43080.0,43035.0,43075.0,43075.0,9477
2025-09-03 01:28:00,43075.0,43110.0,43075.0,43110.0,43110.0,28409
2025-09-03 01:30:00,43110.0,43120.0,43070.0,43095.0,43095.0,19383
2025-09-03 01:32:00,43090.0,43095.0,43050.0,43060.0,43060.0,10102
2025-09-03 01:34:00,43050.0,43075.0,43050.0,43055.0,43055.0,11066
2025-09-03 01:36:00,43055.0,43065.0,43030.0,43040.0,43040.0,13601
2025-09-03 01:38:00,43040.0,43060.0,43035.0,43050.0,43050.0,14315
2025-09-03 01:40:00,43050.0,43055.0,43035.0,43050.0,43050.0,14599
2025-09-03 01:42:00,43055.0,43085.0,43050.0,43075.0,43075.0,10958
2025-09-03 01:44:00,43075.0,43085.0,43065.0,43075.0,43075.0,18899
2025-09-03 01:46:00,43075.0,43095.0,43075.0,43075.0,43075.0,11176
2025-09-03 01:48:00,43085.0,43100.0,43075.0,43095.0,43095.0,6824
2025-09-03 01:50:00,43100.0,43125.0,43085.0,43115.0,43115.0,21071
2025-09-03 01:52:00,43125.0,43130.0,43110.0,43125.0,43125.0,10057
2025-09-03 01:54:00,43120.0,43120.0,43090.0,43110.0,43110.0,5355
2025-09-03 01:56:00,43115.0,43130.0,43110.0,43120.0,43120.0,8312
2025-09-03 01:58:00,43125.0,43150.0,43125.0,43145.0,43145.0,23312
2025-09-03 02:00:00,43150.0,43160.0,43135.0,43145.0,43145.0,53799
2025-09-03 02:02:00,43150.0,43150.0,43125.0,43145.0,43145.0,19816
2025-09-03 02:04:00,43140.0,43140.0,43100.0,43110.0,43110.0,12336
2025-09-03 02:06:00,43110.0,43120.0,43090.0,43095.0,43095.0,18136
2025-09-03 02:08:00,43095.0,43100.0,43085.0,43100.0,43100.0,5483
2025-09-03 02:10:00,43095.0,43120.0,43095.0,43110.0,43110.0,11898
2025-09-03 02:12:00,43110.0,43115.0,43095.0,43105.0,43105.0,8868
2025-09-03 02:14:00,43110.0,43125.0,43105.0,43115.0,43115.0,4517
2025-09-03 02:16:00,43115.0,43125.0,43105.0,43125.0,43125.0,10634
2025-09-03 02:18:00,43125.0,43130.0,43120.0,43125.0,43125.0,15778
2025-09-03 02:20:00,43130.0,43135.0,43105.0,43110.0,43110.0,11089
2025-09-03 02:22:00,43110.0,43145.0,43110.0,43130.0,43130.0,12987
2025-09-03 02:24:00,43140.0,43145.0,43125.0,43140.0,43140.0,5123
2025-09-03 02:26:00,43140.0,43145.0,43120.0,43140.0,43140.0,4097
2025-09-03 02:28:00,43145.0,43160.0,43135.0,43145.0,43145.0,17789
2025-09-03 02:30:00,43135.0,43145.0,43125.0,43130.0,43130.0,10205
2025-09-03 02:32:00,43130.0,43130.0,43075.0,43085.0,43085.0,22090
2025-09-03 02:34:00,43080.0,43090.0,43070.0,43070.0,43070.0,13956
2025-09-03 02:36:00,43070.0,43085.0,43040.0,43085.0,43085.0,13899
2025-09-03 02:38:00,43075.0,43080.0,43065.0,43075.0,43075.0,4180
2025-09-03 02:40:00,43075.0,43085.0,43055.0,43075.0,43075.0,10807
2025-09-03 02:42:00,43080.0,43095.0,43075.0,43085.0,43085.0,5088
2025-09-03 02:44:00,43085.0,43110.0,43080.0,43110.0,43110.0,9220
2025-09-03 02:46:00,43110.0,43125.0,43100.0,43115.0,43115.0,10963
2025-09-03 02:48:00,43115.0,43135.0,43115.0,43115.0,43115.0,21995
2025-09-03 02:50:00,43115.0,43145.0,43105.0,43145.0,43145.0,6065
2025-09-03 02:52:00,43135.0,43155.0,43135.0,43155.0,43155.0,11169
2025-09-03 02:54:00,43155.0,43165.0,43140.0,43165.0,43165.0,10344
2025-09-03 02:56:00,43165.0,43170.0,43150.0,43150.0,43150.0,1776
2025-09-03 02:58:00,43150.0,43155.0,43130.0,43150.0,43150.0,10274
2025-09-03 03:00:00,43150.0,43165.0,43140.0,43165.0,43165.0,11254
2025-09-03 03:02:00,43165.0,43180.0,43160.0,43180.0,43180.0,16697
2025-09-03 03:04:00,43180.0,43180.0,43155.0,43170.0,43170.0,11182
2025-09-03 03:06:00,43170.0,43200.0,43165.0,43180.0,43180.0,32596
2025-09-03 03:08:00,43180.0,43190.0,43175.0,43180.0,43180.0,8094
2025-09-03 03:10:00,43175.0,43180.0,43145.0,43155.0,43155.0,8817
2025-09-03 03:12:00,43150.0,43160.0,43145.0,43160.0,43160.0,9134
2025-09-03 03:14:00,43160.0,43160.0,43140.0,43140.0,43140.0,3230
2025-09-03 03:16:00,43140.0,43150.0,43140.0,43145.0,43145.0,3646
2025-09-03 03:18:00,43150.0,43155.0,43145.0,43155.0,43155.0,3707
2025-09-03 03:20:00,43155.0,43165.0,43150.0,43155.0,43155.0,30336
2025-09-03 03:22:00,43155.0,43165.0,43150.0,43155.0,43155.0,6945
2025-09-03 03:24:00,43155.0,43155.0,43135.0,43145.0,43145.0,6661
2025-09-03 03:26:00,43140.0,43150.0,43130.0,43135.0,43135.0,5466
2025-09-03 03:28:00,43130.0,43145.0,43125.0,43130.0,43130.0,5210
2025-09-03 03:30:00,43130.0,43145.0,43125.0,43145.0,43145.0,7909
2025-09-03 03:32:00,43150.0,43165.0,43145.0,43155.0,43155.0,7375
2025-09-03 03:34:00,43160.0,43165.0,43130.0,43130.0,43130.0,2919
2025-09-03 03:36:00,43140.0,43150.0,43135.0,43140.0,43140.0,6787
2025-09-03 03:38:00,43140.0,43140.0,43105.0,43112.0,43112.0,6067
2025-09-03 03:40:00,43110.0,43115.0,43085.0,43100.0,43100.0,8084
2025-09-03 03:42:00,43095.0,43115.0,43090.0,43100.0,43100.0,18263
2025-09-03 03:44:00,43100.0,43120.0,43100.0,43115.0,43115.0,4483
2025-09-03 03:46:00,43115.0,43120.0,43105.0,43117.0,43117.0,4063
2025-09-03 03:48:00,43117.0,43120.0,43105.0,43110.0,43110.0,5242
2025-09-03 03:50:00,43105.0,43115.0,43100.0,43115.0,43115.0,23777
2025-09-03 03:52:00,43115.0,43115.0,43095.0,43095.0,43095.0,23907
2025-09-03 03:54:00,43095.0,43105.0,43095.0,43105.0,43105.0,4502
2025-09-03 03:56:00,43110.0,43170.0,43100.0,43165.0,43165.0,20846
2025-09-03 03:58:00,43160.0,43160.0,43140.0,43155.0,43155.0,3561
2025-09-03 04:00:00,43155.0,43165.0,43150.0,43150.0,43150.0,2087
2025-09-03 04:02:00,43155.0,43155.0,43125.0,43130.0,43130.0,7499
2025-09-03 04:04:00,43130.0,43160.0,43125.0,43150.0,43150.0,10115
2025-09-03 04:06:00,43150.0,43150.0,43132.0,43135.0,43135.0,4806
2025-09-03 04:08:00,43135.0,43145.0,43130.0,43130.0,43130.0,4184
2025-09-03 04:10:00,43130.0,43135.0,43110.0,43120.0,43120.0,1644
2025-09-03 04:12:00,43120.0,43120.0,43090.0,43090.0,43090.0,11066
2025-09-03 04:14:00,43090.0,43090.0,43080.0,43085.0,43085.0,9430
2025-09-03 04:16:00,43085.0,43100.0,43080.0,43095.0,43095.0,8643
2025-09-03 04:18:00,43097.0,43120.0,43097.0,43105.0,43105.0,9591
2025-09-03 04:20:00,43115.0,43120.0,43100.0,43100.0,43100.0,4609
2025-09-03 04:22:00,43100.0,43115.0,43090.0,43110.0,43110.0,10436
2025-09-03 04:24:00,43110.0,43120.0,43090.0,43105.0,43105.0,7107
2025-09-03 04:26:00,43105.0,43105.0,43090.0,43090.0,43090.0,6413
2025-09-03 04:28:00,43095.0,43100.0,43080.0,43085.0,43085.0,3978
2025-09-03 04:30:00,43090.0,43090.0,43080.0,43085.0,43085.0,5162
2025-09-03 04:32:00,43090.0,43105.0,43090.0,43095.0,43095.0,5429
2025-09-03 04:34:00,43095.0,43105.0,43090.0,43090.0,43090.0,10812
2025-09-03 04:36:00,43090.0,43095.0,43075.0,43080.0,43080.0,6744
2025-09-03 04:38:00,43080.0,43095.0,43070.0,43085.0,43085.0,7676
2025-09-03 04:40:00,43085.0,43090.0,43075.0,43080.0,43080.0,10551
2025-09-03 04:42:00,43080.0,43080.0,43055.0,43060.0,43060.0,7947
2025-09-03 04:44:00,43055.0,43065.0,43040.0,43045.0,43045.0,22939
2025-09-03 04:46:00,43045.0,43055.0,43040.0,43050.0,43050.0,5787
2025-09-03 04:48:00,43045.0,43065.0,43035.0,43060.0,43060.0,9084
2025-09-03 04:50:00,43062.0,43080.0,43060.0,43075.0,43075.0,11034
2025-09-03 04:52:00,43080.0,43085.0,43070.0,43070.0,43070.0,15299
2025-09-03 04:54:00,43070.0,43075.0,43060.0,43060.0,43060.0,5562
2025-09-03 04:56:00,43060.0,43075.0,43060.0,43075.0,43075.0,10368
2025-09-03 04:58:00,43075.0,43085.0,43070.0,43075.0,43075.0,8684
2025-09-03 05:00:00,43080.0,43100.0,43075.0,43090.0,43090.0,19516
2025-09-03 05:02:00,43095.0,43110.0,43090.0,43090.0,43090.0,10334
2025-09-03 05:04:00,43095.0,43100.0,43065.0,43075.0,43075.0,8166
2025-09-03 05:06:00,43070.0,43075.0,43060.0,43075.0,43075.0,4205
2025-09-03 05:08:00,43075.0,43085.0,43070.0,43080.0,43080.0,3439
2025-09-03 05:10:00,43075.0,43085.0,43070.0,43080.0,43080.0,5833
2025-09-03 05:12:00,43075.0,43090.0,43070.0,43075.0,43075.0,7035
2025-09-03 05:14:00,43075.0,43105.0,43070.0,43095.0,43095.0,13752
2025-09-03 05:16:00,43095.0,43105.0,43085.0,43085.0,43085.0,9441
2025-09-03 05:18:00,43095.0,43120.0,43090.0,43120.0,43120.0,26779
2025-09-03 05:20:00,43115.0,43130.0,43110.0,43110.0,43110.0,13753
2025-09-03 05:22:00,43110.0,43120.0,43105.0,43105.0,43105.0,9113
2025-09-03 05:24:00,43105.0,43120.0,43095.0,43100.0,43100.0,8754
2025-09-03 05:26:00,43110.0,43110.0,43080.0,43085.0,43085.0,4848
2025-09-03 05:28:00,43085.0,43110.0,43085.0,43090.0,43090.0,19580
2025-09-03 05:30:00,43095.0,43120.0,43095.0,43105.0,43105.0,7461
2025-09-03 05:32:00,43110.0,43120.0,43100.0,43100.0,43100.0,2669
2025-09-03 05:34:00,43105.0,43120.0,43100.0,43115.0,43115.0,4444
2025-09-03 05:36:00,43120.0,43135.0,43110.0,43115.0,43115.0,15372
2025-09-03 05:38:00,43120.0,43140.0,43115.0,43135.0,43135.0,10896
2025-09-03 05:40:00,43135.0,43145.0,43125.0,43130.0,43130.0,8845
2025-09-03 05:42:00,43130.0,43140.0,43125.0,43140.0,43140.0,4512
2025-09-03 05:44:00,43135.0,43145.0,43130.0,43135.0,43135.0,8975
2025-09-03 05:46:00,43135.0,43135.0,43110.0,43115.0,43115.0,19098
2025-09-03 05:48:00,43110.0,43110.0,43085.0,43095.0,43095.0,5609
2025-09-03 05:50:00,43095.0,43100.0,43085.0,43090.0,43090.0,4209
2025-09-03 05:52:00,43085.0,43100.0,43075.0,43095.0,43095.0,12908
2025-09-03 05:54:00,43090.0,43095.0,43080.0,43090.0,43090.0,13904
2025-09-03 05:56:00,43090.0,43105.0,43085.0,43100.0,43100.0,3593
2025-09-03 05:58:00,43100.0,43110.0,43080.0,43080.0,43080.0,15042
2025-09-04 00:00:00,43120.0,43225.0,43115.0,43195.0,43195.0,89600
2025-09-04 00:02:00,43205.0,43305.0,43205.0,43275.0,43275.0,92751
2025-09-04 00:04:00,43275.0,43340.0,43265.0,43310.0,43310.0,44877
2025-09-04 00:06:00,43310.0,43350.0,43305.0,43315.0,43315.0,51481
2025-09-04 00:08:00,43325.0,43355.0,43305.0,43335.0,43335.0,49444
2025-09-04 00:10:00,43340.0,43365.0,43315.0,43355.0,43355.0,52866
2025-09-04 00:12:00,43360.0,43365.0,43330.0,43330.0,43330.0,17365
2025-09-04 00:14:00,43335.0,43375.0,43330.0,43355.0,43355.0,29896
2025-09-04 00:16:00,43350.0,43370.0,43335.0,43345.0,43345.0,15037
2025-09-04 00:18:00,43350.0,43385.0,43350.0,43375.0,43375.0,22230
2025-09-04 00:20:00,43370.0,43400.0,43370.0,43370.0,43370.0,39644
2025-09-04 00:22:00,43370.0,43375.0,43260.0,43265.0,43265.0,81324
2025-09-04 00:24:00,43265.0,43315.0,43265.0,43315.0,43315.0,96743
2025-09-04 00:26:00,43315.0,43340.0,43310.0,43325.0,43325.0,19624
2025-09-04 00:28:00,43330.0,43330.0,43300.0,43315.0,43315.0,14896
2025-09-04 00:30:00,43315.0,43355.0,43310.0,43340.0,43340.0,38783
2025-09-04 00:32:00,43340.0,43340.0,43300.0,43340.0,43340.0,15096
2025-09-04 00:34:00,43345.0,43350.0,43335.0,43350.0,43350.0,9065
2025-09-04 00:36:00,43345.0,43360.0,43340.0,43345.0,43345.0,7060
2025-09-04 00:38:00,43345.0,43345.0,43280.0,43285.0,43285.0,30448
2025-09-04 00:40:00,43280.0,43300.0,43265.0,43300.0,43300.0,71794
2025-09-04 00:42:00,43295.0,43295.0,43245.0,43255.0,43255.0,34805
2025-09-04 00:44:00,43260.0,43275.0,43250.0,43270.0,43270.0,19773
2025-09-04 00:46:00,43270.0,43280.0,43250.0,43270.0,43270.0,18075
2025-09-04 00:48:00,43275.0,43280.0,43255.0,43265.0,43265.0,8201
2025-09-04 00:50:00,43265.0,43270.0,43215.0,43240.0,43240.0,32793
2025-09-04 00:52:00,43242.0,43260.0,43235.0,43250.0,43250.0,14493
2025-09-04 00:54:00,43245.0,43275.0,43240.0,43265.0,43265.0,14744
2025-09-04 00:56:00,43260.0,43270.0,43225.0,43240.0,43240.0,14920
2025-09-04 00:58:00,43240.0,43285.0,43240.0,43250.0,43250.0,14536
2025-09-04 01:00:00,43260.0,43260.0,43215.0,43240.0,43240.0,29362
2025-09-04 01:02:00,43235.0,43260.0,43225.0,43230.0,43230.0,12185
2025-09-04 01:04:00,43230.0,43275.0,43225.0,43270.0,43270.0,26134
2025-09-04 01:06:00,43275.0,43295.0,43260.0,43275.0,43275.0,22989
2025-09-04 01:08:00,43270.0,43305.0,43265.0,43285.0,43285.0,37782
2025-09-04 01:10:00,43290.0,43310.0,43285.0,43290.0,43290.0,14643
2025-09-04 01:12:00,43290.0,43295.0,43255.0,43255.0,43255.0,20605
2025-09-04 01:14:00,43255.0,43280.0,43245.0,43275.0,43275.0,9347
2025-09-04 01:16:00,43275.0,43290.0,43260.0,43280.0,43280.0,8337
2025-09-04 01:18:00,43290.0,43290.0,43270.0,43275.0,43275.0,13147
2025-09-04 01:20:00,43275.0,43290.0,43265.0,43275.0,43275.0,12027
2025-09-04 01:22:00,43275.0,43295.0,43260.0,43265.0,43265.0,10032
2025-09-04 01:24:00,43275.0,43280.0,43230.0,43235.0,43235.0,24237
2025-09-04 01:26:00,43230.0,43260.0,43230.0,43260.0,43260.0,7246
2025-09-04 01:28:00,43255.0,43270.0,43245.0,43265.0,43265.0,6720
2025-09-04 01:30:00,43265.0,43280.0,43260.0,43270.0,43270.0,5743
2025-09-04 01:32:00,43275.0,43275.0,43250.0,43260.0,43260.0,3270
2025-09-04 01:34:00,43260.0,43260.0,43225.0,43250.0,43250.0,26028
2025-09-04 01:36:00,43245.0,43265.0,43240.0,43255.0,43255.0,8232
2025-09-04 01:38:00,43255.0,43260.0,43240.0,43250.0,43250.0,4619
2025-09-04 01:40:00,43250.0,43295.0,43250.0,43275.0,43275.0,26405
2025-09-04 01:42:00,43285.0,43305.0,43280.0,43285.0,43285.0,16721
2025-09-04 01:44:00,43285.0,43315.0,43285.0,43305.0,43305.0,13823
2025-09-04 01:46:00,43310.0,43310.0,43285.0,43295.0,43295.0,14919
2025-09-04 01:48:00,43290.0,43312.0,43285.0,43310.0,43310.0,15336
2025-09-04 01:50:00,43310.0,43330.0,43300.0,43315.0,43315.0,13480
2025-09-04 01:52:00,43320.0,43340.0,43310.0,43335.0,43335.0,24126
2025-09-04 01:54:00,43335.0,43355.0,43335.0,43335.0,43335.0,52836
2025-09-04 01:56:00,43340.0,43365.0,43335.0,43355.0,43355.0,18679
2025-09-04 01:58:00,43355.0,43380.0,43355.0,43360.0,43360.0,26021
2025-09-04 02:00:00,43360.0,43400.0,43355.0,43380.0,43380.0,34851
2025-09-04 02:02:00,43380.0,43390.0,43375.0,43385.0,43385.0,12554
2025-09-04 02:04:00,43385.0,43395.0,43365.0,43380.0,43380.0,11769
2025-09-04 02:06:00,43380.0,43385.0,43365.0,43380.0,43380.0,9587
2025-09-04 02:08:00,43385.0,43400.0,43385.0,43390.0,43390.0,18148
2025-09-04 02:10:00,43390.0,43390.0,43370.0,43370.0,43370.0,8910
2025-09-04 02:12:00,43365.0,43370.0,43350.0,43365.0,43365.0,27046
2025-09-04 02:14:00,43365.0,43380.0,43360.0,43370.0,43370.0,12173
2025-09-04 02:16:00,43370.0,43375.0,43360.0,43370.0,43370.0,5582
2025-09-04 02:18:00,43370.0,43372.0,43355.0,43365.0,43365.0,9444
2025-09-04 02:20:00,43365.0,43365.0,43355.0,43355.0,43355.0,3552
2025-09-04 02:22:00,43355.0,43370.0,43350.0,43370.0,43370.0,10894
2025-09-04 02:24:00,43370.0,43385.0,43360.0,43375.0,43375.0,19323
2025-09-04 02:26:00,43375.0,43380.0,43370.0,43380.0,43380.0,4687
2025-09-04 02:28:00,43385.0,43385.0,43370.0,43385.0,43385.0,29464
2025-09-04 02:30:00,43375.0,43380.0,43370.0,43375.0,43375.0,8421
2025-09-04 02:32:00,43375.0,43385.0,43370.0,43380.0,43380.0,15300
2025-09-04 02:34:00,43380.0,43385.0,43365.0,43385.0,43385.0,10975
2025-09-04 02:36:00,43380.0,43405.0,43380.0,43390.0,43390.0,37039
2025-09-04 02:38:00,43390.0,43400.0,43380.0,43400.0,43400.0,19269
2025-09-04 02:40:00,43395.0,43455.0,43395.0,43445.0,43445.0,112053
2025-09-04 02:42:00,43440.0,43455.0,43440.0,43450.0,43450.0,24116
2025-09-04 02:44:00,43452.0,43475.0,43445.0,43465.0,43465.0,21371
2025-09-04 02:46:00,43460.0,43465.0,43430.0,43435.0,43435.0,6465
2025-09-04 02:48:00,43430.0,43435.0,43420.0,43430.0,43430.0,15565
2025-09-04 02:50:00,43435.0,43440.0,43425.0,43430.0,43430.0,56727
2025-09-04 02:52:00,43430.0,43430.0,43410.0,43410.0,43410.0,5540
2025-09-04 02:54:00,43405.0,43405.0,43390.0,43390.0,43390.0,15822
2025-09-04 02:56:00,43390.0,43395.0,43365.0,43380.0,43380.0,21778
2025-09-04 02:58:00,43370.0,43380.0,43355.0,43360.0,43360.0,24270
2025-09-04 03:00:00,43360.0,43360.0,43350.0,43350.0,43350.0,36346
2025-09-04 03:02:00,43360.0,43360.0,43335.0,43335.0,43335.0,88109
2025-09-04 03:04:00,43340.0,43345.0,43315.0,43325.0,43325.0,52318
2025-09-04 03:06:00,43315.0,43325.0,43305.0,43320.0,43320.0,14817
2025-09-04 03:08:00,43320.0,43330.0,43315.0,43315.0,43315.0,2852
2025-09-04 03:10:00,43315.0,43315.0,43280.0,43285.0,43285.0,16920
2025-09-04 03:12:00,43280.0,43305.0,43280.0,43300.0,43300.0,12156
2025-09-04 03:14:00,43305.0,43310.0,43295.0,43295.0,43295.0,24024
2025-09-04 03:16:00,43290.0,43300.0,43285.0,43285.0,43285.0,13005
2025-09-04 03:18:00,43285.0,43295.0,43285.0,43285.0,43285.0,3547
2025-09-04 03:20:00,43285.0,43295.0,43280.0,43285.0,43285.0,9709
2025-09-04 03:22:00,43290.0,43305.0,43285.0,43295.0,43295.0,13590
2025-09-04 03:24:00,43285.0,43285.0,43260.0,43270.0,43270.0,18637
2025-09-04 03:26:00,43265.0,43275.0,43235.0,43245.0,43245.0,19767
2025-09-04 03:28:00,43245.0,43260.0,43240.0,43260.0,43260.0,5528
2025-09-04 03:30:00,43250.0,43275.0,43250.0,43260.0,43260.0,7592
2025-09-04 03:32:00,43265.0,43265.0,43250.0,43260.0,43260.0,10941
2025-09-04 03:34:00,43260.0,43265.0,43245.0,43250.0,43250.0,7229
2025-09-04 03:36:00,43255.0,43265.0,43245.0,43255.0,43255.0,3228
2025-09-04 03:38:00,43250.0,43265.0,43250.0,43250.0,43250.0,3737
2025-09-04 03:40:00,43255.0,43255.0,43220.0,43220.0,43220.0,18643
2025-09-04 03:42:00,43220.0,43240.0,43210.0,43230.0,43230.0,12289
2025-09-04 03:44:00,43240.0,43240.0,43230.0,43235.0,43235.0,1950
2025-09-04 03:46:00,43235.0,43255.0,43230.0,43240.0,43240.0,9660
2025-09-04 03:48:00,43245.0,43245.0,43220.0,43230.0,43230.0,9301
2025-09-04 03:50:00,43230.0,43235.0,43215.0,43225.0,43225.0,9957
2025-09-04 03:52:00,43220.0,43230.0,43215.0,43215.0,43215.0,4179
2025-09-04 03:54:00,43210.0,43210.0,43180.0,43185.0,43185.0,39906
2025-09-04 03:56:00,43180.0,43205.0,43175.0,43205.0,43205.0,20513
2025-09-04 03:58:00,43205.0,43205.0,43192.0,43200.0,43200.0,7404
2025-09-04 04:00:00,43200.0,43215.0,43195.0,43205.0,43205.0,7014
2025-09-04 04:02:00,43210.0,43210.0,43185.0,43190.0,43190.0,22062
2025-09-04 04:04:00,43190.0,43195.0,43175.0,43185.0,43185.0,8846
2025-09-04 04:06:00,43190.0,43190.0,43160.0,43185.0,43185.0,26591
2025-09-04 04:08:00,43185.0,43190.0,43170.0,43175.0,43175.0,9622
2025-09-04 04:10:00,43180.0,43200.0,43175.0,43195.0,43195.0,28271
2025-09-04 04:12:00,43190.0,43190.0,43165.0,43175.0,43175.0,4319
2025-09-04 04:14:00,43175.0,43180.0,43165.0,43170.0,43170.0,7020
2025-09-04 04:16:00,43165.0,43175.0,43150.0,43170.0,43170.0,40874
2025-09-04 04:18:00,43170.0,43195.0,43165.0,43190.0,43190.0,6108
2025-09-04 04:20:00,43190.0,43200.0,43185.0,43190.0,43190.0,7344
2025-09-04 04:22:00,43190.0,43200.0,43185.0,43185.0,43185.0,13459
2025-09-04 04:24:00,43185.0,43200.0,43185.0,43185.0,43185.0,4430
2025-09-04 04:26:00,43185.0,43190.0,43180.0,43187.0,43187.0,7135
2025-09-04 04:28:00,43185.0,43195.0,43185.0,43190.0,43190.0,3540
2025-09-04 04:30:00,43190.0,43195.0,43170.0,43175.0,43175.0,10800
2025-09-04 04:32:00,43180.0,43190.0,43180.0,43185.0,43185.0,2407
2025-09-04 04:34:00,43185.0,43190.0,43180.0,43180.0,43180.0,5118
2025-09-04 04:36:00,43180.0,43190.0,43175.0,43180.0,43180.0,9481
2025-09-04 04:38:00,43185.0,43210.0,43170.0,43205.0,43205.0,26537
2025-09-04 04:40:00,43210.0,43220.0,43190.0,43200.0,43200.0,13094
2025-09-04 04:42:00,43195.0,43210.0,43195.0,43205.0,43205.0,11440
2025-09-04 04:44:00,43210.0,43210.0,43170.0,43180.0,43180.0,7403
2025-09-04 04:46:00,43180.0,43195.0,43175.0,43180.0,43180.0,5153
2025-09-04 04:48:00,43180.0,43190.0,43170.0,43170.0,43170.0,6210
2025-09-04 04:50:00,43170.0,43190.0,43165.0,43180.0,43180.0,22746
2025-09-04 04:52:00,43180.0,43205.0,43175.0,43205.0,43205.0,44714
2025-09-04 04:54:00,43205.0,43205.0,43195.0,43200.0,43200.0,9790
2025-09-04 04:56:00,43200.0,43210.0,43195.0,43200.0,43200.0,9539
2025-09-04 04:58:00,43200.0,43220.0,43200.0,43205.0,43205.0,14852
2025-09-04 05:00:00,43205.0,43230.0,43205.0,43220.0,43220.0,25649
2025-09-04 05:02:00,43215.0,43220.0,43215.0,43215.0,43215.0,5704
2025-09-04 05:04:00,43215.0,43220.0,43190.0,43200.0,43200.0,5636
2025-09-04 05:06:00,43200.0,43205.0,43185.0,43190.0,43190.0,27972
2025-09-04 05:08:00,43190.0,43205.0,43180.0,43205.0,43205.0,7588
2025-09-04 05:10:00,43200.0,43210.0,43195.0,43205.0,43205.0,4842
2025-09-04 05:12:00,43210.0,43220.0,43205.0,43210.0,43210.0,5399
2025-09-04 05:14:00,43210.0,43225.0,43210.0,43220.0,43220.0,12149
2025-09-04 05:16:00,43220.0,43245.0,43220.0,43240.0,43240.0,27523
2025-09-04 05:18:00,43245.0,43250.0,43230.0,43245.0,43245.0,19543
2025-09-04 05:20:00,43240.0,43250.0,43235.0,43245.0,43245.0,13571
2025-09-04 05:22:00,43245.0,43245.0,43215.0,43220.0,43220.0,8938
2025-09-04 05:24:00,43215.0,43225.0,43205.0,43215.0,43215.0,29318
2025-09-04 05:26:00,43215.0,43220.0,43190.0,43195.0,43195.0,7002
2025-09-04 05:28:00,43195.0,43195.0,43160.0,43162.0,43162.0,18881
2025-09-04 05:30:00,43160.0,43190.0,43160.0,43185.0,43185.0,13890
2025-09-04 05:32:00,43185.0,43190.0,43175.0,43180.0,43180.0,120005
2025-09-04 05:34:00,43180.0,43205.0,43180.0,43185.0,43185.0,119372
2025-09-04 05:36:00,43185.0,43195.0,43170.0,43185.0,43185.0,5751
2025-09-04 05:38:00,43185.0,43190.0,43180.0,43180.0,43180.0,9332
2025-09-04 05:40:00,43180.0,43190.0,43175.0,43180.0,43180.0,14299
2025-09-04 05:42:00,43182.0,43190.0,43180.0,43185.0,43185.0,8114
2025-09-04 05:44:00,43185.0,43205.0,43185.0,43195.0,43195.0,20706
2025-09-04 05:46:00,43195.0,43205.0,43190.0,43200.0,43200.0,12017
2025-09-04 05:48:00,43200.0,43205.0,43195.0,43205.0,43205.0,21357
2025-09-04 05:50:00,43205.0,43220.0,43195.0,43200.0,43200.0,25288
2025-09-04 05:52:00,43205.0,43210.0,43190.0,43205.0,43205.0,28283
2025-09-04 05:54:00,43205.0,43225.0,43205.0,43225.0,43225.0,22028
2025-09-04 05:56:00,43220.0,43235.0,43220.0,43230.0,43230.0,55381
2025-09-04 05:58:00,43230.0,43240.0,43225.0,43240.0,43240.0,36482
2025-09-05 00:00:00,43435.0,43570.0,43400.0,43540.0,43540.0,206201
2025-09-05 00:02:00,43540.0,43590.0,43425.0,43475.0,43475.0,120672
2025-09-05 00:04:00,43470.0,43500.0,43425.0,43460.0,43460.0,34656
2025-09-05 00:06:00,43455.0,43525.0,43455.0,43520.0,43520.0,55110
2025-09-05 00:08:00,43525.0,43535.0,43475.0,43485.0,43485.0,24169
2025-09-05 00:10:00,43485.0,43520.0,43480.0,43505.0,43505.0,31841
2025-09-05 00:12:00,43510.0,43535.0,43465.0,43525.0,43525.0,57277
2025-09-05 00:14:00,43530.0,43610.0,43520.0,43575.0,43575.0,106442
2025-09-05 00:16:00,43575.0,43580.0,43505.0,43510.0,43510.0,37070
2025-09-05 00:18:00,43510.0,43540.0,43430.0,43455.0,43455.0,60098
2025-09-05 00:20:00,43455.0,43475.0,43435.0,43435.0,43435.0,28441
2025-09-05 00:22:00,43445.0,43510.0,43440.0,43510.0,43510.0,33186
2025-09-05 00:24:00,43510.0,43530.0,43500.0,43530.0,43530.0,29958
2025-09-05 00:26:00,43530.0,43555.0,43520.0,43530.0,43530.0,35076
2025-09-05 00:28:00,43530.0,43530.0,43490.0,43520.0,43520.0,17944
2025-09-05 00:30:00,43525.0,43530.0,43470.0,43480.0,43480.0,26961
2025-09-05 00:32:00,43480.0,43500.0,43460.0,43485.0,43485.0,7091
2025-09-05 00:34:00,43490.0,43510.0,43475.0,43510.0,43510.0,15080
2025-09-05 00:36:00,43505.0,43510.0,43480.0,43495.0,43495.0,12342
2025-09-05 00:38:00,43495.0,43495.0,43460.0,43480.0,43480.0,10375
2025-09-05 00:40:00,43480.0,43515.0,43475.0,43490.0,43490.0,14747
2025-09-05 00:42:00,43490.0,43495.0,43450.0,43470.0,43470.0,27060
2025-09-05 00:44:00,43470.0,43475.0,43440.0,43445.0,43445.0,103705
2025-09-05 00:46:00,43445.0,43475.0,43440.0,43465.0,43465.0,26725
2025-09-05 00:48:00,43460.0,43470.0,43445.0,43455.0,43455.0,38764
2025-09-05 00:50:00,43455.0,43470.0,43425.0,43460.0,43460.0,15728
2025-09-05 00:52:00,43455.0,43500.0,43455.0,43495.0,43495.0,44665
2025-09-05 00:54:00,43500.0,43530.0,43480.0,43495.0,43495.0,23697
2025-09-05 00:56:00,43490.0,43510.0,43480.0,43480.0,43480.0,10910
2025-09-05 00:58:00,43485.0,43485.0,43440.0,43455.0,43455.0,18830
2025-09-05 01:00:00,43450.0,43470.0,43445.0,43450.0,43450.0,11696
2025-09-05 01:02:00,43450.0,43470.0,43435.0,43470.0,43470.0,11581
2025-09-05 01:04:00,43470.0,43480.0,43455.0,43465.0,43465.0,6115
2025-09-05 01:06:00,43465.0,43480.0,43435.0,43465.0,43465.0,16125
2025-09-05 01:08:00,43465.0,43475.0,43460.0,43470.0,43470.0,3890
2025-09-05 01:10:00,43475.0,43495.0,43465.0,43485.0,43485.0,42349
2025-09-05 01:12:00,43480.0,43495.0,43465.0,43490.0,43490.0,9395
2025-09-05 01:14:00,43490.0,43490.0,43460.0,43460.0,43460.0,5305
2025-09-05 01:16:00,43470.0,43470.0,43410.0,43430.0,43430.0,43549
2025-09-05 01:18:00,43430.0,43430.0,43390.0,43415.0,43415.0,23029
2025-09-05 01:20:00,43410.0,43430.0,43400.0,43430.0,43430.0,19818
2025-09-05 01:22:00,43430.0,43435.0,43405.0,43420.0,43420.0,11517
2025-09-05 01:24:00,43420.0,43445.0,43420.0,43445.0,43445.0,9894
2025-09-05 01:26:00,43445.0,43465.0,43435.0,43450.0,43450.0,16351
2025-09-05 01:28:00,43450.0,43465.0,43440.0,43445.0,43445.0,9162
2025-09-05 01:30:00,43445.0,43445.0,43400.0,43400.0,43400.0,13194
2025-09-05 01:32:00,43400.0,43420.0,43385.0,43405.0,43405.0,9921
2025-09-05 01:34:00,43405.0,43415.0,43380.0,43395.0,43395.0,15140
2025-09-05 01:36:00,43395.0,43395.0,43360.0,43370.0,43370.0,32989
2025-09-05 01:38:00,43375.0,43390.0,43365.0,43385.0,43385.0,21737
2025-09-05 01:40:00,43380.0,43385.0,43345.0,43350.0,43350.0,37974
2025-09-05 01:42:00,43345.0,43350.0,43310.0,43335.0,43335.0,34602
2025-09-05 01:44:00,43335.0,43350.0,43325.0,43335.0,43335.0,29813
2025-09-05 01:46:00,43335.0,43350.0,43330.0,43340.0,43340.0,19712
2025-09-05 01:48:00,43335.0,43365.0,43335.0,43360.0,43360.0,19404
2025-09-05 01:50:00,43360.0,43380.0,43350.0,43375.0,43375.0,26113
2025-09-05 01:52:00,43375.0,43395.0,43370.0,43385.0,43385.0,20899
2025-09-05 01:54:00,43385.0,43395.0,43380.0,43390.0,43390.0,9267
2025-09-05 01:56:00,43385.0,43425.0,43385.0,43420.0,43420.0,46739
2025-09-05 01:58:00,43420.0,43435.0,43415.0,43420.0,43420.0,27996
2025-09-05 02:00:00,43415.0,43425.0,43385.0,43397.0,43397.0,16039
2025-09-05 02:02:00,43395.0,43400.0,43390.0,43395.0,43395.0,9864
2025-09-05 02:04:00,43400.0,43410.0,43390.0,43410.0,43410.0,14285
2025-09-05 02:06:00,43405.0,43425.0,43395.0,43415.0,43415.0,6659
2025-09-05 02:08:00,43415.0,43420.0,43400.0,43415.0,43415.0,8650
2025-09-05 02:10:00,43410.0,43440.0,43410.0,43425.0,43425.0,19469
2025-09-05 02:12:00,43430.0,43435.0,43420.0,43420.0,43420.0,4687
2025-09-05 02:14:00,43425.0,43425.0,43395.0,43410.0,43410.0,7720
2025-09-05 02:16:00,43410.0,43415.0,43390.0,43390.0,43390.0,6053
2025-09-05 02:18:00,43400.0,43400.0,43380.0,43385.0,43385.0,3187
2025-09-05 02:20:00,43385.0,43400.0,43375.0,43390.0,43390.0,3432
2025-09-05 02:22:00,43400.0,43400.0,43385.0,43395.0,43395.0,10299
2025-09-05 02:24:00,43400.0,43400.0,43385.0,43390.0,43390.0,16202
2025-09-05 02:26:00,43390.0,43395.0,43360.0,43375.0,43375.0,10751
2025-09-05 02:28:00,43370.0,43390.0,43365.0,43390.0,43390.0,6664
2025-09-05 02:30:00,43390.0,43415.0,43390.0,43410.0,43410.0,11353
2025-09-05 02:32:00,43415.0,43435.0,43415.0,43430.0,43430.0,8955
2025-09-05 02:34:00,43430.0,43440.0,43420.0,43425.0,43425.0,9355
2025-09-05 02:36:00,43425.0,43430.0,43405.0,43410.0,43410.0,6230
2025-09-05 02:38:00,43410.0,43430.0,43410.0,43410.0,43410.0,6345
2025-09-05 02:40:00,43415.0,43425.0,43405.0,43425.0,43425.0,8236
2025-09-05 02:42:00,43430.0,43435.0,43405.0,43410.0,43410.0,10449
2025-09-05 02:44:00,43410.0,43420.0,43405.0,43415.0,43415.0,9148
2025-09-05 02:46:00,43415.0,43425.0,43410.0,43420.0,43420.0,4224
2025-09-05 02:48:00,43420.0,43430.0,43420.0,43425.0,43425.0,6708
2025-09-05 02:50:00,43430.0,43440.0,43420.0,43430.0,43430.0,17397
2025-09-05 02:52:00,43425.0,43430.0,43410.0,43415.0,43415.0,2324
2025-09-05 02:54:00,43415.0,43420.0,43400.0,43420.0,43420.0,8639
2025-09-05 02:56:00,43410.0,43425.0,43395.0,43405.0,43405.0,5550
2025-09-05 02:58:00,43405.0,43410.0,43395.0,43400.0,43400.0,9337
2025-09-05 03:00:00,43405.0,43435.0,43400.0,43430.0,43430.0,9974
2025-09-05 03:02:00,43430.0,43435.0,43415.0,43425.0,43425.0,4235
2025-09-05 03:04:00,43425.0,43440.0,43425.0,43440.0,43440.0,7016
2025-09-05 03:06:00,43440.0,43470.0,43440.0,43450.0,43450.0,38238
2025-09-05 03:08:00,43445.0,43455.0,43440.0,43440.0,43440.0,4915
2025-09-05 03:10:00,43435.0,43445.0,43420.0,43420.0,43420.0,18181
2025-09-05 03:12:00,43425.0,43430.0,43415.0,43425.0,43425.0,6094
2025-09-05 03:14:00,43420.0,43445.0,43420.0,43440.0,43440.0,10714
2025-09-05 03:16:00,43440.0,43440.0,43420.0,43425.0,43425.0,9764
2025-09-05 03:18:00,43425.0,43440.0,43420.0,43435.0,43435.0,6736
2025-09-05 03:20:00,43435.0,43450.0,43430.0,43440.0,43440.0,9401
2025-09-05 03:22:00,43435.0,43440.0,43425.0,43425.0,43425.0,7350
2025-09-05 03:24:00,43430.0,43430.0,43415.0,43420.0,43420.0,9601
2025-09-05 03:26:00,43415.0,43425.0,43405.0,43425.0,43425.0,10602
2025-09-05 03:28:00,43425.0,43430.0,43415.0,43425.0,43425.0,7326
2025-09-05 03:30:00,43430.0,43450.0,43425.0,43440.0,43440.0,7696
2025-09-05 03:32:00,43440.0,43460.0,43440.0,43455.0,43455.0,25600
2025-09-05 03:34:00,43450.0,43465.0,43445.0,43445.0,43445.0,17124
2025-09-05 03:36:00,43445.0,43450.0,43435.0,43440.0,43440.0,6867
2025-09-05 03:38:00,43435.0,43445.0,43435.0,43445.0,43445.0,7424
2025-09-05 03:40:00,43440.0,43460.0,43440.0,43450.0,43450.0,10802
2025-09-05 03:42:00,43455.0,43455.0,43435.0,43435.0,43435.0,9610
2025-09-05 03:44:00,43430.0,43435.0,43410.0,43415.0,43415.0,10999
2025-09-05 03:46:00,43417.0,43420.0,43410.0,43410.0,43410.0,11440
2025-09-05 03:48:00,43415.0,43425.0,43410.0,43425.0,43425.0,5289
2025-09-05 03:50:00,43420.0,43440.0,43420.0,43435.0,43435.0,15499
2025-09-05 03:52:00,43435.0,43440.0,43430.0,43430.0,43430.0,6130
2025-09-05 03:54:00,43435.0,43450.0,43425.0,43450.0,43450.0,6099
2025-09-05 03:56:00,43450.0,43455.0,43445.0,43450.0,43450.0,7554
2025-09-05 03:58:00,43445.0,43455.0,43445.0,43445.0,43445.0,10826
2025-09-05 04:00:00,43445.0,43460.0,43445.0,43460.0,43460.0,11076
2025-09-05 04:02:00,43460.0,43460.0,43445.0,43455.0,43455.0,15128
2025-09-05 04:04:00,43450.0,43475.0,43450.0,43470.0,43470.0,22272
2025-09-05 04:06:00,43475.0,43500.0,43465.0,43495.0,43495.0,61620
2025-09-05 04:08:00,43495.0,43500.0,43475.0,43485.0,43485.0,45287
2025-09-05 04:10:00,43480.0,43490.0,43470.0,43480.0,43480.0,62140
2025-09-05 04:12:00,43475.0,43480.0,43470.0,43475.0,43475.0,28950
2025-09-05 04:14:00,43475.0,43495.0,43475.0,43485.0,43485.0,47987
2025-09-05 04:16:00,43485.0,43505.0,43485.0,43485.0,43485.0,33638
2025-09-05 04:18:00,43485.0,43485.0,43460.0,43470.0,43470.0,13029
2025-09-05 04:20:00,43465.0,43472.0,43455.0,43470.0,43470.0,11723
2025-09-05 04:22:00,43470.0,43475.0,43460.0,43460.0,43460.0,5932
2025-09-05 04:24:00,43465.0,43465.0,43455.0,43455.0,43455.0,7955
2025-09-05 04:26:00,43460.0,43460.0,43450.0,43450.0,43450.0,9026
2025-09-05 04:28:00,43455.0,43460.0,43440.0,43445.0,43445.0,34034
2025-09-05 04:30:00,43440.0,43450.0,43435.0,43440.0,43440.0,11755
2025-09-05 04:32:00,43440.0,43445.0,43435.0,43435.0,43435.0,11177
2025-09-05 04:34:00,43440.0,43445.0,43430.0,43435.0,43435.0,26572
2025-09-05 04:36:00,43440.0,43450.0,43435.0,43450.0,43450.0,5430
2025-09-05 04:38:00,43450.0,43450.0,43435.0,43440.0,43440.0,12760
2025-09-05 04:40:00,43440.0,43455.0,43440.0,43445.0,43445.0,15755
2025-09-05 04:42:00,43447.0,43455.0,43440.0,43450.0,43450.0,9078
2025-09-05 04:44:00,43450.0,43455.0,43435.0,43440.0,43440.0,8479
2025-09-05 04:46:00,43445.0,43460.0,43440.0,43445.0,43445.0,8620
2025-09-05 04:48:00,43450.0,43470.0,43445.0,43470.0,43470.0,12990
2025-09-05 04:50:00,43470.0,43475.0,43455.0,43460.0,43460.0,18826
2025-09-05 04:52:00,43460.0,43470.0,43445.0,43450.0,43450.0,10934
2025-09-05 04:54:00,43445.0,43450.0,43435.0,43440.0,43440.0,19007
2025-09-05 04:56:00,43440.0,43447.0,43430.0,43447.0,43447.0,19435
2025-09-05 04:58:00,43450.0,43460.0,43445.0,43455.0,43455.0,33148
2025-09-05 05:00:00,43450.0,43465.0,43445.0,43465.0,43465.0,52574
2025-09-05 05:02:00,43465.0,43465.0,43440.0,43445.0,43445.0,41764
2025-09-05 05:04:00,43440.0,43447.0,43435.0,43440.0,43440.0,47336
2025-09-05 05:06:00,43435.0,43455.0,43435.0,43445.0,43445.0,35152
2025-09-05 05:08:00,43450.0,43460.0,43445.0,43455.0,43455.0,22754
2025-09-05 05:10:00,43455.0,43460.0,43450.0,43460.0,43460.0,28994
2025-09-05 05:12:00,43460.0,43465.0,43450.0,43460.0,43460.0,45826
2025-09-05 05:14:00,43455.0,43470.0,43450.0,43460.0,43460.0,52052
2025-09-05 05:16:00,43455.0,43475.0,43455.0,43475.0,43475.0,45038
2025-09-05 05:18:00,43475.0,43480.0,43465.0,43475.0,43475.0,22264
2025-09-05 05:20:00,43475.0,43500.0,43475.0,43490.0,43490.0,38124
2025-09-05 05:22:00,43485.0,43495.0,43480.0,43490.0,43490.0,14095
2025-09-05 05:24:00,43490.0,43505.0,43490.0,43495.0,43495.0,44258
2025-09-05 05:26:00,43490.0,43500.0,43490.0,43495.0,43495.0,17899
2025-09-05 05:28:00,43495.0,43500.0,43490.0,43490.0,43490.0,22974
2025-09-05 05:30:00,43490.0,43505.0,43485.0,43505.0,43505.0,18898
2025-09-05 05:32:00,43505.0,43505.0,43485.0,43490.0,43490.0,45048
2025-09-05 05:34:00,43495.0,43505.0,43490.0,43500.0,43500.0,31924
2025-09-05 05:36:00,43505.0,43540.0,43500.0,43520.0,43520.0,108254
2025-09-05 05:38:00,43515.0,43520.0,43505.0,43510.0,43510.0,37058
2025-09-05 05:40:00,43510.0,43520.0,43510.0,43520.0,43520.0,18388
2025-09-05 05:42:00,43525.0,43535.0,43515.0,43515.0,43515.0,19310
2025-09-05 05:44:00,43515.0,43535.0,43515.0,43520.0,43520.0,55444
2025-09-05 05:46:00,43520.0,43525.0,43510.0,43520.0,43520.0,23088
2025-09-05 05:48:00,43520.0,43522.0,43500.0,43500.0,43500.0,22752
2025-09-05 05:50:00,43505.0,43520.0,43500.0,43510.0,43510.0,14473
2025-09-05 05:52:00,43510.0,43520.0,43500.0,43500.0,43500.0,26456
2025-09-05 05:54:00,43505.0,43510.0,43495.0,43505.0,43505.0,50045
2025-09-05 05:56:00,43505.0,43505.0,43495.0,43495.0,43495.0,6454
2025-09-05 05:58:00,43495.0,43500.0,43480.0,43490.0,43490.0,17845
2025-09-08 00:00:00,43575.0,43605.0,43505.0,43565.0,43565.0,172905
2025-09-08 00:02:00,43565.0,43570.0,43510.0,43530.0,43530.0,80181
2025-09-08 00:04:00,43530.0,43565.0,43515.0,43550.0,43550.0,92619
2025-09-08 00:06:00,43550.0,43600.0,43520.0,43535.0,43535.0,55378
2025-09-08 00:08:00,43530.0,43540.0,43495.0,43535.0,43535.0,44668
2025-09-08 00:10:00,43535.0,43565.0,43515.0,43520.0,43520.0,39848
2025-09-08 00:12:00,43525.0,43545.0,43510.0,43525.0,43525.0,56024
2025-09-08 00:14:00,43520.0,43585.0,43510.0,43585.0,43585.0,58252
2025-09-08 00:16:00,43585.0,43605.0,43565.0,43575.0,43575.0,35710
2025-09-08 00:18:00,43575.0,43585.0,43560.0,43570.0,43570.0,13117
2025-09-08 00:20:00,43565.0,43565.0,43540.0,43552.0,43552.0,11369
2025-09-08 00:22:00,43550.0,43555.0,43525.0,43535.0,43535.0,20190
2025-09-08 00:24:00,43535.0,43570.0,43525.0,43555.0,43555.0,15479
2025-09-08 00:26:00,43555.0,43555.0,43515.0,43520.0,43520.0,39657
2025-09-08 00:28:00,43525.0,43540.0,43510.0,43515.0,43515.0,18371
2025-09-08 00:30:00,43515.0,43550.0,43510.0,43550.0,43550.0,33277
2025-09-08 00:32:00,43545.0,43565.0,43525.0,43540.0,43540.0,19161
2025-09-08 00:34:00,43540.0,43560.0,43530.0,43540.0,43540.0,19505
2025-09-08 00:36:00,43540.0,43550.0,43520.0,43535.0,43535.0,6741
2025-09-08 00:38:00,43530.0,43545.0,43520.0,43525.0,43525.0,14107
2025-09-08 00:40:00,43525.0,43540.0,43520.0,43540.0,43540.0,3156
2025-09-08 00:42:00,43532.0,43555.0,43520.0,43530.0,43530.0,20979
2025-09-08 00:44:00,43535.0,43550.0,43515.0,43530.0,43530.0,18211
2025-09-08 00:46:00,43530.0,43560.0,43520.0,43560.0,43560.0,18940
2025-09-08 00:48:00,43560.0,43565.0,43545.0,43560.0,43560.0,12918
2025-09-08 00:50:00,43560.0,43575.0,43550.0,43555.0,43555.0,13771
2025-09-08 00:52:00,43555.0,43565.0,43540.0,43545.0,43545.0,10160
2025-09-08 00:54:00,43555.0,43575.0,43535.0,43565.0,43565.0,16430
2025-09-08 00:56:00,43565.0,43580.0,43555.0,43560.0,43560.0,10206
2025-09-08 00:58:00,43560.0,43570.0,43550.0,43555.0,43555.0,37679
2025-09-08 01:00:00,43555.0,43565.0,43535.0,43565.0,43565.0,84180
2025-09-08 01:02:00,43565.0,43590.0,43555.0,43582.0,43582.0,289269
2025-09-08 01:04:00,43582.0,43615.0,43575.0,43615.0,43615.0,61591
2025-09-08 01:06:00,43615.0,43650.0,43615.0,43640.0,43640.0,41927
2025-09-08 01:08:00,43640.0,43640.0,43610.0,43615.0,43615.0,11943
2025-09-08 01:10:00,43615.0,43625.0,43605.0,43622.0,43622.0,5614
2025-09-08 01:12:00,43622.0,43630.0,43610.0,43612.0,43612.0,8337
2025-09-08 01:14:00,43612.0,43620.0,43577.0,43585.0,43585.0,10520
2025-09-08 01:16:00,43590.0,43595.0,43577.0,43580.0,43580.0,22794
2025-09-08 01:18:00,43582.0,43595.0,43577.0,43590.0,43590.0,5363
2025-09-08 01:20:00,43590.0,43590.0,43572.0,43572.0,43572.0,9031
2025-09-08 01:22:00,43572.0,43585.0,43570.0,43577.0,43577.0,2556
2025-09-08 01:24:00,43575.0,43600.0,43570.0,43600.0,43600.0,22733
2025-09-08 01:26:00,43600.0,43615.0,43597.0,43615.0,43615.0,16088
2025-09-08 01:28:00,43615.0,43620.0,43605.0,43605.0,43605.0,9388
2025-09-08 01:30:00,43605.0,43615.0,43590.0,43615.0,43615.0,9066
2025-09-08 01:32:00,43615.0,43620.0,43600.0,43610.0,43610.0,14197
2025-09-08 01:34:00,43610.0,43625.0,43605.0,43625.0,43625.0,8069
2025-09-08 01:36:00,43622.0,43630.0,43620.0,43630.0,43630.0,6056
2025-09-08 01:38:00,43630.0,43635.0,43620.0,43635.0,43635.0,9798
2025-09-08 01:40:00,43635.0,43670.0,43635.0,43657.0,43657.0,51043
2025-09-08 01:42:00,43655.0,43665.0,43625.0,43640.0,43640.0,16914
2025-09-08 01:44:00,43640.0,43650.0,43635.0,43637.0,43637.0,4997
2025-09-08 01:46:00,43637.0,43640.0,43620.0,43630.0,43630.0,4583
2025-09-08 01:48:00,43627.0,43645.0,43620.0,43635.0,43635.0,16360
2025-09-08 01:50:00,43637.0,43645.0,43627.0,43627.0,43627.0,12893
2025-09-08 01:52:00,43627.0,43635.0,43605.0,43610.0,43610.0,69097
2025-09-08 01:54:00,43610.0,43615.0,43575.0,43590.0,43590.0,161707
2025-09-08 01:56:00,43590.0,43600.0,43590.0,43595.0,43595.0,38352
2025-09-08 01:58:00,43595.0,43597.0,43570.0,43575.0,43575.0,50219
2025-09-08 02:00:00,43575.0,43595.0,43570.0,43577.0,43577.0,7457
2025-09-08 02:02:00,43575.0,43590.0,43570.0,43570.0,43570.0,25114
2025-09-08 02:04:00,43570.0,43570.0,43545.0,43555.0,43555.0,66007
2025-09-08 02:06:00,43555.0,43565.0,43545.0,43545.0,43545.0,26161
2025-09-08 02:08:00,43545.0,43575.0,43545.0,43570.0,43570.0,27863
2025-09-08 02:10:00,43570.0,43575.0,43565.0,43565.0,43565.0,11183
2025-09-08 02:12:00,43565.0,43565.0,43550.0,43560.0,43560.0,6839
2025-09-08 02:14:00,43557.0,43565.0,43550.0,43550.0,43550.0,13340
2025-09-08 02:16:00,43555.0,43560.0,43530.0,43530.0,43530.0,25888
2025-09-08 02:18:00,43530.0,43540.0,43510.0,43510.0,43510.0,40772
2025-09-08 02:20:00,43515.0,43520.0,43495.0,43510.0,43510.0,38476
2025-09-08 02:22:00,43510.0,43515.0,43500.0,43505.0,43505.0,12774
2025-09-08 02:24:00,43510.0,43515.0,43485.0,43500.0,43500.0,37412
2025-09-08 02:26:00,43500.0,43510.0,43495.0,43497.0,43497.0,25882
2025-09-08 02:28:00,43495.0,43500.0,43485.0,43490.0,43490.0,14596
2025-09-08 02:30:00,43495.0,43515.0,43485.0,43512.0,43512.0,7073
2025-09-08 02:32:00,43510.0,43525.0,43505.0,43525.0,43525.0,27793
2025-09-08 02:34:00,43525.0,43525.0,43515.0,43520.0,43520.0,10530
2025-09-08 02:36:00,43520.0,43530.0,43515.0,43530.0,43530.0,8416
2025-09-08 02:38:00,43525.0,43535.0,43525.0,43530.0,43530.0,14416
2025-09-08 02:40:00,43525.0,43535.0,43525.0,43525.0,43525.0,7569
2025-09-08 02:42:00,43525.0,43535.0,43520.0,43525.0,43525.0,4877
2025-09-08 02:44:00,43530.0,43530.0,43520.0,43525.0,43525.0,12645
2025-09-08 02:46:00,43525.0,43525.0,43515.0,43525.0,43525.0,1801
2025-09-08 02:48:00,43520.0,43530.0,43520.0,43520.0,43520.0,8902
2025-09-08 02:50:00,43525.0,43530.0,43520.0,43525.0,43525.0,1878
2025-09-08 02:52:00,43525.0,43540.0,43522.0,43525.0,43525.0,3703
2025-09-08 02:54:00,43530.0,43530.0,43515.0,43525.0,43525.0,2523
2025-09-08 02:56:00,43522.0,43525.0,43515.0,43522.0,43522.0,1912
2025-09-08 02:58:00,43520.0,43535.0,43515.0,43517.0,43517.0,7471
2025-09-08 03:00:00,43515.0,43520.0,43510.0,43515.0,43515.0,2007
2025-09-08 03:02:00,43517.0,43525.0,43515.0,43520.0,43520.0,2972
2025-09-08 03:04:00,43515.0,43525.0,43510.0,43525.0,43525.0,1936
2025-09-08 03:06:00,43520.0,43525.0,43515.0,43525.0,43525.0,1002
2025-09-08 03:08:00,43525.0,43550.0,43520.0,43535.0,43535.0,9702
2025-09-08 03:10:00,43535.0,43540.0,43530.0,43530.0,43530.0,2753
2025-09-08 03:12:00,43535.0,43540.0,43530.0,43535.0,43535.0,13462
2025-09-08 03:14:00,43535.0,43545.0,43530.0,43530.0,43530.0,31383
2025-09-08 03:16:00,43535.0,43535.0,43525.0,43530.0,43530.0,9983
2025-09-08 03:18:00,43525.0,43540.0,43525.0,43540.0,43540.0,3526
2025-09-08 03:20:00,43535.0,43545.0,43530.0,43545.0,43545.0,2458
2025-09-08 03:22:00,43545.0,43550.0,43540.0,43545.0,43545.0,4528
2025-09-08 03:24:00,43540.0,43540.0,43530.0,43535.0,43535.0,5101
2025-09-08 03:26:00,43530.0,43540.0,43530.0,43530.0,43530.0,2135
2025-09-08 03:28:00,43530.0,43530.0,43515.0,43520.0,43520.0,5220
2025-09-08 03:30:00,43520.0,43520.0,43500.0,43510.0,43510.0,19514
2025-09-08 03:32:00,43510.0,43520.0,43505.0,43520.0,43520.0,1716
2025-09-08 03:34:00,43520.0,43520.0,43512.0,43515.0,43515.0,1019
2025-09-08 03:36:00,43517.0,43520.0,43510.0,43510.0,43510.0,2627
2025-09-08 03:38:00,43515.0,43515.0,43505.0,43510.0,43510.0,3415
2025-09-08 03:40:00,43510.0,43535.0,43510.0,43530.0,43530.0,7685
2025-09-08 03:42:00,43530.0,43535.0,43530.0,43532.0,43532.0,2863
2025-09-08 03:44:00,43530.0,43535.0,43525.0,43535.0,43535.0,10033
2025-09-08 03:46:00,43535.0,43545.0,43530.0,43545.0,43545.0,11851
2025-09-08 03:48:00,43545.0,43545.0,43530.0,43535.0,43535.0,2194
2025-09-08 03:50:00,43530.0,43545.0,43530.0,43535.0,43535.0,13093
2025-09-08 03:52:00,43535.0,43540.0,43530.0,43540.0,43540.0,1511
2025-09-08 03:54:00,43535.0,43550.0,43535.0,43550.0,43550.0,19236
2025-09-08 03:56:00,43550.0,43550.0,43535.0,43537.0,43537.0,7393
2025-09-08 03:58:00,43540.0,43545.0,43535.0,43540.0,43540.0,10788
2025-09-08 04:00:00,43535.0,43550.0,43530.0,43545.0,43545.0,6743
2025-09-08 04:02:00,43545.0,43550.0,43535.0,43540.0,43540.0,22975
2025-09-08 04:04:00,43545.0,43550.0,43535.0,43540.0,43540.0,34126
2025-09-08 04:06:00,43540.0,43540.0,43530.0,43540.0,43540.0,10748
2025-09-08 04:08:00,43535.0,43540.0,43530.0,43535.0,43535.0,14941
2025-09-08 04:10:00,43530.0,43540.0,43510.0,43515.0,43515.0,41281
2025-09-08 04:12:00,43520.0,43520.0,43505.0,43520.0,43520.0,18323
2025-09-08 04:14:00,43520.0,43525.0,43515.0,43520.0,43520.0,13700
2025-09-08 04:16:00,43520.0,43535.0,43520.0,43525.0,43525.0,21947
2025-09-08 04:18:00,43530.0,43535.0,43515.0,43515.0,43515.0,24245
2025-09-08 04:20:00,43520.0,43525.0,43515.0,43515.0,43515.0,6027
2025-09-08 04:22:00,43517.0,43520.0,43515.0,43515.0,43515.0,3529
2025-09-08 04:24:00,43517.0,43520.0,43510.0,43515.0,43515.0,8421
2025-09-08 04:26:00,43515.0,43525.0,43505.0,43510.0,43510.0,22056
2025-09-08 04:28:00,43507.0,43520.0,43505.0,43515.0,43515.0,26008
2025-09-08 04:30:00,43517.0,43525.0,43510.0,43510.0,43510.0,18065
2025-09-08 04:32:00,43507.0,43512.0,43505.0,43505.0,43505.0,34229
2025-09-08 04:34:00,43510.0,43515.0,43505.0,43510.0,43510.0,26431
2025-09-08 04:36:00,43510.0,43515.0,43505.0,43515.0,43515.0,14547
2025-09-08 04:38:00,43510.0,43510.0,43505.0,43505.0,43505.0,18025
2025-09-08 04:40:00,43510.0,43510.0,43495.0,43495.0,43495.0,14210
2025-09-08 04:42:00,43490.0,43490.0,43475.0,43475.0,43475.0,44359
2025-09-08 04:44:00,43480.0,43490.0,43470.0,43480.0,43480.0,55119
2025-09-08 04:46:00,43480.0,43480.0,43455.0,43475.0,43475.0,74695
2025-09-08 04:48:00,43470.0,43475.0,43460.0,43460.0,43460.0,10035
2025-09-08 04:50:00,43460.0,43475.0,43455.0,43472.0,43472.0,13518
2025-09-08 04:52:00,43470.0,43475.0,43460.0,43465.0,43465.0,9899
2025-09-08 04:54:00,43465.0,43475.0,43455.0,43475.0,43475.0,16788
2025-09-08 04:56:00,43470.0,43485.0,43470.0,43480.0,43480.0,8610
2025-09-08 04:58:00,43480.0,43480.0,43470.0,43470.0,43470.0,2412
2025-09-08 05:00:00,43475.0,43475.0,43455.0,43460.0,43460.0,35374
2025-09-08 05:02:00,43460.0,43460.0,43445.0,43445.0,43445.0,24001
2025-09-08 05:04:00,43445.0,43460.0,43440.0,43455.0,43455.0,19244
2025-09-08 05:06:00,43455.0,43460.0,43445.0,43450.0,43450.0,9416
2025-09-08 05:08:00,43455.0,43465.0,43455.0,43460.0,43460.0,5856
2025-09-08 05:10:00,43460.0,43475.0,43455.0,43470.0,43470.0,1502
2025-09-08 05:12:00,43470.0,43475.0,43465.0,43470.0,43470.0,2093
2025-09-08 05:14:00,43465.0,43480.0,43460.0,43475.0,43475.0,5277
2025-09-08 05:16:00,43480.0,43485.0,43475.0,43485.0,43485.0,26084
2025-09-08 05:18:00,43480.0,43500.0,43480.0,43495.0,43495.0,23998
2025-09-08 05:20:00,43495.0,43495.0,43480.0,43485.0,43485.0,10954
2025-09-08 05:22:00,43485.0,43495.0,43480.0,43485.0,43485.0,10173
2025-09-08 05:24:00,43490.0,43495.0,43480.0,43490.0,43490.0,2114
2025-09-08 05:26:00,43485.0,43490.0,43470.0,43485.0,43485.0,3828
2025-09-08 05:28:00,43485.0,43490.0,43480.0,43490.0,43490.0,3703
2025-09-08 05:30:00,43490.0,43490.0,43455.0,43455.0,43455.0,25667
2025-09-08 05:32:00,43455.0,43475.0,43450.0,43460.0,43460.0,18338
2025-09-08 05:34:00,43455.0,43470.0,43455.0,43470.0,43470.0,3487
2025-09-08 05:36:00,43470.0,43470.0,43455.0,43465.0,43465.0,1412
2025-09-08 05:38:00,43465.0,43465.0,43455.0,43455.0,43455.0,12838
2025-09-08 05:40:00,43455.0,43465.0,43445.0,43462.0,43462.0,29686
2025-09-08 05:42:00,43460.0,43460.0,43442.0,43445.0,43445.0,11809
2025-09-08 05:44:00,43440.0,43450.0,43440.0,43445.0,43445.0,6574
2025-09-08 05:46:00,43445.0,43460.0,43440.0,43455.0,43455.0,20239
2025-09-08 05:48:00,43460.0,43465.0,43455.0,43460.0,43460.0,3564
2025-09-08 05:50:00,43457.0,43480.0,43457.0,43465.0,43465.0,17180
2025-09-08 05:52:00,43470.0,43477.0,43465.0,43470.0,43470.0,1872
2025-09-08 05:54:00,43472.0,43495.0,43472.0,43490.0,43490.0,22803
2025-09-08 05:56:00,43490.0,43510.0,43490.0,43500.0,43500.0,36443
2025-09-08 05:58:00,43500.0,43505.0,43490.0,43500.0,43500.0,4104
2025-09-09 00:00:00,43770.0,43800.0,43720.0,43775.0,43775.0,172211
2025-09-09 00:02:00,43780.0,43805.0,43690.0,43690.0,43690.0,108507
2025-09-09 00:04:00,43695.0,43755.0,43675.0,43755.0,43755.0,68497
2025-09-09 00:06:00,43750.0,43765.0,43700.0,43705.0,43705.0,52278
2025-09-09 00:08:00,43700.0,43725.0,43650.0,43675.0,43675.0,85890
2025-09-09 00:10:00,43670.0,43715.0,43655.0,43705.0,43705.0,25689
2025-09-09 00:12:00,43705.0,43735.0,43695.0,43715.0,43715.0,32445
2025-09-09 00:14:00,43715.0,43715.0,43680.0,43715.0,43715.0,16149
2025-09-09 00:16:00,43715.0,43735.0,43680.0,43705.0,43705.0,20882
2025-09-09 00:18:00,43710.0,43740.0,43700.0,43740.0,43740.0,67647
2025-09-09 00:20:00,43730.0,43745.0,43720.0,43730.0,43730.0,50484
2025-09-09 00:22:00,43735.0,43750.0,43695.0,43710.0,43710.0,220267
2025-09-09 00:24:00,43705.0,43720.0,43695.0,43710.0,43710.0,23618
2025-09-09 00:26:00,43710.0,43715.0,43690.0,43700.0,43700.0,81564
2025-09-09 00:28:00,43705.0,43750.0,43700.0,43730.0,43730.0,119372
2025-09-09 00:30:00,43735.0,43750.0,43725.0,43750.0,43750.0,9949
2025-09-09 00:32:00,43750.0,43765.0,43740.0,43760.0,43760.0,38441
2025-09-09 00:34:00,43765.0,43765.0,43750.0,43760.0,43760.0,42193
2025-09-09 00:36:00,43760.0,43760.0,43725.0,43745.0,43745.0,25932
2025-09-09 00:38:00,43745.0,43755.0,43735.0,43755.0,43755.0,15675
2025-09-09 00:40:00,43750.0,43775.0,43745.0,43770.0,43770.0,45300
2025-09-09 00:42:00,43765.0,43805.0,43765.0,43800.0,43800.0,59051
2025-09-09 00:44:00,43800.0,43805.0,43785.0,43790.0,43790.0,23720
2025-09-09 00:46:00,43790.0,43825.0,43785.0,43825.0,43825.0,46951
2025-09-09 00:48:00,43820.0,43845.0,43815.0,43825.0,43825.0,34500
2025-09-09 00:50:00,43825.0,43825.0,43810.0,43812.0,43812.0,14167
2025-09-09 00:52:00,43815.0,43830.0,43805.0,43815.0,43815.0,107390
2025-09-09 00:54:00,43815.0,43815.0,43790.0,43800.0,43800.0,46964
2025-09-09 00:56:00,43800.0,43800.0,43775.0,43785.0,43785.0,81346
2025-09-09 00:58:00,43790.0,43795.0,43780.0,43785.0,43785.0,13663
2025-09-09 01:00:00,43787.0,43815.0,43785.0,43805.0,43805.0,22389
2025-09-09 01:02:00,43805.0,43840.0,43795.0,43835.0,43835.0,73586
2025-09-09 01:04:00,43835.0,43895.0,43830.0,43880.0,43880.0,223011
2025-09-09 01:06:00,43880.0,43895.0,43870.0,43890.0,43890.0,96556
2025-09-09 01:08:00,43890.0,43910.0,43885.0,43885.0,43885.0,129863
2025-09-09 01:10:00,43890.0,43895.0,43870.0,43875.0,43875.0,52621
2025-09-09 01:12:00,43880.0,43900.0,43870.0,43900.0,43900.0,26113
2025-09-09 01:14:00,43900.0,43925.0,43890.0,43910.0,43910.0,41160
2025-09-09 01:16:00,43905.0,43925.0,43890.0,43920.0,43920.0,22266
2025-09-09 01:18:00,43920.0,43925.0,43910.0,43920.0,43920.0,13310
2025-09-09 01:20:00,43920.0,43925.0,43900.0,43910.0,43910.0,9475
2025-09-09 01:22:00,43910.0,43910.0,43875.0,43880.0,43880.0,24520
2025-09-09 01:24:00,43880.0,43885.0,43845.0,43860.0,43860.0,23019
2025-09-09 01:26:00,43860.0,43875.0,43850.0,43875.0,43875.0,15168
2025-09-09 01:28:00,43875.0,43880.0,43865.0,43875.0,43875.0,6572
2025-09-09 01:30:00,43875.0,43890.0,43870.0,43880.0,43880.0,10404
2025-09-09 01:32:00,43880.0,43900.0,43875.0,43900.0,43900.0,12409
2025-09-09 01:34:00,43900.0,43910.0,43890.0,43905.0,43905.0,26281
2025-09-09 01:36:00,43905.0,43935.0,43905.0,43930.0,43930.0,26994
2025-09-09 01:38:00,43930.0,43965.0,43930.0,43945.0,43945.0,40826
2025-09-09 01:40:00,43940.0,43950.0,43935.0,43935.0,43935.0,13282
2025-09-09 01:42:00,43940.0,43960.0,43930.0,43945.0,43945.0,14236
2025-09-09 01:44:00,43945.0,43975.0,43945.0,43965.0,43965.0,28022
2025-09-09 01:46:00,43965.0,43975.0,43955.0,43965.0,43965.0,11603
2025-09-09 01:48:00,43965.0,43965.0,43945.0,43965.0,43965.0,9361
2025-09-09 01:50:00,43965.0,43965.0,43945.0,43945.0,43945.0,5156
2025-09-09 01:52:00,43950.0,43965.0,43935.0,43935.0,43935.0,134351
2025-09-09 01:54:00,43935.0,43945.0,43925.0,43925.0,43925.0,9020
2025-09-09 01:56:00,43920.0,43955.0,43920.0,43955.0,43955.0,16059
2025-09-09 01:58:00,43955.0,43965.0,43945.0,43955.0,43955.0,7809
2025-09-09 02:00:00,43960.0,43970.0,43950.0,43970.0,43970.0,7898
2025-09-09 02:02:00,43965.0,43990.0,43965.0,43990.0,43990.0,30545
2025-09-09 02:04:00,43987.0,44025.0,43985.0,44025.0,44025.0,94088
2025-09-09 02:06:00,44025.0,44030.0,44015.0,44015.0,44015.0,21911
2025-09-09 02:08:00,44015.0,44045.0,44015.0,44045.0,44045.0,21352
2025-09-09 02:10:00,44040.0,44050.0,44025.0,44030.0,44030.0,22009
2025-09-09 02:12:00,44025.0,44040.0,44010.0,44035.0,44035.0,36647
2025-09-09 02:14:00,44035.0,44040.0,44025.0,44040.0,44040.0,24045
2025-09-09 02:16:00,44035.0,44040.0,44025.0,44040.0,44040.0,112161
2025-09-09 02:18:00,44040.0,44070.0,44040.0,44065.0,44065.0,76499
2025-09-09 02:20:00,44065.0,44065.0,44040.0,44040.0,44040.0,91804
2025-09-09 02:22:00,44045.0,44060.0,44040.0,44050.0,44050.0,30618
2025-09-09 02:24:00,44050.0,44055.0,44045.0,44050.0,44050.0,4985
2025-09-09 02:26:00,44050.0,44090.0,44050.0,44090.0,44090.0,38563
2025-09-09 02:28:00,44085.0,44100.0,44085.0,44095.0,44095.0,31829
2025-09-09 02:30:00,44095.0,44110.0,44090.0,44100.0,44100.0,32296
2025-09-09 02:32:00,44100.0,44110.0,44090.0,44095.0,44095.0,38928
2025-09-09 02:34:00,44090.0,44100.0,44085.0,44100.0,44100.0,55222
2025-09-09 02:36:00,44100.0,44100.0,44085.0,44090.0,44090.0,12963
2025-09-09 02:38:00,44085.0,44095.0,44080.0,44090.0,44090.0,8806
2025-09-09 02:40:00,44095.0,44115.0,44095.0,44105.0,44105.0,81912
2025-09-09 02:42:00,44100.0,44115.0,44100.0,44100.0,44100.0,8472
2025-09-09 02:44:00,44105.0,44110.0,44075.0,44095.0,44095.0,13300
2025-09-09 02:46:00,44095.0,44115.0,44095.0,44110.0,44110.0,16038
2025-09-09 02:48:00,44105.0,44140.0,44105.0,44130.0,44130.0,38417
2025-09-09 02:50:00,44130.0,44155.0,44125.0,44145.0,44145.0,42413
2025-09-09 02:52:00,44150.0,44155.0,44135.0,44155.0,44155.0,40005
2025-09-09 02:54:00,44155.0,44175.0,44147.0,44170.0,44170.0,40166
2025-09-09 02:56:00,44170.0,44220.0,44170.0,44215.0,44215.0,47674
2025-09-09 02:58:00,44215.0,44215.0,44190.0,44190.0,44190.0,124337
2025-09-09 03:00:00,44190.0,44190.0,44165.0,44170.0,44170.0,17038
2025-09-09 03:02:00,44170.0,44180.0,44160.0,44175.0,44175.0,29169
2025-09-09 03:04:00,44175.0,44180.0,44170.0,44170.0,44170.0,10402
2025-09-09 03:06:00,44170.0,44175.0,44160.0,44165.0,44165.0,51443
2025-09-09 03:08:00,44165.0,44170.0,44155.0,44155.0,44155.0,29144
2025-09-09 03:10:00,44155.0,44170.0,44155.0,44170.0,44170.0,19313
2025-09-09 03:12:00,44170.0,44190.0,44170.0,44185.0,44185.0,26631
2025-09-09 03:14:00,44185.0,44195.0,44175.0,44195.0,44195.0,29867
2025-09-09 03:16:00,44195.0,44205.0,44185.0,44200.0,44200.0,49813
2025-09-09 03:18:00,44200.0,44200.0,44180.0,44180.0,44180.0,63472
2025-09-09 03:20:00,44185.0,44185.0,44175.0,44175.0,44175.0,26242
2025-09-09 03:22:00,44175.0,44180.0,44155.0,44165.0,44165.0,60220
2025-09-09 03:24:00,44165.0,44175.0,44160.0,44170.0,44170.0,8317
2025-09-09 03:26:00,44170.0,44175.0,44160.0,44160.0,44160.0,8019
2025-09-09 03:28:00,44160.0,44175.0,44160.0,44170.0,44170.0,12956
2025-09-09 03:30:00,44165.0,44195.0,44165.0,44195.0,44195.0,11986
2025-09-09 03:32:00,44195.0,44225.0,44190.0,44205.0,44205.0,43569
2025-09-09 03:34:00,44200.0,44210.0,44180.0,44185.0,44185.0,5449
2025-09-09 03:36:00,44185.0,44205.0,44185.0,44205.0,44205.0,6715
2025-09-09 03:38:00,44200.0,44230.0,44200.0,44230.0,44230.0,42265
2025-09-09 03:40:00,44225.0,44240.0,44215.0,44235.0,44235.0,17920
2025-09-09 03:42:00,44240.0,44240.0,44210.0,44215.0,44215.0,60868
2025-09-09 03:44:00,44215.0,44215.0,44195.0,44205.0,44205.0,32714
2025-09-09 03:46:00,44205.0,44230.0,44205.0,44220.0,44220.0,71719
2025-09-09 03:48:00,44220.0,44220.0,44190.0,44190.0,44190.0,41378
2025-09-09 03:50:00,44195.0,44215.0,44185.0,44200.0,44200.0,27136
2025-09-09 03:52:00,44200.0,44200.0,44185.0,44195.0,44195.0,35316
2025-09-09 03:54:00,44190.0,44205.0,44185.0,44200.0,44200.0,12070
2025-09-09 03:56:00,44200.0,44205.0,44190.0,44200.0,44200.0,40469
2025-09-09 03:58:00,44205.0,44220.0,44200.0,44215.0,44215.0,42137
2025-09-09 04:00:00,44215.0,44225.0,44210.0,44220.0,44220.0,30218
2025-09-09 04:02:00,44220.0,44225.0,44210.0,44215.0,44215.0,46316
2025-09-09 04:04:00,44215.0,44235.0,44215.0,44225.0,44225.0,26805
2025-09-09 04:06:00,44220.0,44230.0,44215.0,44225.0,44225.0,7247
2025-09-09 04:08:00,44225.0,44235.0,44220.0,44220.0,44220.0,23241
2025-09-09 04:10:00,44225.0,44230.0,44217.0,44230.0,44230.0,20051
2025-09-09 04:12:00,44225.0,44240.0,44205.0,44210.0,44210.0,49226
2025-09-09 04:14:00,44205.0,44220.0,44200.0,44215.0,44215.0,22073
2025-09-09 04:16:00,44205.0,44215.0,44180.0,44190.0,44190.0,31219
2025-09-09 04:18:00,44190.0,44190.0,44170.0,44190.0,44190.0,10712
2025-09-09 04:20:00,44190.0,44205.0,44190.0,44190.0,44190.0,13486
2025-09-09 04:22:00,44190.0,44205.0,44185.0,44195.0,44195.0,28759
2025-09-09 04:24:00,44200.0,44210.0,44195.0,44200.0,44200.0,7245
2025-09-09 04:26:00,44195.0,44210.0,44190.0,44205.0,44205.0,12447
2025-09-09 04:28:00,44205.0,44205.0,44190.0,44195.0,44195.0,1136239
2025-09-09 04:30:00,44195.0,44205.0,44195.0,44205.0,44205.0,453943
2025-09-09 04:32:00,44205.0,44210.0,44200.0,44210.0,44210.0,49690
2025-09-09 04:34:00,44210.0,44215.0,44195.0,44210.0,44210.0,38493
2025-09-09 04:36:00,44210.0,44245.0,44210.0,44230.0,44230.0,26110
2025-09-09 04:38:00,44220.0,44225.0,44210.0,44210.0,44210.0,7641
2025-09-09 04:40:00,44215.0,44225.0,44195.0,44200.0,44200.0,62203
2025-09-09 04:42:00,44200.0,44215.0,44195.0,44210.0,44210.0,97773
2025-09-09 04:44:00,44210.0,44225.0,44210.0,44210.0,44210.0,68600
2025-09-09 04:46:00,44210.0,44215.0,44195.0,44200.0,44200.0,11575
2025-09-09 04:48:00,44200.0,44230.0,44195.0,44225.0,44225.0,22000
2025-09-09 04:50:00,44227.0,44235.0,44210.0,44210.0,44210.0,8264
2025-09-09 04:52:00,44210.0,44235.0,44205.0,44235.0,44235.0,32793
2025-09-09 04:54:00,44230.0,44235.0,44220.0,44230.0,44230.0,55775
2025-09-09 04:56:00,44230.0,44235.0,44205.0,44210.0,44210.0,52680
2025-09-09 04:58:00,44215.0,44215.0,44210.0,44215.0,44215.0,15154
2025-09-09 05:00:00,44215.0,44225.0,44205.0,44220.0,44220.0,57852
2025-09-09 05:02:00,44220.0,44220.0,44195.0,44195.0,44195.0,85127
2025-09-09 05:04:00,44195.0,44215.0,44185.0,44205.0,44205.0,95340
2025-09-09 05:06:00,44205.0,44210.0,44190.0,44205.0,44205.0,15402
2025-09-09 05:08:00,44200.0,44205.0,44175.0,44185.0,44185.0,27832
2025-09-09 05:10:00,44190.0,44195.0,44170.0,44170.0,44170.0,21593
2025-09-09 05:12:00,44170.0,44180.0,44150.0,44165.0,44165.0,64178
2025-09-09 05:14:00,44165.0,44170.0,44150.0,44160.0,44160.0,27178
2025-09-09 05:16:00,44160.0,44160.0,44145.0,44150.0,44150.0,64000
2025-09-09 05:18:00,44145.0,44155.0,44130.0,44145.0,44145.0,47388
2025-09-09 05:20:00,44140.0,44150.0,44130.0,44145.0,44145.0,60512
2025-09-09 05:22:00,44150.0,44150.0,44130.0,44130.0,44130.0,37168
2025-09-09 05:24:00,44130.0,44145.0,44125.0,44135.0,44135.0,8673
2025-09-09 05:26:00,44135.0,44140.0,44125.0,44130.0,44130.0,16908
2025-09-09 05:28:00,44130.0,44155.0,44130.0,44145.0,44145.0,108480
2025-09-09 05:30:00,44145.0,44180.0,44140.0,44170.0,44170.0,92309
2025-09-09 05:32:00,44175.0,44195.0,44170.0,44185.0,44185.0,128400
2025-09-09 05:34:00,44185.0,44195.0,44180.0,44190.0,44190.0,74732
2025-09-09 05:36:00,44190.0,44210.0,44185.0,44185.0,44185.0,151795
2025-09-09 05:38:00,44190.0,44200.0,44180.0,44180.0,44180.0,40291
2025-09-09 05:40:00,44190.0,44190.0,44180.0,44190.0,44190.0,12844
2025-09-09 05:42:00,44185.0,44205.0,44185.0,44205.0,44205.0,45878
2025-09-09 05:44:00,44195.0,44215.0,44195.0,44205.0,44205.0,33369
2025-09-09 05:46:00,44215.0,44240.0,44210.0,44225.0,44225.0,74394
2025-09-09 05:48:00,44225.0,44235.0,44220.0,44235.0,44235.0,37297
2025-09-09 05:50:00,44235.0,44235.0,44215.0,44225.0,44225.0,70687
2025-09-09 05:52:00,44225.0,44245.0,44220.0,44242.0,44242.0,96294
2025-09-09 05:54:00,44242.0,44265.0,44235.0,44260.0,44260.0,151235
2025-09-09 05:56:00,44260.0,44290.0,44260.0,44280.0,44280.0,44322
2025-09-09 05:58:00,44280.0,44290.0,44270.0,44275.0,44275.0,9021
2025-09-10 00:00:00,44400.0,44490.0,44400.0,44485.0,44485.0,250823
2025-09-10 00:02:00,44485.0,44630.0,44485.0,44620.0,44620.0,397087
2025-09-10 00:04:00,44620.0,44690.0,44590.0,44680.0,44680.0,186407
2025-09-10 00:06:00,44680.0,44695.0,44630.0,44650.0,44650.0,145353
2025-09-10 00:08:00,44650.0,44690.0,44630.0,44655.0,44655.0,93393
2025-09-10 00:10:00,44650.0,44670.0,44630.0,44665.0,44665.0,128434
2025-09-10 00:12:00,44665.0,44725.0,44665.0,44695.0,44695.0,233577
2025-09-10 00:14:00,44695.0,44775.0,44695.0,44760.0,44760.0,139288
2025-09-10 00:16:00,44760.0,44815.0,44755.0,44815.0,44815.0,143142
2025-09-10 00:18:00,44820.0,44850.0,44805.0,44820.0,44820.0,131614
2025-09-10 00:20:00,44825.0,44850.0,44785.0,44850.0,44850.0,96978
2025-09-10 00:22:00,44845.0,44895.0,44840.0,44895.0,44895.0,140891
2025-09-10 00:24:00,44890.0,44895.0,44835.0,44855.0,44855.0,75979
2025-09-10 00:26:00,44855.0,44860.0,44830.0,44830.0,44830.0,82306
2025-09-10 00:28:00,44835.0,44880.0,44825.0,44875.0,44875.0,104411
2025-09-10 00:30:00,44875.0,45055.0,44875.0,45025.0,45025.0,364298
2025-09-10 00:32:00,45035.0,45040.0,45000.0,45025.0,45025.0,128225
2025-09-10 00:34:00,45025.0,45075.0,45025.0,45035.0,45035.0,122948
2025-09-10 00:36:00,45035.0,45045.0,44955.0,44965.0,44965.0,50545
2025-09-10 00:38:00,44955.0,44995.0,44955.0,44975.0,44975.0,61449
2025-09-10 00:40:00,44965.0,44975.0,44845.0,44860.0,44860.0,138799
2025-09-10 00:42:00,44860.0,44925.0,44830.0,44885.0,44885.0,143411
2025-09-10 00:44:00,44885.0,44905.0,44860.0,44880.0,44880.0,32644
2025-09-10 00:46:00,44880.0,44925.0,44875.0,44915.0,44915.0,63134
2025-09-10 00:48:00,44915.0,44920.0,44895.0,44915.0,44915.0,17663
2025-09-10 00:50:00,44905.0,44955.0,44905.0,44920.0,44920.0,67476
2025-09-10 00:52:00,44920.0,44940.0,44915.0,44925.0,44925.0,180011
2025-09-10 00:54:00,44925.0,44955.0,44910.0,44950.0,44950.0,98231
2025-09-10 00:56:00,44950.0,44955.0,44905.0,44910.0,44910.0,25440
2025-09-10 00:58:00,44910.0,44950.0,44900.0,44945.0,44945.0,41816
2025-09-10 01:00:00,44945.0,44980.0,44945.0,44955.0,44955.0,55118
2025-09-10 01:02:00,44955.0,44965.0,44925.0,44950.0,44950.0,44270
2025-09-10 01:04:00,44950.0,44955.0,44925.0,44940.0,44940.0,20893
2025-09-10 01:06:00,44940.0,44985.0,44940.0,44975.0,44975.0,42778
2025-09-10 01:08:00,44980.0,45050.0,44980.0,45035.0,45035.0,82998
2025-09-10 01:10:00,45040.0,45055.0,45030.0,45035.0,45035.0,441174
2025-09-10 01:12:00,45035.0,45035.0,44970.0,44990.0,44990.0,423900
2025-09-10 01:14:00,44985.0,45005.0,44970.0,45000.0,45000.0,65199
2025-09-10 01:16:00,45000.0,45075.0,45000.0,45045.0,45045.0,141984
2025-09-10 01:18:00,45050.0,45050.0,45015.0,45020.0,45020.0,21769
2025-09-10 01:20:00,45020.0,45025.0,45000.0,45015.0,45015.0,52079
2025-09-10 01:22:00,45010.0,45025.0,44990.0,44995.0,44995.0,38980
2025-09-10 01:24:00,44997.0,45005.0,44985.0,44990.0,44990.0,29846
2025-09-10 01:26:00,44995.0,45005.0,44975.0,44985.0,44985.0,170908
2025-09-10 01:28:00,44990.0,45015.0,44985.0,45010.0,45010.0,155115
2025-09-10 01:30:00,45015.0,45075.0,45000.0,45065.0,45065.0,335240
2025-09-10 01:32:00,45065.0,45080.0,45040.0,45080.0,45080.0,106150
2025-09-10 01:34:00,45075.0,45100.0,45065.0,45100.0,45100.0,93004
2025-09-10 01:36:00,45095.0,45125.0,45090.0,45090.0,45090.0,167064
2025-09-10 01:38:00,45090.0,45095.0,45070.0,45075.0,45075.0,73123
2025-09-10 01:40:00,45075.0,45095.0,45055.0,45065.0,45065.0,134354
2025-09-10 01:42:00,45060.0,45080.0,45050.0,45070.0,45070.0,98012
2025-09-10 01:44:00,45075.0,45075.0,45055.0,45060.0,45060.0,35529
2025-09-10 01:46:00,45060.0,45065.0,45040.0,45060.0,45060.0,23947
2025-09-10 01:48:00,45055.0,45080.0,45045.0,45080.0,45080.0,8423
2025-09-10 01:50:00,45080.0,45130.0,45070.0,45115.0,45115.0,55513
2025-09-10 01:52:00,45115.0,45120.0,45075.0,45085.0,45085.0,103966
2025-09-10 01:54:00,45085.0,45100.0,45035.0,45035.0,45035.0,138715
2025-09-10 01:56:00,45040.0,45100.0,45040.0,45100.0,45100.0,61415
2025-09-10 01:58:00,45100.0,45100.0,45045.0,45050.0,45050.0,84691
2025-09-10 02:00:00,45050.0,45055.0,45025.0,45035.0,45035.0,99033
2025-09-10 02:02:00,45035.0,45065.0,45030.0,45060.0,45060.0,58857
2025-09-10 02:04:00,45065.0,45085.0,45065.0,45075.0,45075.0,96667
2025-09-10 02:06:00,45075.0,45095.0,45070.0,45090.0,45090.0,83526
2025-09-10 02:08:00,45090.0,45100.0,45070.0,45080.0,45080.0,10252
2025-09-10 02:10:00,45085.0,45125.0,45070.0,45125.0,45125.0,54781
2025-09-10 02:12:00,45115.0,45135.0,45085.0,45120.0,45120.0,31513
2025-09-10 02:14:00,45115.0,45140.0,45100.0,45105.0,45105.0,12753
2025-09-10 02:16:00,45100.0,45135.0,45100.0,45110.0,45110.0,10867
2025-09-10 02:18:00,45105.0,45110.0,45065.0,45070.0,45070.0,16086
2025-09-10 02:20:00,45075.0,45080.0,45060.0,45070.0,45070.0,51244
2025-09-10 02:22:00,45060.0,45070.0,45035.0,45040.0,45040.0,15406
2025-09-10 02:24:00,45045.0,45045.0,45015.0,45025.0,45025.0,103354
2025-09-10 02:26:00,45027.0,45035.0,45010.0,45020.0,45020.0,13321
2025-09-10 02:28:00,45020.0,45045.0,45020.0,45020.0,45020.0,7331
2025-09-10 02:30:00,45030.0,45060.0,45030.0,45050.0,45050.0,20245
2025-09-10 02:32:00,45050.0,45080.0,45045.0,45075.0,45075.0,35913
2025-09-10 02:34:00,45070.0,45095.0,45070.0,45085.0,45085.0,14818
2025-09-10 02:36:00,45090.0,45100.0,45085.0,45090.0,45090.0,23459
2025-09-10 02:38:00,45095.0,45105.0,45085.0,45095.0,45095.0,115868
2025-09-10 02:40:00,45090.0,45100.0,45080.0,45090.0,45090.0,58888
2025-09-10 02:42:00,45090.0,45090.0,45065.0,45090.0,45090.0,53833
2025-09-10 02:44:00,45085.0,45095.0,45070.0,45075.0,45075.0,18188
2025-09-10 02:46:00,45075.0,45095.0,45070.0,45095.0,45095.0,18378
2025-09-10 02:48:00,45090.0,45100.0,45080.0,45080.0,45080.0,18966
2025-09-10 02:50:00,45085.0,45100.0,45080.0,45090.0,45090.0,31879
2025-09-10 02:52:00,45090.0,45095.0,45075.0,45090.0,45090.0,20539
2025-09-10 02:54:00,45095.0,45095.0,45075.0,45075.0,45075.0,4059
2025-09-10 02:56:00,45070.0,45085.0,45070.0,45075.0,45075.0,3197
2025-09-10 02:58:00,45075.0,45090.0,45070.0,45090.0,45090.0,4693
2025-09-10 03:00:00,45085.0,45100.0,45085.0,45095.0,45095.0,5691
2025-09-10 03:02:00,45095.0,45105.0,45090.0,45095.0,45095.0,17411
2025-09-10 03:04:00,45100.0,45110.0,45090.0,45105.0,45105.0,24278
2025-09-10 03:06:00,45105.0,45125.0,45100.0,45100.0,45100.0,73016
2025-09-10 03:08:00,45100.0,45105.0,45085.0,45085.0,45085.0,8995
2025-09-10 03:10:00,45085.0,45100.0,45085.0,45095.0,45095.0,15078
2025-09-10 03:12:00,45090.0,45100.0,45080.0,45095.0,45095.0,13660
2025-09-10 03:14:00,45095.0,45110.0,45095.0,45110.0,45110.0,12315
2025-09-10 03:16:00,45100.0,45135.0,45100.0,45120.0,45120.0,30640
2025-09-10 03:18:00,45120.0,45120.0,45075.0,45085.0,45085.0,18790
2025-09-10 03:20:00,45080.0,45120.0,45080.0,45115.0,45115.0,10953
2025-09-10 03:22:00,45115.0,45155.0,45105.0,45150.0,45150.0,54471
2025-09-10 03:24:00,45145.0,45145.0,45130.0,45135.0,45135.0,6356
2025-09-10 03:26:00,45130.0,45137.0,45120.0,45135.0,45135.0,5317
2025-09-10 03:28:00,45135.0,45165.0,45135.0,45145.0,45145.0,22484
2025-09-10 03:30:00,45145.0,45165.0,45145.0,45145.0,45145.0,14203
2025-09-10 03:32:00,45145.0,45150.0,45135.0,45140.0,45140.0,7679
2025-09-10 03:34:00,45140.0,45145.0,45125.0,45140.0,45140.0,38675
2025-09-10 03:36:00,45140.0,45145.0,45130.0,45130.0,45130.0,31178
2025-09-10 03:38:00,45140.0,45140.0,45115.0,45120.0,45120.0,22474
2025-09-10 03:40:00,45120.0,45130.0,45115.0,45120.0,45120.0,13465
2025-09-10 03:42:00,45115.0,45120.0,45110.0,45110.0,45110.0,4708
2025-09-10 03:44:00,45110.0,45130.0,45110.0,45125.0,45125.0,23673
2025-09-10 03:46:00,45120.0,45150.0,45120.0,45140.0,45140.0,31472
2025-09-10 03:48:00,45135.0,45140.0,45110.0,45115.0,45115.0,9432
2025-09-10 03:50:00,45115.0,45130.0,45115.0,45130.0,45130.0,13127
2025-09-10 03:52:00,45125.0,45130.0,45105.0,45110.0,45110.0,24035
2025-09-10 03:54:00,45110.0,45115.0,45095.0,45105.0,45105.0,13509
2025-09-10 03:56:00,45105.0,45130.0,45105.0,45115.0,45115.0,13240
2025-09-10 03:58:00,45120.0,45130.0,45115.0,45125.0,45125.0,6677
2025-09-10 04:00:00,45125.0,45135.0,45120.0,45120.0,45120.0,14188
2025-09-10 04:02:00,45120.0,45135.0,45115.0,45120.0,45120.0,11856
2025-09-10 04:04:00,45130.0,45135.0,45115.0,45125.0,45125.0,13501
2025-09-10 04:06:00,45120.0,45125.0,45105.0,45120.0,45120.0,8591
2025-09-10 04:08:00,45120.0,45120.0,45105.0,45110.0,45110.0,7612
2025-09-10 04:10:00,45115.0,45120.0,45105.0,45110.0,45110.0,7358
2025-09-10 04:12:00,45110.0,45125.0,45105.0,45120.0,45120.0,12792
2025-09-10 04:14:00,45125.0,45125.0,45110.0,45120.0,45120.0,22736
2025-09-10 04:16:00,45125.0,45145.0,45120.0,45140.0,45140.0,16779
2025-09-10 04:18:00,45140.0,45145.0,45130.0,45130.0,45130.0,9618
2025-09-10 04:20:00,45135.0,45145.0,45130.0,45140.0,45140.0,9512
2025-09-10 04:22:00,45140.0,45170.0,45135.0,45160.0,45160.0,70186
2025-09-10 04:24:00,45170.0,45170.0,45145.0,45165.0,45165.0,15834
2025-09-10 04:26:00,45165.0,45175.0,45160.0,45175.0,45175.0,16555
2025-09-10 04:28:00,45170.0,45185.0,45165.0,45175.0,45175.0,21126
2025-09-10 04:30:00,45180.0,45210.0,45170.0,45205.0,45205.0,75559
2025-09-10 04:32:00,45210.0,45215.0,45165.0,45175.0,45175.0,41544
2025-09-10 04:34:00,45170.0,45175.0,45160.0,45165.0,45165.0,14332
2025-09-10 04:36:00,45165.0,45175.0,45165.0,45175.0,45175.0,14794
2025-09-10 04:38:00,45175.0,45210.0,45170.0,45210.0,45210.0,80633
2025-09-10 04:40:00,45210.0,45210.0,45160.0,45160.0,45160.0,22839
2025-09-10 04:42:00,45160.0,45165.0,45145.0,45150.0,45150.0,30510
2025-09-10 04:44:00,45150.0,45160.0,45135.0,45140.0,45140.0,11027
2025-09-10 04:46:00,45135.0,45140.0,45125.0,45130.0,45130.0,54450
2025-09-10 04:48:00,45130.0,45150.0,45120.0,45150.0,45150.0,65593
2025-09-10 04:50:00,45145.0,45175.0,45145.0,45170.0,45170.0,90951
2025-09-10 04:52:00,45175.0,45175.0,45155.0,45160.0,45160.0,40234
2025-09-10 04:54:00,45155.0,45175.0,45155.0,45170.0,45170.0,34287
2025-09-10 04:56:00,45165.0,45170.0,45155.0,45165.0,45165.0,53640
2025-09-10 04:58:00,45165.0,45175.0,45160.0,45165.0,45165.0,56665
2025-09-10 05:00:00,45165.0,45185.0,45160.0,45170.0,45170.0,46045
2025-09-10 05:02:00,45170.0,45185.0,45165.0,45170.0,45170.0,31713
2025-09-10 05:04:00,45170.0,45205.0,45170.0,45205.0,45205.0,72882
2025-09-10 05:06:00,45200.0,45210.0,45190.0,45210.0,45210.0,17262
2025-09-10 05:08:00,45205.0,45210.0,45195.0,45205.0,45205.0,10752
2025-09-10 05:10:00,45205.0,45215.0,45200.0,45205.0,45205.0,8900
2025-09-10 05:12:00,45205.0,45205.0,45195.0,45202.0,45202.0,25406
2025-09-10 05:14:00,45202.0,45215.0,45200.0,45200.0,45200.0,26042
2025-09-10 05:16:00,45205.0,45215.0,45190.0,45215.0,45215.0,18946
2025-09-10 05:18:00,45215.0,45230.0,45205.0,45225.0,45225.0,41324
2025-09-10 05:20:00,45230.0,45240.0,45220.0,45225.0,45225.0,23554
2025-09-10 05:22:00,45225.0,45245.0,45222.0,45240.0,45240.0,35646
2025-09-10 05:24:00,45235.0,45240.0,45230.0,45230.0,45230.0,2841
2025-09-10 05:26:00,45230.0,45235.0,45220.0,45230.0,45230.0,27445
2025-09-10 05:28:00,45225.0,45240.0,45225.0,45230.0,45230.0,18651
2025-09-10 05:30:00,45225.0,45240.0,45200.0,45205.0,45205.0,34458
2025-09-10 05:32:00,45200.0,45215.0,45195.0,45210.0,45210.0,29642
2025-09-10 05:34:00,45210.0,45215.0,45195.0,45210.0,45210.0,19251
2025-09-10 05:36:00,45200.0,45220.0,45200.0,45215.0,45215.0,15545
2025-09-10 05:38:00,45215.0,45230.0,45215.0,45225.0,45225.0,25889
2025-09-10 05:40:00,45220.0,45225.0,45205.0,45205.0,45205.0,13744
2025-09-10 05:42:00,45210.0,45220.0,45200.0,45215.0,45215.0,15623
2025-09-10 05:44:00,45215.0,45225.0,45210.0,45220.0,45220.0,23178
2025-09-10 05:46:00,45220.0,45240.0,45220.0,45235.0,45235.0,21226
2025-09-10 05:48:00,45230.0,45245.0,45215.0,45215.0,45215.0,24846
2025-09-10 05:50:00,45220.0,45220.0,45200.0,45215.0,45215.0,16930
2025-09-10 05:52:00,45210.0,45215.0,45195.0,45210.0,45210.0,30101
2025-09-10 05:54:00,45210.0,45215.0,45200.0,45210.0,45210.0,11970
2025-09-10 05:56:00,45210.0,45220.0,45200.0,45200.0,45200.0,20973
2025-09-10 05:58:00,45205.0,45215.0,45200.0,45215.0,45215.0,13398
2025-09-11 00:00:00,45440.0,45570.0,45440.0,45530.0,45530.0,276746
2025-09-11 00:02:00,45530.0,45585.0,45515.0,45565.0,45565.0,131510
2025-09-11 00:04:00,45570.0,45615.0,45570.0,45580.0,45580.0,255504
2025-09-11 00:06:00,45580.0,45590.0,45525.0,45560.0,45560.0,97889
2025-09-11 00:08:00,45555.0,45595.0,45540.0,45585.0,45585.0,57095
2025-09-11 00:10:00,45585.0,45600.0,45565.0,45575.0,45575.0,46636
2025-09-11 00:12:00,45575.0,45580.0,45490.0,45490.0,45490.0,68896
2025-09-11 00:14:00,45490.0,45495.0,45430.0,45435.0,45435.0,55932
2025-09-11 00:16:00,45435.0,45435.0,45325.0,45345.0,45345.0,81686
2025-09-11 00:18:00,45345.0,45405.0,45340.0,45375.0,45375.0,75406
2025-09-11 00:20:00,45365.0,45395.0,45355.0,45380.0,45380.0,29332
2025-09-11 00:22:00,45380.0,45430.0,45370.0,45410.0,45410.0,43034
2025-09-11 00:24:00,45405.0,45480.0,45400.0,45470.0,45470.0,48676
2025-09-11 00:26:00,45475.0,45515.0,45470.0,45510.0,45510.0,44456
2025-09-11 00:28:00,45500.0,45510.0,45430.0,45435.0,45435.0,29530
2025-09-11 00:30:00,45435.0,45435.0,45375.0,45400.0,45400.0,50676
2025-09-11 00:32:00,45400.0,45400.0,45360.0,45370.0,45370.0,53338
2025-09-11 00:34:00,45375.0,45400.0,45345.0,45350.0,45350.0,60681
2025-09-11 00:36:00,45360.0,45385.0,45295.0,45300.0,45300.0,114466
2025-09-11 00:38:00,45300.0,45310.0,45260.0,45285.0,45285.0,73055
2025-09-11 00:40:00,45285.0,45290.0,45245.0,45270.0,45270.0,69289
2025-09-11 00:42:00,45270.0,45300.0,45260.0,45275.0,45275.0,70375
2025-09-11 00:44:00,45280.0,45290.0,45260.0,45270.0,45270.0,59639
2025-09-11 00:46:00,45270.0,45275.0,45195.0,45205.0,45205.0,62114
2025-09-11 00:48:00,45215.0,45290.0,45210.0,45280.0,45280.0,70089
2025-09-11 00:50:00,45290.0,45310.0,45260.0,45290.0,45290.0,44747
2025-09-11 00:52:00,45290.0,45300.0,45270.0,45285.0,45285.0,15399
2025-09-11 00:54:00,45295.0,45315.0,45275.0,45275.0,45275.0,36969
2025-09-11 00:56:00,45270.0,45300.0,45270.0,45285.0,45285.0,21610
2025-09-11 00:58:00,45290.0,45335.0,45290.0,45310.0,45310.0,32170
2025-09-11 01:00:00,45315.0,45315.0,45245.0,45285.0,45285.0,35477
2025-09-11 01:02:00,45290.0,45295.0,45270.0,45290.0,45290.0,20653
2025-09-11 01:04:00,45290.0,45295.0,45265.0,45285.0,45285.0,34617
2025-09-11 01:06:00,45285.0,45285.0,45255.0,45275.0,45275.0,21736
2025-09-11 01:08:00,45275.0,45280.0,45250.0,45255.0,45255.0,10812
2025-09-11 01:10:00,45255.0,45280.0,45230.0,45270.0,45270.0,14308
2025-09-11 01:12:00,45270.0,45285.0,45225.0,45285.0,45285.0,38882
2025-09-11 01:14:00,45290.0,45315.0,45280.0,45290.0,45290.0,20005
2025-09-11 01:16:00,45290.0,45310.0,45270.0,45270.0,45270.0,52887
2025-09-11 01:18:00,45270.0,45275.0,45250.0,45265.0,45265.0,24943
2025-09-11 01:20:00,45265.0,45300.0,45260.0,45295.0,45295.0,43980
2025-09-11 01:22:00,45295.0,45365.0,45290.0,45365.0,45365.0,53785
2025-09-11 01:24:00,45360.0,45395.0,45355.0,45385.0,45385.0,43155
2025-09-11 01:26:00,45380.0,45455.0,45380.0,45455.0,45455.0,52363
2025-09-11 01:28:00,45455.0,45460.0,45430.0,45450.0,45450.0,33487
2025-09-11 01:30:00,45450.0,45470.0,45425.0,45445.0,45445.0,49083
2025-09-11 01:32:00,45440.0,45460.0,45240.0,45425.0,45425.0,81651
2025-09-11 01:34:00,45425.0,45445.0,45305.0,45310.0,45310.0,49007
2025-09-11 01:36:00,45310.0,45360.0,45310.0,45335.0,45335.0,83398
2025-09-11 01:38:00,45335.0,45335.0,45260.0,45280.0,45280.0,64337
2025-09-11 01:40:00,45280.0,45295.0,45250.0,45265.0,45265.0,40418
2025-09-11 01:42:00,45260.0,45270.0,45215.0,45222.0,45222.0,25141
2025-09-11 01:44:00,45222.0,45230.0,45190.0,45210.0,45210.0,54225
2025-09-11 01:46:00,45210.0,45210.0,45155.0,45165.0,45165.0,44237
2025-09-11 01:48:00,45175.0,45185.0,45145.0,45170.0,45170.0,77604
2025-09-11 01:50:00,45165.0,45175.0,45120.0,45130.0,45130.0,32408
2025-09-11 01:52:00,45125.0,45140.0,45095.0,45125.0,45125.0,71588
2025-09-11 01:54:00,45125.0,45150.0,45110.0,45125.0,45125.0,55912
2025-09-11 01:56:00,45110.0,45170.0,45110.0,45170.0,45170.0,34214
2025-09-11 01:58:00,45170.0,45200.0,45155.0,45175.0,45175.0,22716
2025-09-11 02:00:00,45180.0,45190.0,45160.0,45170.0,45170.0,24873
2025-09-11 02:02:00,45170.0,45170.0,45150.0,45165.0,45165.0,17421
2025-09-11 02:04:00,45162.0,45170.0,45130.0,45140.0,45140.0,26918
2025-09-11 02:06:00,45140.0,45165.0,45125.0,45155.0,45155.0,23795
2025-09-11 02:08:00,45150.0,45150.0,45110.0,45122.0,45122.0,29269
2025-09-11 02:10:00,45120.0,45160.0,45120.0,45150.0,45150.0,20892
2025-09-11 02:12:00,45150.0,45150.0,45130.0,45145.0,45145.0,11052
2025-09-11 02:14:00,45142.0,45170.0,45135.0,45150.0,45150.0,24949
2025-09-11 02:16:00,45155.0,45175.0,45145.0,45160.0,45160.0,17640
2025-09-11 02:18:00,45165.0,45185.0,45155.0,45170.0,45170.0,13803
2025-09-11 02:20:00,45175.0,45205.0,45165.0,45185.0,45185.0,25725
2025-09-11 02:22:00,45180.0,45215.0,45175.0,45195.0,45195.0,32017
2025-09-11 02:24:00,45200.0,45205.0,45180.0,45200.0,45200.0,39634
2025-09-11 02:26:00,45195.0,45215.0,45185.0,45215.0,45215.0,17726
2025-09-11 02:28:00,45210.0,45220.0,45185.0,45220.0,45220.0,12034
2025-09-11 02:30:00,45220.0,45255.0,45210.0,45245.0,45245.0,39309
2025-09-11 02:32:00,45240.0,45270.0,45240.0,45260.0,45260.0,18072
2025-09-11 02:34:00,45250.0,45260.0,45240.0,45245.0,45245.0,7674
2025-09-11 02:36:00,45245.0,45260.0,45240.0,45257.0,45257.0,16281
2025-09-11 02:38:00,45255.0,45260.0,45240.0,45250.0,45250.0,13842
2025-09-11 02:40:00,45250.0,45260.0,45245.0,45250.0,45250.0,14723
2025-09-11 02:42:00,45245.0,45275.0,45245.0,45275.0,45275.0,17216
2025-09-11 02:44:00,45270.0,45285.0,45250.0,45265.0,45265.0,24424
2025-09-11 02:46:00,45265.0,45265.0,45225.0,45240.0,45240.0,25266
2025-09-11 02:48:00,45240.0,45245.0,45225.0,45240.0,45240.0,6243
2025-09-11 02:50:00,45235.0,45250.0,45235.0,45240.0,45240.0,9214
2025-09-11 02:52:00,45245.0,45260.0,45240.0,45255.0,45255.0,9145
2025-09-11 02:54:00,45255.0,45325.0,45250.0,45325.0,45325.0,66298
2025-09-11 02:56:00,45325.0,45375.0,45320.0,45360.0,45360.0,40268
2025-09-11 02:58:00,45365.0,45385.0,45345.0,45365.0,45365.0,27338
2025-09-11 03:00:00,45365.0,45380.0,45340.0,45350.0,45350.0,37638
2025-09-11 03:02:00,45345.0,45345.0,45300.0,45320.0,45320.0,20245
2025-09-11 03:04:00,45325.0,45325.0,45310.0,45320.0,45320.0,22594
2025-09-11 03:06:00,45320.0,45335.0,45300.0,45320.0,45320.0,41389
2025-09-11 03:08:00,45317.0,45320.0,45300.0,45315.0,45315.0,60847
2025-09-11 03:10:00,45315.0,45320.0,45305.0,45310.0,45310.0,45573
2025-09-11 03:12:00,45310.0,45315.0,45290.0,45310.0,45310.0,27704
2025-09-11 03:14:00,45315.0,45335.0,45315.0,45325.0,45325.0,18342
2025-09-11 03:16:00,45320.0,45330.0,45295.0,45310.0,45310.0,12274
2025-09-11 03:18:00,45310.0,45315.0,45295.0,45295.0,45295.0,9508
2025-09-11 03:20:00,45300.0,45305.0,45275.0,45280.0,45280.0,20606
2025-09-11 03:22:00,45285.0,45295.0,45275.0,45285.0,45285.0,8941
2025-09-11 03:24:00,45295.0,45310.0,45290.0,45310.0,45310.0,12499
2025-09-11 03:26:00,45310.0,45360.0,45305.0,45355.0,45355.0,197844
2025-09-11 03:28:00,45355.0,45370.0,45350.0,45355.0,45355.0,53439
2025-09-11 03:30:00,45355.0,45355.0,45325.0,45340.0,45340.0,55260
2025-09-11 03:32:00,45340.0,45350.0,45330.0,45340.0,45340.0,86444
2025-09-11 03:34:00,45345.0,45370.0,45340.0,45370.0,45370.0,164414
2025-09-11 03:36:00,45370.0,45400.0,45360.0,45400.0,45400.0,94891
2025-09-11 03:38:00,45395.0,45425.0,45390.0,45415.0,45415.0,50875
2025-09-11 03:40:00,45415.0,45440.0,45410.0,45435.0,45435.0,132383
2025-09-11 03:42:00,45435.0,45435.0,45400.0,45415.0,45415.0,111976
2025-09-11 03:44:00,45415.0,45425.0,45405.0,45415.0,45415.0,8393
2025-09-11 03:46:00,45420.0,45465.0,45415.0,45460.0,45460.0,36894
2025-09-11 03:48:00,45455.0,45475.0,45440.0,45470.0,45470.0,27989
2025-09-11 03:50:00,45470.0,45470.0,45440.0,45445.0,45445.0,46060
2025-09-11 03:52:00,45450.0,45460.0,45440.0,45460.0,45460.0,14952
2025-09-11 03:54:00,45460.0,45475.0,45445.0,45475.0,45475.0,29340
2025-09-11 03:56:00,45475.0,45480.0,45445.0,45450.0,45450.0,27236
2025-09-11 03:58:00,45445.0,45475.0,45440.0,45475.0,45475.0,50508
2025-09-11 04:00:00,45475.0,45490.0,45455.0,45460.0,45460.0,27172
2025-09-11 04:02:00,45460.0,45470.0,45450.0,45455.0,45455.0,8433
2025-09-11 04:04:00,45460.0,45465.0,45405.0,45420.0,45420.0,63539
2025-09-11 04:06:00,45420.0,45425.0,45400.0,45405.0,45405.0,55546
2025-09-11 04:08:00,45400.0,45405.0,45385.0,45400.0,45400.0,52330
2025-09-11 04:10:00,45400.0,45400.0,45375.0,45385.0,45385.0,59961
2025-09-11 04:12:00,45380.0,45430.0,45380.0,45420.0,45420.0,140743
2025-09-11 04:14:00,45420.0,45420.0,45395.0,45400.0,45400.0,9949
2025-09-11 04:16:00,45400.0,45405.0,45365.0,45375.0,45375.0,64536
2025-09-11 04:18:00,45370.0,45380.0,45365.0,45370.0,45370.0,19351
2025-09-11 04:20:00,45380.0,45405.0,45370.0,45385.0,45385.0,10208
2025-09-11 04:22:00,45385.0,45390.0,45360.0,45370.0,45370.0,21101
2025-09-11 04:24:00,45370.0,45375.0,45320.0,45325.0,45325.0,41339
2025-09-11 04:26:00,45325.0,45345.0,45310.0,45325.0,45325.0,18753
2025-09-11 04:28:00,45325.0,45365.0,45325.0,45355.0,45355.0,40375
2025-09-11 04:30:00,45355.0,45385.0,45355.0,45385.0,45385.0,37482
2025-09-11 04:32:00,45385.0,45385.0,45360.0,45365.0,45365.0,7010
2025-09-11 04:34:00,45360.0,45380.0,45355.0,45360.0,45360.0,19392
2025-09-11 04:36:00,45360.0,45390.0,45360.0,45375.0,45375.0,23536
2025-09-11 04:38:00,45370.0,45390.0,45370.0,45380.0,45380.0,20170
2025-09-11 04:40:00,45375.0,45390.0,45370.0,45370.0,45370.0,17163
2025-09-11 04:42:00,45375.0,45385.0,45370.0,45375.0,45375.0,47120
2025-09-11 04:44:00,45370.0,45375.0,45355.0,45355.0,45355.0,11441
2025-09-11 04:46:00,45355.0,45380.0,45350.0,45375.0,45375.0,7123
2025-09-11 04:48:00,45375.0,45385.0,45360.0,45380.0,45380.0,60529
2025-09-11 04:50:00,45375.0,45420.0,45365.0,45410.0,45410.0,42185
2025-09-11 04:52:00,45410.0,45410.0,45375.0,45385.0,45385.0,7980
2025-09-11 04:54:00,45385.0,45400.0,45370.0,45380.0,45380.0,9416
2025-09-11 04:56:00,45385.0,45400.0,45375.0,45390.0,45390.0,29877
2025-09-11 04:58:00,45390.0,45400.0,45380.0,45390.0,45390.0,25502
2025-09-11 05:00:00,45390.0,45425.0,45390.0,45405.0,45405.0,28873
2025-09-11 05:02:00,45400.0,45415.0,45395.0,45405.0,45405.0,6571
2025-09-11 05:04:00,45400.0,45402.0,45375.0,45395.0,45395.0,14646
2025-09-11 05:06:00,45400.0,45410.0,45390.0,45405.0,45405.0,6913
2025-09-11 05:08:00,45405.0,45415.0,45390.0,45405.0,45405.0,9653
2025-09-11 05:10:00,45400.0,45405.0,45395.0,45400.0,45400.0,5492
2025-09-11 05:12:00,45400.0,45405.0,45370.0,45385.0,45385.0,28462
2025-09-11 05:14:00,45385.0,45385.0,45370.0,45385.0,45385.0,11470
2025-09-11 05:16:00,45385.0,45425.0,45375.0,45420.0,45420.0,35902
2025-09-11 05:18:00,45415.0,45415.0,45400.0,45410.0,45410.0,4105
2025-09-11 05:20:00,45405.0,45420.0,45405.0,45405.0,45405.0,9655
2025-09-11 05:22:00,45410.0,45415.0,45400.0,45410.0,45410.0,6051
2025-09-11 05:24:00,45410.0,45425.0,45405.0,45420.0,45420.0,6194
2025-09-11 05:26:00,45420.0,45430.0,45415.0,45420.0,45420.0,4971
2025-09-11 05:28:00,45420.0,45420.0,45400.0,45400.0,45400.0,5478
2025-09-11 05:30:00,45400.0,45405.0,45385.0,45400.0,45400.0,19843
2025-09-11 05:32:00,45390.0,45410.0,45380.0,45405.0,45405.0,8413
2025-09-11 05:34:00,45405.0,45420.0,45400.0,45410.0,45410.0,4108
2025-09-11 05:36:00,45410.0,45415.0,45400.0,45405.0,45405.0,11915
2025-09-11 05:38:00,45400.0,45415.0,45400.0,45410.0,45410.0,2953
2025-09-11 05:40:00,45410.0,45425.0,45410.0,45410.0,45410.0,31729
2025-09-11 05:42:00,45415.0,45420.0,45410.0,45420.0,45420.0,14245
2025-09-11 05:44:00,45415.0,45425.0,45410.0,45415.0,45415.0,16267
2025-09-11 05:46:00,45415.0,45435.0,45410.0,45435.0,45435.0,17445
2025-09-11 05:48:00,45430.0,45440.0,45415.0,45420.0,45420.0,4057
2025-09-11 05:50:00,45415.0,45440.0,45405.0,45415.0,45415.0,28949
2025-09-11 05:52:00,45415.0,45425.0,45410.0,45415.0,45415.0,22057
2025-09-11 05:54:00,45420.0,45420.0,45400.0,45400.0,45400.0,16999
2025-09-11 05:56:00,45400.0,45415.0,45395.0,45400.0,45400.0,17879
2025-09-11 05:58:00,45405.0,45410.0,45390.0,45395.0,45395.0,106126
2025-09-12 00:00:00,45985.0,46140.0,45985.0,46080.0,46080.0,649267
2025-09-12 00:02:00,46070.0,46085.0,45915.0,46005.0,46005.0,104174
2025-09-12 00:04:00,46005.0,46065.0,46000.0,46050.0,46050.0,95367
2025-09-12 00:06:00,46055.0,46065.0,45970.0,45985.0,45985.0,85988
2025-09-12 00:08:00,45995.0,46055.0,45965.0,45965.0,45965.0,75681
2025-09-12 00:10:00,45970.0,46010.0,45940.0,46005.0,46005.0,107267
2025-09-12 00:12:00,46005.0,46090.0,46000.0,46055.0,46055.0,136123
2025-09-12 00:14:00,46055.0,46070.0,46015.0,46040.0,46040.0,28821
2025-09-12 00:16:00,46035.0,46085.0,46035.0,46050.0,46050.0,63903
2025-09-12 00:18:00,46050.0,46055.0,46005.0,46010.0,46010.0,49228
2025-09-12 00:20:00,46010.0,46050.0,46010.0,46030.0,46030.0,20554
2025-09-12 00:22:00,46015.0,46045.0,45960.0,45980.0,45980.0,56553
2025-09-12 00:24:00,45975.0,46005.0,45940.0,46005.0,46005.0,57162
2025-09-12 00:26:00,46005.0,46025.0,45965.0,45970.0,45970.0,14956
2025-09-12 00:28:00,45970.0,45975.0,45890.0,45910.0,45910.0,60942
2025-09-12 00:30:00,45910.0,45955.0,45870.0,45945.0,45945.0,45746
2025-09-12 00:32:00,45945.0,46005.0,45925.0,45995.0,45995.0,39994
2025-09-12 00:34:00,45990.0,46025.0,45990.0,46010.0,46010.0,38704
2025-09-12 00:36:00,46010.0,46050.0,45985.0,46025.0,46025.0,29765
2025-09-12 00:38:00,46025.0,46055.0,46015.0,46040.0,46040.0,35061
2025-09-12 00:40:00,46035.0,46080.0,46035.0,46075.0,46075.0,40256
2025-09-12 00:42:00,46075.0,46085.0,46055.0,46055.0,46055.0,34643
2025-09-12 00:44:00,46060.0,46085.0,46055.0,46065.0,46065.0,14602
2025-09-12 00:46:00,46060.0,46105.0,46060.0,46090.0,46090.0,61891
2025-09-12 00:48:00,46090.0,46115.0,46080.0,46085.0,46085.0,36961
2025-09-12 00:50:00,46085.0,46120.0,46070.0,46100.0,46100.0,48601
2025-09-12 00:52:00,46095.0,46100.0,46067.0,46095.0,46095.0,23845
2025-09-12 00:54:00,46095.0,46105.0,46070.0,46075.0,46075.0,29253
2025-09-12 00:56:00,46075.0,46140.0,46075.0,46125.0,46125.0,68766
2025-09-12 00:58:00,46125.0,46180.0,46115.0,46180.0,46180.0,104997
2025-09-12 01:00:00,46180.0,46225.0,46175.0,46200.0,46200.0,50867
2025-09-12 01:02:00,46200.0,46200.0,46150.0,46190.0,46190.0,21488
2025-09-12 01:04:00,46190.0,46220.0,46185.0,46215.0,46215.0,19491
2025-09-12 01:06:00,46215.0,46225.0,46200.0,46215.0,46215.0,20014
2025-09-12 01:08:00,46215.0,46285.0,46210.0,46250.0,46250.0,99715
2025-09-12 01:10:00,46250.0,46255.0,46190.0,46190.0,46190.0,40650
2025-09-12 01:12:00,46195.0,46200.0,46140.0,46155.0,46155.0,43547
2025-09-12 01:14:00,46155.0,46185.0,46145.0,46180.0,46180.0,27815
2025-09-12 01:16:00,46180.0,46185.0,46165.0,46185.0,46185.0,43291
2025-09-12 01:18:00,46185.0,46195.0,46170.0,46185.0,46185.0,14595
2025-09-12 01:20:00,46180.0,46240.0,46180.0,46200.0,46200.0,34030
2025-09-12 01:22:00,46200.0,46210.0,46180.0,46210.0,46210.0,21156
2025-09-12 01:24:00,46210.0,46220.0,46190.0,46210.0,46210.0,40466
2025-09-12 01:26:00,46210.0,46215.0,46180.0,46205.0,46205.0,18496
2025-09-12 01:28:00,46210.0,46235.0,46200.0,46230.0,46230.0,21488
2025-09-12 01:30:00,46225.0,46280.0,46220.0,46255.0,46255.0,25242
2025-09-12 01:32:00,46255.0,46260.0,46210.0,46240.0,46240.0,27504
2025-09-12 01:34:00,46240.0,46285.0,46235.0,46280.0,46280.0,26457
2025-09-12 01:36:00,46280.0,46290.0,46250.0,46270.0,46270.0,18003
2025-09-12 01:38:00,46270.0,46305.0,46245.0,46295.0,46295.0,78136
2025-09-12 01:40:00,46290.0,46300.0,46260.0,46275.0,46275.0,27551
2025-09-12 01:42:00,46270.0,46285.0,46260.0,46275.0,46275.0,13067
2025-09-12 01:44:00,46275.0,46300.0,46270.0,46295.0,46295.0,15549
2025-09-12 01:46:00,46295.0,46300.0,46260.0,46265.0,46265.0,27791
2025-09-12 01:48:00,46265.0,46280.0,46255.0,46270.0,46270.0,21853
2025-09-12 01:50:00,46270.0,46310.0,46265.0,46295.0,46295.0,36523
2025-09-12 01:52:00,46300.0,46340.0,46300.0,46330.0,46330.0,89124
2025-09-12 01:54:00,46330.0,46350.0,46325.0,46345.0,46345.0,24397
2025-09-12 01:56:00,46345.0,46365.0,46335.0,46350.0,46350.0,52047
2025-09-12 01:58:00,46350.0,46375.0,46340.0,46355.0,46355.0,31023
2025-09-12 02:00:00,46350.0,46385.0,46335.0,46365.0,46365.0,31180
2025-09-12 02:02:00,46365.0,46365.0,46325.0,46335.0,46335.0,44012
2025-09-12 02:04:00,46335.0,46340.0,46310.0,46320.0,46320.0,73516
2025-09-12 02:06:00,46325.0,46340.0,46310.0,46315.0,46315.0,21120
2025-09-12 02:08:00,46315.0,46355.0,46310.0,46355.0,46355.0,31234
2025-09-12 02:10:00,46355.0,46360.0,46330.0,46345.0,46345.0,16414
2025-09-12 02:12:00,46340.0,46355.0,46305.0,46305.0,46305.0,31386
2025-09-12 02:14:00,46310.0,46320.0,46300.0,46320.0,46320.0,14944
2025-09-12 02:16:00,46325.0,46335.0,46300.0,46310.0,46310.0,13802
2025-09-12 02:18:00,46300.0,46305.0,46270.0,46270.0,46270.0,40232
2025-09-12 02:20:00,46270.0,46315.0,46270.0,46315.0,46315.0,25773
2025-09-12 02:22:00,46315.0,46355.0,46310.0,46340.0,46340.0,48679
2025-09-12 02:24:00,46350.0,46370.0,46340.0,46360.0,46360.0,24019
2025-09-12 02:26:00,46360.0,46400.0,46350.0,46380.0,46380.0,118463
2025-09-12 02:28:00,46375.0,46400.0,46365.0,46375.0,46375.0,19860
2025-09-12 02:30:00,46375.0,46375.0,46325.0,46330.0,46330.0,49432
2025-09-12 02:32:00,46330.0,46335.0,46300.0,46310.0,46310.0,25678
2025-09-12 02:34:00,46315.0,46320.0,46300.0,46315.0,46315.0,12600
2025-09-12 02:36:00,46315.0,46330.0,46310.0,46315.0,46315.0,12717
2025-09-12 02:38:00,46320.0,46325.0,46300.0,46310.0,46310.0,9902
2025-09-12 02:40:00,46305.0,46335.0,46300.0,46335.0,46335.0,36735
2025-09-12 02:42:00,46330.0,46340.0,46325.0,46335.0,46335.0,4705
2025-09-12 02:44:00,46335.0,46340.0,46310.0,46320.0,46320.0,6930
2025-09-12 02:46:00,46325.0,46325.0,46310.0,46315.0,46315.0,6703
2025-09-12 02:48:00,46320.0,46320.0,46285.0,46285.0,46285.0,74753
2025-09-12 02:50:00,46285.0,46290.0,46275.0,46275.0,46275.0,14789
2025-09-12 02:52:00,46280.0,46305.0,46270.0,46275.0,46275.0,20884
2025-09-12 02:54:00,46275.0,46280.0,46255.0,46260.0,46260.0,24374
2025-09-12 02:56:00,46265.0,46275.0,46250.0,46270.0,46270.0,26015
2025-09-12 02:58:00,46275.0,46305.0,46275.0,46300.0,46300.0,16972
2025-09-12 03:00:00,46300.0,46315.0,46290.0,46310.0,46310.0,21988
2025-09-12 03:02:00,46310.0,46320.0,46300.0,46320.0,46320.0,13319
2025-09-12 03:04:00,46315.0,46340.0,46315.0,46315.0,46315.0,62228
2025-09-12 03:06:00,46320.0,46335.0,46320.0,46335.0,46335.0,10079
2025-09-12 03:08:00,46335.0,46340.0,46325.0,46335.0,46335.0,8594
2025-09-12 03:10:00,46325.0,46345.0,46325.0,46345.0,46345.0,7471
2025-09-12 03:12:00,46345.0,46360.0,46335.0,46355.0,46355.0,68830
2025-09-12 03:14:00,46355.0,46355.0,46330.0,46335.0,46335.0,9794
2025-09-12 03:16:00,46335.0,46335.0,46325.0,46330.0,46330.0,7325
2025-09-12 03:18:00,46330.0,46330.0,46325.0,46325.0,46325.0,4145
2025-09-12 03:20:00,46330.0,46345.0,46315.0,46325.0,46325.0,30351
2025-09-12 03:22:00,46330.0,46335.0,46310.0,46325.0,46325.0,8163
2025-09-12 03:24:00,46325.0,46330.0,46315.0,46315.0,46315.0,4226
2025-09-12 03:26:00,46310.0,46315.0,46290.0,46310.0,46310.0,13884
2025-09-12 03:28:00,46300.0,46310.0,46295.0,46300.0,46300.0,8130
2025-09-12 03:30:00,46300.0,46330.0,46295.0,46330.0,46330.0,7198
2025-09-12 03:32:00,46330.0,46340.0,46320.0,46320.0,46320.0,42743
2025-09-12 03:34:00,46325.0,46330.0,46315.0,46325.0,46325.0,7499
2025-09-12 03:36:00,46320.0,46327.0,46305.0,46305.0,46305.0,6934
2025-09-12 03:38:00,46310.0,46320.0,46300.0,46302.0,46302.0,23096
2025-09-12 03:40:00,46305.0,46305.0,46275.0,46285.0,46285.0,27683
2025-09-12 03:42:00,46285.0,46290.0,46275.0,46285.0,46285.0,10225
2025-09-12 03:44:00,46280.0,46295.0,46275.0,46295.0,46295.0,20962
2025-09-12 03:46:00,46295.0,46310.0,46290.0,46310.0,46310.0,5024
2025-09-12 03:48:00,46305.0,46325.0,46300.0,46315.0,46315.0,80442
2025-09-12 03:50:00,46320.0,46320.0,46300.0,46305.0,46305.0,64660
2025-09-12 03:52:00,46310.0,46310.0,46270.0,46270.0,46270.0,10905
2025-09-12 03:54:00,46272.0,46295.0,46270.0,46280.0,46280.0,16937
2025-09-12 03:56:00,46275.0,46295.0,46270.0,46295.0,46295.0,9180
2025-09-12 03:58:00,46300.0,46310.0,46295.0,46310.0,46310.0,23182
2025-09-12 04:00:00,46310.0,46315.0,46300.0,46315.0,46315.0,30131
2025-09-12 04:02:00,46315.0,46325.0,46305.0,46315.0,46315.0,51101
2025-09-12 04:04:00,46320.0,46380.0,46315.0,46370.0,46370.0,77393
2025-09-12 04:06:00,46365.0,46370.0,46330.0,46335.0,46335.0,12796
2025-09-12 04:08:00,46330.0,46350.0,46325.0,46350.0,46350.0,6375
2025-09-12 04:10:00,46350.0,46360.0,46340.0,46355.0,46355.0,17042
2025-09-12 04:12:00,46350.0,46360.0,46340.0,46350.0,46350.0,12634
2025-09-12 04:14:00,46350.0,46350.0,46330.0,46345.0,46345.0,7775
2025-09-12 04:16:00,46350.0,46375.0,46340.0,46375.0,46375.0,34629
2025-09-12 04:18:00,46365.0,46395.0,46365.0,46370.0,46370.0,24318
2025-09-12 04:20:00,46375.0,46380.0,46360.0,46360.0,46360.0,28797
2025-09-12 04:22:00,46360.0,46400.0,46355.0,46390.0,46390.0,41623
2025-09-12 04:24:00,46390.0,46400.0,46370.0,46380.0,46380.0,43419
2025-09-12 04:26:00,46380.0,46405.0,46370.0,46405.0,46405.0,44212
2025-09-12 04:28:00,46405.0,46410.0,46390.0,46405.0,46405.0,21583
2025-09-12 04:30:00,46400.0,46405.0,46375.0,46380.0,46380.0,22672
2025-09-12 04:32:00,46380.0,46410.0,46375.0,46405.0,46405.0,40148
2025-09-12 04:34:00,46405.0,46405.0,46380.0,46385.0,46385.0,14108
2025-09-12 04:36:00,46380.0,46405.0,46380.0,46400.0,46400.0,28689
2025-09-12 04:38:00,46400.0,46400.0,46385.0,46395.0,46395.0,21576
2025-09-12 04:40:00,46395.0,46405.0,46380.0,46380.0,46380.0,19584
2025-09-12 04:42:00,46380.0,46395.0,46365.0,46370.0,46370.0,82198
2025-09-12 04:44:00,46375.0,46380.0,46355.0,46355.0,46355.0,18603
2025-09-12 04:46:00,46365.0,46375.0,46350.0,46365.0,46365.0,29421
2025-09-12 04:48:00,46365.0,46365.0,46345.0,46355.0,46355.0,24448
2025-09-12 04:50:00,46355.0,46365.0,46345.0,46345.0,46345.0,29646
2025-09-12 04:52:00,46355.0,46360.0,46340.0,46350.0,46350.0,22760
2025-09-12 04:54:00,46345.0,46350.0,46325.0,46335.0,46335.0,22437
2025-09-12 04:56:00,46335.0,46345.0,46320.0,46320.0,46320.0,37083
2025-09-12 04:58:00,46325.0,46345.0,46310.0,46345.0,46345.0,28058
2025-09-12 05:00:00,46345.0,46370.0,46335.0,46370.0,46370.0,61373
2025-09-12 05:02:00,46370.0,46375.0,46365.0,46370.0,46370.0,30114
2025-09-12 05:04:00,46365.0,46390.0,46360.0,46390.0,46390.0,90410
2025-09-12 05:06:00,46390.0,46395.0,46375.0,46390.0,46390.0,53801
2025-09-12 05:08:00,46390.0,46415.0,46385.0,46410.0,46410.0,73658
2025-09-12 05:10:00,46415.0,46420.0,46375.0,46390.0,46390.0,34564
2025-09-12 05:12:00,46390.0,46390.0,46375.0,46385.0,46385.0,44474
2025-09-12 05:14:00,46380.0,46390.0,46370.0,46385.0,46385.0,16590
2025-09-12 05:16:00,46385.0,46415.0,46380.0,46395.0,46395.0,76162
2025-09-12 05:18:00,46395.0,46405.0,46385.0,46400.0,46400.0,24479
2025-09-12 05:20:00,46395.0,46400.0,46380.0,46380.0,46380.0,24772
2025-09-12 05:22:00,46375.0,46390.0,46370.0,46380.0,46380.0,16071
2025-09-12 05:24:00,46380.0,46385.0,46365.0,46370.0,46370.0,27598
2025-09-12 05:26:00,46365.0,46370.0,46350.0,46355.0,46355.0,18090
2025-09-12 05:28:00,46360.0,46365.0,46345.0,46355.0,46355.0,19880
2025-09-12 05:30:00,46350.0,46355.0,46330.0,46330.0,46330.0,20778
2025-09-12 05:32:00,46335.0,46370.0,46335.0,46355.0,46355.0,24774
2025-09-12 05:34:00,46360.0,46365.0,46340.0,46350.0,46350.0,9074
2025-09-12 05:36:00,46350.0,46360.0,46320.0,46360.0,46360.0,45979
2025-09-12 05:38:00,46360.0,46370.0,46345.0,46360.0,46360.0,33504
2025-09-12 05:40:00,46355.0,46365.0,46345.0,46360.0,46360.0,15894
2025-09-12 05:42:00,46360.0,46365.0,46350.0,46365.0,46365.0,21015
2025-09-12 05:44:00,46362.0,46365.0,46350.0,46355.0,46355.0,21990
2025-09-12 05:46:00,46350.0,46365.0,46345.0,46355.0,46355.0,125056
2025-09-12 05:48:00,46355.0,46360.0,46340.0,46345.0,46345.0,107632
2025-09-12 05:50:00,46340.0,46350.0,46310.0,46325.0,46325.0,195965
2025-09-12 05:52:00,46325.0,46335.0,46310.0,46330.0,46330.0,96534
2025-09-12 05:54:00,46330.0,46345.0,46320.0,46335.0,46335.0,41901
2025-09-12 05:56:00,46340.0,46360.0,46340.0,46350.0,46350.0,64010
2025-09-12 05:58:00,46350.0,46360.0,46345.0,46360.0,46360.0,49064
2025-09-15 00:00:00,46725.0,46830.0,46705.0,46830.0,46830.0,200045
2025-09-15 00:02:00,46835.0,46845.0,46685.0,46725.0,46725.0,125230
2025-09-15 00:04:00,46720.0,46745.0,46630.0,46725.0,46725.0,198000
2025-09-15 00:06:00,46730.0,46785.0,46700.0,46745.0,46745.0,174123
2025-09-15 00:08:00,46740.0,46845.0,46735.0,46845.0,46845.0,664962
2025-09-15 00:10:00,46840.0,46885.0,46805.0,46880.0,46880.0,66381
2025-09-15 00:12:00,46880.0,46915.0,46855.0,46880.0,46880.0,170230
2025-09-15 00:14:00,46880.0,46900.0,46695.0,46700.0,46700.0,168794
2025-09-15 00:16:00,46705.0,46705.0,46650.0,46685.0,46685.0,118049
2025-09-15 00:18:00,46680.0,46735.0,46675.0,46710.0,46710.0,74652
2025-09-15 00:20:00,46705.0,46720.0,46640.0,46645.0,46645.0,66779
2025-09-15 00:22:00,46645.0,46700.0,46635.0,46680.0,46680.0,51323
2025-09-15 00:24:00,46685.0,46720.0,46655.0,46680.0,46680.0,76374
2025-09-15 00:26:00,46690.0,46725.0,46675.0,46705.0,46705.0,85099
2025-09-15 00:28:00,46710.0,46725.0,46680.0,46720.0,46720.0,48007
2025-09-15 00:30:00,46720.0,46785.0,46720.0,46770.0,46770.0,72814
2025-09-15 00:32:00,46770.0,46790.0,46735.0,46745.0,46745.0,36437
2025-09-15 00:34:00,46740.0,46750.0,46690.0,46700.0,46700.0,66665
2025-09-15 00:36:00,46700.0,46730.0,46660.0,46665.0,46665.0,88920
2025-09-15 00:38:00,46665.0,46715.0,46665.0,46680.0,46680.0,34468
2025-09-15 00:40:00,46680.0,46705.0,46610.0,46620.0,46620.0,76532
2025-09-15 00:42:00,46620.0,46680.0,46595.0,46660.0,46660.0,91336
2025-09-15 00:44:00,46660.0,46695.0,46655.0,46690.0,46690.0,18962
2025-09-15 00:46:00,46690.0,46695.0,46660.0,46680.0,46680.0,20625
2025-09-15 00:48:00,46675.0,46680.0,46625.0,46640.0,46640.0,21049
2025-09-15 00:50:00,46635.0,46640.0,46560.0,46570.0,46570.0,41567
2025-09-15 00:52:00,46565.0,46590.0,46530.0,46560.0,46560.0,47735
2025-09-15 00:54:00,46560.0,46585.0,46530.0,46575.0,46575.0,32913
2025-09-15 00:56:00,46575.0,46605.0,46555.0,46600.0,46600.0,69097
2025-09-15 00:58:00,46600.0,46640.0,46595.0,46635.0,46635.0,87864
2025-09-15 01:00:00,46635.0,46655.0,46615.0,46655.0,46655.0,15231
2025-09-15 01:02:00,46655.0,46695.0,46650.0,46695.0,46695.0,38556
2025-09-15 01:04:00,46700.0,46705.0,46665.0,46695.0,46695.0,59846
2025-09-15 01:06:00,46695.0,46715.0,46685.0,46705.0,46705.0,16867
2025-09-15 01:08:00,46705.0,46715.0,46685.0,46705.0,46705.0,30508
2025-09-15 01:10:00,46710.0,46720.0,46685.0,46700.0,46700.0,19524
2025-09-15 01:12:00,46700.0,46715.0,46680.0,46700.0,46700.0,8318
2025-09-15 01:14:00,46695.0,46700.0,46670.0,46685.0,46685.0,26160
2025-09-15 01:16:00,46680.0,46685.0,46610.0,46615.0,46615.0,64800
2025-09-15 01:18:00,46610.0,46615.0,46550.0,46560.0,46560.0,74253
2025-09-15 01:20:00,46555.0,46595.0,46510.0,46540.0,46540.0,204245
2025-09-15 01:22:00,46535.0,46540.0,46475.0,46475.0,46475.0,77075
2025-09-15 01:24:00,46480.0,46485.0,46435.0,46450.0,46450.0,75137
2025-09-15 01:26:00,46450.0,46475.0,46415.0,46475.0,46475.0,72032
2025-09-15 01:28:00,46470.0,46515.0,46460.0,46510.0,46510.0,68956
2025-09-15 01:30:00,46500.0,46535.0,46490.0,46530.0,46530.0,40739
2025-09-15 01:32:00,46530.0,46580.0,46520.0,46580.0,46580.0,61254
2025-09-15 01:34:00,46575.0,46605.0,46570.0,46590.0,46590.0,38279
2025-09-15 01:36:00,46600.0,46600.0,46550.0,46570.0,46570.0,60205
2025-09-15 01:38:00,46570.0,46575.0,46540.0,46550.0,46550.0,38270
2025-09-15 01:40:00,46550.0,46555.0,46505.0,46555.0,46555.0,13642
2025-09-15 01:42:00,46550.0,46575.0,46535.0,46560.0,46560.0,25002
2025-09-15 01:44:00,46555.0,46565.0,46515.0,46535.0,46535.0,17070
2025-09-15 01:46:00,46540.0,46545.0,46515.0,46545.0,46545.0,17139
2025-09-15 01:48:00,46545.0,46560.0,46520.0,46545.0,46545.0,13486
2025-09-15 01:50:00,46545.0,46555.0,46530.0,46530.0,46530.0,10490
2025-09-15 01:52:00,46540.0,46550.0,46535.0,46535.0,46535.0,7838
2025-09-15 01:54:00,46540.0,46550.0,46495.0,46550.0,46550.0,25402
2025-09-15 01:56:00,46550.0,46565.0,46525.0,46535.0,46535.0,16183
2025-09-15 01:58:00,46535.0,46565.0,46520.0,46565.0,46565.0,4433
2025-09-15 02:00:00,46565.0,46590.0,46550.0,46560.0,46560.0,26257
2025-09-15 02:02:00,46555.0,46615.0,46555.0,46610.0,46610.0,16297
2025-09-15 02:04:00,46615.0,46635.0,46590.0,46635.0,46635.0,20800
2025-09-15 02:06:00,46630.0,46650.0,46620.0,46635.0,46635.0,31384
2025-09-15 02:08:00,46645.0,46670.0,46640.0,46660.0,46660.0,25891
2025-09-15 02:10:00,46665.0,46670.0,46650.0,46660.0,46660.0,12050
2025-09-15 02:12:00,46670.0,46675.0,46630.0,46645.0,46645.0,16492
2025-09-15 02:14:00,46645.0,46655.0,46625.0,46635.0,46635.0,6322
2025-09-15 02:16:00,46630.0,46640.0,46610.0,46620.0,46620.0,13850
2025-09-15 02:18:00,46625.0,46640.0,46620.0,46630.0,46630.0,14986
2025-09-15 02:20:00,46635.0,46650.0,46620.0,46645.0,46645.0,4643
2025-09-15 02:22:00,46640.0,46650.0,46620.0,46640.0,46640.0,10326
2025-09-15 02:24:00,46640.0,46660.0,46640.0,46645.0,46645.0,21804
2025-09-15 02:26:00,46655.0,46665.0,46650.0,46650.0,46650.0,20193
2025-09-15 02:28:00,46660.0,46665.0,46620.0,46640.0,46640.0,20312
2025-09-15 02:30:00,46635.0,46675.0,46625.0,46650.0,46650.0,30966
2025-09-15 02:32:00,46645.0,46670.0,46645.0,46670.0,46670.0,16973
2025-09-15 02:34:00,46670.0,46675.0,46650.0,46655.0,46655.0,6994
2025-09-15 02:36:00,46665.0,46680.0,46650.0,46675.0,46675.0,9560
2025-09-15 02:38:00,46680.0,46685.0,46675.0,46685.0,46685.0,18243
2025-09-15 02:40:00,46685.0,46695.0,46670.0,46690.0,46690.0,9994
2025-09-15 02:42:00,46690.0,46735.0,46690.0,46725.0,46725.0,47754
2025-09-15 02:44:00,46725.0,46750.0,46720.0,46735.0,46735.0,25862
2025-09-15 02:46:00,46735.0,46740.0,46710.0,46725.0,46725.0,33618
2025-09-15 02:48:00,46715.0,46755.0,46715.0,46730.0,46730.0,20812
2025-09-15 02:50:00,46725.0,46730.0,46685.0,46685.0,46685.0,43724
2025-09-15 02:52:00,46685.0,46715.0,46685.0,46695.0,46695.0,7613
2025-09-15 02:54:00,46700.0,46710.0,46685.0,46690.0,46690.0,21894
2025-09-15 02:56:00,46695.0,46700.0,46680.0,46700.0,46700.0,7536
2025-09-15 02:58:00,46695.0,46740.0,46695.0,46730.0,46730.0,14068
2025-09-15 03:00:00,46730.0,46755.0,46730.0,46740.0,46740.0,38425
2025-09-15 03:02:00,46740.0,46760.0,46730.0,46757.0,46757.0,14456
2025-09-15 03:04:00,46755.0,46775.0,46750.0,46775.0,46775.0,12857
2025-09-15 03:06:00,46770.0,46780.0,46760.0,46770.0,46770.0,13900
2025-09-15 03:08:00,46770.0,46780.0,46735.0,46740.0,46740.0,22546
2025-09-15 03:10:00,46735.0,46750.0,46730.0,46740.0,46740.0,7735
2025-09-15 03:12:00,46745.0,46755.0,46730.0,46745.0,46745.0,11591
2025-09-15 03:14:00,46745.0,46755.0,46740.0,46745.0,46745.0,12514
2025-09-15 03:16:00,46755.0,46775.0,46750.0,46765.0,46765.0,19717
2025-09-15 03:18:00,46760.0,46770.0,46745.0,46760.0,46760.0,9027
2025-09-15 03:20:00,46760.0,46775.0,46755.0,46760.0,46760.0,8571
2025-09-15 03:22:00,46760.0,46770.0,46740.0,46760.0,46760.0,14330
2025-09-15 03:24:00,46765.0,46785.0,46760.0,46770.0,46770.0,14941
2025-09-15 03:26:00,46775.0,46780.0,46760.0,46765.0,46765.0,3493
2025-09-15 03:28:00,46765.0,46785.0,46765.0,46770.0,46770.0,17194
2025-09-15 03:30:00,46770.0,46775.0,46755.0,46775.0,46775.0,17030
2025-09-15 03:32:00,46780.0,46790.0,46770.0,46780.0,46780.0,18377
2025-09-15 03:34:00,46775.0,46785.0,46770.0,46775.0,46775.0,13821
2025-09-15 03:36:00,46780.0,46780.0,46770.0,46780.0,46780.0,5472
2025-09-15 03:38:00,46780.0,46820.0,46780.0,46815.0,46815.0,38938
2025-09-15 03:40:00,46820.0,46835.0,46810.0,46820.0,46820.0,31858
2025-09-15 03:42:00,46815.0,46820.0,46790.0,46790.0,46790.0,8036
2025-09-15 03:44:00,46790.0,46805.0,46775.0,46775.0,46775.0,17563
2025-09-15 03:46:00,46775.0,46795.0,46770.0,46790.0,46790.0,13625
2025-09-15 03:48:00,46790.0,46805.0,46785.0,46790.0,46790.0,19059
2025-09-15 03:50:00,46790.0,46810.0,46790.0,46790.0,46790.0,16171
2025-09-15 03:52:00,46795.0,46805.0,46790.0,46790.0,46790.0,9574
2025-09-15 03:54:00,46790.0,46800.0,46775.0,46800.0,46800.0,12476
2025-09-15 03:56:00,46800.0,46810.0,46795.0,46800.0,46800.0,11904
2025-09-15 03:58:00,46800.0,46815.0,46795.0,46810.0,46810.0,15385
2025-09-15 04:00:00,46815.0,46825.0,46805.0,46820.0,46820.0,12929
2025-09-15 04:02:00,46820.0,46820.0,46800.0,46805.0,46805.0,13641
2025-09-15 04:04:00,46800.0,46810.0,46795.0,46810.0,46810.0,5315
2025-09-15 04:06:00,46810.0,46810.0,46790.0,46800.0,46800.0,8654
2025-09-15 04:08:00,46800.0,46820.0,46790.0,46810.0,46810.0,9627
2025-09-15 04:10:00,46810.0,46815.0,46795.0,46805.0,46805.0,10512
2025-09-15 04:12:00,46795.0,46810.0,46780.0,46785.0,46785.0,30064
2025-09-15 04:14:00,46795.0,46795.0,46755.0,46770.0,46770.0,64534
2025-09-15 04:16:00,46775.0,46810.0,46770.0,46800.0,46800.0,45001
2025-09-15 04:18:00,46800.0,46825.0,46790.0,46815.0,46815.0,62716
2025-09-15 04:20:00,46820.0,46835.0,46815.0,46820.0,46820.0,35802
2025-09-15 04:22:00,46825.0,46835.0,46805.0,46805.0,46805.0,46102
2025-09-15 04:24:00,46810.0,46810.0,46780.0,46800.0,46800.0,35330
2025-09-15 04:26:00,46795.0,46800.0,46765.0,46770.0,46770.0,66267
2025-09-15 04:28:00,46765.0,46775.0,46755.0,46755.0,46755.0,14754
2025-09-15 04:30:00,46760.0,46765.0,46740.0,46755.0,46755.0,31903
2025-09-15 04:32:00,46755.0,46755.0,46730.0,46730.0,46730.0,13082
2025-09-15 04:34:00,46730.0,46740.0,46715.0,46720.0,46720.0,27196
2025-09-15 04:36:00,46720.0,46725.0,46690.0,46700.0,46700.0,33739
2025-09-15 04:38:00,46700.0,46700.0,46685.0,46690.0,46690.0,16432
2025-09-15 04:40:00,46690.0,46715.0,46685.0,46690.0,46690.0,18704
2025-09-15 04:42:00,46690.0,46705.0,46685.0,46705.0,46705.0,18606
2025-09-15 04:44:00,46705.0,46725.0,46690.0,46720.0,46720.0,15348
2025-09-15 04:46:00,46720.0,46740.0,46710.0,46740.0,46740.0,18370
2025-09-15 04:48:00,46735.0,46740.0,46720.0,46730.0,46730.0,17173
2025-09-15 04:50:00,46730.0,46735.0,46715.0,46720.0,46720.0,11563
2025-09-15 04:52:00,46725.0,46735.0,46720.0,46730.0,46730.0,8227
2025-09-15 04:54:00,46720.0,46740.0,46720.0,46730.0,46730.0,12813
2025-09-15 04:56:00,46725.0,46740.0,46715.0,46720.0,46720.0,11803
2025-09-15 04:58:00,46720.0,46730.0,46710.0,46725.0,46725.0,14349
2025-09-15 05:00:00,46725.0,46740.0,46700.0,46705.0,46705.0,9864
2025-09-15 05:02:00,46700.0,46715.0,46700.0,46705.0,46705.0,18381
2025-09-15 05:04:00,46705.0,46720.0,46695.0,46720.0,46720.0,8163
2025-09-15 05:06:00,46720.0,46745.0,46705.0,46740.0,46740.0,18164
2025-09-15 05:08:00,46735.0,46745.0,46715.0,46715.0,46715.0,5371
2025-09-15 05:10:00,46720.0,46740.0,46715.0,46725.0,46725.0,6146
2025-09-15 05:12:00,46730.0,46735.0,46715.0,46735.0,46735.0,14533
2025-09-15 05:14:00,46735.0,46735.0,46695.0,46695.0,46695.0,14452
2025-09-15 05:16:00,46695.0,46695.0,46675.0,46690.0,46690.0,19849
2025-09-15 05:18:00,46680.0,46695.0,46680.0,46680.0,46680.0,4670
2025-09-15 05:20:00,46680.0,46710.0,46680.0,46700.0,46700.0,18538
2025-09-15 05:22:00,46695.0,46705.0,46685.0,46685.0,46685.0,24563
2025-09-15 05:24:00,46690.0,46700.0,46675.0,46685.0,46685.0,7302
2025-09-15 05:26:00,46690.0,46700.0,46675.0,46700.0,46700.0,8673
2025-09-15 05:28:00,46695.0,46705.0,46685.0,46690.0,46690.0,11386
2025-09-15 05:30:00,46690.0,46740.0,46685.0,46735.0,46735.0,17454
2025-09-15 05:32:00,46740.0,46750.0,46725.0,46725.0,46725.0,30637
2025-09-15 05:34:00,46725.0,46740.0,46715.0,46735.0,46735.0,7806
2025-09-15 05:36:00,46735.0,46745.0,46720.0,46725.0,46725.0,13966
2025-09-15 05:38:00,46725.0,46730.0,46700.0,46705.0,46705.0,6592
2025-09-15 05:40:00,46705.0,46725.0,46705.0,46715.0,46715.0,15549
2025-09-15 05:42:00,46715.0,46720.0,46710.0,46720.0,46720.0,14421
2025-09-15 05:44:00,46720.0,46725.0,46705.0,46705.0,46705.0,9644
2025-09-15 05:46:00,46710.0,46710.0,46690.0,46700.0,46700.0,20101
2025-09-15 05:48:00,46695.0,46700.0,46690.0,46700.0,46700.0,8558
2025-09-15 05:50:00,46700.0,46705.0,46690.0,46695.0,46695.0,33372
2025-09-15 05:52:00,46695.0,46700.0,46675.0,46700.0,46700.0,41033
2025-09-15 05:54:00,46705.0,46705.0,46685.0,46690.0,46690.0,29873
2025-09-15 05:56:00,46690.0,46695.0,46680.0,46680.0,46680.0,32792
2025-09-15 05:58:00,46685.0,46700.0,46680.0,46690.0,46690.0,37519
2025-09-16 00:44:00,46950.0,46965.0,46945.0,46965.0,46965.0,1531195
2025-09-16 00:46:00,46975.0,46980.0,46955.0,46970.0,46970.0,27095
2025-09-16 00:48:00,46975.0,46985.0,46950.0,46955.0,46955.0,33743
2025-09-16 00:50:00,46955.0,46965.0,46915.0,46960.0,46960.0,20896
2025-09-16 00:52:00,46955.0,46985.0,46955.0,46960.0,46960.0,43029
2025-09-16 00:54:00,46960.0,46960.0,46925.0,46930.0,46930.0,13908
2025-09-16 00:56:00,46930.0,46950.0,46925.0,46950.0,46950.0,8691
2025-09-16 00:58:00,46950.0,46995.0,46950.0,46990.0,46990.0,73022
2025-09-16 01:00:00,46990.0,47015.0,46985.0,47005.0,47005.0,39059
2025-09-16 01:02:00,47005.0,47030.0,46990.0,47025.0,47025.0,29183
2025-09-16 01:04:00,47030.0,47100.0,47025.0,47090.0,47090.0,263382
2025-09-16 01:06:00,47095.0,47120.0,47065.0,47065.0,47065.0,137631
2025-09-16 01:08:00,47065.0,47070.0,47045.0,47060.0,47060.0,22071
2025-09-16 01:22:00,47130.0,47130.0,47100.0,47110.0,47110.0,259578
2025-09-16 01:24:00,47110.0,47115.0,47090.0,47105.0,47105.0,15082
2025-09-16 01:26:00,47110.0,47120.0,47100.0,47115.0,47115.0,5096
2025-09-16 01:28:00,47115.0,47125.0,47080.0,47080.0,47080.0,47108
2025-09-16 01:30:00,47080.0,47155.0,47075.0,47150.0,47150.0,76631
2025-09-16 01:32:00,47155.0,47180.0,47145.0,47155.0,47155.0,61954
2025-09-16 01:34:00,47160.0,47175.0,47135.0,47175.0,47175.0,33246
2025-09-16 01:36:00,47175.0,47175.0,47150.0,47170.0,47170.0,15339
2025-09-16 01:38:00,47165.0,47190.0,47155.0,47185.0,47185.0,32093
2025-09-16 01:40:00,47190.0,47195.0,47170.0,47175.0,47175.0,30782
2025-09-16 01:42:00,47175.0,47190.0,47165.0,47180.0,47180.0,33053
2025-09-16 01:44:00,47180.0,47190.0,47170.0,47175.0,47175.0,22849
2025-09-16 01:46:00,47175.0,47195.0,47165.0,47190.0,47190.0,27753
2025-09-16 01:48:00,47190.0,47200.0,47170.0,47190.0,47190.0,47766
2025-09-16 01:50:00,47190.0,47215.0,47185.0,47215.0,47215.0,26613
2025-09-16 01:52:00,47215.0,47215.0,47180.0,47190.0,47190.0,29236
2025-09-16 01:54:00,47195.0,47220.0,47190.0,47215.0,47215.0,34359
2025-09-16 01:56:00,47215.0,47225.0,47205.0,47215.0,47215.0,15782
2025-09-16 01:58:00,47215.0,47230.0,47210.0,47220.0,47220.0,31502
2025-09-16 02:00:00,47220.0,47235.0,47205.0,47225.0,47225.0,29155
2025-09-16 02:02:00,47225.0,47270.0,47210.0,47265.0,47265.0,76221
2025-09-16 02:04:00,47265.0,47310.0,47260.0,47275.0,47275.0,75119
2025-09-16 02:06:00,47270.0,47305.0,47265.0,47295.0,47295.0,49558
2025-09-16 02:08:00,47295.0,47300.0,47280.0,47295.0,47295.0,17456
2025-09-16 02:10:00,47290.0,47315.0,47290.0,47305.0,47305.0,33117
2025-09-16 02:12:00,47305.0,47315.0,47290.0,47300.0,47300.0,30469
2025-09-16 02:14:00,47300.0,47330.0,47285.0,47320.0,47320.0,27901
2025-09-16 02:16:00,47320.0,47330.0,47315.0,47315.0,47315.0,13854
2025-09-16 02:18:00,47320.0,47345.0,47315.0,47325.0,47325.0,52381
2025-09-16 02:20:00,47330.0,47340.0,47315.0,47335.0,47335.0,20244
2025-09-16 02:22:00,47335.0,47345.0,47315.0,47340.0,47340.0,34774
2025-09-16 02:24:00,47340.0,47370.0,47335.0,47365.0,47365.0,48060
2025-09-16 02:26:00,47370.0,47390.0,47365.0,47385.0,47385.0,48120
2025-09-16 02:30:00,47410.0,47420.0,47395.0,47420.0,47420.0,93488
2025-09-16 02:32:00,47420.0,47445.0,47415.0,47440.0,47440.0,46763
2025-09-16 02:34:00,47445.0,47470.0,47440.0,47470.0,47470.0,44663
2025-09-16 02:36:00,47465.0,47470.0,47420.0,47435.0,47435.0,91359
2025-09-16 02:38:00,47435.0,47460.0,47430.0,47450.0,47450.0,14136
2025-09-16 02:40:00,47450.0,47450.0,47390.0,47390.0,47390.0,21170
2025-09-16 02:42:00,47390.0,47405.0,47355.0,47365.0,47365.0,42472
2025-09-16 02:44:00,47365.0,47380.0,47350.0,47350.0,47350.0,27171
2025-09-16 02:46:00,47350.0,47372.0,47345.0,47355.0,47355.0,23131
2025-09-16 02:48:00,47355.0,47390.0,47350.0,47385.0,47385.0,36965
2025-09-16 02:50:00,47385.0,47405.0,47370.0,47400.0,47400.0,27884
2025-09-16 02:52:00,47405.0,47425.0,47390.0,47390.0,47390.0,32524
2025-09-16 02:54:00,47390.0,47405.0,47370.0,47375.0,47375.0,27733
2025-09-16 02:56:00,47375.0,47390.0,47350.0,47360.0,47360.0,38542
2025-09-16 02:58:00,47360.0,47390.0,47360.0,47390.0,47390.0,23866
2025-09-16 03:00:00,47390.0,47420.0,47375.0,47410.0,47410.0,45783
2025-09-16 03:02:00,47405.0,47410.0,47375.0,47395.0,47395.0,18989
2025-09-16 03:04:00,47395.0,47400.0,47375.0,47380.0,47380.0,20111
2025-09-16 03:06:00,47385.0,47410.0,47380.0,47395.0,47395.0,39174
2025-09-16 03:08:00,47390.0,47415.0,47390.0,47400.0,47400.0,17829
2025-09-16 03:10:00,47395.0,47420.0,47390.0,47395.0,47395.0,43971
2025-09-16 03:12:00,47395.0,47405.0,47385.0,47400.0,47400.0,24137
2025-09-16 03:14:00,47395.0,47420.0,47395.0,47405.0,47405.0,40959
2025-09-16 03:16:00,47415.0,47420.0,47395.0,47405.0,47405.0,16079
2025-09-16 03:18:00,47400.0,47415.0,47395.0,47415.0,47415.0,21475
2025-09-16 03:20:00,47410.0,47435.0,47405.0,47425.0,47425.0,29326
2025-09-16 03:22:00,47430.0,47440.0,47425.0,47430.0,47430.0,19024
2025-09-16 03:24:00,47425.0,47430.0,47390.0,47395.0,47395.0,30587
2025-09-16 03:26:00,47395.0,47405.0,47385.0,47395.0,47395.0,21037
2025-09-16 03:28:00,47395.0,47400.0,47370.0,47390.0,47390.0,19429
2025-09-16 03:30:00,47385.0,47400.0,47380.0,47385.0,47385.0,9018
2025-09-16 03:32:00,47390.0,47395.0,47380.0,47390.0,47390.0,7589
2025-09-16 03:34:00,47395.0,47420.0,47390.0,47415.0,47415.0,21523
2025-09-16 03:36:00,47420.0,47430.0,47415.0,47425.0,47425.0,19530
2025-09-16 03:38:00,47430.0,47430.0,47415.0,47425.0,47425.0,26829
2025-09-16 03:40:00,47430.0,47430.0,47400.0,47405.0,47405.0,11708
2025-09-16 03:42:00,47405.0,47425.0,47400.0,47420.0,47420.0,9083
2025-09-16 03:44:00,47420.0,47425.0,47410.0,47415.0,47415.0,14780
2025-09-16 03:46:00,47415.0,47450.0,47410.0,47440.0,47440.0,21525
2025-09-16 03:48:00,47440.0,47455.0,47420.0,47430.0,47430.0,40096
2025-09-16 03:50:00,47420.0,47435.0,47405.0,47420.0,47420.0,24215
2025-09-16 03:52:00,47420.0,47440.0,47415.0,47440.0,47440.0,22840
2025-09-16 03:54:00,47435.0,47455.0,47435.0,47445.0,47445.0,22409
2025-09-16 03:56:00,47440.0,47465.0,47440.0,47460.0,47460.0,113290
2025-09-16 03:58:00,47460.0,47460.0,47445.0,47450.0,47450.0,13829
2025-09-16 04:00:00,47450.0,47475.0,47445.0,47465.0,47465.0,28349
2025-09-16 04:02:00,47465.0,47470.0,47450.0,47455.0,47455.0,25894
2025-09-16 04:04:00,47445.0,47470.0,47445.0,47450.0,47450.0,20049
2025-09-16 04:06:00,47445.0,47450.0,47435.0,47450.0,47450.0,44194
2025-09-16 04:08:00,47445.0,47445.0,47415.0,47430.0,47430.0,11518
2025-09-16 04:10:00,47425.0,47440.0,47415.0,47420.0,47420.0,32120
2025-09-16 04:12:00,47420.0,47420.0,47395.0,47400.0,47400.0,37254
2025-09-16 04:14:00,47395.0,47420.0,47390.0,47405.0,47405.0,12439
2025-09-16 04:16:00,47405.0,47425.0,47385.0,47390.0,47390.0,19692
2025-09-16 04:18:00,47390.0,47405.0,47375.0,47395.0,47395.0,31326
2025-09-16 04:20:00,47400.0,47415.0,47395.0,47400.0,47400.0,4843
2025-09-16 04:22:00,47400.0,47425.0,47400.0,47405.0,47405.0,6551
2025-09-16 04:24:00,47410.0,47420.0,47405.0,47420.0,47420.0,3991
2025-09-16 04:26:00,47420.0,47440.0,47415.0,47435.0,47435.0,23460
2025-09-16 04:28:00,47430.0,47435.0,47400.0,47405.0,47405.0,28849
2025-09-16 04:30:00,47400.0,47410.0,47390.0,47400.0,47400.0,19574
2025-09-16 04:32:00,47400.0,47405.0,47385.0,47400.0,47400.0,12772
2025-09-16 04:34:00,47405.0,47425.0,47400.0,47420.0,47420.0,9463
2025-09-16 04:36:00,47420.0,47420.0,47395.0,47400.0,47400.0,23111
2025-09-16 04:38:00,47400.0,47430.0,47390.0,47425.0,47425.0,25960
2025-09-16 04:40:00,47427.0,47435.0,47420.0,47430.0,47430.0,12537
2025-09-16 04:42:00,47440.0,47445.0,47435.0,47435.0,47435.0,34967
2025-09-16 04:44:00,47440.0,47440.0,47425.0,47435.0,47435.0,6056
2025-09-16 04:46:00,47435.0,47435.0,47420.0,47430.0,47430.0,4447
2025-09-16 04:50:00,47415.0,47415.0,47395.0,47395.0,47395.0,36255
2025-09-16 04:52:00,47395.0,47415.0,47385.0,47395.0,47395.0,60633
2025-09-16 04:54:00,47395.0,47405.0,47395.0,47405.0,47405.0,2107
2025-09-16 05:10:00,47440.0,47445.0,47430.0,47432.0,47432.0,202881
2025-09-16 05:12:00,47432.0,47445.0,47425.0,47435.0,47435.0,8046
2025-09-16 05:14:00,47435.0,47455.0,47425.0,47450.0,47450.0,29644
2025-09-16 05:16:00,47450.0,47470.0,47425.0,47430.0,47430.0,12951
2025-09-16 05:18:00,47435.0,47435.0,47420.0,47430.0,47430.0,5439
2025-09-16 05:20:00,47430.0,47450.0,47420.0,47440.0,47440.0,16397
2025-09-16 05:22:00,47440.0,47465.0,47440.0,47450.0,47450.0,56494
2025-09-16 05:24:00,47450.0,47460.0,47445.0,47450.0,47450.0,18283
2025-09-16 05:26:00,47455.0,47470.0,47450.0,47465.0,47465.0,16289
2025-09-16 05:28:00,47465.0,47490.0,47460.0,47470.0,47470.0,75558
2025-09-16 05:30:00,47470.0,47485.0,47455.0,47475.0,47475.0,29013
2025-09-16 05:32:00,47470.0,47490.0,47465.0,47480.0,47480.0,38484
2025-09-16 05:34:00,47480.0,47480.0,47455.0,47470.0,47470.0,21861
2025-09-16 05:36:00,47465.0,47465.0,47440.0,47465.0,47465.0,19091
2025-09-16 05:38:00,47460.0,47465.0,47455.0,47465.0,47465.0,7623
2025-09-16 05:40:00,47465.0,47470.0,47455.0,47470.0,47470.0,10871
2025-09-16 05:42:00,47465.0,47470.0,47455.0,47470.0,47470.0,5026
2025-09-16 05:44:00,47465.0,47470.0,47455.0,47460.0,47460.0,14333
2025-09-16 05:46:00,47465.0,47465.0,47450.0,47465.0,47465.0,11376
2025-09-16 05:48:00,47460.0,47490.0,47460.0,47490.0,47490.0,42742
2025-09-16 05:50:00,47485.0,47495.0,47480.0,47490.0,47490.0,17631
2025-09-16 05:52:00,47490.0,47495.0,47475.0,47490.0,47490.0,19729
2025-09-16 05:54:00,47485.0,47495.0,47470.0,47490.0,47490.0,18553
2025-09-16 05:56:00,47487.0,47495.0,47475.0,47475.0,47475.0,11637
2025-09-16 05:58:00,47480.0,47480.0,47470.0,47480.0,47480.0,13303
2025-09-17 00:00:00,47140.0,47140.0,47015.0,47015.0,47015.0,199697
2025-09-17 00:02:00,47015.0,47030.0,46940.0,46950.0,46950.0,96139
2025-09-17 00:04:00,46960.0,47015.0,46950.0,46975.0,46975.0,65965
2025-09-17 00:06:00,46965.0,46980.0,46890.0,46900.0,46900.0,68545
2025-09-17 00:08:00,46900.0,46905.0,46845.0,46890.0,46890.0,69096
2025-09-17 00:10:00,46895.0,46955.0,46890.0,46925.0,46925.0,69347
2025-09-17 00:12:00,46925.0,46985.0,46920.0,46960.0,46960.0,58710
2025-09-17 00:14:00,46960.0,46975.0,46845.0,46845.0,46845.0,57289
2025-09-17 00:16:00,46845.0,46875.0,46820.0,46850.0,46850.0,31584
2025-09-17 00:18:00,46850.0,46910.0,46845.0,46890.0,46890.0,30862
2025-09-17 00:20:00,46895.0,46950.0,46885.0,46925.0,46925.0,44396
2025-09-17 00:22:00,46925.0,46930.0,46900.0,46930.0,46930.0,25303
2025-09-17 00:24:00,46930.0,46965.0,46915.0,46960.0,46960.0,36363
2025-09-17 00:26:00,46960.0,46965.0,46925.0,46950.0,46950.0,34253
2025-09-17 00:28:00,46950.0,46970.0,46930.0,46970.0,46970.0,49859
2025-09-17 00:30:00,46965.0,47005.0,46945.0,46995.0,46995.0,199312
2025-09-17 00:32:00,47000.0,47005.0,46960.0,46965.0,46965.0,78949
2025-09-17 00:34:00,46965.0,46995.0,46930.0,46965.0,46965.0,109381
2025-09-17 00:36:00,46965.0,46970.0,46910.0,46920.0,46920.0,79742
2025-09-17 00:38:00,46915.0,46920.0,46865.0,46875.0,46875.0,85666
2025-09-17 00:40:00,46872.0,46955.0,46870.0,46950.0,46950.0,54195
2025-09-17 00:42:00,46945.0,46950.0,46910.0,46920.0,46920.0,32388
2025-09-17 00:44:00,46920.0,46960.0,46910.0,46950.0,46950.0,52577
2025-09-17 00:46:00,46945.0,46950.0,46910.0,46935.0,46935.0,63374
2025-09-17 00:48:00,46935.0,46945.0,46920.0,46930.0,46930.0,44099
2025-09-17 00:50:00,46935.0,46960.0,46895.0,46900.0,46900.0,67349
2025-09-17 00:52:00,46895.0,46925.0,46895.0,46925.0,46925.0,13390
2025-09-17 00:54:00,46915.0,46930.0,46895.0,46900.0,46900.0,19811
2025-09-17 00:56:00,46895.0,46905.0,46850.0,46850.0,46850.0,42893
2025-09-17 00:58:00,46850.0,46890.0,46845.0,46885.0,46885.0,20983
2025-09-17 01:00:00,46885.0,46895.0,46870.0,46895.0,46895.0,7835
2025-09-17 01:02:00,46890.0,46900.0,46870.0,46880.0,46880.0,4705
2025-09-17 01:04:00,46880.0,46925.0,46875.0,46925.0,46925.0,30151
2025-09-17 01:06:00,46925.0,46930.0,46885.0,46900.0,46900.0,9870
2025-09-17 01:08:00,46905.0,46925.0,46880.0,46890.0,46890.0,11259
2025-09-17 01:10:00,46887.0,46895.0,46840.0,46845.0,46845.0,55497
2025-09-17 01:12:00,46845.0,46890.0,46845.0,46880.0,46880.0,26582
2025-09-17 01:14:00,46880.0,46885.0,46835.0,46855.0,46855.0,22383
2025-09-17 01:16:00,46855.0,46875.0,46830.0,46835.0,46835.0,21738
2025-09-17 01:18:00,46835.0,46845.0,46800.0,46805.0,46805.0,114090
2025-09-17 01:20:00,46805.0,46840.0,46795.0,46800.0,46800.0,64562
2025-09-17 01:22:00,46800.0,46830.0,46790.0,46825.0,46825.0,64685
2025-09-17 01:24:00,46825.0,46855.0,46825.0,46830.0,46830.0,37942
2025-09-17 01:26:00,46835.0,46860.0,46825.0,46850.0,46850.0,43635
2025-09-17 01:28:00,46850.0,46875.0,46830.0,46875.0,46875.0,29004
2025-09-17 01:30:00,46875.0,46885.0,46840.0,46845.0,46845.0,68912
2025-09-17 01:32:00,46845.0,46850.0,46815.0,46815.0,46815.0,78187
2025-09-17 01:34:00,46815.0,46815.0,46770.0,46780.0,46780.0,85138
2025-09-17 01:36:00,46780.0,46790.0,46740.0,46745.0,46745.0,95384
2025-09-17 01:38:00,46745.0,46760.0,46710.0,46720.0,46720.0,33269
2025-09-17 01:40:00,46720.0,46775.0,46715.0,46770.0,46770.0,25990
2025-09-17 01:42:00,46765.0,46795.0,46755.0,46760.0,46760.0,60580
2025-09-17 01:44:00,46760.0,46775.0,46750.0,46760.0,46760.0,18768
2025-09-17 01:46:00,46755.0,46760.0,46740.0,46740.0,46740.0,25961
2025-09-17 01:48:00,46745.0,46752.0,46720.0,46750.0,46750.0,23356
2025-09-17 01:50:00,46755.0,46775.0,46750.0,46765.0,46765.0,13424
2025-09-17 01:52:00,46770.0,46790.0,46770.0,46785.0,46785.0,20889
2025-09-17 01:54:00,46790.0,46795.0,46755.0,46770.0,46770.0,31080
2025-09-17 01:56:00,46765.0,46780.0,46750.0,46760.0,46760.0,6313
2025-09-17 01:58:00,46755.0,46755.0,46725.0,46745.0,46745.0,21309
2025-09-17 02:00:00,46745.0,46765.0,46740.0,46750.0,46750.0,19580
2025-09-17 02:02:00,46745.0,46805.0,46725.0,46795.0,46795.0,36756
2025-09-17 02:04:00,46790.0,46835.0,46790.0,46830.0,46830.0,26239
2025-09-17 02:06:00,46830.0,46855.0,46820.0,46840.0,46840.0,19978
2025-09-17 02:08:00,46840.0,46860.0,46830.0,46860.0,46860.0,33015
2025-09-17 02:10:00,46855.0,46875.0,46840.0,46870.0,46870.0,61283
2025-09-17 02:12:00,46870.0,46885.0,46860.0,46875.0,46875.0,39868
2025-09-17 02:14:00,46870.0,46880.0,46855.0,46875.0,46875.0,13932
2025-09-17 02:16:00,46875.0,46890.0,46870.0,46875.0,46875.0,31198
2025-09-17 02:18:00,46870.0,46875.0,46850.0,46855.0,46855.0,17416
2025-09-17 02:20:00,46855.0,46865.0,46840.0,46850.0,46850.0,23735
2025-09-17 02:22:00,46845.0,46845.0,46820.0,46820.0,46820.0,17853
2025-09-17 02:24:00,46820.0,46835.0,46815.0,46825.0,46825.0,12676
2025-09-17 02:26:00,46825.0,46845.0,46820.0,46835.0,46835.0,10360
2025-09-17 02:28:00,46835.0,46845.0,46815.0,46845.0,46845.0,39244
2025-09-17 02:30:00,46840.0,46875.0,46835.0,46875.0,46875.0,27487
2025-09-17 02:32:00,46870.0,46900.0,46860.0,46885.0,46885.0,28889
2025-09-17 02:34:00,46885.0,46905.0,46880.0,46900.0,46900.0,29441
2025-09-17 02:36:00,46900.0,46905.0,46870.0,46870.0,46870.0,11472
2025-09-17 02:38:00,46880.0,46890.0,46870.0,46880.0,46880.0,13826
2025-09-17 02:40:00,46880.0,46890.0,46875.0,46885.0,46885.0,11205
2025-09-17 02:42:00,46885.0,46900.0,46870.0,46875.0,46875.0,15004
2025-09-17 02:44:00,46870.0,46885.0,46870.0,46880.0,46880.0,6205
2025-09-17 02:46:00,46880.0,46880.0,46860.0,46860.0,46860.0,23236
2025-09-17 02:48:00,46865.0,46875.0,46860.0,46870.0,46870.0,12784
2025-09-17 02:50:00,46870.0,46885.0,46865.0,46875.0,46875.0,7695
2025-09-17 02:52:00,46870.0,46890.0,46870.0,46890.0,46890.0,16102
2025-09-17 02:54:00,46885.0,46900.0,46870.0,46880.0,46880.0,8842
2025-09-17 02:56:00,46880.0,46905.0,46875.0,46900.0,46900.0,20639
2025-09-17 02:58:00,46900.0,46935.0,46900.0,46935.0,46935.0,21856
2025-09-17 03:00:00,46930.0,46945.0,46920.0,46920.0,46920.0,9835
2025-09-17 03:02:00,46925.0,46925.0,46900.0,46915.0,46915.0,19046
2025-09-17 03:04:00,46920.0,46955.0,46920.0,46940.0,46940.0,42503
2025-09-17 03:06:00,46935.0,46940.0,46895.0,46915.0,46915.0,25341
2025-09-17 03:08:00,46920.0,46925.0,46895.0,46895.0,46895.0,37991
2025-09-17 03:10:00,46900.0,46900.0,46870.0,46880.0,46880.0,23813
2025-09-17 03:12:00,46880.0,46880.0,46845.0,46855.0,46855.0,53624
2025-09-17 03:14:00,46860.0,46880.0,46845.0,46875.0,46875.0,36362
2025-09-17 03:16:00,46880.0,46880.0,46845.0,46850.0,46850.0,27289
2025-09-17 03:18:00,46845.0,46850.0,46825.0,46840.0,46840.0,46968
2025-09-17 03:20:00,46845.0,46870.0,46845.0,46865.0,46865.0,20570
2025-09-17 03:22:00,46865.0,46880.0,46865.0,46880.0,46880.0,18833
2025-09-17 03:24:00,46880.0,46890.0,46870.0,46885.0,46885.0,24809
2025-09-17 03:26:00,46885.0,46895.0,46880.0,46890.0,46890.0,22473
2025-09-17 03:28:00,46880.0,46910.0,46880.0,46900.0,46900.0,8436
2025-09-17 03:30:00,46900.0,46910.0,46890.0,46905.0,46905.0,43533
2025-09-17 03:32:00,46910.0,46935.0,46900.0,46930.0,46930.0,15924
2025-09-17 03:34:00,46925.0,46940.0,46915.0,46940.0,46940.0,35672
2025-09-17 03:36:00,46940.0,46950.0,46930.0,46940.0,46940.0,34074
2025-09-17 03:38:00,46940.0,46975.0,46935.0,46975.0,46975.0,18656
2025-09-17 03:40:00,46975.0,46990.0,46965.0,46980.0,46980.0,52012
2025-09-17 03:42:00,46985.0,46995.0,46975.0,46990.0,46990.0,33263
2025-09-17 03:44:00,46990.0,47030.0,46985.0,47020.0,47020.0,80903
2025-09-17 03:46:00,47025.0,47040.0,47010.0,47015.0,47015.0,104866
2025-09-17 03:48:00,47020.0,47030.0,47010.0,47015.0,47015.0,48342
2025-09-17 03:50:00,47012.0,47030.0,47010.0,47015.0,47015.0,45147
2025-09-17 03:52:00,47015.0,47025.0,47010.0,47010.0,47010.0,60896
2025-09-17 03:54:00,47015.0,47020.0,46990.0,47010.0,47010.0,54261
2025-09-17 03:56:00,47005.0,47030.0,47005.0,47015.0,47015.0,25339
2025-09-17 03:58:00,47015.0,47020.0,46990.0,46990.0,46990.0,53671
2025-09-17 04:00:00,46995.0,47015.0,46990.0,47000.0,47000.0,12702
2025-09-17 04:02:00,47000.0,47020.0,46990.0,47015.0,47015.0,28485
2025-09-17 04:04:00,47015.0,47045.0,47015.0,47045.0,47045.0,23299
2025-09-17 04:06:00,47050.0,47050.0,47025.0,47025.0,47025.0,24196
2025-09-17 04:08:00,47035.0,47040.0,47005.0,47040.0,47040.0,28314
2025-09-17 04:10:00,47030.0,47050.0,47030.0,47040.0,47040.0,31433
2025-09-17 04:12:00,47035.0,47050.0,47030.0,47050.0,47050.0,22110
2025-09-17 04:14:00,47050.0,47055.0,47035.0,47035.0,47035.0,30086
2025-09-17 04:16:00,47035.0,47045.0,47020.0,47040.0,47040.0,36506
2025-09-17 04:18:00,47040.0,47040.0,47020.0,47040.0,47040.0,31520
2025-09-17 04:20:00,47040.0,47050.0,47030.0,47040.0,47040.0,27120
2025-09-17 04:22:00,47035.0,47040.0,47020.0,47035.0,47035.0,27989
2025-09-17 04:24:00,47030.0,47050.0,47030.0,47050.0,47050.0,28274
2025-09-17 04:26:00,47050.0,47075.0,47045.0,47065.0,47065.0,46754
2025-09-17 04:28:00,47060.0,47070.0,47045.0,47050.0,47050.0,62032
2025-09-17 04:30:00,47045.0,47060.0,47035.0,47050.0,47050.0,29685
2025-09-17 04:32:00,47055.0,47055.0,47030.0,47035.0,47035.0,39223
2025-09-17 04:34:00,47035.0,47035.0,47005.0,47015.0,47015.0,41538
2025-09-17 04:36:00,47015.0,47025.0,47005.0,47015.0,47015.0,29712
2025-09-17 04:38:00,47010.0,47030.0,47010.0,47030.0,47030.0,35138
2025-09-17 04:40:00,47030.0,47050.0,47015.0,47045.0,47045.0,27212
2025-09-17 04:42:00,47045.0,47060.0,47040.0,47045.0,47045.0,29155
2025-09-17 04:44:00,47045.0,47045.0,47025.0,47025.0,47025.0,29959
2025-09-17 04:46:00,47025.0,47035.0,47015.0,47030.0,47030.0,27062
2025-09-17 04:48:00,47025.0,47040.0,47020.0,47035.0,47035.0,36847
2025-09-17 04:50:00,47030.0,47040.0,47025.0,47030.0,47030.0,45513
2025-09-17 04:52:00,47030.0,47040.0,47020.0,47025.0,47025.0,32939
2025-09-17 04:54:00,47025.0,47030.0,47000.0,47005.0,47005.0,45952
2025-09-17 04:56:00,47005.0,47025.0,46995.0,47015.0,47015.0,30838
2025-09-17 04:58:00,47020.0,47020.0,47000.0,47005.0,47005.0,35818
2025-09-17 05:00:00,47005.0,47010.0,46980.0,46980.0,46980.0,41851
2025-09-17 05:02:00,46985.0,46995.0,46980.0,46985.0,46985.0,21885
2025-09-17 05:04:00,46985.0,46995.0,46980.0,46985.0,46985.0,32778
2025-09-17 05:06:00,46990.0,46990.0,46940.0,46955.0,46955.0,59284
2025-09-17 05:08:00,46950.0,46955.0,46920.0,46925.0,46925.0,41012
2025-09-17 05:10:00,46920.0,46930.0,46895.0,46915.0,46915.0,66438
2025-09-17 05:12:00,46910.0,46930.0,46895.0,46920.0,46920.0,32598
2025-09-17 05:14:00,46915.0,46930.0,46875.0,46880.0,46880.0,58525
2025-09-17 05:16:00,46885.0,46890.0,46845.0,46850.0,46850.0,66102
2025-09-17 05:18:00,46855.0,46860.0,46810.0,46830.0,46830.0,57464
2025-09-17 05:20:00,46830.0,46855.0,46820.0,46855.0,46855.0,37301
2025-09-17 05:22:00,46855.0,46855.0,46795.0,46800.0,46800.0,67436
2025-09-17 05:24:00,46805.0,46855.0,46805.0,46850.0,46850.0,37786
2025-09-17 05:26:00,46845.0,46860.0,46845.0,46860.0,46860.0,33598
2025-09-17 05:28:00,46860.0,46860.0,46845.0,46850.0,46850.0,32270
2025-09-17 05:30:00,46850.0,46875.0,46835.0,46865.0,46865.0,38978
2025-09-17 05:32:00,46865.0,46870.0,46850.0,46855.0,46855.0,14937
2025-09-17 05:34:00,46860.0,46870.0,46840.0,46870.0,46870.0,14757
2025-09-17 05:36:00,46860.0,46870.0,46815.0,46825.0,46825.0,72752
2025-09-17 05:38:00,46820.0,46850.0,46815.0,46850.0,46850.0,19679
2025-09-17 05:40:00,46850.0,46870.0,46840.0,46845.0,46845.0,39834
2025-09-17 05:42:00,46850.0,46855.0,46825.0,46840.0,46840.0,14110
2025-09-17 05:44:00,46835.0,46845.0,46830.0,46845.0,46845.0,16604
2025-09-17 05:46:00,46845.0,46850.0,46825.0,46845.0,46845.0,14169
2025-09-17 05:48:00,46840.0,46865.0,46835.0,46860.0,46860.0,21210
2025-09-17 05:50:00,46855.0,46865.0,46840.0,46845.0,46845.0,9143
2025-09-17 05:52:00,46840.0,46855.0,46835.0,46840.0,46840.0,24683
2025-09-17 05:54:00,46840.0,46855.0,46835.0,46845.0,46845.0,26808
2025-09-17 05:56:00,46845.0,46850.0,46835.0,46840.0,46840.0,15479
2025-09-17 05:58:00,46840.0,46850.0,46830.0,46840.0,46840.0,18247
2025-09-18 00:00:00,47170.0,47170.0,47065.0,47155.0,47155.0,205080
2025-09-18 00:02:00,47145.0,47145.0,46965.0,47045.0,47045.0,253718
2025-09-18 00:04:00,47040.0,47095.0,47015.0,47050.0,47050.0,104831
2025-09-18 00:06:00,47050.0,47065.0,46965.0,47005.0,47005.0,109405
2025-09-18 00:08:00,47010.0,47065.0,46990.0,47030.0,47030.0,91673
2025-09-18 00:10:00,47025.0,47060.0,47000.0,47005.0,47005.0,58523
2025-09-18 00:12:00,47015.0,47125.0,47010.0,47090.0,47090.0,83772
2025-09-18 00:14:00,47095.0,47125.0,47065.0,47065.0,47065.0,95997
2025-09-18 00:16:00,47075.0,47150.0,47065.0,47125.0,47125.0,47094
2025-09-18 00:18:00,47120.0,47135.0,47095.0,47110.0,47110.0,41187
2025-09-18 00:20:00,47110.0,47130.0,47085.0,47105.0,47105.0,70159
2025-09-18 00:22:00,47100.0,47135.0,47045.0,47135.0,47135.0,79360
2025-09-18 00:24:00,47130.0,47175.0,47130.0,47150.0,47150.0,85265
2025-09-18 00:26:00,47150.0,47150.0,47115.0,47130.0,47130.0,58817
2025-09-18 00:28:00,47125.0,47160.0,47115.0,47155.0,47155.0,17000
2025-09-18 00:30:00,47155.0,47200.0,47135.0,47195.0,47195.0,83066
2025-09-18 00:32:00,47200.0,47205.0,47160.0,47180.0,47180.0,67751
2025-09-18 00:34:00,47180.0,47195.0,47145.0,47170.0,47170.0,50252
2025-09-18 00:36:00,47165.0,47175.0,47095.0,47115.0,47115.0,98917
2025-09-18 00:38:00,47115.0,47155.0,47115.0,47150.0,47150.0,45282
2025-09-18 00:40:00,47150.0,47155.0,47135.0,47150.0,47150.0,14196
2025-09-18 00:42:00,47150.0,47150.0,47100.0,47110.0,47110.0,20594
2025-09-18 00:44:00,47105.0,47120.0,47075.0,47115.0,47115.0,44175
2025-09-18 00:46:00,47115.0,47130.0,47020.0,47040.0,47040.0,75939
2025-09-18 00:48:00,47040.0,47085.0,47035.0,47070.0,47070.0,12934
2025-09-18 00:50:00,47075.0,47115.0,47045.0,47095.0,47095.0,51927
2025-09-18 00:52:00,47090.0,47100.0,47055.0,47070.0,47070.0,10138
2025-09-18 00:54:00,47065.0,47080.0,47055.0,47070.0,47070.0,7761
2025-09-18 00:56:00,47065.0,47130.0,47065.0,47125.0,47125.0,33401
2025-09-18 00:58:00,47125.0,47160.0,47110.0,47150.0,47150.0,55789
2025-09-18 01:00:00,47145.0,47190.0,47145.0,47175.0,47175.0,57761
2025-09-18 01:02:00,47180.0,47235.0,47175.0,47230.0,47230.0,106876
2025-09-18 01:04:00,47225.0,47265.0,47220.0,47260.0,47260.0,65375
2025-09-18 01:06:00,47265.0,47275.0,47230.0,47245.0,47245.0,37606
2025-09-18 01:08:00,47245.0,47250.0,47220.0,47235.0,47235.0,27032
2025-09-18 01:10:00,47240.0,47240.0,47215.0,47235.0,47235.0,38701
2025-09-18 01:12:00,47235.0,47280.0,47230.0,47270.0,47270.0,39598
2025-09-18 01:14:00,47270.0,47285.0,47255.0,47270.0,47270.0,18845
2025-09-18 01:16:00,47270.0,47280.0,47255.0,47275.0,47275.0,23015
2025-09-18 01:18:00,47275.0,47290.0,47270.0,47280.0,47280.0,13144
2025-09-18 01:20:00,47275.0,47280.0,47225.0,47245.0,47245.0,25750
2025-09-18 01:22:00,47240.0,47260.0,47225.0,47260.0,47260.0,16665
2025-09-18 01:24:00,47265.0,47270.0,47240.0,47270.0,47270.0,20650
2025-09-18 01:26:00,47270.0,47280.0,47260.0,47270.0,47270.0,16752
2025-09-18 01:28:00,47265.0,47300.0,47260.0,47295.0,47295.0,22059
2025-09-18 01:30:00,47290.0,47320.0,47290.0,47315.0,47315.0,75257
2025-09-18 01:32:00,47315.0,47325.0,47295.0,47300.0,47300.0,40452
2025-09-18 01:34:00,47305.0,47310.0,47280.0,47290.0,47290.0,13857
2025-09-18 01:36:00,47290.0,47300.0,47280.0,47285.0,47285.0,26301
2025-09-18 01:38:00,47285.0,47310.0,47285.0,47305.0,47305.0,237743
2025-09-18 01:40:00,47310.0,47325.0,47290.0,47305.0,47305.0,27516
2025-09-18 01:42:00,47305.0,47335.0,47305.0,47330.0,47330.0,25458
2025-09-18 01:44:00,47330.0,47345.0,47315.0,47335.0,47335.0,46384
2025-09-18 01:46:00,47335.0,47380.0,47335.0,47380.0,47380.0,319197
2025-09-18 01:48:00,47380.0,47390.0,47365.0,47375.0,47375.0,193237
2025-09-18 01:50:00,47370.0,47380.0,47360.0,47375.0,47375.0,44305
2025-09-18 01:52:00,47375.0,47385.0,47360.0,47370.0,47370.0,47610
2025-09-18 01:54:00,47375.0,47395.0,47365.0,47395.0,47395.0,39054
2025-09-18 01:56:00,47395.0,47400.0,47365.0,47365.0,47365.0,69197
2025-09-18 01:58:00,47365.0,47380.0,47355.0,47365.0,47365.0,40100
2025-09-18 02:00:00,47365.0,47375.0,47360.0,47370.0,47370.0,9504
2025-09-18 02:02:00,47360.0,47370.0,47355.0,47360.0,47360.0,22895
2025-09-18 02:04:00,47355.0,47360.0,47335.0,47340.0,47340.0,47544
2025-09-18 02:06:00,47345.0,47345.0,47310.0,47320.0,47320.0,39710
2025-09-18 02:08:00,47320.0,47320.0,47285.0,47290.0,47290.0,42574
2025-09-18 02:10:00,47295.0,47300.0,47270.0,47280.0,47280.0,69315
2025-09-18 02:12:00,47275.0,47285.0,47255.0,47280.0,47280.0,33580
2025-09-18 02:14:00,47285.0,47315.0,47285.0,47315.0,47315.0,14250
2025-09-18 02:16:00,47310.0,47320.0,47300.0,47305.0,47305.0,23414
2025-09-18 02:18:00,47300.0,47310.0,47300.0,47310.0,47310.0,18396
2025-09-18 02:20:00,47307.0,47340.0,47307.0,47340.0,47340.0,25804
2025-09-18 02:22:00,47340.0,47385.0,47335.0,47380.0,47380.0,60305
2025-09-18 02:24:00,47380.0,47400.0,47365.0,47395.0,47395.0,38976
2025-09-18 02:26:00,47395.0,47435.0,47395.0,47435.0,47435.0,110182
2025-09-18 02:28:00,47435.0,47465.0,47420.0,47460.0,47460.0,27257
2025-09-18 02:30:00,47460.0,47475.0,47445.0,47470.0,47470.0,60757
2025-09-18 02:32:00,47470.0,47475.0,47455.0,47455.0,47455.0,76686
2025-09-18 02:34:00,47460.0,47465.0,47445.0,47455.0,47455.0,24150
2025-09-18 02:36:00,47450.0,47460.0,47430.0,47455.0,47455.0,10277
2025-09-18 02:38:00,47455.0,47455.0,47435.0,47450.0,47450.0,7012
2025-09-18 02:40:00,47450.0,47475.0,47445.0,47465.0,47465.0,21924
2025-09-18 02:42:00,47460.0,47470.0,47460.0,47465.0,47465.0,5583
2025-09-18 02:44:00,47465.0,47465.0,47445.0,47455.0,47455.0,11822
2025-09-18 02:46:00,47460.0,47460.0,47445.0,47455.0,47455.0,8438
2025-09-18 02:48:00,47455.0,47475.0,47450.0,47470.0,47470.0,9020
2025-09-18 02:50:00,47475.0,47485.0,47470.0,47475.0,47475.0,71669
2025-09-18 02:52:00,47475.0,47485.0,47475.0,47485.0,47485.0,10120
2025-09-18 02:54:00,47485.0,47490.0,47480.0,47485.0,47485.0,30848
2025-09-18 02:56:00,47485.0,47500.0,47475.0,47485.0,47485.0,14040
2025-09-18 02:58:00,47485.0,47490.0,47475.0,47485.0,47485.0,8547
2025-09-18 03:00:00,47485.0,47495.0,47465.0,47475.0,47475.0,30495
2025-09-18 03:02:00,47475.0,47480.0,47460.0,47475.0,47475.0,22325
2025-09-18 03:04:00,47480.0,47490.0,47465.0,47470.0,47470.0,13001
2025-09-18 03:06:00,47480.0,47480.0,47455.0,47455.0,47455.0,9482
2025-09-18 03:08:00,47460.0,47480.0,47455.0,47480.0,47480.0,3175
2025-09-18 03:10:00,47475.0,47495.0,47475.0,47490.0,47490.0,10506
2025-09-18 03:12:00,47490.0,47495.0,47480.0,47485.0,47485.0,19353
2025-09-18 03:14:00,47480.0,47490.0,47470.0,47487.0,47487.0,7234
2025-09-18 03:16:00,47490.0,47500.0,47485.0,47490.0,47490.0,5458
2025-09-18 03:18:00,47490.0,47490.0,47470.0,47485.0,47485.0,10475
2025-09-18 03:20:00,47485.0,47515.0,47485.0,47510.0,47510.0,38882
2025-09-18 03:22:00,47515.0,47530.0,47510.0,47520.0,47520.0,13740
2025-09-18 03:24:00,47525.0,47530.0,47510.0,47515.0,47515.0,14450
2025-09-18 03:26:00,47515.0,47520.0,47505.0,47510.0,47510.0,12051
2025-09-18 03:28:00,47510.0,47515.0,47505.0,47510.0,47510.0,21539
2025-09-18 03:30:00,47510.0,47515.0,47500.0,47510.0,47510.0,18814
2025-09-18 03:32:00,47510.0,47535.0,47505.0,47535.0,47535.0,42087
2025-09-18 03:34:00,47540.0,47550.0,47530.0,47540.0,47540.0,14090
2025-09-18 03:36:00,47535.0,47550.0,47530.0,47545.0,47545.0,9935
2025-09-18 03:38:00,47545.0,47565.0,47540.0,47565.0,47565.0,36013
2025-09-18 03:40:00,47565.0,47585.0,47555.0,47555.0,47555.0,39243
2025-09-18 03:42:00,47565.0,47585.0,47565.0,47572.0,47572.0,30598
2025-09-18 03:44:00,47575.0,47580.0,47555.0,47570.0,47570.0,24065
2025-09-18 03:46:00,47570.0,47595.0,47570.0,47595.0,47595.0,15175
2025-09-18 03:48:00,47590.0,47600.0,47580.0,47595.0,47595.0,15007
2025-09-18 03:50:00,47595.0,47620.0,47590.0,47620.0,47620.0,25477
2025-09-18 03:52:00,47610.0,47635.0,47605.0,47630.0,47630.0,48737
2025-09-18 03:54:00,47630.0,47650.0,47625.0,47645.0,47645.0,31193
2025-09-18 03:56:00,47645.0,47650.0,47625.0,47630.0,47630.0,51398
2025-09-18 03:58:00,47625.0,47650.0,47625.0,47640.0,47640.0,36432
2025-09-18 04:00:00,47645.0,47670.0,47635.0,47660.0,47660.0,92523
2025-09-18 04:02:00,47660.0,47660.0,47640.0,47655.0,47655.0,24521
2025-09-18 04:04:00,47655.0,47680.0,47655.0,47675.0,47675.0,24803
2025-09-18 04:06:00,47675.0,47690.0,47670.0,47675.0,47675.0,83957
2025-09-18 04:08:00,47675.0,47680.0,47650.0,47650.0,47650.0,46351
2025-09-18 04:10:00,47655.0,47675.0,47650.0,47665.0,47665.0,23301
2025-09-18 04:12:00,47665.0,47670.0,47620.0,47625.0,47625.0,40565
2025-09-18 04:14:00,47620.0,47635.0,47590.0,47635.0,47635.0,57286
2025-09-18 04:16:00,47630.0,47635.0,47610.0,47625.0,47625.0,62836
2025-09-18 04:18:00,47625.0,47630.0,47610.0,47610.0,47610.0,22304
2025-09-18 04:20:00,47605.0,47625.0,47595.0,47605.0,47605.0,10955
2025-09-18 04:22:00,47600.0,47615.0,47560.0,47565.0,47565.0,67559
2025-09-18 04:24:00,47565.0,47595.0,47565.0,47595.0,47595.0,16792
2025-09-18 04:26:00,47585.0,47595.0,47565.0,47590.0,47590.0,32828
2025-09-18 04:28:00,47590.0,47590.0,47575.0,47580.0,47580.0,10835
2025-09-18 04:30:00,47585.0,47610.0,47580.0,47600.0,47600.0,8281
2025-09-18 04:32:00,47600.0,47610.0,47590.0,47600.0,47600.0,22403
2025-09-18 04:34:00,47600.0,47615.0,47590.0,47600.0,47600.0,22614
2025-09-18 04:36:00,47595.0,47600.0,47560.0,47570.0,47570.0,42470
2025-09-18 04:38:00,47570.0,47600.0,47565.0,47590.0,47590.0,25588
2025-09-18 04:40:00,47585.0,47605.0,47585.0,47595.0,47595.0,21005
2025-09-18 04:42:00,47600.0,47615.0,47600.0,47615.0,47615.0,6304
2025-09-18 04:44:00,47615.0,47635.0,47615.0,47625.0,47625.0,19199
2025-09-18 04:46:00,47625.0,47640.0,47620.0,47630.0,47630.0,9757
2025-09-18 04:48:00,47630.0,47640.0,47625.0,47635.0,47635.0,10431
2025-09-18 04:50:00,47635.0,47645.0,47630.0,47640.0,47640.0,28031
2025-09-18 04:52:00,47645.0,47650.0,47635.0,47645.0,47645.0,30741
2025-09-18 04:54:00,47640.0,47645.0,47625.0,47640.0,47640.0,33864
2025-09-18 04:56:00,47640.0,47640.0,47615.0,47620.0,47620.0,33981
2025-09-18 04:58:00,47620.0,47630.0,47615.0,47630.0,47630.0,4673
2025-09-18 05:00:00,47625.0,47655.0,47620.0,47655.0,47655.0,29810
2025-09-18 05:02:00,47655.0,47665.0,47640.0,47665.0,47665.0,32678
2025-09-18 05:04:00,47660.0,47670.0,47650.0,47660.0,47660.0,31373
2025-09-18 05:06:00,47660.0,47665.0,47645.0,47650.0,47650.0,21781
2025-09-18 05:08:00,47650.0,47670.0,47645.0,47660.0,47660.0,16670
2025-09-18 05:10:00,47655.0,47670.0,47650.0,47670.0,47670.0,9501
2025-09-18 05:12:00,47665.0,47670.0,47660.0,47665.0,47665.0,10578
2025-09-18 05:14:00,47665.0,47670.0,47655.0,47670.0,47670.0,24739
2025-09-18 05:16:00,47670.0,47695.0,47665.0,47685.0,47685.0,63662
2025-09-18 05:18:00,47685.0,47695.0,47670.0,47680.0,47680.0,29668
2025-09-18 05:20:00,47680.0,47680.0,47655.0,47667.0,47667.0,21490
2025-09-18 05:22:00,47670.0,47680.0,47665.0,47680.0,47680.0,10215
2025-09-18 05:24:00,47680.0,47695.0,47675.0,47685.0,47685.0,12172
2025-09-18 05:26:00,47675.0,47685.0,47650.0,47655.0,47655.0,33179
2025-09-18 05:28:00,47655.0,47655.0,47630.0,47640.0,47640.0,54675
2025-09-18 05:30:00,47640.0,47650.0,47630.0,47630.0,47630.0,15478
2025-09-18 05:32:00,47630.0,47635.0,47610.0,47620.0,47620.0,17912
2025-09-18 05:34:00,47615.0,47635.0,47610.0,47625.0,47625.0,59567
2025-09-18 05:36:00,47622.0,47650.0,47620.0,47635.0,47635.0,25722
2025-09-18 05:38:00,47635.0,47635.0,47615.0,47630.0,47630.0,13785
2025-09-18 05:40:00,47625.0,47660.0,47625.0,47655.0,47655.0,15152
2025-09-18 05:42:00,47655.0,47675.0,47650.0,47670.0,47670.0,52355
2025-09-18 05:44:00,47670.0,47670.0,47650.0,47665.0,47665.0,9461
2025-09-18 05:46:00,47660.0,47665.0,47635.0,47640.0,47640.0,16281
2025-09-18 05:48:00,47635.0,47640.0,47615.0,47625.0,47625.0,41611
2025-09-18 05:50:00,47625.0,47630.0,47610.0,47610.0,47610.0,23452
2025-09-18 05:52:00,47610.0,47620.0,47590.0,47615.0,47615.0,64722
2025-09-18 05:54:00,47615.0,47625.0,47595.0,47625.0,47625.0,14028
2025-09-18 05:56:00,47625.0,47630.0,47615.0,47620.0,47620.0,15787
2025-09-18 05:58:00,47620.0,47640.0,47620.0,47625.0,47625.0,62230
2025-09-19 00:00:00,47740.0,47775.0,47655.0,47775.0,47775.0,275301
2025-09-19 00:02:00,47770.0,47780.0,47710.0,47755.0,47755.0,94468
2025-09-19 00:04:00,47750.0,47865.0,47725.0,47830.0,47830.0,132828
2025-09-19 00:06:00,47830.0,47860.0,47640.0,47640.0,47640.0,147893
2025-09-19 00:08:00,47640.0,47645.0,47560.0,47575.0,47575.0,67066
2025-09-19 00:10:00,47580.0,47640.0,47550.0,47630.0,47630.0,62007
2025-09-19 00:12:00,47635.0,47710.0,47630.0,47685.0,47685.0,94299
2025-09-19 00:14:00,47680.0,47730.0,47670.0,47710.0,47710.0,68921
2025-09-19 00:16:00,47710.0,47710.0,47655.0,47660.0,47660.0,63905
2025-09-19 00:18:00,47660.0,47720.0,47657.0,47690.0,47690.0,39666
2025-09-19 00:20:00,47695.0,47715.0,47675.0,47700.0,47700.0,39024
2025-09-19 00:22:00,47695.0,47715.0,47615.0,47615.0,47615.0,75233
2025-09-19 00:24:00,47615.0,47615.0,47570.0,47595.0,47595.0,44417
2025-09-19 00:26:00,47600.0,47635.0,47595.0,47630.0,47630.0,81660
2025-09-19 00:28:00,47630.0,47675.0,47625.0,47665.0,47665.0,141585
2025-09-19 00:30:00,47660.0,47690.0,47645.0,47680.0,47680.0,95608
2025-09-19 00:32:00,47680.0,47695.0,47630.0,47645.0,47645.0,44582
2025-09-19 00:34:00,47635.0,47675.0,47600.0,47675.0,47675.0,67478
2025-09-19 00:36:00,47675.0,47685.0,47610.0,47655.0,47655.0,39721
2025-09-19 00:38:00,47655.0,47655.0,47605.0,47620.0,47620.0,39973
2025-09-19 00:40:00,47620.0,47630.0,47570.0,47595.0,47595.0,86365
2025-09-19 00:42:00,47605.0,47635.0,47585.0,47635.0,47635.0,26617
2025-09-19 00:44:00,47635.0,47635.0,47555.0,47575.0,47575.0,35416
2025-09-19 00:46:00,47575.0,47575.0,47500.0,47500.0,47500.0,81086
2025-09-19 00:48:00,47500.0,47535.0,47475.0,47535.0,47535.0,40472
2025-09-19 00:50:00,47530.0,47590.0,47525.0,47565.0,47565.0,47043
2025-09-19 00:52:00,47565.0,47600.0,47565.0,47590.0,47590.0,11309
2025-09-19 00:54:00,47595.0,47605.0,47535.0,47550.0,47550.0,24623
2025-09-19 00:56:00,47545.0,47550.0,47500.0,47510.0,47510.0,21135
2025-09-19 00:58:00,47505.0,47515.0,47470.0,47475.0,47475.0,33743
2025-09-19 01:00:00,47470.0,47500.0,47440.0,47445.0,47445.0,50402
2025-09-19 01:02:00,47450.0,47460.0,47405.0,47460.0,47460.0,43740
2025-09-19 01:04:00,47460.0,47480.0,47450.0,47480.0,47480.0,20028
2025-09-19 01:06:00,47480.0,47505.0,47465.0,47475.0,47475.0,39325
2025-09-19 01:08:00,47475.0,47480.0,47455.0,47475.0,47475.0,17351
2025-09-19 01:10:00,47475.0,47480.0,47440.0,47440.0,47440.0,15516
2025-09-19 01:12:00,47440.0,47480.0,47425.0,47465.0,47465.0,29778
2025-09-19 01:14:00,47465.0,47480.0,47435.0,47435.0,47435.0,79537
2025-09-19 01:16:00,47440.0,47475.0,47420.0,47470.0,47470.0,28282
2025-09-19 01:18:00,47470.0,47490.0,47450.0,47460.0,47460.0,13183
2025-09-19 01:20:00,47460.0,47490.0,47450.0,47490.0,47490.0,15556
2025-09-19 01:22:00,47490.0,47505.0,47470.0,47485.0,47485.0,17222
2025-09-19 01:24:00,47485.0,47500.0,47405.0,47410.0,47410.0,54240
2025-09-19 01:26:00,47415.0,47470.0,47405.0,47450.0,47450.0,27815
2025-09-19 01:28:00,47455.0,47455.0,47425.0,47440.0,47440.0,11772
2025-09-19 01:30:00,47440.0,47450.0,47427.0,47445.0,47445.0,17316
2025-09-19 01:32:00,47440.0,47475.0,47430.0,47475.0,47475.0,15365
2025-09-19 01:34:00,47475.0,47495.0,47450.0,47455.0,47455.0,26340
2025-09-19 01:36:00,47455.0,47470.0,47430.0,47445.0,47445.0,25131
2025-09-19 01:38:00,47450.0,47450.0,47425.0,47440.0,47440.0,20688
2025-09-19 01:40:00,47445.0,47455.0,47420.0,47420.0,47420.0,49012
2025-09-19 01:42:00,47420.0,47485.0,47415.0,47485.0,47485.0,34540
2025-09-19 01:44:00,47490.0,47530.0,47490.0,47505.0,47505.0,55498
2025-09-19 01:46:00,47500.0,47500.0,47485.0,47500.0,47500.0,8284
2025-09-19 01:48:00,47495.0,47495.0,47430.0,47435.0,47435.0,18971
2025-09-19 01:50:00,47430.0,47450.0,47385.0,47390.0,47390.0,63624
2025-09-19 01:52:00,47390.0,47445.0,47385.0,47440.0,47440.0,44327
2025-09-19 01:54:00,47435.0,47440.0,47415.0,47430.0,47430.0,14607
2025-09-19 01:56:00,47435.0,47470.0,47435.0,47460.0,47460.0,48893
2025-09-19 01:58:00,47455.0,47485.0,47455.0,47475.0,47475.0,15786
2025-09-19 02:00:00,47475.0,47485.0,47465.0,47480.0,47480.0,35038
2025-09-19 02:02:00,47480.0,47490.0,47475.0,47480.0,47480.0,10658
2025-09-19 02:04:00,47475.0,47490.0,47470.0,47490.0,47490.0,28040
2025-09-19 02:06:00,47490.0,47575.0,47485.0,47575.0,47575.0,382761
2025-09-19 02:08:00,47565.0,47580.0,47525.0,47540.0,47540.0,19973
2025-09-19 02:10:00,47545.0,47555.0,47530.0,47550.0,47550.0,18013
2025-09-19 02:12:00,47545.0,47575.0,47520.0,47525.0,47525.0,21758
2025-09-19 02:14:00,47520.0,47540.0,47510.0,47530.0,47530.0,8263
2025-09-19 02:16:00,47535.0,47555.0,47530.0,47540.0,47540.0,20724
2025-09-19 02:18:00,47540.0,47550.0,47515.0,47530.0,47530.0,13679
2025-09-19 02:20:00,47530.0,47530.0,47490.0,47495.0,47495.0,45473
2025-09-19 02:22:00,47490.0,47495.0,47470.0,47490.0,47490.0,22705
2025-09-19 02:24:00,47490.0,47495.0,47460.0,47465.0,47465.0,22786
2025-09-19 02:26:00,47470.0,47490.0,47470.0,47480.0,47480.0,47991
2025-09-19 02:28:00,47480.0,47495.0,47465.0,47470.0,47470.0,110723
2025-09-19 02:30:00,47470.0,47485.0,47465.0,47485.0,47485.0,121743
2025-09-19 02:32:00,47480.0,47500.0,47475.0,47495.0,47495.0,116226
2025-09-19 02:34:00,47495.0,47505.0,47485.0,47495.0,47495.0,12037
2025-09-19 02:36:00,47495.0,47510.0,47495.0,47510.0,47510.0,8502
2025-09-19 02:38:00,47510.0,47515.0,47500.0,47505.0,47505.0,8782
2025-09-19 02:40:00,47500.0,47510.0,47485.0,47505.0,47505.0,26672
2025-09-19 02:42:00,47495.0,47510.0,47490.0,47490.0,47490.0,16818
2025-09-19 02:44:00,47490.0,47500.0,47470.0,47475.0,47475.0,11712
2025-09-19 02:46:00,47475.0,47485.0,47465.0,47470.0,47470.0,16808
2025-09-19 02:48:00,47480.0,47485.0,47455.0,47465.0,47465.0,15139
2025-09-19 02:50:00,47465.0,47485.0,47460.0,47480.0,47480.0,15345
2025-09-19 02:52:00,47480.0,47500.0,47475.0,47480.0,47480.0,24274
2025-09-19 02:54:00,47480.0,47490.0,47460.0,47470.0,47470.0,16276
2025-09-19 02:56:00,47460.0,47475.0,47460.0,47470.0,47470.0,10486
2025-09-19 02:58:00,47465.0,47480.0,47440.0,47470.0,47470.0,18810
2025-09-19 03:00:00,47475.0,47490.0,47450.0,47455.0,47455.0,11000
2025-09-19 03:02:00,47460.0,47475.0,47455.0,47475.0,47475.0,12670
2025-09-19 03:04:00,47470.0,47495.0,47470.0,47490.0,47490.0,28142
2025-09-19 03:06:00,47495.0,47500.0,47470.0,47475.0,47475.0,20736
2025-09-19 03:08:00,47470.0,47495.0,47455.0,47490.0,47490.0,20052
2025-09-19 03:10:00,47495.0,47530.0,47485.0,47530.0,47530.0,42641
2025-09-19 03:12:00,47520.0,47535.0,47515.0,47535.0,47535.0,10890
2025-09-19 03:14:00,47535.0,47545.0,47530.0,47540.0,47540.0,26782
2025-09-19 03:16:00,47540.0,47545.0,47525.0,47530.0,47530.0,15442
2025-09-19 03:18:00,47530.0,47530.0,47505.0,47512.0,47512.0,10220
2025-09-19 03:20:00,47512.0,47515.0,47490.0,47490.0,47490.0,15302
2025-09-19 03:22:00,47495.0,47500.0,47485.0,47490.0,47490.0,13765
2025-09-19 03:24:00,47500.0,47515.0,47495.0,47515.0,47515.0,16227
2025-09-19 03:26:00,47515.0,47515.0,47500.0,47510.0,47510.0,15240
2025-09-19 03:28:00,47505.0,47510.0,47490.0,47505.0,47505.0,12757
2025-09-19 03:30:00,47500.0,47520.0,47485.0,47510.0,47510.0,30205
2025-09-19 03:32:00,47510.0,47520.0,47490.0,47495.0,47495.0,10972
2025-09-19 03:34:00,47490.0,47495.0,47465.0,47485.0,47485.0,19000
2025-09-19 03:36:00,47475.0,47480.0,47465.0,47480.0,47480.0,10650
2025-09-19 03:38:00,47475.0,47500.0,47475.0,47495.0,47495.0,13518
2025-09-19 03:40:00,47495.0,47495.0,47460.0,47470.0,47470.0,11709
2025-09-19 03:42:00,47470.0,47470.0,47440.0,47445.0,47445.0,22032
2025-09-19 03:44:00,47450.0,47450.0,47440.0,47447.0,47447.0,22631
2025-09-19 03:46:00,47447.0,47490.0,47442.0,47470.0,47470.0,36712
2025-09-19 03:48:00,47475.0,47475.0,47425.0,47445.0,47445.0,33191
2025-09-19 03:50:00,47450.0,47465.0,47440.0,47465.0,47465.0,18497
2025-09-19 03:52:00,47465.0,47495.0,47460.0,47465.0,47465.0,27405
2025-09-19 03:54:00,47465.0,47465.0,47415.0,47430.0,47430.0,54214
2025-09-19 03:56:00,47430.0,47450.0,47420.0,47450.0,47450.0,9311
2025-09-19 03:58:00,47445.0,47450.0,47420.0,47440.0,47440.0,14073
2025-09-19 04:00:00,47435.0,47437.0,47410.0,47415.0,47415.0,22822
2025-09-19 04:02:00,47410.0,47420.0,47390.0,47395.0,47395.0,44085
2025-09-19 04:04:00,47395.0,47430.0,47380.0,47430.0,47430.0,38101
2025-09-19 04:06:00,47430.0,47440.0,47425.0,47435.0,47435.0,14754
2025-09-19 04:08:00,47435.0,47435.0,47400.0,47405.0,47405.0,15198
2025-09-19 04:10:00,47405.0,47420.0,47390.0,47400.0,47400.0,15348
2025-09-19 04:12:00,47400.0,47410.0,47390.0,47395.0,47395.0,11430
2025-09-19 04:14:00,47390.0,47400.0,47385.0,47390.0,47390.0,11033
2025-09-19 04:16:00,47390.0,47410.0,47385.0,47395.0,47395.0,24601
2025-09-19 04:18:00,47395.0,47395.0,47380.0,47390.0,47390.0,12613
2025-09-19 04:20:00,47390.0,47410.0,47385.0,47400.0,47400.0,13084
2025-09-19 04:22:00,47400.0,47410.0,47385.0,47400.0,47400.0,15173
2025-09-19 04:24:00,47400.0,47405.0,47380.0,47380.0,47380.0,70187
2025-09-19 04:26:00,47390.0,47395.0,47375.0,47380.0,47380.0,20225
2025-09-19 04:28:00,47390.0,47390.0,47375.0,47385.0,47385.0,24138
2025-09-19 04:30:00,47390.0,47395.0,47375.0,47395.0,47395.0,17708
2025-09-19 04:32:00,47395.0,47405.0,47380.0,47400.0,47400.0,19353
2025-09-19 04:34:00,47395.0,47410.0,47385.0,47400.0,47400.0,18042
2025-09-19 04:36:00,47395.0,47405.0,47385.0,47400.0,47400.0,11939
2025-09-19 04:38:00,47400.0,47430.0,47395.0,47415.0,47415.0,17766
2025-09-19 04:40:00,47415.0,47420.0,47400.0,47415.0,47415.0,10195
2025-09-19 04:42:00,47420.0,47440.0,47415.0,47427.0,47427.0,31725
2025-09-19 04:44:00,47427.0,47445.0,47420.0,47425.0,47425.0,17026
2025-09-19 04:46:00,47425.0,47435.0,47415.0,47420.0,47420.0,14112
2025-09-19 04:48:00,47420.0,47450.0,47420.0,47440.0,47440.0,28799
2025-09-19 04:50:00,47445.0,47450.0,47440.0,47440.0,47440.0,14763
2025-09-19 04:52:00,47440.0,47450.0,47440.0,47450.0,47450.0,15196
2025-09-19 04:54:00,47450.0,47450.0,47430.0,47430.0,47430.0,20668
2025-09-19 04:56:00,47435.0,47440.0,47425.0,47440.0,47440.0,10118
2025-09-19 04:58:00,47440.0,47450.0,47420.0,47422.0,47422.0,16795
2025-09-19 05:00:00,47422.0,47432.0,47415.0,47427.0,47427.0,14912
2025-09-19 05:02:00,47427.0,47430.0,47410.0,47415.0,47415.0,20905
2025-09-19 05:04:00,47420.0,47450.0,47415.0,47450.0,47450.0,11013
2025-09-19 05:06:00,47445.0,47450.0,47440.0,47450.0,47450.0,85575
2025-09-19 05:08:00,47445.0,47450.0,47440.0,47440.0,47440.0,13620
2025-09-19 05:10:00,47450.0,47450.0,47425.0,47450.0,47450.0,15647
2025-09-19 05:12:00,47450.0,47450.0,47420.0,47425.0,47425.0,15089
2025-09-19 05:14:00,47430.0,47445.0,47425.0,47435.0,47435.0,10442
2025-09-19 05:16:00,47445.0,47445.0,47430.0,47435.0,47435.0,9845
2025-09-19 05:18:00,47435.0,47450.0,47435.0,47440.0,47440.0,7091
2025-09-19 05:20:00,47440.0,47480.0,47435.0,47475.0,47475.0,76549
2025-09-19 05:22:00,47475.0,47490.0,47465.0,47485.0,47485.0,26780
2025-09-19 05:24:00,47490.0,47490.0,47450.0,47465.0,47465.0,17715
2025-09-19 05:26:00,47470.0,47470.0,47455.0,47465.0,47465.0,14872
2025-09-19 05:28:00,47470.0,47470.0,47440.0,47445.0,47445.0,23750
2025-09-19 05:30:00,47440.0,47445.0,47410.0,47425.0,47425.0,15419
2025-09-19 05:32:00,47425.0,47465.0,47425.0,47460.0,47460.0,11445
2025-09-19 05:34:00,47465.0,47465.0,47430.0,47435.0,47435.0,8963
2025-09-19 05:36:00,47435.0,47440.0,47415.0,47420.0,47420.0,11787
2025-09-19 05:38:00,47420.0,47430.0,47400.0,47410.0,47410.0,14159
2025-09-19 05:40:00,47405.0,47410.0,47385.0,47385.0,47385.0,36465
2025-09-19 05:42:00,47385.0,47385.0,47370.0,47370.0,47370.0,19043
2025-09-19 05:44:00,47375.0,47390.0,47360.0,47380.0,47380.0,28392
2025-09-19 05:46:00,47380.0,47395.0,47370.0,47375.0,47375.0,8636
2025-09-19 05:48:00,47380.0,47395.0,47375.0,47395.0,47395.0,8438
2025-09-19 05:50:00,47395.0,47410.0,47385.0,47410.0,47410.0,16156
2025-09-19 05:52:00,47415.0,47415.0,47400.0,47415.0,47415.0,5611
2025-09-19 05:54:00,47410.0,47410.0,47395.0,47410.0,47410.0,10559
2025-09-19 05:56:00,47410.0,47425.0,47405.0,47425.0,47425.0,14513
2025-09-19 05:58:00,47425.0,47435.0,47415.0,47420.0,47420.0,14329
2025-09-22 00:00:00,47765.0,47920.0,47745.0,47885.0,47885.0,204509
2025-09-22 00:02:00,47880.0,48015.0,47860.0,48000.0,48000.0,203603
2025-09-22 00:04:00,48010.0,48080.0,47945.0,48075.0,48075.0,223647
2025-09-22 00:06:00,48075.0,48175.0,48065.0,48170.0,48170.0,219486
2025-09-22 00:08:00,48170.0,48170.0,48090.0,48100.0,48100.0,102271
2025-09-22 00:10:00,48100.0,48145.0,48060.0,48070.0,48070.0,104549
2025-09-22 00:12:00,48080.0,48130.0,48060.0,48080.0,48080.0,87692
2025-09-22 00:14:00,48080.0,48100.0,47900.0,47950.0,47950.0,159918
2025-09-22 00:16:00,47950.0,47950.0,47875.0,47895.0,47895.0,72082
2025-09-22 00:18:00,47890.0,47905.0,47840.0,47865.0,47865.0,72139
2025-09-22 00:20:00,47860.0,47885.0,47805.0,47850.0,47850.0,136886
2025-09-22 00:22:00,47850.0,47910.0,47845.0,47895.0,47895.0,95515
2025-09-22 00:24:00,47890.0,47995.0,47890.0,47995.0,47995.0,208876
2025-09-22 00:26:00,47985.0,48005.0,47965.0,47990.0,47990.0,53800
2025-09-22 00:28:00,47980.0,48000.0,47970.0,47990.0,47990.0,27934
2025-09-22 00:30:00,47995.0,48010.0,47955.0,47985.0,47985.0,53125
2025-09-22 00:32:00,47985.0,48005.0,47840.0,47845.0,47845.0,113471
2025-09-22 00:34:00,47840.0,47905.0,47825.0,47885.0,47885.0,112331
2025-09-22 00:36:00,47885.0,47890.0,47865.0,47870.0,47870.0,35403
2025-09-22 00:38:00,47865.0,47895.0,47860.0,47880.0,47880.0,34643
2025-09-22 00:40:00,47880.0,47925.0,47880.0,47900.0,47900.0,28822
2025-09-22 00:42:00,47895.0,47900.0,47860.0,47865.0,47865.0,38584
2025-09-22 00:44:00,47865.0,47865.0,47825.0,47845.0,47845.0,117912
2025-09-22 00:46:00,47840.0,47870.0,47825.0,47840.0,47840.0,132610
2025-09-22 00:48:00,47835.0,47850.0,47825.0,47835.0,47835.0,57087
2025-09-22 00:50:00,47830.0,47845.0,47805.0,47840.0,47840.0,41540
2025-09-22 00:52:00,47845.0,47890.0,47835.0,47890.0,47890.0,64254
2025-09-22 00:54:00,47890.0,47920.0,47870.0,47880.0,47880.0,142218
2025-09-22 00:56:00,47885.0,47975.0,47880.0,47970.0,47970.0,29461
2025-09-22 00:58:00,47970.0,47975.0,47930.0,47955.0,47955.0,51963
2025-09-22 01:00:00,47960.0,47970.0,47940.0,47965.0,47965.0,53548
2025-09-22 01:02:00,47965.0,47975.0,47945.0,47965.0,47965.0,88183
2025-09-22 01:04:00,47975.0,48025.0,47955.0,48015.0,48015.0,113557
2025-09-22 01:06:00,48020.0,48025.0,47990.0,48015.0,48015.0,39654
2025-09-22 01:08:00,48015.0,48020.0,47995.0,48020.0,48020.0,95318
2025-09-22 01:10:00,48020.0,48035.0,48005.0,48035.0,48035.0,55144
2025-09-22 01:12:00,48030.0,48070.0,48020.0,48070.0,48070.0,48003
2025-09-22 01:14:00,48065.0,48095.0,48015.0,48050.0,48050.0,161285
2025-09-22 01:16:00,48045.0,48090.0,48040.0,48090.0,48090.0,70882
2025-09-22 01:18:00,48085.0,48095.0,48020.0,48030.0,48030.0,60455
2025-09-22 01:20:00,48030.0,48030.0,47960.0,48020.0,48020.0,35099
2025-09-22 01:22:00,48020.0,48020.0,47975.0,48005.0,48005.0,18027
2025-09-22 01:24:00,48005.0,48005.0,47985.0,47995.0,47995.0,18958
2025-09-22 01:26:00,47990.0,48030.0,47990.0,48020.0,48020.0,22987
2025-09-22 01:28:00,48020.0,48045.0,48015.0,48040.0,48040.0,18422
2025-09-22 01:30:00,48040.0,48055.0,48025.0,48030.0,48030.0,19575
2025-09-22 01:32:00,48030.0,48055.0,48005.0,48020.0,48020.0,68006
2025-09-22 01:34:00,48015.0,48045.0,47985.0,48005.0,48005.0,53991
2025-09-22 01:36:00,48005.0,48010.0,47975.0,47990.0,47990.0,39098
2025-09-22 01:38:00,47990.0,48025.0,47985.0,48015.0,48015.0,26677
2025-09-22 01:40:00,48015.0,48020.0,47975.0,48000.0,48000.0,31536
2025-09-22 01:42:00,47995.0,48045.0,47995.0,48045.0,48045.0,23623
2025-09-22 01:44:00,48045.0,48090.0,48035.0,48085.0,48085.0,32102
2025-09-22 01:46:00,48085.0,48090.0,48055.0,48085.0,48085.0,25508
2025-09-22 01:48:00,48080.0,48125.0,48080.0,48100.0,48100.0,86044
2025-09-22 01:50:00,48110.0,48160.0,48105.0,48140.0,48140.0,175564
2025-09-22 01:52:00,48140.0,48160.0,48125.0,48150.0,48150.0,44227
2025-09-22 01:54:00,48150.0,48155.0,48115.0,48140.0,48140.0,49354
2025-09-22 01:56:00,48135.0,48175.0,48130.0,48170.0,48170.0,93054
2025-09-22 01:58:00,48170.0,48170.0,48135.0,48145.0,48145.0,23850
2025-09-22 02:00:00,48140.0,48160.0,48130.0,48145.0,48145.0,23586
2025-09-22 02:02:00,48150.0,48160.0,48135.0,48145.0,48145.0,18545
2025-09-22 02:04:00,48145.0,48150.0,48105.0,48110.0,48110.0,31115
2025-09-22 02:06:00,48115.0,48120.0,48080.0,48090.0,48090.0,25047
2025-09-22 02:08:00,48080.0,48090.0,48050.0,48060.0,48060.0,27373
2025-09-22 02:10:00,48065.0,48075.0,48050.0,48055.0,48055.0,21035
2025-09-22 02:12:00,48060.0,48085.0,48045.0,48060.0,48060.0,21488
2025-09-22 02:14:00,48070.0,48075.0,48055.0,48065.0,48065.0,21590
2025-09-22 02:16:00,48060.0,48090.0,48060.0,48065.0,48065.0,17484
2025-09-22 02:18:00,48065.0,48065.0,48030.0,48030.0,48030.0,40250
2025-09-22 02:20:00,48030.0,48070.0,48030.0,48060.0,48060.0,18609
2025-09-22 02:22:00,48065.0,48080.0,48055.0,48075.0,48075.0,17233
2025-09-22 02:24:00,48080.0,48120.0,48070.0,48115.0,48115.0,48658
2025-09-22 02:26:00,48115.0,48120.0,48095.0,48095.0,48095.0,21109
2025-09-22 02:28:00,48100.0,48100.0,48070.0,48075.0,48075.0,20102
2025-09-22 02:30:00,48070.0,48090.0,48070.0,48070.0,48070.0,22220
2025-09-22 02:32:00,48075.0,48085.0,48065.0,48065.0,48065.0,20054
2025-09-22 02:34:00,48075.0,48090.0,48060.0,48090.0,48090.0,15633
2025-09-22 02:36:00,48090.0,48095.0,48065.0,48080.0,48080.0,21799
2025-09-22 02:38:00,48080.0,48090.0,48065.0,48070.0,48070.0,23460
2025-09-22 02:40:00,48070.0,48080.0,48050.0,48055.0,48055.0,19430
2025-09-22 02:42:00,48050.0,48070.0,48050.0,48070.0,48070.0,21417
2025-09-22 02:44:00,48065.0,48075.0,48060.0,48060.0,48060.0,19463
2025-09-22 02:46:00,48060.0,48070.0,48030.0,48055.0,48055.0,16762
2025-09-22 02:48:00,48060.0,48080.0,48055.0,48065.0,48065.0,25116
2025-09-22 02:50:00,48065.0,48075.0,48055.0,48065.0,48065.0,17790
2025-09-22 02:52:00,48060.0,48115.0,48055.0,48105.0,48105.0,73954
2025-09-22 02:54:00,48100.0,48115.0,48080.0,48095.0,48095.0,25981
2025-09-22 02:56:00,48095.0,48115.0,48090.0,48115.0,48115.0,25893
2025-09-22 02:58:00,48110.0,48125.0,48100.0,48125.0,48125.0,15898
2025-09-22 03:00:00,48125.0,48125.0,48110.0,48115.0,48115.0,23100
2025-09-22 03:02:00,48125.0,48125.0,48090.0,48095.0,48095.0,28979
2025-09-22 03:04:00,48090.0,48095.0,48075.0,48085.0,48085.0,15572
2025-09-22 03:06:00,48085.0,48095.0,48080.0,48080.0,48080.0,18123
2025-09-22 03:08:00,48080.0,48090.0,48075.0,48085.0,48085.0,17388
2025-09-22 03:10:00,48080.0,48090.0,48075.0,48075.0,48075.0,35678
2025-09-22 03:12:00,48075.0,48075.0,48060.0,48065.0,48065.0,23641
2025-09-22 03:14:00,48060.0,48065.0,48040.0,48045.0,48045.0,25127
2025-09-22 03:16:00,48055.0,48070.0,48045.0,48060.0,48060.0,22253
2025-09-22 03:18:00,48060.0,48100.0,48055.0,48095.0,48095.0,46899
2025-09-22 03:20:00,48095.0,48145.0,48085.0,48135.0,48135.0,45686
2025-09-22 03:22:00,48135.0,48155.0,48120.0,48150.0,48150.0,49598
2025-09-22 03:24:00,48145.0,48170.0,48145.0,48160.0,48160.0,93562
2025-09-22 03:26:00,48155.0,48200.0,48155.0,48195.0,48195.0,87865
2025-09-22 03:28:00,48190.0,48220.0,48190.0,48210.0,48210.0,51429
2025-09-22 03:30:00,48205.0,48215.0,48155.0,48160.0,48160.0,36690
2025-09-22 03:32:00,48160.0,48175.0,48155.0,48165.0,48165.0,13129
2025-09-22 03:34:00,48165.0,48185.0,48155.0,48165.0,48165.0,26037
2025-09-22 03:36:00,48165.0,48165.0,48135.0,48140.0,48140.0,18487
2025-09-22 03:38:00,48145.0,48145.0,48130.0,48130.0,48130.0,12987
2025-09-22 03:40:00,48140.0,48150.0,48130.0,48140.0,48140.0,34991
2025-09-22 03:42:00,48140.0,48160.0,48140.0,48150.0,48150.0,29274
2025-09-22 03:44:00,48145.0,48160.0,48145.0,48145.0,48145.0,27506
2025-09-22 03:46:00,48147.0,48165.0,48145.0,48160.0,48160.0,23376
2025-09-22 03:48:00,48155.0,48160.0,48140.0,48140.0,48140.0,32676
2025-09-22 03:50:00,48150.0,48165.0,48140.0,48150.0,48150.0,21028
2025-09-22 03:52:00,48155.0,48155.0,48140.0,48150.0,48150.0,29825
2025-09-22 03:54:00,48150.0,48160.0,48145.0,48155.0,48155.0,26584
2025-09-22 03:56:00,48155.0,48160.0,48145.0,48150.0,48150.0,17422
2025-09-22 03:58:00,48150.0,48155.0,48145.0,48145.0,48145.0,36122
2025-09-22 04:00:00,48145.0,48155.0,48130.0,48140.0,48140.0,22769
2025-09-22 04:02:00,48140.0,48140.0,48110.0,48115.0,48115.0,46315
2025-09-22 04:04:00,48115.0,48115.0,48095.0,48095.0,48095.0,55278
2025-09-22 04:06:00,48095.0,48095.0,48055.0,48060.0,48060.0,51740
2025-09-22 04:08:00,48065.0,48070.0,48025.0,48025.0,48025.0,89237
2025-09-22 04:10:00,48030.0,48040.0,47955.0,47970.0,47970.0,102692
2025-09-22 04:12:00,47975.0,48010.0,47965.0,47995.0,47995.0,32141
2025-09-22 04:14:00,47995.0,48010.0,47980.0,47985.0,47985.0,31003
2025-09-22 04:16:00,47987.0,47990.0,47970.0,47980.0,47980.0,30901
2025-09-22 04:18:00,47977.0,47980.0,47960.0,47970.0,47970.0,21705
2025-09-22 04:20:00,47970.0,47980.0,47925.0,47930.0,47930.0,44527
2025-09-22 04:22:00,47930.0,47935.0,47895.0,47900.0,47900.0,52105
2025-09-22 04:24:00,47910.0,47935.0,47905.0,47935.0,47935.0,81983
2025-09-22 04:26:00,47930.0,47950.0,47915.0,47920.0,47920.0,13749
2025-09-22 04:28:00,47920.0,47925.0,47905.0,47910.0,47910.0,15389
2025-09-22 04:30:00,47910.0,47930.0,47900.0,47930.0,47930.0,25505
2025-09-22 04:32:00,47930.0,47940.0,47915.0,47915.0,47915.0,20280
2025-09-22 04:34:00,47920.0,47920.0,47890.0,47915.0,47915.0,22669
2025-09-22 04:36:00,47915.0,47915.0,47875.0,47880.0,47880.0,33006
2025-09-22 04:38:00,47885.0,47890.0,47870.0,47885.0,47885.0,14297
2025-09-22 04:40:00,47885.0,47890.0,47870.0,47870.0,47870.0,18188
2025-09-22 04:42:00,47870.0,47890.0,47865.0,47880.0,47880.0,27990
2025-09-22 04:44:00,47880.0,47900.0,47860.0,47865.0,47865.0,84501
2025-09-22 04:46:00,47875.0,47890.0,47865.0,47880.0,47880.0,13420
2025-09-22 04:48:00,47890.0,47905.0,47880.0,47895.0,47895.0,24906
2025-09-22 04:50:00,47885.0,47900.0,47885.0,47890.0,47890.0,17351
2025-09-22 04:52:00,47890.0,47915.0,47890.0,47910.0,47910.0,73259
2025-09-22 04:54:00,47905.0,47920.0,47895.0,47910.0,47910.0,39391
2025-09-22 04:56:00,47910.0,47925.0,47905.0,47920.0,47920.0,13300
2025-09-22 04:58:00,47915.0,47920.0,47900.0,47905.0,47905.0,11428
2025-09-22 05:00:00,47910.0,47925.0,47900.0,47925.0,47925.0,37315
2025-09-22 05:02:00,47925.0,47935.0,47910.0,47925.0,47925.0,46165
2025-09-22 05:04:00,47920.0,47935.0,47920.0,47935.0,47935.0,108103
2025-09-22 05:06:00,47935.0,47945.0,47920.0,47925.0,47925.0,20499
2025-09-22 05:08:00,47925.0,47930.0,47905.0,47915.0,47915.0,60883
2025-09-22 05:10:00,47915.0,47950.0,47910.0,47945.0,47945.0,33816
2025-09-22 05:12:00,47940.0,47945.0,47910.0,47930.0,47930.0,13751
2025-09-22 05:14:00,47925.0,47935.0,47915.0,47930.0,47930.0,14927
2025-09-22 05:16:00,47930.0,47935.0,47920.0,47935.0,47935.0,13354
2025-09-22 05:18:00,47935.0,47945.0,47920.0,47930.0,47930.0,15814
2025-09-22 05:20:00,47920.0,47935.0,47920.0,47935.0,47935.0,11566
2025-09-22 05:22:00,47930.0,47935.0,47915.0,47920.0,47920.0,17137
2025-09-22 05:24:00,47930.0,47935.0,47915.0,47925.0,47925.0,24059
2025-09-22 05:26:00,47922.0,47945.0,47920.0,47930.0,47930.0,13579
2025-09-22 05:28:00,47935.0,47945.0,47930.0,47930.0,47930.0,39145
2025-09-22 05:30:00,47930.0,47940.0,47910.0,47935.0,47935.0,14441
2025-09-22 05:32:00,47925.0,47965.0,47925.0,47960.0,47960.0,17361
2025-09-22 05:34:00,47960.0,47975.0,47955.0,47975.0,47975.0,18126
2025-09-22 05:36:00,47975.0,47985.0,47965.0,47980.0,47980.0,19838
2025-09-22 05:38:00,47980.0,47985.0,47965.0,47980.0,47980.0,49419
2025-09-22 05:40:00,47980.0,47985.0,47970.0,47975.0,47975.0,37343
2025-09-22 05:42:00,47975.0,47975.0,47940.0,47950.0,47950.0,78222
2025-09-22 05:44:00,47950.0,47955.0,47930.0,47945.0,47945.0,85456
2025-09-22 05:46:00,47945.0,47950.0,47930.0,47950.0,47950.0,72076
2025-09-22 05:48:00,47945.0,47965.0,47945.0,47965.0,47965.0,17973
2025-09-22 05:50:00,47960.0,47975.0,47950.0,47960.0,47960.0,12497
2025-09-22 05:52:00,47960.0,47965.0,47945.0,47955.0,47955.0,15116
2025-09-22 05:54:00,47955.0,47965.0,47945.0,47955.0,47955.0,10920
2025-09-22 05:56:00,47955.0,47975.0,47950.0,47970.0,47970.0,9350
2025-09-22 05:58:00,47970.0,47985.0,47960.0,47975.0,47975.0,36469
2025-09-23 00:00:00,48310.0,48430.0,48200.0,48395.0,48395.0,318684
2025-09-23 00:02:00,48395.0,48465.0,48375.0,48415.0,48415.0,175825
2025-09-23 00:04:00,48410.0,48410.0,48200.0,48205.0,48205.0,179223
2025-09-23 00:06:00,48205.0,48300.0,48180.0,48270.0,48270.0,156681
2025-09-23 00:08:00,48280.0,48295.0,48230.0,48235.0,48235.0,133148
2025-09-23 00:10:00,48235.0,48280.0,48215.0,48240.0,48240.0,261841
2025-09-23 00:12:00,48245.0,48245.0,48150.0,48210.0,48210.0,282488
2025-09-23 00:14:00,48205.0,48230.0,48175.0,48215.0,48215.0,49369
2025-09-23 00:16:00,48215.0,48315.0,48215.0,48285.0,48285.0,107708
2025-09-23 00:18:00,48285.0,48390.0,48270.0,48385.0,48385.0,83655
2025-09-23 00:20:00,48380.0,48402.0,48310.0,48340.0,48340.0,122331
2025-09-23 00:22:00,48335.0,48385.0,48310.0,48365.0,48365.0,93427
2025-09-23 00:24:00,48365.0,48395.0,48355.0,48360.0,48360.0,108575
2025-09-23 00:26:00,48355.0,48370.0,48335.0,48340.0,48340.0,100091
2025-09-23 00:28:00,48340.0,48350.0,48295.0,48320.0,48320.0,62786
2025-09-23 00:30:00,48325.0,48325.0,48270.0,48275.0,48275.0,98359
2025-09-23 00:32:00,48285.0,48290.0,48185.0,48255.0,48255.0,219256
2025-09-23 00:34:00,48240.0,48320.0,48240.0,48265.0,48265.0,133025
2025-09-23 00:36:00,48265.0,48270.0,48225.0,48230.0,48230.0,93179
2025-09-23 00:38:00,48235.0,48250.0,48185.0,48220.0,48220.0,75310
2025-09-23 00:40:00,48210.0,48245.0,48200.0,48220.0,48220.0,33052
2025-09-23 00:42:00,48220.0,48240.0,48205.0,48210.0,48210.0,20518
2025-09-23 00:44:00,48215.0,48230.0,48200.0,48205.0,48205.0,24978
2025-09-23 00:46:00,48205.0,48245.0,48200.0,48240.0,48240.0,38093
2025-09-23 00:48:00,48240.0,48280.0,48230.0,48260.0,48260.0,55619
2025-09-23 00:50:00,48260.0,48300.0,48255.0,48300.0,48300.0,17465
2025-09-23 00:52:00,48290.0,48315.0,48245.0,48285.0,48285.0,76104
2025-09-23 00:54:00,48280.0,48300.0,48265.0,48265.0,48265.0,35679
2025-09-23 00:56:00,48267.0,48267.0,48210.0,48265.0,48265.0,95951
2025-09-23 00:58:00,48265.0,48285.0,48175.0,48175.0,48175.0,185269
2025-09-23 01:00:00,48170.0,48175.0,48090.0,48105.0,48105.0,156451
2025-09-23 01:02:00,48110.0,48115.0,48070.0,48085.0,48085.0,37455
2025-09-23 01:04:00,48085.0,48100.0,48050.0,48055.0,48055.0,39059
2025-09-23 01:06:00,48050.0,48060.0,48020.0,48025.0,48025.0,51342
2025-09-23 01:08:00,48025.0,48080.0,48020.0,48080.0,48080.0,60025
2025-09-23 01:10:00,48080.0,48095.0,48060.0,48090.0,48090.0,41952
2025-09-23 01:12:00,48085.0,48100.0,48060.0,48070.0,48070.0,32323
2025-09-23 01:14:00,48065.0,48100.0,48065.0,48095.0,48095.0,23627
2025-09-23 01:16:00,48090.0,48120.0,48085.0,48110.0,48110.0,107303
2025-09-23 01:18:00,48110.0,48115.0,48085.0,48105.0,48105.0,14416
2025-09-23 01:20:00,48100.0,48155.0,48095.0,48145.0,48145.0,73088
2025-09-23 01:22:00,48150.0,48155.0,48100.0,48105.0,48105.0,38914
2025-09-23 01:24:00,48105.0,48115.0,48045.0,48060.0,48060.0,55524
2025-09-23 01:26:00,48055.0,48055.0,48000.0,48015.0,48015.0,113560
2025-09-23 01:28:00,48015.0,48080.0,48010.0,48065.0,48065.0,48174
2025-09-23 01:30:00,48075.0,48135.0,48055.0,48132.0,48132.0,142128
2025-09-23 01:32:00,48135.0,48140.0,48100.0,48100.0,48100.0,58552
2025-09-23 01:34:00,48095.0,48130.0,48075.0,48125.0,48125.0,23906
2025-09-23 01:36:00,48125.0,48165.0,48125.0,48150.0,48150.0,45785
2025-09-23 01:38:00,48155.0,48190.0,48145.0,48185.0,48185.0,43076
2025-09-23 01:40:00,48185.0,48185.0,48145.0,48165.0,48165.0,38507
2025-09-23 01:42:00,48155.0,48175.0,48145.0,48155.0,48155.0,50845
2025-09-23 01:44:00,48160.0,48160.0,48125.0,48140.0,48140.0,12923
2025-09-23 01:46:00,48140.0,48150.0,48120.0,48130.0,48130.0,28623
2025-09-23 01:48:00,48135.0,48140.0,48100.0,48105.0,48105.0,36982
2025-09-23 01:50:00,48100.0,48115.0,48080.0,48100.0,48100.0,12974
2025-09-23 01:52:00,48100.0,48105.0,48070.0,48080.0,48080.0,36656
2025-09-23 01:54:00,48085.0,48095.0,48070.0,48080.0,48080.0,16230
2025-09-23 01:56:00,48090.0,48095.0,48065.0,48075.0,48075.0,21749
2025-09-23 01:58:00,48075.0,48080.0,48010.0,48010.0,48010.0,53959
2025-09-23 02:00:00,48015.0,48040.0,48000.0,48035.0,48035.0,25750
2025-09-23 02:02:00,48030.0,48065.0,48010.0,48060.0,48060.0,31196
2025-09-23 02:04:00,48060.0,48085.0,48055.0,48065.0,48065.0,24480
2025-09-23 02:06:00,48065.0,48085.0,48060.0,48070.0,48070.0,10776
2025-09-23 02:08:00,48065.0,48090.0,48065.0,48075.0,48075.0,12116
2025-09-23 02:10:00,48080.0,48110.0,48070.0,48100.0,48100.0,28423
2025-09-23 02:12:00,48100.0,48115.0,48085.0,48115.0,48115.0,18833
2025-09-23 02:14:00,48115.0,48180.0,48110.0,48180.0,48180.0,63414
2025-09-23 02:16:00,48185.0,48205.0,48170.0,48195.0,48195.0,65019
2025-09-23 02:18:00,48200.0,48205.0,48190.0,48200.0,48200.0,17009
2025-09-23 02:20:00,48200.0,48230.0,48200.0,48215.0,48215.0,115521
2025-09-23 02:22:00,48215.0,48235.0,48200.0,48230.0,48230.0,76453
2025-09-23 02:24:00,48235.0,48240.0,48215.0,48220.0,48220.0,36939
2025-09-23 02:26:00,48215.0,48235.0,48215.0,48220.0,48220.0,49444
2025-09-23 02:28:00,48225.0,48230.0,48205.0,48225.0,48225.0,35464
2025-09-23 02:30:00,48215.0,48220.0,48195.0,48210.0,48210.0,12978
2025-09-23 02:32:00,48212.0,48215.0,48190.0,48200.0,48200.0,21737
2025-09-23 02:34:00,48195.0,48205.0,48185.0,48200.0,48200.0,7796
2025-09-23 02:36:00,48195.0,48205.0,48185.0,48200.0,48200.0,7553
2025-09-23 02:38:00,48200.0,48205.0,48185.0,48200.0,48200.0,6130
2025-09-23 02:40:00,48200.0,48210.0,48190.0,48200.0,48200.0,25685
2025-09-23 02:42:00,48195.0,48205.0,48180.0,48205.0,48205.0,14045
2025-09-23 02:44:00,48205.0,48230.0,48200.0,48215.0,48215.0,22997
2025-09-23 02:46:00,48215.0,48230.0,48205.0,48225.0,48225.0,16148
2025-09-23 02:48:00,48225.0,48225.0,48200.0,48205.0,48205.0,14568
2025-09-23 02:50:00,48200.0,48210.0,48185.0,48195.0,48195.0,27013
2025-09-23 02:52:00,48195.0,48195.0,48175.0,48190.0,48190.0,45102
2025-09-23 02:54:00,48185.0,48200.0,48170.0,48195.0,48195.0,35141
2025-09-23 02:56:00,48190.0,48220.0,48190.0,48205.0,48205.0,52975
2025-09-23 02:58:00,48205.0,48215.0,48195.0,48200.0,48200.0,25911
2025-09-23 03:00:00,48197.0,48200.0,48175.0,48180.0,48180.0,58527
2025-09-23 03:02:00,48175.0,48190.0,48170.0,48180.0,48180.0,29602
2025-09-23 03:04:00,48185.0,48210.0,48180.0,48205.0,48205.0,23774
2025-09-23 03:06:00,48205.0,48225.0,48200.0,48215.0,48215.0,24425
2025-09-23 03:08:00,48215.0,48215.0,48170.0,48180.0,48180.0,19997
2025-09-23 03:10:00,48177.0,48182.0,48145.0,48155.0,48155.0,35060
2025-09-23 03:12:00,48155.0,48185.0,48150.0,48185.0,48185.0,16896
2025-09-23 03:14:00,48185.0,48200.0,48180.0,48195.0,48195.0,5572
2025-09-23 03:16:00,48200.0,48230.0,48195.0,48230.0,48230.0,45706
2025-09-23 03:18:00,48225.0,48225.0,48205.0,48215.0,48215.0,17216
2025-09-23 03:20:00,48220.0,48235.0,48215.0,48235.0,48235.0,9567
2025-09-23 03:22:00,48230.0,48235.0,48210.0,48210.0,48210.0,13265
2025-09-23 03:24:00,48215.0,48230.0,48215.0,48225.0,48225.0,3823
2025-09-23 03:26:00,48220.0,48250.0,48220.0,48245.0,48245.0,27618
2025-09-23 03:28:00,48245.0,48250.0,48235.0,48235.0,48235.0,5121
2025-09-23 03:30:00,48235.0,48260.0,48235.0,48255.0,48255.0,13609
2025-09-23 03:32:00,48255.0,48270.0,48250.0,48265.0,48265.0,10425
2025-09-23 03:34:00,48265.0,48290.0,48265.0,48285.0,48285.0,28548
2025-09-23 03:36:00,48285.0,48300.0,48270.0,48275.0,48275.0,37035
2025-09-23 03:38:00,48275.0,48295.0,48270.0,48290.0,48290.0,15405
2025-09-23 03:40:00,48290.0,48300.0,48270.0,48275.0,48275.0,15914
2025-09-23 03:42:00,48280.0,48300.0,48280.0,48290.0,48290.0,14568
2025-09-23 03:44:00,48295.0,48305.0,48285.0,48305.0,48305.0,15772
2025-09-23 03:46:00,48300.0,48305.0,48290.0,48305.0,48305.0,9535
2025-09-23 03:48:00,48310.0,48315.0,48305.0,48310.0,48310.0,11350
2025-09-23 03:50:00,48310.0,48335.0,48310.0,48330.0,48330.0,27498
2025-09-23 03:52:00,48335.0,48345.0,48315.0,48320.0,48320.0,14615
2025-09-23 03:54:00,48325.0,48335.0,48305.0,48310.0,48310.0,22006
2025-09-23 03:56:00,48310.0,48340.0,48305.0,48335.0,48335.0,31582
2025-09-23 03:58:00,48340.0,48360.0,48335.0,48355.0,48355.0,27913
2025-09-23 04:00:00,48355.0,48385.0,48340.0,48380.0,48380.0,43434
2025-09-23 04:02:00,48380.0,48395.0,48375.0,48375.0,48375.0,24111
2025-09-23 04:04:00,48370.0,48405.0,48370.0,48400.0,48400.0,72661
2025-09-23 04:06:00,48400.0,48400.0,48360.0,48365.0,48365.0,56916
2025-09-23 04:08:00,48365.0,48375.0,48345.0,48355.0,48355.0,21839
2025-09-23 04:10:00,48350.0,48375.0,48350.0,48370.0,48370.0,18121
2025-09-23 04:12:00,48365.0,48370.0,48330.0,48335.0,48335.0,16650
2025-09-23 04:14:00,48330.0,48335.0,48275.0,48285.0,48285.0,69245
2025-09-23 04:16:00,48280.0,48315.0,48265.0,48305.0,48305.0,24935
2025-09-23 04:18:00,48310.0,48325.0,48300.0,48315.0,48315.0,23784
2025-09-23 04:20:00,48325.0,48335.0,48305.0,48310.0,48310.0,22853
2025-09-23 04:22:00,48310.0,48325.0,48305.0,48320.0,48320.0,11731
2025-09-23 04:24:00,48325.0,48340.0,48310.0,48315.0,48315.0,20560
2025-09-23 04:26:00,48315.0,48315.0,48275.0,48290.0,48290.0,20641
2025-09-23 04:28:00,48295.0,48330.0,48290.0,48325.0,48325.0,9793
2025-09-23 04:30:00,48325.0,48330.0,48310.0,48315.0,48315.0,15634
2025-09-23 04:32:00,48315.0,48325.0,48290.0,48295.0,48295.0,8275
2025-09-23 04:34:00,48295.0,48305.0,48280.0,48300.0,48300.0,7575
2025-09-23 04:36:00,48300.0,48315.0,48290.0,48310.0,48310.0,10169
2025-09-23 04:38:00,48310.0,48325.0,48297.0,48305.0,48305.0,6552
2025-09-23 04:40:00,48310.0,48325.0,48300.0,48325.0,48325.0,8338
2025-09-23 04:42:00,48322.0,48330.0,48315.0,48320.0,48320.0,7396
2025-09-23 04:44:00,48322.0,48360.0,48322.0,48360.0,48360.0,33814
2025-09-23 04:46:00,48360.0,48390.0,48355.0,48385.0,48385.0,54149
2025-09-23 04:48:00,48385.0,48405.0,48385.0,48390.0,48390.0,68570
2025-09-23 04:50:00,48385.0,48395.0,48355.0,48360.0,48360.0,28893
2025-09-23 04:52:00,48360.0,48395.0,48350.0,48390.0,48390.0,30865
2025-09-23 04:54:00,48390.0,48400.0,48380.0,48390.0,48390.0,17073
2025-09-23 04:56:00,48390.0,48395.0,48380.0,48385.0,48385.0,9674
2025-09-23 04:58:00,48390.0,48405.0,48385.0,48400.0,48400.0,18615
2025-09-23 05:00:00,48400.0,48415.0,48390.0,48395.0,48395.0,35351
2025-09-23 05:02:00,48400.0,48410.0,48390.0,48390.0,48390.0,10992
2025-09-23 05:04:00,48390.0,48395.0,48380.0,48395.0,48395.0,26093
2025-09-23 05:06:00,48390.0,48395.0,48375.0,48385.0,48385.0,16474
2025-09-23 05:08:00,48385.0,48390.0,48370.0,48380.0,48380.0,9300
2025-09-23 05:10:00,48380.0,48400.0,48370.0,48385.0,48385.0,10875
2025-09-23 05:12:00,48385.0,48390.0,48375.0,48375.0,48375.0,6124
2025-09-23 05:14:00,48380.0,48390.0,48370.0,48385.0,48385.0,11797
2025-09-23 05:16:00,48385.0,48410.0,48380.0,48400.0,48400.0,44442
2025-09-23 05:18:00,48395.0,48400.0,48375.0,48380.0,48380.0,5763
2025-09-23 05:20:00,48375.0,48385.0,48360.0,48360.0,48360.0,29232
2025-09-23 05:22:00,48365.0,48385.0,48360.0,48385.0,48385.0,11704
2025-09-23 05:24:00,48385.0,48385.0,48355.0,48360.0,48360.0,5819
2025-09-23 05:26:00,48365.0,48375.0,48355.0,48360.0,48360.0,165192
2025-09-23 05:28:00,48360.0,48370.0,48345.0,48355.0,48355.0,189059
2025-09-23 05:30:00,48350.0,48395.0,48350.0,48390.0,48390.0,14329
2025-09-23 05:32:00,48385.0,48390.0,48370.0,48380.0,48380.0,7451
2025-09-23 05:34:00,48385.0,48390.0,48365.0,48380.0,48380.0,9614
2025-09-23 05:36:00,48380.0,48390.0,48370.0,48390.0,48390.0,18661
2025-09-23 05:38:00,48395.0,48400.0,48380.0,48390.0,48390.0,8610
2025-09-23 05:40:00,48390.0,48390.0,48370.0,48380.0,48380.0,11193
2025-09-23 05:42:00,48380.0,48385.0,48345.0,48350.0,48350.0,20432
2025-09-23 05:44:00,48350.0,48370.0,48345.0,48360.0,48360.0,112716
2025-09-23 05:46:00,48360.0,48365.0,48340.0,48360.0,48360.0,100879
2025-09-23 05:48:00,48365.0,48370.0,48345.0,48350.0,48350.0,56783
2025-09-23 05:50:00,48355.0,48375.0,48345.0,48355.0,48355.0,97174
2025-09-23 05:52:00,48355.0,48360.0,48345.0,48350.0,48350.0,115343
2025-09-23 05:54:00,48345.0,48360.0,48345.0,48360.0,48360.0,59644
2025-09-23 05:56:00,48360.0,48370.0,48350.0,48355.0,48355.0,49138
2025-09-23 05:58:00,48350.0,48355.0,48340.0,48340.0,48340.0,30175
2025-09-24 00:00:00,48385.0,48490.0,48330.0,48475.0,48475.0,192022
2025-09-24 00:02:00,48485.0,48525.0,48430.0,48460.0,48460.0,194601
2025-09-24 00:04:00,48455.0,48455.0,48325.0,48345.0,48345.0,59612
2025-09-24 00:06:00,48340.0,48345.0,48190.0,48230.0,48230.0,136505
2025-09-24 00:08:00,48240.0,48320.0,48220.0,48245.0,48245.0,70097
2025-09-24 00:10:00,48255.0,48260.0,48195.0,48215.0,48215.0,63303
2025-09-24 00:12:00,48215.0,48230.0,48170.0,48190.0,48190.0,75113
2025-09-24 00:14:00,48185.0,48250.0,48165.0,48215.0,48215.0,95976
2025-09-24 00:16:00,48230.0,48230.0,48180.0,48195.0,48195.0,31098
2025-09-24 00:18:00,48195.0,48225.0,48155.0,48185.0,48185.0,33937
2025-09-24 00:20:00,48175.0,48205.0,48165.0,48190.0,48190.0,24659
2025-09-24 00:22:00,48187.0,48225.0,48150.0,48190.0,48190.0,67837
2025-09-24 00:24:00,48190.0,48255.0,48185.0,48245.0,48245.0,58970
2025-09-24 00:26:00,48255.0,48255.0,48195.0,48200.0,48200.0,45849
2025-09-24 00:28:00,48210.0,48265.0,48200.0,48255.0,48255.0,58944
2025-09-24 00:30:00,48255.0,48290.0,48235.0,48260.0,48260.0,31772
2025-09-24 00:32:00,48255.0,48265.0,48170.0,48170.0,48170.0,47561
2025-09-24 00:34:00,48170.0,48185.0,48135.0,48160.0,48160.0,71162
2025-09-24 00:36:00,48160.0,48215.0,48160.0,48200.0,48200.0,29198
2025-09-24 00:38:00,48205.0,48220.0,48190.0,48190.0,48190.0,26008
2025-09-24 00:40:00,48190.0,48230.0,48185.0,48230.0,48230.0,54591
2025-09-24 00:42:00,48225.0,48255.0,48215.0,48235.0,48235.0,32100
2025-09-24 00:44:00,48240.0,48265.0,48225.0,48265.0,48265.0,24998
2025-09-24 00:46:00,48265.0,48290.0,48255.0,48285.0,48285.0,42014
2025-09-24 00:48:00,48282.0,48285.0,48230.0,48240.0,48240.0,19882
2025-09-24 00:50:00,48240.0,48240.0,48190.0,48195.0,48195.0,48282
2025-09-24 00:52:00,48195.0,48200.0,48150.0,48175.0,48175.0,67504
2025-09-24 00:54:00,48180.0,48195.0,48125.0,48135.0,48135.0,74791
2025-09-24 00:56:00,48135.0,48175.0,48105.0,48165.0,48165.0,58535
2025-09-24 00:58:00,48165.0,48185.0,48145.0,48155.0,48155.0,39257
2025-09-24 01:00:00,48155.0,48185.0,48140.0,48175.0,48175.0,23720
2025-09-24 01:02:00,48180.0,48200.0,48150.0,48200.0,48200.0,28351
2025-09-24 01:04:00,48195.0,48215.0,48190.0,48205.0,48205.0,40138
2025-09-24 01:06:00,48200.0,48225.0,48195.0,48215.0,48215.0,13938
2025-09-24 01:08:00,48215.0,48230.0,48165.0,48170.0,48170.0,37774
2025-09-24 01:10:00,48170.0,48170.0,48085.0,48120.0,48120.0,149135
2025-09-24 01:12:00,48130.0,48170.0,48105.0,48165.0,48165.0,25321
2025-09-24 01:14:00,48170.0,48170.0,48110.0,48135.0,48135.0,25069
2025-09-24 01:16:00,48130.0,48130.0,48080.0,48115.0,48115.0,62214
2025-09-24 01:18:00,48110.0,48140.0,48100.0,48140.0,48140.0,56400
2025-09-24 01:20:00,48140.0,48160.0,48115.0,48145.0,48145.0,75278
2025-09-24 01:22:00,48140.0,48145.0,48095.0,48120.0,48120.0,32074
2025-09-24 01:24:00,48115.0,48160.0,48110.0,48145.0,48145.0,28655
2025-09-24 01:26:00,48150.0,48175.0,48140.0,48145.0,48145.0,24052
2025-09-24 01:28:00,48145.0,48155.0,48125.0,48150.0,48150.0,13764
2025-09-24 01:30:00,48150.0,48190.0,48135.0,48155.0,48155.0,46128
2025-09-24 01:32:00,48160.0,48160.0,48085.0,48100.0,48100.0,71713
2025-09-24 01:34:00,48095.0,48095.0,48030.0,48040.0,48040.0,76152
2025-09-24 01:36:00,48040.0,48050.0,48010.0,48045.0,48045.0,59824
2025-09-24 01:38:00,48050.0,48050.0,47995.0,48020.0,48020.0,89937
2025-09-24 01:40:00,48015.0,48020.0,47960.0,47970.0,47970.0,72517
2025-09-24 01:42:00,47965.0,47965.0,47910.0,47920.0,47920.0,90514
2025-09-24 01:44:00,47920.0,47980.0,47920.0,47980.0,47980.0,67648
2025-09-24 01:46:00,47980.0,47985.0,47955.0,47970.0,47970.0,68288
2025-09-24 01:48:00,47970.0,47970.0,47935.0,47940.0,47940.0,30986
2025-09-24 01:50:00,47945.0,47955.0,47910.0,47910.0,47910.0,29682
2025-09-24 01:52:00,47910.0,47915.0,47885.0,47895.0,47895.0,83814
2025-09-24 01:54:00,47895.0,47900.0,47870.0,47890.0,47890.0,31151
2025-09-24 01:56:00,47885.0,47910.0,47870.0,47910.0,47910.0,19666
2025-09-24 01:58:00,47905.0,47915.0,47870.0,47885.0,47885.0,26777
2025-09-24 02:00:00,47885.0,47895.0,47850.0,47885.0,47885.0,62372
2025-09-24 02:02:00,47885.0,47890.0,47865.0,47885.0,47885.0,13526
2025-09-24 02:04:00,47885.0,47900.0,47860.0,47860.0,47860.0,44363
2025-09-24 02:06:00,47860.0,47870.0,47825.0,47850.0,47850.0,75918
2025-09-24 02:08:00,47855.0,47860.0,47835.0,47835.0,47835.0,24452
2025-09-24 02:10:00,47845.0,47860.0,47830.0,47845.0,47845.0,276504
2025-09-24 02:12:00,47850.0,47855.0,47815.0,47825.0,47825.0,69481
2025-09-24 02:14:00,47815.0,47825.0,47790.0,47810.0,47810.0,116036
2025-09-24 02:16:00,47805.0,47815.0,47780.0,47785.0,47785.0,83795
2025-09-24 02:18:00,47790.0,47840.0,47775.0,47820.0,47820.0,55941
2025-09-24 02:20:00,47815.0,47820.0,47780.0,47805.0,47805.0,85008
2025-09-24 02:22:00,47810.0,47865.0,47800.0,47860.0,47860.0,37918
2025-09-24 02:24:00,47865.0,47870.0,47845.0,47850.0,47850.0,33921
2025-09-24 02:26:00,47845.0,47850.0,47820.0,47840.0,47840.0,23034
2025-09-24 02:28:00,47840.0,47870.0,47840.0,47865.0,47865.0,52348
2025-09-24 02:30:00,47860.0,47865.0,47815.0,47820.0,47820.0,43695
2025-09-24 02:32:00,47820.0,47840.0,47810.0,47835.0,47835.0,18681
2025-09-24 02:34:00,47835.0,47840.0,47820.0,47830.0,47830.0,21056
2025-09-24 02:36:00,47830.0,47830.0,47815.0,47825.0,47825.0,8139
2025-09-24 02:38:00,47820.0,47845.0,47815.0,47835.0,47835.0,55809
2025-09-24 02:40:00,47840.0,47870.0,47835.0,47870.0,47870.0,13958
2025-09-24 02:42:00,47870.0,47875.0,47850.0,47865.0,47865.0,5594
2025-09-24 02:44:00,47870.0,47870.0,47855.0,47860.0,47860.0,10362
2025-09-24 02:46:00,47865.0,47880.0,47855.0,47855.0,47855.0,15503
2025-09-24 02:48:00,47852.0,47855.0,47825.0,47830.0,47830.0,27762
2025-09-24 02:50:00,47830.0,47830.0,47785.0,47785.0,47785.0,33873
2025-09-24 02:52:00,47795.0,47805.0,47770.0,47800.0,47800.0,47284
2025-09-24 02:54:00,47800.0,47800.0,47770.0,47790.0,47790.0,42260
2025-09-24 02:56:00,47790.0,47810.0,47780.0,47790.0,47790.0,17915
2025-09-24 02:58:00,47790.0,47820.0,47780.0,47815.0,47815.0,6188
2025-09-24 03:00:00,47815.0,47815.0,47795.0,47805.0,47805.0,7330
2025-09-24 03:02:00,47805.0,47805.0,47790.0,47800.0,47800.0,6010
2025-09-24 03:04:00,47800.0,47810.0,47795.0,47805.0,47805.0,5142
2025-09-24 03:06:00,47800.0,47820.0,47800.0,47810.0,47810.0,14294
2025-09-24 03:08:00,47815.0,47820.0,47805.0,47810.0,47810.0,7334
2025-09-24 03:10:00,47810.0,47835.0,47805.0,47820.0,47820.0,4691
2025-09-24 03:12:00,47820.0,47820.0,47775.0,47775.0,47775.0,23210
2025-09-24 03:14:00,47780.0,47810.0,47775.0,47810.0,47810.0,15473
2025-09-24 03:16:00,47805.0,47810.0,47770.0,47775.0,47775.0,8770
2025-09-24 03:18:00,47777.0,47785.0,47765.0,47785.0,47785.0,12584
2025-09-24 03:20:00,47790.0,47805.0,47780.0,47795.0,47795.0,3718
2025-09-24 03:22:00,47795.0,47810.0,47780.0,47780.0,47780.0,13702
2025-09-24 03:24:00,47780.0,47785.0,47755.0,47760.0,47760.0,24175
2025-09-24 03:26:00,47765.0,47770.0,47745.0,47760.0,47760.0,34707
2025-09-24 03:28:00,47755.0,47785.0,47755.0,47770.0,47770.0,5253
2025-09-24 03:30:00,47775.0,47800.0,47765.0,47795.0,47795.0,6580
2025-09-24 03:32:00,47800.0,47810.0,47785.0,47810.0,47810.0,9412
2025-09-24 03:34:00,47805.0,47830.0,47805.0,47825.0,47825.0,15681
2025-09-24 03:36:00,47825.0,47870.0,47820.0,47870.0,47870.0,17727
2025-09-24 03:38:00,47865.0,47865.0,47845.0,47865.0,47865.0,11330
2025-09-24 03:40:00,47860.0,47860.0,47835.0,47835.0,47835.0,20951
2025-09-24 03:42:00,47840.0,47850.0,47830.0,47835.0,47835.0,10237
2025-09-24 03:44:00,47835.0,47840.0,47825.0,47835.0,47835.0,9225
2025-09-24 03:46:00,47830.0,47840.0,47805.0,47815.0,47815.0,20543
2025-09-24 03:48:00,47815.0,47825.0,47805.0,47815.0,47815.0,25237
2025-09-24 03:50:00,47815.0,47830.0,47805.0,47810.0,47810.0,27205
2025-09-24 03:52:00,47810.0,47850.0,47800.0,47845.0,47845.0,15364
2025-09-24 03:54:00,47845.0,47850.0,47830.0,47845.0,47845.0,12696
2025-09-24 03:56:00,47850.0,47870.0,47845.0,47865.0,47865.0,32591
2025-09-24 03:58:00,47870.0,47875.0,47855.0,47865.0,47865.0,65656
2025-09-24 04:00:00,47870.0,47870.0,47855.0,47870.0,47870.0,25008
2025-09-24 04:02:00,47870.0,47910.0,47870.0,47895.0,47895.0,53082
2025-09-24 04:04:00,47895.0,47930.0,47895.0,47925.0,47925.0,31994
2025-09-24 04:06:00,47925.0,47955.0,47910.0,47935.0,47935.0,29418
2025-09-24 04:08:00,47930.0,47950.0,47915.0,47945.0,47945.0,14937
2025-09-24 04:10:00,47950.0,47960.0,47935.0,47955.0,47955.0,8180
2025-09-24 04:12:00,47955.0,47965.0,47945.0,47965.0,47965.0,20942
2025-09-24 04:14:00,47965.0,47985.0,47950.0,47965.0,47965.0,25917
2025-09-24 04:16:00,47960.0,47980.0,47945.0,47980.0,47980.0,26491
2025-09-24 04:18:00,47975.0,47980.0,47955.0,47965.0,47965.0,18926
2025-09-24 04:20:00,47960.0,47970.0,47945.0,47950.0,47950.0,16853
2025-09-24 04:22:00,47945.0,47980.0,47945.0,47980.0,47980.0,22659
2025-09-24 04:24:00,47980.0,47985.0,47960.0,47985.0,47985.0,18087
2025-09-24 04:26:00,47990.0,48000.0,47970.0,47970.0,47970.0,31829
2025-09-24 04:28:00,47975.0,47990.0,47970.0,47990.0,47990.0,3241
2025-09-24 04:30:00,47980.0,48005.0,47975.0,47987.0,47987.0,10707
2025-09-24 04:32:00,47987.0,48005.0,47980.0,47990.0,47990.0,24579
2025-09-24 04:34:00,47985.0,47985.0,47965.0,47975.0,47975.0,24559
2025-09-24 04:36:00,47972.0,47985.0,47970.0,47975.0,47975.0,16771
2025-09-24 04:38:00,47975.0,48005.0,47965.0,48005.0,48005.0,15906
2025-09-24 04:40:00,48002.0,48010.0,47990.0,48010.0,48010.0,3332
2025-09-24 04:42:00,48005.0,48030.0,48000.0,48030.0,48030.0,56537
2025-09-24 04:44:00,48030.0,48030.0,47995.0,48010.0,48010.0,9472
2025-09-24 04:46:00,48015.0,48020.0,48005.0,48005.0,48005.0,10927
2025-09-24 04:48:00,48010.0,48020.0,48000.0,48015.0,48015.0,7024
2025-09-24 04:50:00,48015.0,48020.0,47995.0,48000.0,48000.0,27748
2025-09-24 04:52:00,48000.0,48025.0,47995.0,48020.0,48020.0,32404
2025-09-24 04:54:00,48020.0,48070.0,48020.0,48065.0,48065.0,146825
2025-09-24 04:56:00,48065.0,48080.0,48057.0,48075.0,48075.0,122373
2025-09-24 04:58:00,48075.0,48095.0,48065.0,48085.0,48085.0,112406
2025-09-24 05:00:00,48085.0,48090.0,48045.0,48075.0,48075.0,103668
2025-09-24 05:02:00,48075.0,48085.0,48050.0,48055.0,48055.0,66885
2025-09-24 05:04:00,48055.0,48060.0,48040.0,48050.0,48050.0,76436
2025-09-24 05:06:00,48045.0,48070.0,48030.0,48065.0,48065.0,65560
2025-09-24 05:08:00,48065.0,48070.0,48055.0,48065.0,48065.0,27140
2025-09-24 05:10:00,48065.0,48090.0,48060.0,48085.0,48085.0,42694
2025-09-24 05:12:00,48085.0,48095.0,48075.0,48090.0,48090.0,31316
2025-09-24 05:14:00,48090.0,48110.0,48075.0,48100.0,48100.0,36783
2025-09-24 05:16:00,48105.0,48120.0,48100.0,48110.0,48110.0,50198
2025-09-24 05:18:00,48110.0,48135.0,48105.0,48130.0,48130.0,101044
2025-09-24 05:20:00,48130.0,48140.0,48115.0,48125.0,48125.0,68609
2025-09-24 05:22:00,48125.0,48145.0,48120.0,48140.0,48140.0,51105
2025-09-24 05:24:00,48145.0,48165.0,48140.0,48160.0,48160.0,77286
2025-09-24 05:26:00,48165.0,48165.0,48135.0,48160.0,48160.0,96992
2025-09-24 05:28:00,48160.0,48185.0,48155.0,48170.0,48170.0,82563
2025-09-24 05:30:00,48170.0,48170.0,48145.0,48155.0,48155.0,58266
2025-09-24 05:32:00,48160.0,48170.0,48140.0,48140.0,48140.0,84769
2025-09-24 05:34:00,48145.0,48155.0,48130.0,48145.0,48145.0,29943
2025-09-24 05:36:00,48150.0,48155.0,48135.0,48145.0,48145.0,31587
2025-09-24 05:38:00,48145.0,48145.0,48130.0,48135.0,48135.0,26169
2025-09-24 05:40:00,48135.0,48155.0,48130.0,48150.0,48150.0,22276
2025-09-24 05:42:00,48145.0,48160.0,48145.0,48155.0,48155.0,15005
2025-09-24 05:44:00,48160.0,48175.0,48155.0,48165.0,48165.0,27472
2025-09-24 05:46:00,48175.0,48200.0,48170.0,48175.0,48175.0,25482
2025-09-24 05:48:00,48175.0,48185.0,48160.0,48180.0,48180.0,20335
2025-09-24 05:50:00,48180.0,48180.0,48165.0,48170.0,48170.0,8129
2025-09-24 05:52:00,48170.0,48180.0,48165.0,48175.0,48175.0,19806
2025-09-24 05:54:00,48175.0,48180.0,48160.0,48160.0,48160.0,13134
2025-09-24 05:56:00,48160.0,48160.0,48125.0,48150.0,48150.0,46049
2025-09-24 05:58:00,48150.0,48155.0,48130.0,48130.0,48130.0,67943
2025-09-25 00:00:00,47910.0,48005.0,47845.0,48005.0,48005.0,134530
2025-09-25 00:02:00,48005.0,48080.0,47960.0,48080.0,48080.0,63092
2025-09-25 00:04:00,48080.0,48120.0,48030.0,48100.0,48100.0,39737
2025-09-25 00:06:00,48095.0,48120.0,48070.0,48090.0,48090.0,35653
2025-09-25 00:08:00,48100.0,48130.0,48050.0,48060.0,48060.0,32095
2025-09-25 00:10:00,48050.0,48060.0,47910.0,47920.0,47920.0,51226
2025-09-25 00:12:00,47920.0,47960.0,47860.0,47875.0,47875.0,57563
2025-09-25 00:14:00,47875.0,47985.0,47870.0,47985.0,47985.0,49039
2025-09-25 00:16:00,47985.0,48005.0,47925.0,47955.0,47955.0,32237
2025-09-25 00:18:00,47955.0,48000.0,47945.0,47970.0,47970.0,14359
2025-09-25 00:20:00,47970.0,48020.0,47960.0,48020.0,48020.0,28243
2025-09-25 00:22:00,48020.0,48080.0,48000.0,48060.0,48060.0,53544
2025-09-25 00:24:00,48070.0,48075.0,48010.0,48050.0,48050.0,36232
2025-09-25 00:26:00,48050.0,48055.0,48035.0,48050.0,48050.0,24416
2025-09-25 00:28:00,48050.0,48075.0,48045.0,48060.0,48060.0,29869
2025-09-25 00:30:00,48070.0,48100.0,48035.0,48040.0,48040.0,81959
2025-09-25 00:32:00,48035.0,48050.0,47960.0,47995.0,47995.0,93868
2025-09-25 00:34:00,47995.0,48085.0,47995.0,48060.0,48060.0,42918
2025-09-25 00:36:00,48060.0,48120.0,48055.0,48110.0,48110.0,25442
2025-09-25 00:38:00,48110.0,48180.0,48110.0,48175.0,48175.0,32679
2025-09-25 00:40:00,48180.0,48200.0,48140.0,48150.0,48150.0,35503
2025-09-25 00:42:00,48155.0,48185.0,48145.0,48185.0,48185.0,22939
2025-09-25 00:44:00,48185.0,48215.0,48185.0,48205.0,48205.0,37272
2025-09-25 00:46:00,48200.0,48210.0,48185.0,48200.0,48200.0,299424
2025-09-25 00:48:00,48195.0,48200.0,48150.0,48155.0,48155.0,206338
2025-09-25 00:50:00,48160.0,48180.0,48125.0,48130.0,48130.0,67301
2025-09-25 00:52:00,48130.0,48145.0,48085.0,48095.0,48095.0,71143
2025-09-25 00:54:00,48090.0,48170.0,48085.0,48160.0,48160.0,14867
2025-09-25 00:56:00,48155.0,48205.0,48140.0,48200.0,48200.0,39367
2025-09-25 00:58:00,48200.0,48225.0,48200.0,48205.0,48205.0,39616
2025-09-25 01:00:00,48210.0,48255.0,48200.0,48215.0,48215.0,43852
2025-09-25 01:02:00,48215.0,48230.0,48185.0,48205.0,48205.0,15379
2025-09-25 01:04:00,48205.0,48220.0,48195.0,48205.0,48205.0,71968
2025-09-25 01:06:00,48205.0,48215.0,48190.0,48215.0,48215.0,23056
2025-09-25 01:08:00,48210.0,48230.0,48210.0,48230.0,48230.0,28198
2025-09-25 01:10:00,48230.0,48270.0,48225.0,48265.0,48265.0,67779
2025-09-25 01:12:00,48265.0,48310.0,48250.0,48300.0,48300.0,85054
2025-09-25 01:14:00,48300.0,48300.0,48285.0,48290.0,48290.0,41232
2025-09-25 01:16:00,48290.0,48315.0,48255.0,48275.0,48275.0,50513
2025-09-25 01:18:00,48272.0,48305.0,48260.0,48300.0,48300.0,15946
2025-09-25 01:20:00,48300.0,48305.0,48240.0,48245.0,48245.0,52857
2025-09-25 01:22:00,48245.0,48260.0,48225.0,48235.0,48235.0,52887
2025-09-25 01:24:00,48230.0,48240.0,48205.0,48230.0,48230.0,31286
2025-09-25 01:26:00,48235.0,48235.0,48210.0,48210.0,48210.0,25023
2025-09-25 01:28:00,48210.0,48220.0,48195.0,48210.0,48210.0,48209
2025-09-25 01:30:00,48205.0,48215.0,48150.0,48170.0,48170.0,29056
2025-09-25 01:32:00,48170.0,48205.0,48165.0,48190.0,48190.0,11306
2025-09-25 01:34:00,48190.0,48210.0,48170.0,48180.0,48180.0,17874
2025-09-25 01:36:00,48180.0,48190.0,48140.0,48150.0,48150.0,126942
2025-09-25 01:38:00,48150.0,48150.0,48115.0,48120.0,48120.0,102725
2025-09-25 01:40:00,48120.0,48180.0,48115.0,48155.0,48155.0,87355
2025-09-25 01:42:00,48150.0,48220.0,48150.0,48215.0,48215.0,112371
2025-09-25 01:44:00,48220.0,48235.0,48210.0,48225.0,48225.0,137440
2025-09-25 01:46:00,48225.0,48245.0,48195.0,48200.0,48200.0,157148
2025-09-25 01:48:00,48195.0,48215.0,48160.0,48200.0,48200.0,26206
2025-09-25 01:50:00,48200.0,48210.0,48185.0,48205.0,48205.0,8077
2025-09-25 01:52:00,48205.0,48235.0,48205.0,48225.0,48225.0,22946
2025-09-25 01:54:00,48225.0,48230.0,48175.0,48175.0,48175.0,24092
2025-09-25 01:56:00,48175.0,48200.0,48165.0,48190.0,48190.0,6374
2025-09-25 01:58:00,48185.0,48215.0,48180.0,48205.0,48205.0,17738
2025-09-25 02:00:00,48210.0,48245.0,48190.0,48225.0,48225.0,31848
2025-09-25 02:02:00,48225.0,48280.0,48225.0,48270.0,48270.0,36431
2025-09-25 02:04:00,48275.0,48310.0,48275.0,48300.0,48300.0,32288
2025-09-25 02:06:00,48300.0,48300.0,48285.0,48285.0,48285.0,10259
2025-09-25 02:08:00,48290.0,48290.0,48240.0,48250.0,48250.0,10582
2025-09-25 02:10:00,48255.0,48255.0,48215.0,48220.0,48220.0,38815
2025-09-25 02:12:00,48220.0,48235.0,48195.0,48205.0,48205.0,42397
2025-09-25 02:14:00,48205.0,48245.0,48205.0,48220.0,48220.0,30852
2025-09-25 02:16:00,48225.0,48225.0,48185.0,48200.0,48200.0,46441
2025-09-25 02:18:00,48200.0,48205.0,48185.0,48190.0,48190.0,11622
2025-09-25 02:20:00,48190.0,48210.0,48165.0,48175.0,48175.0,65041
2025-09-25 02:22:00,48175.0,48180.0,48145.0,48165.0,48165.0,44010
2025-09-25 02:24:00,48170.0,48210.0,48165.0,48195.0,48195.0,24325
2025-09-25 02:26:00,48195.0,48210.0,48190.0,48200.0,48200.0,10177
2025-09-25 02:28:00,48200.0,48200.0,48180.0,48185.0,48185.0,23196
2025-09-25 02:30:00,48185.0,48185.0,48160.0,48160.0,48160.0,33545
2025-09-25 02:32:00,48165.0,48170.0,48120.0,48130.0,48130.0,35618
2025-09-25 02:34:00,48130.0,48165.0,48105.0,48155.0,48155.0,27248
2025-09-25 02:36:00,48155.0,48165.0,48145.0,48150.0,48150.0,7452
2025-09-25 02:38:00,48155.0,48155.0,48135.0,48140.0,48140.0,7743
2025-09-25 02:40:00,48135.0,48165.0,48135.0,48165.0,48165.0,9923
2025-09-25 02:42:00,48155.0,48190.0,48155.0,48170.0,48170.0,18253
2025-09-25 02:44:00,48170.0,48180.0,48165.0,48180.0,48180.0,22188
2025-09-25 02:46:00,48185.0,48185.0,48165.0,48175.0,48175.0,146749
2025-09-25 02:48:00,48175.0,48205.0,48175.0,48205.0,48205.0,53961
2025-09-25 02:50:00,48205.0,48240.0,48205.0,48225.0,48225.0,71956
2025-09-25 02:52:00,48225.0,48230.0,48185.0,48205.0,48205.0,59043
2025-09-25 02:54:00,48205.0,48205.0,48180.0,48185.0,48185.0,47596
2025-09-25 02:56:00,48185.0,48215.0,48180.0,48205.0,48205.0,41995
2025-09-25 02:58:00,48205.0,48230.0,48200.0,48225.0,48225.0,28818
2025-09-25 03:00:00,48225.0,48225.0,48205.0,48220.0,48220.0,46833
2025-09-25 03:02:00,48215.0,48215.0,48195.0,48205.0,48205.0,41046
2025-09-25 03:04:00,48210.0,48245.0,48210.0,48240.0,48240.0,100635
2025-09-25 03:06:00,48240.0,48250.0,48230.0,48240.0,48240.0,53682
2025-09-25 03:08:00,48240.0,48250.0,48235.0,48235.0,48235.0,36695
2025-09-25 03:10:00,48230.0,48235.0,48200.0,48205.0,48205.0,29648
2025-09-25 03:12:00,48205.0,48205.0,48175.0,48180.0,48180.0,30302
2025-09-25 03:14:00,48185.0,48195.0,48175.0,48190.0,48190.0,36359
2025-09-25 03:16:00,48185.0,48195.0,48170.0,48175.0,48175.0,33434
2025-09-25 03:18:00,48175.0,48190.0,48170.0,48185.0,48185.0,53663
2025-09-25 03:20:00,48180.0,48185.0,48160.0,48165.0,48165.0,73099
2025-09-25 03:22:00,48160.0,48165.0,48135.0,48155.0,48155.0,11614
2025-09-25 03:24:00,48155.0,48165.0,48140.0,48150.0,48150.0,13232
2025-09-25 03:26:00,48155.0,48165.0,48140.0,48160.0,48160.0,16072
2025-09-25 03:28:00,48160.0,48170.0,48155.0,48165.0,48165.0,18314
2025-09-25 03:30:00,48170.0,48190.0,48160.0,48185.0,48185.0,14995
2025-09-25 03:32:00,48180.0,48215.0,48180.0,48210.0,48210.0,18341
2025-09-25 03:34:00,48205.0,48210.0,48185.0,48190.0,48190.0,10023
2025-09-25 03:36:00,48190.0,48190.0,48150.0,48155.0,48155.0,17800
2025-09-25 03:38:00,48160.0,48160.0,48150.0,48155.0,48155.0,2206
2025-09-25 03:40:00,48155.0,48180.0,48152.0,48170.0,48170.0,9570
2025-09-25 03:42:00,48170.0,48170.0,48150.0,48165.0,48165.0,5767
2025-09-25 03:44:00,48165.0,48185.0,48160.0,48180.0,48180.0,9597
2025-09-25 03:46:00,48180.0,48205.0,48170.0,48195.0,48195.0,8807
2025-09-25 03:48:00,48190.0,48200.0,48155.0,48165.0,48165.0,5487
2025-09-25 03:50:00,48165.0,48180.0,48160.0,48175.0,48175.0,6524
2025-09-25 03:52:00,48175.0,48190.0,48170.0,48185.0,48185.0,7653
2025-09-25 03:54:00,48190.0,48190.0,48170.0,48190.0,48190.0,7505
2025-09-25 03:56:00,48185.0,48190.0,48170.0,48190.0,48190.0,9593
2025-09-25 03:58:00,48190.0,48210.0,48185.0,48205.0,48205.0,19867
2025-09-25 04:00:00,48205.0,48215.0,48195.0,48200.0,48200.0,7360
2025-09-25 04:02:00,48200.0,48215.0,48200.0,48210.0,48210.0,3525
2025-09-25 04:04:00,48215.0,48215.0,48205.0,48215.0,48215.0,6246
2025-09-25 04:06:00,48210.0,48220.0,48205.0,48220.0,48220.0,27168
2025-09-25 04:08:00,48220.0,48225.0,48170.0,48175.0,48175.0,93813
2025-09-25 04:10:00,48180.0,48180.0,48150.0,48150.0,48150.0,36690
2025-09-25 04:12:00,48150.0,48185.0,48150.0,48170.0,48170.0,23551
2025-09-25 04:14:00,48165.0,48175.0,48150.0,48155.0,48155.0,24117
2025-09-25 04:16:00,48155.0,48170.0,48155.0,48160.0,48160.0,7314
2025-09-25 04:18:00,48160.0,48165.0,48135.0,48145.0,48145.0,39504
2025-09-25 04:20:00,48145.0,48180.0,48140.0,48175.0,48175.0,28637
2025-09-25 04:22:00,48175.0,48175.0,48145.0,48155.0,48155.0,21122
2025-09-25 04:24:00,48155.0,48160.0,48145.0,48155.0,48155.0,4975
2025-09-25 04:26:00,48155.0,48165.0,48145.0,48155.0,48155.0,9919
2025-09-25 04:28:00,48150.0,48155.0,48130.0,48145.0,48145.0,44295
2025-09-25 04:30:00,48140.0,48160.0,48130.0,48150.0,48150.0,19154
2025-09-25 04:32:00,48150.0,48165.0,48135.0,48160.0,48160.0,61354
2025-09-25 04:34:00,48165.0,48165.0,48130.0,48145.0,48145.0,24252
2025-09-25 04:36:00,48145.0,48155.0,48135.0,48145.0,48145.0,26380
2025-09-25 04:38:00,48140.0,48150.0,48135.0,48140.0,48140.0,32631
2025-09-25 04:40:00,48140.0,48165.0,48135.0,48160.0,48160.0,24414
2025-09-25 04:42:00,48160.0,48162.0,48140.0,48140.0,48140.0,22632
2025-09-25 04:44:00,48140.0,48145.0,48135.0,48140.0,48140.0,5988
2025-09-25 04:46:00,48145.0,48170.0,48140.0,48160.0,48160.0,23518
2025-09-25 04:48:00,48160.0,48160.0,48135.0,48145.0,48145.0,25390
2025-09-25 04:50:00,48145.0,48145.0,48125.0,48125.0,48125.0,42726
2025-09-25 04:52:00,48120.0,48140.0,48090.0,48095.0,48095.0,71642
2025-09-25 04:54:00,48090.0,48095.0,48070.0,48075.0,48075.0,50699
2025-09-25 04:56:00,48075.0,48080.0,48055.0,48070.0,48070.0,60387
2025-09-25 04:58:00,48067.0,48080.0,48065.0,48075.0,48075.0,62455
2025-09-25 05:00:00,48070.0,48120.0,48070.0,48110.0,48110.0,192408
2025-09-25 05:02:00,48105.0,48105.0,48070.0,48075.0,48075.0,119411
2025-09-25 05:04:00,48070.0,48105.0,48065.0,48085.0,48085.0,30156
2025-09-25 05:06:00,48080.0,48100.0,48070.0,48095.0,48095.0,16642
2025-09-25 05:08:00,48100.0,48115.0,48095.0,48115.0,48115.0,9974
2025-09-25 05:10:00,48105.0,48125.0,48105.0,48120.0,48120.0,13290
2025-09-25 05:12:00,48120.0,48125.0,48100.0,48115.0,48115.0,14711
2025-09-25 05:14:00,48115.0,48120.0,48095.0,48105.0,48105.0,12430
2025-09-25 05:16:00,48110.0,48125.0,48110.0,48115.0,48115.0,8587
2025-09-25 05:18:00,48110.0,48120.0,48100.0,48115.0,48115.0,5885
2025-09-25 05:20:00,48115.0,48130.0,48110.0,48130.0,48130.0,12447
2025-09-25 05:22:00,48130.0,48140.0,48120.0,48125.0,48125.0,11078
2025-09-25 05:24:00,48125.0,48140.0,48120.0,48135.0,48135.0,8586
2025-09-25 05:26:00,48132.0,48140.0,48115.0,48135.0,48135.0,13203
2025-09-25 05:28:00,48137.0,48150.0,48132.0,48140.0,48140.0,20863
2025-09-25 05:30:00,48145.0,48145.0,48130.0,48135.0,48135.0,15834
2025-09-25 05:32:00,48140.0,48140.0,48120.0,48125.0,48125.0,16617
2025-09-25 05:34:00,48120.0,48135.0,48115.0,48125.0,48125.0,27551
2025-09-25 05:36:00,48125.0,48145.0,48120.0,48135.0,48135.0,5441
2025-09-25 05:38:00,48135.0,48150.0,48125.0,48140.0,48140.0,22993
2025-09-25 05:40:00,48135.0,48145.0,48130.0,48130.0,48130.0,4580
2025-09-25 05:42:00,48130.0,48142.0,48130.0,48135.0,48135.0,5700
2025-09-25 05:44:00,48135.0,48145.0,48125.0,48135.0,48135.0,6249
2025-09-25 05:46:00,48130.0,48135.0,48115.0,48120.0,48120.0,15766
2025-09-25 05:48:00,48120.0,48135.0,48115.0,48135.0,48135.0,18314
2025-09-25 05:50:00,48135.0,48150.0,48125.0,48140.0,48140.0,17991
2025-09-25 05:52:00,48135.0,48150.0,48130.0,48135.0,48135.0,10119
2025-09-25 05:54:00,48135.0,48145.0,48130.0,48145.0,48145.0,3551
2025-09-25 05:56:00,48145.0,48155.0,48140.0,48150.0,48150.0,22273
2025-09-25 05:58:00,48150.0,48165.0,48145.0,48165.0,48165.0,42075
