Date,Open,High,Low,Close,Adj Close,Volume
2015-05-28,26030.0,26100.0,25925.0,25925.0,20823.333984375,1972349
2015-05-29,25875.0,26150.0,25825.0,26020.0,20899.634765625,1463384
2015-06-01,25970.0,25970.0,25650.0,25825.0,20743.0078125,1371089
2015-06-02,25760.0,25900.0,25515.0,25590.0,20554.251953125,1664440
2015-06-03,25615.0,25675.0,25335.0,25375.0,20381.5625,1779675
2015-06-04,25420.0,25620.0,25350.0,25460.0,20449.8359375,1692657
2015-06-05,25370.0,25525.0,25310.0,25400.0,20401.63671875,1746114
2015-06-08,25395.0,25410.0,25250.0,25340.0,20353.455078125,1624373
2015-06-09,25330.0,25460.0,25225.0,25315.0,20333.36328125,2032945
2015-06-10,25410.0,25450.0,25155.0,25175.0,20220.921875,1813097
2015-06-11,25275.0,25320.0,25155.0,25255.0,20285.17578125,2617340
2015-06-12,25280.0,25440.0,25030.0,25060.0,20128.552734375,2490903
2015-06-15,24900.0,25085.0,24870.0,24975.0,20060.275390625,922663
2015-06-16,24955.0,25005.0,24590.0,24780.0,19903.64453125,3418513
2015-06-17,24780.0,24830.0,24665.0,24810.0,19927.744140625,1670489
2015-06-18,24915.0,25040.0,24795.0,24870.0,19975.943359375,2877854
2015-06-19,25020.0,25075.0,24905.0,24990.0,20072.328125,4913559
2015-06-22,25050.0,25190.0,24995.0,25050.0,20120.517578125,905929
2015-06-23,25205.0,25430.0,25150.0,25405.0,20405.654296875,1708916
2015-06-24,25435.0,25470.0,25360.0,25410.0,20409.671875,3381444
2015-06-25,25360.0,25435.0,25290.0,25380.0,20385.578125,780691
2015-06-26,25280.0,25475.0,25200.0,25390.0,20393.619140625,2692587
2015-06-29,25060.0,25125.0,24955.0,25045.0,20116.501953125,4196820
2015-06-30,25015.0,25200.0,25000.0,25200.0,20241.001953125,1730965
2015-07-01,25120.0,25480.0,25100.0,25450.0,20441.8046875,1774170
2015-07-02,25480.0,25555.0,25465.0,25490.0,20473.93359375,785183
2015-07-03,25490.0,25515.0,25310.0,25425.0,20421.7265625,688023
2015-07-06,25095.0,25260.0,24780.0,24815.0,19931.763671875,2681919
2015-07-07,24885.0,24925.0,24685.0,24850.0,19959.873046875,2357210
2015-07-08,24845.0,24855.0,24510.0,24510.0,19686.78125,2240882
2015-07-09,24375.0,24670.0,24190.0,24670.0,19815.291015625,2239227
2015-07-10,24700.0,24720.0,24575.0,24670.0,19815.291015625,1571301
2015-07-13,24650.0,25010.0,24620.0,24935.0,20028.14453125,1018071
2015-07-14,24965.0,24985.0,24760.0,24825.0,19939.7890625,1287182
2015-07-15,24925.0,25110.0,24805.0,24920.0,20016.099609375,1073407
2015-07-16,24875.0,25090.0,24855.0,25090.0,20152.64453125,1223894
2015-07-17,25195.0,25220.0,24875.0,24950.0,20040.197265625,1173409
2015-07-20,24945.0,25045.0,24815.0,24890.0,19992.00390625,1224851
2015-07-21,24920.0,25080.0,24800.0,24940.0,20032.166015625,1458850
2015-07-22,24805.0,24865.0,24620.0,24695.0,19835.37890625,2516753
2015-07-23,24740.0,24770.0,24585.0,24695.0,19835.37890625,1642393
2015-07-24,24590.0,24600.0,24370.0,24415.0,19610.4765625,2308388
2015-07-27,24330.0,24520.0,24280.0,24470.0,19654.646484375,2567756
2015-07-28,24400.0,24550.0,24300.0,24510.0,19686.78125,1596054
2015-07-29,24565.0,24640.0,24510.0,24600.0,19759.0703125,1055752
2015-07-30,24610.0,24645.0,24380.0,24390.0,19598.359375,997542
2015-07-31,24410.0,24415.0,24185.0,24305.0,19530.0546875,1756593
2015-08-03,24305.0,24305.0,24105.0,24195.0,19441.671875,1269757
2015-08-04,24195.0,24285.0,24165.0,24275.0,19505.958984375,704386
2015-08-05,24250.0,24385.0,24205.0,24315.0,19538.09765625,1026766
2015-08-06,24345.0,24355.0,24020.0,24020.0,19301.052734375,1629430
2015-08-07,23955.0,24010.0,23870.0,23955.0,19248.81640625,1545863
2015-08-10,23955.0,23955.0,23820.0,23910.0,19212.662109375,1076331
2015-08-11,24050.0,24190.0,23820.0,23820.0,19140.345703125,1908517
2015-08-12,23730.0,23865.0,23510.0,23670.0,19019.810546875,1443221
2015-08-13,23645.0,23800.0,23590.0,23765.0,19096.14453125,2065419
2015-08-17,23840.0,23845.0,23565.0,23580.0,18947.49609375,1768876
2015-08-18,23640.0,23685.0,23535.0,23570.0,18939.455078125,1564590
2015-08-19,23530.0,23550.0,23295.0,23370.0,18778.75,2308232
2015-08-20,23350.0,23350.0,23110.0,23110.0,18569.828125,1592752
2015-08-21,22660.0,22840.0,22580.0,22770.0,18296.626953125,3659178
2015-08-24,22545.0,22635.0,21705.0,22195.0,17834.587890625,6097046
2015-08-25,22210.0,22535.0,21835.0,22315.0,17931.013671875,5259631
2015-08-26,22175.0,22775.0,22090.0,22740.0,18272.515625,3194529
2015-08-27,22830.0,22995.0,22745.0,22830.0,18344.837890625,3383529
2015-08-28,23055.0,23175.0,23035.0,23145.0,18597.955078125,1969471
2015-08-31,23085.0,23185.0,22990.0,23130.0,18585.8984375,1346163
2015-09-01,23125.0,23190.0,22925.0,22970.0,18457.337890625,2330358
2015-09-02,22700.0,23090.0,22695.0,22945.0,18437.24609375,1855644
2015-09-03,23100.0,23140.0,22980.0,23030.0,18505.55078125,1008249
2015-09-04,23035.0,23065.0,22735.0,22845.0,18356.888671875,1664247
2015-09-07,22800.0,22925.0,22670.0,22785.0,18308.6796875,1509182
2015-09-08,22805.0,22860.0,22675.0,22800.0,18320.732421875,639484
2015-09-09,23030.0,23500.0,23030.0,23500.0,18883.212890625,1352161
2015-09-10,23330.0,23620.0,23270.0,23580.0,18947.49609375,1324693
2015-09-11,23450.0,23570.0,23375.0,23375.0,18782.771484375,847788
2015-09-14,23505.0,23505.0,23135.0,23260.0,18690.359375,1254609
2015-09-15,23290.0,23370.0,23220.0,23350.0,18762.677734375,1056718
2015-09-16,23440.0,23970.0,23440.0,23805.0,19128.2890625,3282642
2015-09-17,24070.0,24085.0,23910.0,23945.0,19240.78515625,3749758
2015-09-18,23885.0,24165.0,23665.0,24075.0,19345.248046875,1782132
2015-09-21,23815.0,23885.0,23605.0,23705.0,19047.9375,1260342
2015-09-22,23755.0,23870.0,23660.0,23810.0,19132.310546875,1175047
2015-09-23,23560.0,23725.0,23460.0,23510.0,18891.248046875,1110223
2015-09-24,23575.0,23605.0,23415.0,23495.0,18879.197265625,921345
2015-09-30,23085.0,23660.0,23085.0,23645.0,18999.7265625,1235183
2015-10-01,23600.0,24020.0,23565.0,23875.0,19184.5390625,2177463
2015-10-02,23850.0,23905.0,23715.0,23720.0,19059.98828125,1512204
2015-10-05,23815.0,24060.0,23740.0,23765.0,19096.14453125,1493929
2015-10-06,24040.0,24100.0,23950.0,24005.0,19288.99609375,1004190
2015-10-07,24050.0,24365.0,24050.0,24350.0,19566.22265625,2738125
2015-10-08,24465.0,24555.0,24350.0,24500.0,19686.744140625,2375482
2015-10-12,24640.0,24805.0,24565.0,24655.0,19811.30078125,2030493
2015-10-13,24625.0,24745.0,24550.0,24635.0,19795.228515625,1554245
2015-10-14,24540.0,24590.0,24405.0,24535.0,19714.873046875,1601552
2015-10-15,24515.0,24910.0,24515.0,24820.0,19943.88671875,2315093
2015-10-16,24850.0,24860.0,24715.0,24770.0,19903.70703125,1389857
2015-10-19,24810.0,24860.0,24660.0,24770.0,19903.70703125,1699338
2015-10-20,24750.0,24875.0,24715.0,24850.0,19967.990234375,1423325
2015-10-21,24850.0,25105.0,24830.0,24920.0,20024.23828125,1738600
2015-10-22,24875.0,24935.0,24730.0,24765.0,19899.689453125,2176652
2015-10-23,25035.0,25170.0,24935.0,24955.0,20052.3671875,1308028
2015-10-26,25115.0,25115.0,25005.0,25040.0,20120.6640625,1075786
2015-10-27,25035.0,25065.0,24895.0,25040.0,20120.6640625,920214
2015-10-28,25065.0,25065.0,24840.0,25015.0,20100.57421875,976342
2015-10-29,25040.0,25310.0,24875.0,24950.0,20048.34765625,1513909
2015-10-30,24905.0,25095.0,24885.0,25000.0,20088.51953125,1458157
2015-11-02,24990.0,25080.0,24920.0,25045.0,20124.6796875,896729
2015-11-03,25190.0,25330.0,25180.0,25250.0,20289.41015625,1291978
2015-11-04,25345.0,25370.0,25155.0,25250.0,20289.41015625,1419245
2015-11-05,25175.0,25245.0,25080.0,25235.0,20277.353515625,1005726
2015-11-06,25185.0,25220.0,24990.0,25050.0,20128.701171875,692375
2015-11-09,24985.0,25030.0,24855.0,24945.0,20044.330078125,1095093
2015-11-10,24800.0,24805.0,24570.0,24580.0,19751.029296875,1130849
2015-11-11,24520.0,24645.0,24415.0,24550.0,19726.919921875,1111255
2015-11-12,24565.0,24610.0,24490.0,24565.0,19738.978515625,849862
2015-11-13,24330.0,24405.0,24245.0,24245.0,19481.849609375,1338867
2015-11-16,23980.0,24125.0,23955.0,23985.0,19272.931640625,1432150
2015-11-17,24175.0,24255.0,24100.0,24185.0,19433.63671875,864125
2015-11-18,24135.0,24240.0,24100.0,24120.0,19381.40625,899135
2015-11-19,24340.0,24460.0,24240.0,24460.0,19654.609375,935598
2015-11-20,24485.0,24525.0,24445.0,24475.0,19666.65625,887025
2015-11-23,24550.0,24690.0,24525.0,24655.0,19811.30078125,928850
2015-11-24,24645.0,24770.0,24635.0,24755.0,19891.65625,1068883
2015-11-25,24745.0,24755.0,24635.0,24715.0,19859.517578125,899136
2015-11-26,24735.0,25045.0,24735.0,25020.0,20104.59375,1167720
2015-11-27,25025.0,25070.0,24955.0,24980.0,20072.453125,1008211
2015-11-30,24860.0,24865.0,24380.0,24495.0,19682.732421875,1221995
2015-12-01,24550.0,24885.0,24550.0,24835.0,19955.931640625,717080
2015-12-02,24845.0,24860.0,24695.0,24710.0,19855.5,761375
2015-12-03,24545.0,24545.0,24300.0,24480.0,19670.673828125,935567
2015-12-04,24165.0,24335.0,24165.0,24200.0,19445.685546875,985701
2015-12-07,24375.0,24385.0,24105.0,24105.0,19369.349609375,926194
2015-12-08,24120.0,24215.0,23960.0,24005.0,19288.99609375,1890925
2015-12-09,24025.0,24070.0,23955.0,24010.0,19293.017578125,1682626
2015-12-10,23960.0,24225.0,23905.0,24165.0,19417.564453125,1482406
2015-12-11,24100.0,24245.0,24035.0,24090.0,19357.298828125,2154289
2015-12-14,23890.0,23925.0,23735.0,23915.0,19216.68359375,2243676
2015-12-15,24000.0,24015.0,23890.0,23970.0,19260.875,1083104
2015-12-16,24175.0,24495.0,24135.0,24430.0,19630.50390625,1011919
2015-12-17,24555.0,24610.0,24325.0,24380.0,19590.32421875,1286630
2015-12-18,24195.0,24475.0,24180.0,24395.0,19602.380859375,874185
2015-12-21,24405.0,24545.0,24220.0,24445.0,19642.5625,1186067
2015-12-22,24420.0,24535.0,24285.0,24500.0,19686.744140625,758192
2015-12-23,24560.0,24805.0,24540.0,24740.0,19879.6015625,717985
2015-12-24,24865.0,24885.0,24595.0,24595.0,19763.09375,1703253
2015-12-28,24610.0,24620.0,24260.0,24260.0,19493.90234375,1173380
2015-12-29,24300.0,24490.0,24230.0,24465.0,19658.626953125,1035525
2015-12-30,24550.0,24600.0,24365.0,24430.0,19630.50390625,1109518
2016-01-04,24330.0,24330.0,23865.0,23865.0,19176.501953125,1437127
2016-01-05,23855.0,24090.0,23850.0,24015.0,19297.03125,1933328
2016-01-06,24015.0,24025.0,23715.0,23865.0,19176.501953125,1240720
2016-01-07,23800.0,23875.0,23560.0,23595.0,18959.548828125,2588617
2016-01-08,23470.0,23795.0,23415.0,23770.0,19100.162109375,1526971
2016-01-11,23460.0,23595.0,23415.0,23510.0,18891.248046875,1425398
2016-01-12,23640.0,23655.0,23400.0,23445.0,18839.01953125,442728
2016-01-13,23580.0,23830.0,23555.0,23805.0,19128.2890625,839970
2016-01-14,23480.0,23570.0,23320.0,23570.0,18939.455078125,2260461
2016-01-15,23750.0,23790.0,23190.0,23325.0,18742.591796875,1393046
2016-01-18,22990.0,23330.0,22985.0,23280.0,18706.43359375,1021467
2016-01-19,23280.0,23405.0,23090.0,23405.0,18806.87109375,1097005
2016-01-20,23310.0,23310.0,22700.0,22850.0,18360.908203125,3960094
2016-01-21,22895.0,23050.0,22800.0,22815.0,18332.787109375,1767951
2016-01-22,23060.0,23305.0,23060.0,23305.0,18726.5234375,1176270
2016-01-25,23395.0,23565.0,23310.0,23435.0,18830.98046875,1679869
2016-01-26,23325.0,23325.0,23005.0,23170.0,18618.044921875,1502283
2016-01-27,23345.0,23515.0,23300.0,23470.0,18859.103515625,753031
2016-01-28,23210.0,23440.0,23115.0,23410.0,18883.302734375,930328
2016-01-29,23335.0,23465.0,23190.0,23465.0,18927.66796875,1084905
2016-02-01,23565.0,23725.0,23525.0,23615.0,19048.671875,1095476
2016-02-02,23530.0,23610.0,23435.0,23475.0,18935.73828125,982620
2016-02-03,23205.0,23225.0,23070.0,23220.0,18730.046875,1014342
2016-02-04,23365.0,23635.0,23330.0,23635.0,19064.79296875,1389926
2016-02-05,23555.0,23730.0,23555.0,23670.0,19093.02734375,1001010
2016-02-11,23135.0,23185.0,22975.0,23025.0,18572.751953125,2527678
2016-02-12,22925.0,23010.0,22710.0,22845.0,18427.55078125,1173815
2016-02-15,23130.0,23235.0,23065.0,23175.0,18693.736328125,1395434
2016-02-16,23230.0,23560.0,23195.0,23525.0,18976.068359375,1637552
2016-02-17,23435.0,23655.0,23430.0,23555.0,19000.265625,1240970
2016-02-18,23840.0,23850.0,23720.0,23780.0,19181.76171875,1601816
2016-02-19,23725.0,23820.0,23705.0,23790.0,19189.826171875,1362947
2016-02-22,23735.0,23915.0,23705.0,23825.0,19218.05859375,1543922
2016-02-23,23925.0,23965.0,23780.0,23835.0,19226.123046875,1206989
2016-02-24,23805.0,23905.0,23715.0,23795.0,19193.853515625,898118
2016-02-25,23855.0,24030.0,23760.0,23875.0,19258.388671875,1508621
2016-02-26,23955.0,24005.0,23850.0,23875.0,19258.388671875,1129415
2016-02-29,23820.0,23975.0,23790.0,23840.0,19230.1640625,1311694
2016-03-02,24150.0,24250.0,24140.0,24190.0,19512.474609375,3024892
2016-03-03,24290.0,24305.0,24235.0,24300.0,19601.20703125,2200516
2016-03-04,24300.0,24365.0,24260.0,24295.0,19597.173828125,2721595
2016-03-07,24360.0,24400.0,24330.0,24350.0,19641.5390625,1415941
2016-03-08,24385.0,24400.0,24100.0,24160.0,19488.27734375,2009366
2016-03-09,24140.0,24265.0,24095.0,24265.0,19572.9765625,2402573
2016-03-10,24345.0,24620.0,24305.0,24465.0,19734.3046875,2380366
2016-03-11,24510.0,24615.0,24490.0,24555.0,19806.8984375,1314610
2016-03-14,24620.0,24695.0,24540.0,24570.0,19819.0,2632915
2016-03-15,24560.0,24625.0,24450.0,24540.0,19794.80078125,2435384
2016-03-16,24600.0,24705.0,24530.0,24600.0,19843.1953125,2139993
2016-03-17,24690.0,24935.0,24690.0,24705.0,19927.896484375,3299743
2016-03-18,24815.0,24830.0,24690.0,24725.0,19944.033203125,1461289
2016-03-21,24790.0,24895.0,24635.0,24715.0,19935.962890625,1513129
2016-03-22,24750.0,24820.0,24725.0,24815.0,20016.626953125,1286172
2016-03-23,24845.0,24930.0,24780.0,24820.0,20020.65625,1824166
2016-03-24,24735.0,24820.0,24645.0,24735.0,19952.091796875,2071057
2016-03-25,24765.0,24800.0,24690.0,24730.0,19948.0546875,941624
2016-03-28,24725.0,24815.0,24695.0,24750.0,19964.189453125,1132507
2016-03-29,24755.0,24905.0,24745.0,24855.0,20048.892578125,1411945
2016-03-30,24975.0,25050.0,24945.0,24980.0,20149.71875,1625921
2016-03-31,25000.0,25025.0,24795.0,24870.0,20060.994140625,835240
2016-04-01,24835.0,24865.0,24530.0,24530.0,19786.736328125,1105055
2016-04-04,24535.0,24605.0,24495.0,24565.0,19814.9609375,915447
2016-04-05,24500.0,24510.0,24340.0,24360.0,19649.61328125,1287493
2016-04-06,24375.0,24540.0,24365.0,24515.0,19774.62890625,944634
2016-04-07,24585.0,24625.0,24415.0,24525.0,19782.705078125,809781
2016-04-08,24365.0,24485.0,24260.0,24475.0,19742.361328125,1239981
2016-04-11,24470.0,24515.0,24370.0,24490.0,19754.470703125,720581
2016-04-12,24505.0,24680.0,24470.0,24655.0,19887.56640625,637476
2016-04-14,25125.0,25190.0,24970.0,25170.0,20302.984375,2255804
2016-04-15,25185.0,25235.0,25135.0,25170.0,20302.984375,1117107
2016-04-18,24980.0,25095.0,24930.0,25065.0,20218.283203125,653135
2016-04-19,25140.0,25225.0,25095.0,25105.0,20250.546875,686608
2016-04-20,25190.0,25280.0,25015.0,25015.0,20177.94921875,1190691
2016-04-21,25155.0,25270.0,25120.0,25235.0,20355.412109375,1209278
2016-04-22,25160.0,25195.0,25090.0,25140.0,20278.78515625,501693
2016-04-25,25150.0,25155.0,25020.0,25070.0,20222.318359375,877790
2016-04-26,25095.0,25260.0,25080.0,25200.0,20327.1796875,1360868
2016-04-27,25170.0,25255.0,25160.0,25185.0,20315.078125,1411763
2016-04-28,24945.0,24945.0,24570.0,24570.0,20106.408203125,3581265
2016-04-29,24575.0,24580.0,24370.0,24480.0,20032.74609375,1825053
2016-05-02,24415.0,24425.0,24280.0,24285.0,19873.1796875,1177462
2016-05-03,24375.0,24405.0,24300.0,24360.0,19934.560546875,1113427
2016-05-04,24255.0,24305.0,24175.0,24240.0,19836.349609375,1156429
2016-05-09,24250.0,24270.0,24140.0,24205.0,19807.71484375,885529
2016-05-10,24150.0,24295.0,24145.0,24290.0,19877.2734375,1468314
2016-05-11,24370.0,24375.0,24145.0,24265.0,19856.8125,1718481
2016-05-12,24180.0,24270.0,24105.0,24230.0,19828.16796875,1152122
2016-05-13,24215.0,24215.0,23980.0,24040.0,19672.6875,1382412
2016-05-16,23950.0,24115.0,23930.0,24040.0,19672.6875,429621
2016-05-17,24105.0,24105.0,23980.0,24055.0,19684.95703125,652413
2016-05-18,24010.0,24010.0,23805.0,23940.0,19590.849609375,2066642
2016-05-19,23890.0,23910.0,23830.0,23880.0,19541.755859375,810765
2016-05-20,23860.0,23925.0,23810.0,23855.0,19521.296875,673403
2016-05-23,23905.0,23970.0,23750.0,23920.0,19574.490234375,627235
2016-05-24,23865.0,23895.0,23750.0,23750.0,19435.376953125,604846
2016-05-25,23925.0,24120.0,23895.0,24070.0,19697.236328125,844622
2016-05-26,24100.0,24155.0,24030.0,24065.0,19693.150390625,424070
2016-05-27,24075.0,24190.0,24060.0,24165.0,19774.978515625,826702
2016-05-30,24170.0,24185.0,24010.0,24140.0,19754.52734375,781840
2016-05-31,24125.0,24320.0,23990.0,24315.0,19897.73046875,1349386
2016-06-01,24220.0,24370.0,24205.0,24315.0,19897.73046875,1264826
2016-06-02,24315.0,24395.0,24295.0,24355.0,19930.46484375,1243694
2016-06-03,24405.0,24450.0,24350.0,24410.0,19975.47265625,912011
2016-06-07,24490.0,24760.0,24490.0,24740.0,20245.5234375,1392313
2016-06-08,24745.0,24990.0,24745.0,24985.0,20446.009765625,2915267
2016-06-09,24980.0,25145.0,24865.0,24960.0,20425.5546875,7796559
2016-06-10,24930.0,24985.0,24885.0,24905.0,20380.541015625,6834727
2016-06-13,24720.0,24730.0,24360.0,24360.0,19934.560546875,2281329
2016-06-14,24380.0,24415.0,24220.0,24295.0,19881.36328125,1333302
2016-06-15,24265.0,24375.0,24185.0,24275.0,19864.99609375,1337565
2016-06-16,24325.0,24340.0,24020.0,24095.0,19717.69140625,2262622
2016-06-17,24265.0,24360.0,24125.0,24150.0,19762.70703125,795124
2016-06-20,24450.0,24520.0,24350.0,24470.0,20024.5625,1311379
2016-06-21,24455.0,24490.0,24365.0,24480.0,20032.74609375,1598134
2016-06-22,24480.0,24680.0,24440.0,24605.0,20135.048828125,1224484
2016-06-23,24635.0,24655.0,24570.0,24630.0,20155.50390625,1057667
2016-06-24,24760.0,24785.0,23520.0,23830.0,19500.837890625,4714658
2016-06-27,23735.0,23905.0,23700.0,23905.0,19562.2109375,2384284
2016-06-28,23705.0,24035.0,23660.0,23975.0,19619.498046875,2649236
2016-06-29,24100.0,24385.0,24030.0,24255.0,19848.623046875,1534285
2016-06-30,24385.0,24405.0,24235.0,24395.0,19963.1953125,1921973
2016-07-01,24445.0,24715.0,24445.0,24625.0,20151.41015625,2233020
2016-07-04,24660.0,24755.0,24595.0,24705.0,20216.8828125,1757659
2016-07-05,24705.0,24730.0,24625.0,24690.0,20204.599609375,2033347
2016-07-06,24595.0,24595.0,24090.0,24210.0,19811.806640625,2623676
2016-07-07,24355.0,24510.0,24240.0,24460.0,20016.384765625,1104220
2016-07-08,24400.0,24515.0,24280.0,24325.0,19905.912109375,946110
2016-07-11,24575.0,24750.0,24555.0,24695.0,20208.69921875,2177098
2016-07-12,24755.0,24840.0,24640.0,24700.0,20212.78515625,2148107
2016-07-13,24890.0,24995.0,24765.0,24860.0,20343.71875,14153860
2016-07-14,24835.0,24960.0,24825.0,24895.0,20372.36328125,1276591
2016-07-15,25005.0,25140.0,24970.0,25025.0,20478.748046875,3299960
2016-07-18,25040.0,25140.0,25040.0,25090.0,20531.93359375,1102968
2016-07-19,25105.0,25125.0,24980.0,25025.0,20478.748046875,1653701
2016-07-20,25040.0,25040.0,24885.0,25015.0,20470.55859375,2795754
2016-07-21,25090.0,25120.0,24985.0,25035.0,20486.931640625,852177
2016-07-22,24915.0,25050.0,24870.0,24990.0,20450.109375,717125
2016-07-25,25060.0,25135.0,24980.0,25040.0,20491.021484375,1161837
2016-07-26,25005.0,25260.0,24980.0,25245.0,20658.783203125,1629707
2016-07-27,25245.0,25310.0,25230.0,25250.0,20662.873046875,1437148
2016-07-28,25215.0,25265.0,25080.0,25120.0,20585.017578125,1671163
2016-07-29,25120.0,25295.0,25105.0,25140.0,20601.404296875,2616920
2016-08-01,25240.0,25345.0,25240.0,25325.0,20753.0078125,2924332
2016-08-02,25275.0,25275.0,25120.0,25130.0,20593.21484375,924523
2016-08-03,24950.0,24990.0,24810.0,24850.0,20363.767578125,2174659
2016-08-04,24910.0,24965.0,24810.0,24875.0,20384.251953125,1574551
2016-08-05,24940.0,25160.0,24935.0,25140.0,20601.404296875,1346117
2016-08-08,25300.0,25385.0,25220.0,25325.0,20753.0078125,1088550
2016-08-09,25345.0,25575.0,25345.0,25560.0,20945.587890625,1319274
2016-08-10,25520.0,25580.0,25455.0,25470.0,20871.8359375,1441772
2016-08-11,25455.0,25495.0,25380.0,25470.0,20871.8359375,1088111
2016-08-12,25565.0,25730.0,25535.0,25570.0,20953.779296875,1069143
2016-08-16,25645.0,25730.0,25550.0,25550.0,20937.388671875,2272199
2016-08-17,25530.0,25580.0,25440.0,25530.0,20921.0,813210
2016-08-18,25530.0,25740.0,25530.0,25730.0,21084.896484375,2355919
2016-08-19,25750.0,25805.0,25705.0,25795.0,21138.162109375,1931663
2016-08-22,25775.0,25780.0,25635.0,25645.0,21015.240234375,1577118
2016-08-23,25670.0,25785.0,25670.0,25780.0,21125.869140625,919397
2016-08-24,25765.0,25795.0,25615.0,25660.0,21027.533203125,1149716
2016-08-25,25650.0,25735.0,25575.0,25670.0,21035.732421875,926392
2016-08-26,25610.0,25620.0,25475.0,25610.0,20986.5546875,592365
2016-08-29,25455.0,25635.0,25385.0,25580.0,20961.9765625,615221
2016-08-30,25700.0,25840.0,25670.0,25715.0,21072.6015625,747600
2016-08-31,25715.0,25715.0,25565.0,25620.0,20994.75,1268722
2016-09-01,25480.0,25550.0,25360.0,25535.0,20925.1015625,986062
2016-09-02,25585.0,25615.0,25510.0,25595.0,20974.275390625,1480998
2016-09-05,25725.0,25935.0,25725.0,25920.0,21240.59765625,1138178
2016-09-06,25935.0,26040.0,25905.0,26025.0,21326.638671875,784441
2016-09-07,26065.0,26170.0,25965.0,25965.0,21277.470703125,1542185
2016-09-08,26000.0,26100.0,25915.0,25935.0,21252.888671875,4359329
2016-09-09,25815.0,25830.0,25595.0,25655.0,21023.435546875,2203397
2016-09-12,25250.0,25330.0,25035.0,25035.0,20515.365234375,3803512
2016-09-13,25325.0,25325.0,25115.0,25120.0,20585.017578125,2424249
2016-09-19,25100.0,25380.0,25090.0,25360.0,20781.697265625,1413841
2016-09-20,25310.0,25435.0,25270.0,25415.0,20826.755859375,1951958
2016-09-21,25405.0,25590.0,24700.0,25590.0,20970.169921875,2248592
2016-09-22,25760.0,25920.0,25760.0,25795.0,21138.162109375,1344905
2016-09-23,25870.0,25880.0,25755.0,25770.0,21117.677734375,781105
2016-09-26,25790.0,25890.0,25660.0,25695.0,21056.21484375,1202636
2016-09-27,25630.0,25920.0,25485.0,25880.0,21207.814453125,1309177
2016-09-28,25875.0,25875.0,25775.0,25800.0,21142.2578125,673105
2016-09-29,25925.0,26045.0,25915.0,25980.0,21289.7578125,1613660
2016-09-30,25800.0,25850.0,25675.0,25700.0,21060.3125,1118077
2016-10-04,25845.0,25930.0,25800.0,25855.0,21187.33203125,716395
2016-10-05,25660.0,25900.0,25615.0,25840.0,21175.037109375,955701
2016-10-06,26020.0,26095.0,25920.0,26035.0,21334.830078125,1562688
2016-10-07,26015.0,26070.0,25940.0,25960.0,21273.37890625,1673170
2016-10-10,25865.0,26010.0,25755.0,25985.0,21293.865234375,1191858
2016-10-11,25945.0,26005.0,25595.0,25595.0,20974.275390625,2685183
2016-10-12,25455.0,25645.0,25450.0,25610.0,20986.5546875,2526669
2016-10-13,25550.0,25590.0,25330.0,25370.0,20789.888671875,1840797
2016-10-14,25445.0,25560.0,25425.0,25520.0,20912.806640625,1201833
2016-10-17,25525.0,25630.0,25325.0,25560.0,20945.587890625,1265431
2016-10-18,25565.0,25740.0,25560.0,25715.0,21072.6015625,944552
2016-10-19,25665.0,25895.0,25665.0,25745.0,21097.1875,1416181
2016-10-20,25800.0,25890.0,25760.0,25765.0,21113.580078125,1222102
2016-10-21,25755.0,25810.0,25640.0,25660.0,21027.533203125,1289706
2016-10-24,25775.0,25890.0,25765.0,25855.0,21187.33203125,1094731
2016-10-25,25830.0,25855.0,25760.0,25800.0,21142.2578125,623289
2016-10-26,25710.0,25710.0,25405.0,25520.0,20912.806640625,2751613
2016-10-27,25570.0,25650.0,25545.0,25605.0,20982.458984375,1035358
2016-10-28,25575.0,25690.0,25575.0,25645.0,21023.455078125,651313
2016-10-31,25535.0,25640.0,25475.0,25545.0,20941.474609375,989628
2016-11-01,25545.0,25585.0,25320.0,25580.0,20970.166015625,1564770
2016-11-02,25390.0,25430.0,25235.0,25250.0,20699.6328125,3269892
2016-11-03,25225.0,25340.0,25160.0,25325.0,20761.1171875,1663162
2016-11-04,25265.0,25300.0,25180.0,25245.0,20695.5390625,1904213
2016-11-07,25500.0,25525.0,25390.0,25475.0,20884.087890625,1805313
2016-11-08,25585.0,25585.0,25395.0,25525.0,20925.080078125,1167277
2016-11-09,25590.0,25690.0,24665.0,24980.0,20478.29296875,5237994
2016-11-10,25330.0,25505.0,25270.0,25475.0,20884.087890625,1942681
2016-11-11,25295.0,25345.0,25175.0,25220.0,20675.041015625,797748
2016-11-14,25185.0,25230.0,24995.0,25035.0,20523.38671875,1196772
2016-11-15,24975.0,25075.0,24920.0,24940.0,20445.50390625,1832545
2016-11-16,25070.0,25115.0,25000.0,25025.0,20515.185546875,445266
2016-11-17,24955.0,25040.0,24845.0,25010.0,20502.884765625,1371548
2016-11-18,25050.0,25050.0,24895.0,25010.0,20502.884765625,996768
2016-11-21,24945.0,25035.0,24890.0,24940.0,20445.50390625,1166400
2016-11-22,25035.0,25270.0,25035.0,25235.0,20687.345703125,821916
2016-11-23,25250.0,25420.0,25205.0,25330.0,20765.216796875,791891
2016-11-24,25300.0,25335.0,25130.0,25195.0,20654.546875,2719020
2016-11-25,25225.0,25265.0,25165.0,25220.0,20675.041015625,1343958
2016-11-28,25220.0,25320.0,25075.0,25315.0,20752.91796875,2102397
2016-11-29,25305.0,25330.0,25230.0,25290.0,20732.421875,1540454
2016-11-30,25295.0,25470.0,25285.0,25425.0,20843.095703125,437976
2016-12-01,25440.0,25480.0,25375.0,25445.0,20859.4921875,1138151
2016-12-02,25320.0,25365.0,25210.0,25270.0,20716.02734375,1457246
2016-12-05,25205.0,25270.0,25140.0,25240.0,20691.4453125,1997250
2016-12-06,25405.0,25580.0,25405.0,25520.0,20920.9765625,3756393
2016-12-07,25600.0,25640.0,25545.0,25590.0,20978.36328125,3192741
2016-12-08,25835.0,26030.0,25815.0,26000.0,21314.4765625,3605653
2016-12-09,26000.0,26090.0,25985.0,26085.0,21384.158203125,1113777
2016-12-12,26115.0,26150.0,25965.0,26040.0,21347.267578125,1849384
2016-12-13,26040.0,26115.0,26005.0,26090.0,21388.259765625,1469506
2016-12-14,26200.0,26270.0,26095.0,26145.0,21433.341796875,1289303
2016-12-15,25970.0,26165.0,25930.0,26100.0,21396.453125,497624
2016-12-16,26070.0,26195.0,26055.0,26160.0,21445.6484375,551889
2016-12-19,26090.0,26220.0,26090.0,26160.0,21445.6484375,663140
2016-12-20,26180.0,26275.0,26180.0,26220.0,21494.826171875,962181
2016-12-21,26280.0,26370.0,26200.0,26210.0,21486.6328125,1099883
2016-12-22,26235.0,26250.0,26175.0,26210.0,21486.6328125,389808
2016-12-23,26190.0,26205.0,26145.0,26180.0,21462.041015625,752663
2016-12-26,26195.0,26205.0,26155.0,26200.0,21478.435546875,393291
2016-12-27,26215.0,26245.0,26200.0,26230.0,21503.02734375,918731
2016-12-28,26335.0,26395.0,26315.0,26345.0,21597.294921875,996290
2016-12-29,26340.0,26355.0,26265.0,26340.0,21593.20703125,1030146
2017-01-02,26340.0,26510.0,26250.0,26450.0,21683.375,496217
2017-01-03,26530.0,26660.0,26470.0,26660.0,21855.537109375,1660424
2017-01-04,26660.0,26685.0,26615.0,26665.0,21859.63671875,648928
2017-01-05,26660.0,26670.0,26550.0,26550.0,21765.353515625,1467622
2017-01-06,26615.0,26735.0,26615.0,26685.0,21876.037109375,3040161
2017-01-09,26705.0,26795.0,26695.0,26755.0,21933.41015625,684865
2017-01-10,26680.0,26760.0,26665.0,26700.0,21888.330078125,826520
2017-01-11,26740.0,27270.0,26740.0,27185.0,22285.921875,1782374
2017-01-12,27235.0,27320.0,27185.0,27260.0,22347.408203125,4047919
2017-01-13,27225.0,27265.0,27185.0,27190.0,22290.01953125,1509576
2017-01-16,27190.0,27230.0,26970.0,27025.0,22154.75390625,1725230
2017-01-17,27070.0,27260.0,27070.0,27130.0,22240.8359375,1594392
2017-01-18,27150.0,27210.0,26950.0,27125.0,22236.73828125,936973
2017-01-19,27250.0,27410.0,27035.0,27165.0,22269.533203125,1279789
2017-01-20,27065.0,27135.0,27045.0,27090.0,22208.041015625,570740
2017-01-23,27075.0,27175.0,26935.0,27080.0,22199.845703125,808942
2017-01-24,27165.0,27215.0,27045.0,27095.0,22212.140625,1659887
2017-01-25,27280.0,27280.0,27100.0,27205.0,22302.32421875,1873907
2017-01-26,27270.0,27460.0,27205.0,27395.0,22458.083984375,1069579
2017-01-31,27300.0,27360.0,27225.0,27225.0,22335.015625,1634194
2017-02-01,27320.0,27350.0,27285.0,27340.0,22429.357421875,1404835
2017-02-02,27325.0,27480.0,27180.0,27220.0,22330.919921875,1408382
2017-02-03,27290.0,27315.0,27125.0,27255.0,22359.634765625,1470420
2017-02-06,27470.0,27505.0,27255.0,27310.0,22404.75390625,991630
2017-02-07,27355.0,27355.0,27225.0,27255.0,22359.634765625,1173578
2017-02-08,27215.0,27215.0,26965.0,27150.0,22273.490234375,3876452
2017-02-09,27165.0,27265.0,27100.0,27180.0,22298.10546875,1705164
2017-02-10,27310.0,27360.0,27230.0,27230.0,22339.123046875,1465797
2017-02-13,27200.0,27265.0,27195.0,27235.0,22343.22265625,1244246
2017-02-14,27325.0,27325.0,27110.0,27190.0,22306.3046875,1594110
2017-02-15,27175.0,27310.0,27115.0,27270.0,22371.94140625,1020557
2017-02-16,27305.0,27395.0,27215.0,27260.0,22363.736328125,408073
2017-02-17,27170.0,27275.0,27165.0,27240.0,22347.330078125,869894
2017-02-20,27295.0,27340.0,27235.0,27330.0,22421.158203125,379972
2017-02-21,27360.0,27720.0,27350.0,27595.0,22638.56640625,1609654
2017-02-22,27595.0,27680.0,27595.0,27650.0,22683.685546875,1663608
2017-02-23,27635.0,27665.0,27595.0,27640.0,22675.48046875,628717
2017-02-24,27625.0,27655.0,27385.0,27435.0,22507.30078125,2103985
2017-02-27,27450.0,27465.0,27265.0,27320.0,22412.9609375,907626
2017-02-28,27345.0,27420.0,27310.0,27370.0,22453.978515625,793572
2017-03-02,27575.0,27705.0,27510.0,27635.0,22671.3828125,1758357
2017-03-03,27495.0,27525.0,27280.0,27365.0,22449.873046875,2491868
2017-03-06,27255.0,27420.0,27220.0,27390.0,22470.38671875,1370080
2017-03-07,27430.0,27600.0,27395.0,27555.0,22605.748046875,1934362
2017-03-08,27515.0,27680.0,27485.0,27595.0,22638.56640625,1971947
2017-03-09,27610.0,27655.0,27530.0,27530.0,22585.234375,1295437
2017-03-10,27540.0,27660.0,27405.0,27575.0,22622.158203125,1859148
2017-03-13,27650.0,27975.0,27630.0,27885.0,22876.48046875,1501588
2017-03-14,27990.0,28165.0,27985.0,28145.0,23089.78125,2967317
2017-03-15,28125.0,28200.0,28095.0,28175.0,23114.38671875,1025755
2017-03-16,28480.0,28545.0,28325.0,28375.0,23278.462890625,2275256
2017-03-17,28390.0,28540.0,28360.0,28505.0,23385.11328125,1595094
2017-03-20,28505.0,28505.0,28375.0,28460.0,23348.19921875,995643
2017-03-21,28555.0,28815.0,28515.0,28740.0,23577.8984375,2442065
2017-03-22,28565.0,28630.0,28485.0,28630.0,23487.669921875,2495013
2017-03-23,28710.0,28795.0,28635.0,28665.0,23516.37890625,1194907
2017-03-24,28690.0,28780.0,28550.0,28620.0,23479.458984375,1189887
2017-03-27,28500.0,28565.0,28395.0,28435.0,23327.69140625,1044169
2017-03-28,28565.0,28595.0,28460.0,28510.0,23389.21484375,1716217
2017-03-29,28620.0,28625.0,28515.0,28590.0,23454.845703125,1459853
2017-03-30,28620.0,28720.0,28520.0,28575.0,23442.541015625,1406245
2017-03-31,28620.0,28620.0,28505.0,28525.0,23401.525390625,1276527
2017-04-03,28585.0,28675.0,28530.0,28575.0,23442.541015625,1539582
2017-04-04,28555.0,28595.0,28455.0,28505.0,23385.11328125,1702001
2017-04-05,28535.0,28540.0,28285.0,28465.0,23352.302734375,1723500
2017-04-06,28385.0,28385.0,28235.0,28355.0,23262.05859375,2471033
2017-04-07,28420.0,28420.0,28200.0,28315.0,23229.23828125,4203087
2017-04-10,28325.0,28325.0,28095.0,28145.0,23089.78125,3046006
2017-04-11,28100.0,28160.0,27940.0,28035.0,22999.537109375,1251304
2017-04-12,28060.0,28070.0,27980.0,28045.0,23007.73828125,795196
2017-04-13,28085.0,28310.0,28030.0,28310.0,23225.138671875,689642
2017-04-14,28240.0,28245.0,28020.0,28190.0,23126.6953125,1431100
2017-04-17,28195.0,28345.0,28190.0,28255.0,23180.015625,1332786
2017-04-18,28375.0,28380.0,28155.0,28240.0,23167.71875,846859
2017-04-19,28190.0,28250.0,28025.0,28115.0,23065.16796875,7594960
2017-04-20,28040.0,28240.0,28000.0,28225.0,23155.412109375,5424001
2017-04-21,28345.0,28520.0,28310.0,28470.0,23356.404296875,3297885
2017-04-24,28605.0,28655.0,28535.0,28600.0,23463.0546875,1246030
2017-04-25,28640.0,28930.0,28625.0,28905.0,23713.2734375,2226868
2017-04-26,29020.0,29135.0,28985.0,29065.0,23844.529296875,3982172
2017-04-27,28630.0,29420.0,28565.0,28690.0,23907.02734375,2920715
2017-04-28,28690.0,28855.0,28690.0,28725.0,23936.197265625,1467162
2017-05-02,28860.0,29130.0,28825.0,28960.0,24132.017578125,3864668
2017-05-04,29070.0,29255.0,29065.0,29255.0,24377.83203125,3234633
2017-05-08,29330.0,30010.0,29290.0,30010.0,25006.966796875,3355281
2017-05-10,30080.0,30535.0,29610.0,29685.0,24736.1484375,3142394
2017-05-11,29860.0,30095.0,29730.0,30010.0,25006.966796875,1812168
2017-05-12,30070.0,30070.0,29860.0,29885.0,24902.80859375,2829262
2017-05-15,29930.0,30070.0,29840.0,29980.0,24981.970703125,2579887
2017-05-16,30180.0,30250.0,29885.0,30015.0,25011.134765625,5059525
2017-05-17,29925.0,30065.0,29875.0,30005.0,25002.80078125,3018381
2017-05-18,29710.0,29945.0,29645.0,29940.0,24948.640625,3132820
2017-05-19,29910.0,29975.0,29850.0,29885.0,24902.80859375,3174304
2017-05-22,30080.0,30140.0,29965.0,30125.0,25102.798828125,4289531
2017-05-23,30195.0,30445.0,30135.0,30220.0,25181.958984375,3792784
2017-05-24,30285.0,30350.0,30210.0,30260.0,25215.291015625,2995199
2017-05-25,30405.0,30620.0,30310.0,30590.0,25490.28125,2452709
2017-05-26,30640.0,30935.0,30590.0,30775.0,25644.431640625,3221269
2017-05-29,30905.0,31005.0,30585.0,30750.0,25623.6015625,8335603
2017-05-30,30725.0,30765.0,30390.0,30545.0,25452.77734375,4754595
2017-05-31,30470.0,30695.0,30445.0,30545.0,25452.77734375,4284932
2017-06-01,30540.0,30600.0,30385.0,30480.0,25398.611328125,3670914
2017-06-02,30575.0,30875.0,30575.0,30860.0,25715.259765625,3929239
2017-06-05,30900.0,30930.0,30765.0,30825.0,25686.095703125,3510326
2017-06-07,30780.0,30835.0,30635.0,30635.0,25527.771484375,3530729
2017-06-08,30525.0,30775.0,30465.0,30775.0,25644.431640625,1833712
2017-06-09,30790.0,31075.0,30780.0,31015.0,25844.42578125,2022934
2017-06-12,30825.0,30890.0,30655.0,30705.0,25586.103515625,2235063
2017-06-13,30705.0,30905.0,30705.0,30885.0,25736.095703125,2980352
2017-06-14,30995.0,31080.0,30795.0,30870.0,25723.591796875,2536466
2017-06-15,30830.0,30950.0,30580.0,30740.0,25615.265625,2058831
2017-06-16,30740.0,30810.0,30680.0,30755.0,25627.771484375,2238311
2017-06-19,30750.0,31000.0,30690.0,30925.0,25769.42578125,2966087
2017-06-20,31090.0,31100.0,30950.0,31005.0,25836.0859375,2609024
2017-06-21,30855.0,30880.0,30705.0,30815.0,25677.767578125,2807287
2017-06-22,30890.0,31025.0,30820.0,31025.0,25852.7578125,1983547
2017-06-23,31025.0,31140.0,30985.0,31095.0,25911.087890625,1941128
2017-06-26,31110.0,31300.0,31110.0,31265.0,26052.748046875,3807387
2017-06-27,31210.0,31370.0,31190.0,31285.0,26069.416015625,2030939
2017-06-28,31150.0,31275.0,31130.0,31190.0,25990.248046875,4780440
2017-06-29,31345.0,31490.0,31345.0,31390.0,26156.904296875,2213875
2017-06-30,31190.0,31305.0,31160.0,31305.0,26086.072265625,3776195
2017-07-03,31375.0,31400.0,31230.0,31360.0,26131.91015625,2525774
2017-07-04,31375.0,31400.0,31140.0,31180.0,25981.916015625,3525066
2017-07-05,31120.0,31325.0,31090.0,31290.0,26073.58203125,1804027
2017-07-06,31355.0,31365.0,31210.0,31310.0,26090.24609375,1974616
2017-07-07,31180.0,31255.0,31085.0,31175.0,25977.74609375,515632
2017-07-10,31275.0,31370.0,31200.0,31260.0,26048.578125,487843
2017-07-11,31310.0,31480.0,31280.0,31475.0,26227.73046875,943284
2017-07-12,31460.0,31530.0,31430.0,31470.0,26223.57421875,1663070
2017-07-13,31630.0,31950.0,31620.0,31820.0,26515.220703125,1872376
2017-07-14,31850.0,31925.0,31810.0,31835.0,26527.720703125,1133174
2017-07-17,32040.0,32065.0,31910.0,31960.0,26631.8828125,629530
2017-07-18,31960.0,31980.0,31895.0,31980.0,26648.5390625,620006
2017-07-19,32020.0,32030.0,31885.0,32005.0,26669.37890625,560276
2017-07-20,32075.0,32205.0,32005.0,32165.0,26802.70703125,995553
2017-07-21,32130.0,32315.0,32125.0,32290.0,26906.865234375,1409076
2017-07-24,32320.0,32320.0,32215.0,32295.0,26911.029296875,775034
2017-07-25,32295.0,32320.0,32120.0,32150.0,26790.205078125,874992
2017-07-26,32175.0,32200.0,31995.0,32070.0,26723.5390625,3484474
2017-07-27,32160.0,32255.0,32085.0,32155.0,26794.375,621768
2017-07-28,31975.0,32000.0,31455.0,31480.0,26280.935546875,1743194
2017-07-31,31340.0,31530.0,31330.0,31490.0,26289.287109375,869069
2017-08-01,31390.0,31920.0,31380.0,31770.0,26523.046875,2092865
2017-08-02,31860.0,31930.0,31800.0,31835.0,26577.30859375,1242778
2017-08-03,31760.0,31760.0,31085.0,31290.0,26122.326171875,3625473
2017-08-04,31350.0,31485.0,31260.0,31430.0,26239.203125,734489
2017-08-07,31465.0,31625.0,31410.0,31460.0,26264.244140625,1339919
2017-08-08,31545.0,31615.0,31240.0,31390.0,26205.80859375,1605851
2017-08-09,31190.0,31260.0,30980.0,31020.0,25896.908203125,2461345
2017-08-10,30920.0,31040.0,30645.0,30855.0,25759.162109375,1963595
2017-08-11,30435.0,30550.0,30240.0,30315.0,25308.345703125,2090615
2017-08-14,30540.0,30630.0,30450.0,30565.0,25517.05859375,1021695
2017-08-16,30875.0,30920.0,30725.0,30770.0,25688.197265625,799087
2017-08-17,30835.0,31005.0,30760.0,30960.0,25846.818359375,3020340
2017-08-18,30705.0,30950.0,30675.0,30910.0,25805.076171875,1664566
2017-08-21,30985.0,30990.0,30815.0,30880.0,25780.029296875,1235292
2017-08-22,30940.0,31055.0,30935.0,31000.0,25880.21484375,1178792
2017-08-23,31175.0,31185.0,30955.0,31025.0,25901.091796875,2867057
2017-08-24,31030.0,31230.0,31030.0,31145.0,26001.267578125,1014580
2017-08-25,31225.0,31280.0,31105.0,31175.0,26026.310546875,975786
2017-08-28,31155.0,31235.0,30965.0,31000.0,25880.21484375,736971
2017-08-29,30825.0,30915.0,30480.0,30915.0,25809.255859375,3689571
2017-08-30,31065.0,31065.0,30895.0,31030.0,25905.2578125,1026992
2017-08-31,31040.0,31075.0,30785.0,30840.0,25746.646484375,1007825
2017-09-01,30935.0,30980.0,30725.0,30825.0,25734.1171875,1957862
2017-09-04,30375.0,30695.0,30375.0,30500.0,25462.79296875,1475731
2017-09-05,30605.0,30610.0,30390.0,30470.0,25437.748046875,1024576
2017-09-06,30425.0,30450.0,30310.0,30400.0,25379.306640625,938078
2017-09-07,30495.0,30800.0,30470.0,30775.0,25692.37109375,1361988
2017-09-08,30825.0,30850.0,30730.0,30795.0,25709.07421875,980281
2017-09-11,30955.0,31185.0,30955.0,31095.0,25959.52734375,916019
2017-09-12,31215.0,31220.0,31035.0,31095.0,25959.52734375,1229185
2017-09-13,31150.0,31280.0,31035.0,31070.0,25938.65625,425940
2017-09-14,31120.0,31405.0,31050.0,31405.0,26218.33203125,959783
2017-09-15,31315.0,31415.0,31155.0,31415.0,26226.673828125,1321678
2017-09-18,31465.0,31940.0,31455.0,31940.0,26664.966796875,1925319
2017-09-19,31935.0,31970.0,31880.0,31885.0,26619.0546875,1130760
2017-09-20,31960.0,32115.0,31780.0,31885.0,26619.0546875,2063442
2017-09-21,31850.0,31965.0,31815.0,31910.0,26639.923828125,2555477
2017-09-25,31725.0,31770.0,31600.0,31680.0,26447.9140625,1114114
2017-09-26,31570.0,31630.0,31455.0,31515.0,26310.16015625,872328
2017-09-27,31515.0,31515.0,31410.0,31440.0,26247.556640625,1474276
2017-09-28,31480.0,32075.0,31390.0,31495.0,26293.4609375,4779447
2017-09-29,31515.0,31740.0,31515.0,31740.0,26498.00390625,1476221
2017-10-10,32250.0,32480.0,32145.0,32300.0,26965.513671875,3480470
2017-10-11,32425.0,32665.0,32415.0,32625.0,27236.837890625,2716260
2017-10-12,32670.0,32870.0,32670.0,32840.0,27416.33203125,2811828
2017-10-13,32835.0,32920.0,32780.0,32820.0,27399.6328125,2346280
2017-10-16,32890.0,33005.0,32800.0,32860.0,27433.02734375,1096323
2017-10-17,32870.0,32970.0,32855.0,32930.0,27491.466796875,818755
2017-10-18,32875.0,32995.0,32815.0,32910.0,27474.7734375,1341112
2017-10-19,32990.0,33010.0,32710.0,32750.0,27341.193359375,766303
2017-10-20,32770.0,32955.0,32770.0,32955.0,27512.3359375,687141
2017-10-23,33075.0,33110.0,32945.0,33050.0,27591.654296875,2163965
2017-10-24,33040.0,33085.0,33000.0,33000.0,27549.908203125,1730534
2017-10-25,33015.0,33090.0,32890.0,33035.0,27579.12890625,1840061
2017-10-26,33020.0,33040.0,32790.0,32790.0,27374.595703125,911503
2017-10-27,32815.0,33055.0,32770.0,33010.0,27558.251953125,1623727
2017-10-30,33160.0,33180.0,33030.0,33075.0,27646.01953125,955079
2017-10-31,33065.0,33485.0,33025.0,33430.0,27942.748046875,2769333
2017-11-01,33695.0,33930.0,33600.0,33930.0,28360.68359375,3292408
2017-11-02,33965.0,33985.0,33760.0,33845.0,28289.634765625,1211978
2017-11-03,33950.0,33985.0,33675.0,33930.0,28360.68359375,1066541
2017-11-06,33890.0,33945.0,33515.0,33780.0,28235.30078125,2127390
2017-11-07,33780.0,33890.0,33685.0,33725.0,28189.32421875,1154488
2017-11-08,33580.0,33960.0,33550.0,33865.0,28306.349609375,2453051
2017-11-09,33915.0,33930.0,33570.0,33770.0,28226.935546875,2510937
2017-11-10,33555.0,33725.0,33530.0,33660.0,28135.0,1058482
2017-11-13,33675.0,33790.0,33450.0,33490.0,27992.90234375,755595
2017-11-14,33500.0,33530.0,33395.0,33460.0,27967.82421875,633685
2017-11-15,33405.0,33420.0,33210.0,33270.0,27809.01171875,1270940
2017-11-16,33320.0,33525.0,33255.0,33485.0,27988.72265625,489411
2017-11-17,33615.0,33855.0,33475.0,33475.0,27980.361328125,3028090
2017-11-20,33515.0,33570.0,33280.0,33320.0,27850.810546875,2080755
2017-11-21,33440.0,33540.0,33340.0,33395.0,27913.49609375,1074292
2017-11-22,33610.0,33765.0,33515.0,33600.0,28084.84765625,3593226
2017-11-23,33635.0,33645.0,33480.0,33545.0,28038.869140625,1770806
2017-11-24,33535.0,33600.0,33440.0,33600.0,28084.84765625,1054679
2017-11-27,33615.0,33630.0,33010.0,33040.0,27616.76953125,1313889
2017-11-28,33030.0,33210.0,32940.0,33140.0,27700.34765625,1571236
2017-11-29,33180.0,33290.0,33080.0,33125.0,27687.80859375,503457
2017-11-30,32900.0,33015.0,32540.0,32540.0,27198.83984375,1238798
2017-12-01,32750.0,32750.0,32505.0,32565.0,27219.73046875,971817
2017-12-04,32710.0,32900.0,32555.0,32900.0,27499.748046875,1135922
2017-12-05,32735.0,33080.0,32680.0,33010.0,27591.689453125,1573851
2017-12-06,33005.0,33010.0,32530.0,32530.0,27190.478515625,1309456
2017-12-07,32610.0,32625.0,32310.0,32425.0,27102.70703125,1031118
2017-12-08,32585.0,32610.0,32410.0,32515.0,27177.94140625,834511
2017-12-11,32555.0,32590.0,32410.0,32555.0,27211.373046875,1547174
2017-12-12,32550.0,32560.0,32390.0,32460.0,27131.966796875,993567
2017-12-13,32495.0,32735.0,32410.0,32685.0,27320.0390625,3060327
2017-12-14,32795.0,33180.0,32655.0,32655.0,27294.958984375,2332709
2017-12-15,32890.0,32925.0,32630.0,32695.0,27328.396484375,1582237
2017-12-18,32740.0,32795.0,32660.0,32735.0,27361.83203125,1478225
2017-12-19,32840.0,33015.0,32670.0,32755.0,27378.546875,830607
2017-12-21,32630.0,32640.0,32050.0,32050.0,26789.26953125,2505412
2017-12-22,32125.0,32265.0,32035.0,32185.0,26902.107421875,2593263
2017-12-26,32260.0,32460.0,32020.0,32020.0,26764.1875,3784216
2017-12-27,32120.0,32405.0,32100.0,32405.0,27086.0,2066690
2017-12-28,32415.0,32855.0,32415.0,32855.0,27462.1328125,1937890
2018-01-02,32930.0,33055.0,32860.0,32995.0,27579.158203125,855373
2018-01-03,33155.0,33220.0,33045.0,33130.0,27691.99609375,1477618
2018-01-04,33330.0,33340.0,32855.0,32880.0,27483.02734375,1364907
2018-01-05,32955.0,33285.0,32955.0,33285.0,27821.552734375,909271
2018-01-08,33390.0,33580.0,33250.0,33510.0,28009.6171875,602727
2018-01-09,33510.0,33675.0,33270.0,33395.0,27913.49609375,1275380
2018-01-10,33495.0,33495.0,33130.0,33185.0,27737.96484375,925308
2018-01-11,33185.0,33210.0,32945.0,33015.0,27595.865234375,862139
2018-01-12,33190.0,33190.0,32850.0,33085.0,27654.37890625,1322536
2018-01-15,33250.0,33320.0,33055.0,33165.0,27721.251953125,461636
2018-01-16,33145.0,33460.0,33080.0,33420.0,27934.392578125,553647
2018-01-17,33355.0,33415.0,33235.0,33325.0,27854.98046875,1101467
2018-01-18,33500.0,33610.0,33290.0,33325.0,27854.98046875,792067
2018-01-19,33360.0,33455.0,33305.0,33340.0,27867.525390625,1032620
2018-01-22,33345.0,33345.0,32890.0,33030.0,27608.412109375,1251707
2018-01-23,33180.0,33475.0,33140.0,33475.0,27980.361328125,3519021
2018-01-24,33425.0,33660.0,33425.0,33510.0,28009.6171875,1526231
2018-01-25,33445.0,33850.0,33440.0,33795.0,28247.83984375,4123601
2018-01-26,33805.0,33925.0,33710.0,33925.0,28356.5,1262912
2018-01-29,34100.0,34335.0,34100.0,34170.0,28561.28515625,2794344
2018-01-30,34105.0,34145.0,33695.0,33695.0,28213.794921875,1955644
2018-01-31,33555.0,34205.0,33555.0,33695.0,28213.794921875,3384311
2018-02-01,33830.0,33915.0,33640.0,33700.0,28217.978515625,2056054
2018-02-02,33650.0,33655.0,33015.0,33070.0,27690.466796875,7285581
2018-02-06,32050.0,32300.0,31650.0,32215.0,26974.548828125,4858282
2018-02-07,32560.0,32645.0,31430.0,31430.0,26317.25,2037373
2018-02-08,31440.0,31800.0,31350.0,31650.0,26501.4609375,3317227
2018-02-09,30740.0,30985.0,30650.0,30845.0,25827.408203125,2923118
2018-02-12,31005.0,31340.0,30885.0,31185.0,26112.095703125,5403883
2018-02-13,31405.0,31810.0,31295.0,31460.0,26342.359375,1807395
2018-02-14,31645.0,31930.0,31645.0,31850.0,26668.92578125,1081803
2018-02-19,32230.0,32280.0,31825.0,32040.0,26828.01171875,4143248
2018-02-20,31915.0,31925.0,31590.0,31640.0,26493.0859375,1042571
2018-02-21,31660.0,31870.0,31440.0,31805.0,26631.2421875,1487350
2018-02-22,31615.0,31705.0,31475.0,31625.0,26480.52734375,1430760
2018-02-23,31735.0,32090.0,31735.0,32090.0,26869.884765625,1246447
2018-02-26,32215.0,32245.0,32015.0,32135.0,26907.55859375,1376038
2018-02-27,32340.0,32475.0,32065.0,32075.0,26857.326171875,1378831
2018-02-28,31965.0,32095.0,31655.0,31665.0,26514.015625,1750443
2018-03-06,31125.0,31460.0,31080.0,31460.0,26342.359375,1535658
2018-03-07,31630.0,31795.0,31275.0,31450.0,26333.9921875,810711
2018-03-08,31725.0,31820.0,31495.0,31820.0,26643.802734375,1186636
2018-03-09,31940.0,32430.0,31860.0,32150.0,26920.12109375,1257879
2018-03-12,32465.0,32555.0,32335.0,32435.0,27158.759765625,555463
2018-03-13,32440.0,32600.0,32390.0,32600.0,27296.921875,787572
2018-03-14,32365.0,32575.0,32365.0,32565.0,27267.60546875,753101
2018-03-15,32600.0,32710.0,32345.0,32665.0,27351.34765625,1003889
2018-03-16,32660.0,32700.0,32395.0,32625.0,27317.853515625,604036
2018-03-19,32620.0,32625.0,32340.0,32385.0,27116.888671875,594168
2018-03-20,32200.0,32555.0,32175.0,32555.0,27259.244140625,859753
2018-03-21,32535.0,32650.0,32510.0,32570.0,27271.8046875,212271
2018-03-22,32580.0,32865.0,32560.0,32685.0,27368.091796875,795895
2018-03-23,32025.0,32095.0,31530.0,31610.0,26467.96484375,2162917
2018-03-26,31590.0,31880.0,31360.0,31880.0,26694.04296875,1598566
2018-03-27,32090.0,32115.0,31940.0,32035.0,26823.833984375,1402366
2018-03-28,31640.0,31680.0,31425.0,31600.0,26459.587890625,833565
2018-03-29,31675.0,31925.0,31550.0,31880.0,26694.04296875,764178
2018-03-30,32115.0,32180.0,31955.0,31955.0,26756.837890625,1720707
2018-04-02,31995.0,32195.0,31860.0,31905.0,26714.978515625,231772
2018-04-03,31720.0,31825.0,31500.0,31825.0,26647.986328125,432347
2018-04-04,31870.0,31875.0,31290.0,31325.0,26229.330078125,1145526
2018-04-05,31565.0,31910.0,31505.0,31765.0,26597.75,966299
2018-04-06,31540.0,31690.0,31440.0,31610.0,26467.96484375,383849
2018-04-09,31565.0,31875.0,31545.0,31805.0,26631.2421875,781717
2018-04-10,31690.0,31950.0,31445.0,31875.0,26689.853515625,965930
2018-04-11,31900.0,32000.0,31735.0,31750.0,26585.189453125,3959570
2018-04-12,31870.0,31945.0,31760.0,31760.0,26593.564453125,1517823
2018-04-13,31860.0,32005.0,31810.0,31955.0,26756.837890625,2576721
2018-04-16,32165.0,32165.0,31895.0,32000.0,26794.517578125,1406655
2018-04-17,32010.0,32110.0,31880.0,31935.0,26740.099609375,1267042
2018-04-18,32140.0,32405.0,32130.0,32295.0,27041.533203125,1069607
2018-04-19,32395.0,32535.0,32335.0,32450.0,27171.318359375,970034
2018-04-20,32300.0,32400.0,32225.0,32255.0,27008.0390625,549008
2018-04-23,32200.0,32300.0,32135.0,32250.0,27003.853515625,499624
2018-04-24,32275.0,32300.0,31915.0,32070.0,26853.134765625,1533326
2018-04-25,31820.0,31900.0,31690.0,31875.0,26689.853515625,431334
2018-04-26,31965.0,32365.0,31945.0,32235.0,26991.294921875,846131
2018-04-27,32140.0,32325.0,31995.0,32120.0,27267.19140625,1227890
2018-04-30,32320.0,32320.0,32140.0,32265.0,27390.28125,955907
2018-05-02,32300.0,32300.0,32030.0,32085.0,27237.484375,527932
2018-05-03,32005.0,32080.0,31870.0,31955.0,27127.12109375,328716
2018-05-04,31990.0,32025.0,31730.0,31735.0,26940.357421875,809660
2018-05-08,31870.0,31945.0,31545.0,31575.0,26804.533203125,612131
2018-05-09,31670.0,31670.0,31300.0,31490.0,26732.375,1365642
2018-05-10,31645.0,31745.0,31565.0,31715.0,26923.37890625,1526282
2018-05-11,31810.0,32005.0,31810.0,31890.0,27071.939453125,623239
2018-05-14,31955.0,31975.0,31770.0,31805.0,26999.787109375,464820
2018-05-15,31790.0,31840.0,31495.0,31550.0,26783.30859375,531007
2018-05-16,31440.0,31710.0,31400.0,31635.0,26855.466796875,493466
2018-05-17,31745.0,31830.0,31500.0,31505.0,26745.103515625,973679
2018-05-18,31575.0,31625.0,31515.0,31595.0,26821.51171875,1251971
2018-05-21,31675.0,31765.0,31400.0,31690.0,26902.154296875,242978
2018-05-23,31635.0,31905.0,31625.0,31865.0,27050.724609375,1229469
2018-05-24,31945.0,31950.0,31695.0,31800.0,26995.5390625,727387
2018-05-25,31635.0,31910.0,31630.0,31835.0,27025.25390625,1010906
2018-05-28,31970.0,32010.0,31885.0,31960.0,27131.369140625,688991
2018-05-29,31925.0,31965.0,31665.0,31695.0,26906.40625,1291878
2018-05-30,31530.0,31540.0,30815.0,30955.0,26278.203125,2843734
2018-05-31,31145.0,31175.0,31000.0,31130.0,26426.759765625,1104611
2018-06-01,31130.0,31415.0,31020.0,31305.0,26575.326171875,993547
2018-06-04,31360.0,31545.0,31335.0,31485.0,26728.1328125,585220
2018-06-05,31515.0,31580.0,31285.0,31580.0,26808.775390625,1940447
2018-06-07,31700.0,31940.0,31700.0,31835.0,27025.25390625,1094614
2018-06-08,31765.0,31775.0,31485.0,31535.0,26770.578125,1943118
2018-06-11,31565.0,31800.0,31495.0,31780.0,26978.5625,665483
2018-06-12,31855.0,31920.0,31710.0,31745.0,26948.849609375,996922
2018-06-14,31545.0,31550.0,31125.0,31135.0,26431.017578125,911432
2018-06-15,31210.0,31250.0,30995.0,30995.0,26312.162109375,615493
2018-06-18,31015.0,31015.0,30500.0,30635.0,26006.5546875,1073497
2018-06-19,30550.0,30655.0,30160.0,30235.0,25666.98828125,1928986
2018-06-20,30350.0,30645.0,30270.0,30455.0,25853.748046875,1607818
2018-06-21,30440.0,30565.0,30190.0,30210.0,25645.767578125,1213892
2018-06-22,29900.0,30435.0,29900.0,30435.0,25836.76953125,2270488
2018-06-25,30435.0,30480.0,30125.0,30445.0,25845.255859375,1328265
2018-06-26,30145.0,30450.0,30035.0,30355.0,25768.85546875,804195
2018-06-27,30300.0,30470.0,30260.0,30300.0,25722.169921875,396159
2018-06-28,30180.0,30270.0,29925.0,29995.0,25463.248046875,1737846
2018-06-29,30040.0,30150.0,29725.0,30065.0,25522.671875,1319657
2018-07-02,30065.0,30110.0,29410.0,29415.0,24970.876953125,1657143
2018-07-03,29620.0,29620.0,29235.0,29445.0,24996.33984375,1275525
2018-07-04,29430.0,29590.0,29330.0,29370.0,24932.677734375,1528994
2018-07-05,29370.0,29490.0,29125.0,29300.0,24873.25,1635260
2018-07-06,29290.0,29625.0,29160.0,29475.0,25021.80859375,1916472
2018-07-09,29515.0,29820.0,29420.0,29715.0,25225.548828125,1172476
2018-07-10,29825.0,29930.0,29735.0,29770.0,25272.236328125,1307575
2018-07-11,29540.0,29665.0,29305.0,29590.0,25119.4375,2525608
2018-07-12,29650.0,29830.0,29535.0,29685.0,25200.08203125,1030203
2018-07-13,29715.0,30070.0,29715.0,30000.0,25467.4921875,1093800
2018-07-16,30000.0,30075.0,29855.0,29885.0,25369.865234375,583096
2018-07-17,29890.0,29955.0,29710.0,29845.0,25335.90625,1236274
2018-07-18,30025.0,30140.0,29735.0,29775.0,25276.484375,1132089
2018-07-19,29890.0,29935.0,29675.0,29705.0,25217.060546875,1129437
2018-07-20,29725.0,29885.0,29535.0,29840.0,25331.66796875,937909
2018-07-23,29830.0,29830.0,29550.0,29605.0,25132.166015625,1920291
2018-07-24,29675.0,29750.0,29500.0,29695.0,25208.572265625,1035453
2018-07-25,29760.0,29875.0,29605.0,29640.0,25161.87890625,630783
2018-07-26,29825.0,29960.0,29680.0,29840.0,25331.66796875,1075259
2018-07-27,29890.0,29925.0,29785.0,29925.0,25403.822265625,557535
2018-07-30,29745.0,29840.0,29640.0,29755.0,25344.197265625,992887
2018-07-31,29740.0,29815.0,29670.0,29785.0,25369.748046875,789235
2018-08-01,29860.0,30025.0,29840.0,29905.0,25471.96484375,830433
2018-08-02,29905.0,29905.0,29330.0,29370.0,25016.2734375,1124795
2018-08-03,29465.0,29610.0,29370.0,29590.0,25203.66015625,847102
2018-08-06,29625.0,29775.0,29550.0,29560.0,25178.1015625,281872
2018-08-07,29630.0,29780.0,29475.0,29780.0,25365.494140625,918705
2018-08-08,29875.0,29875.0,29730.0,29765.0,25352.71484375,601352
2018-08-09,29760.0,29785.0,29625.0,29750.0,25339.939453125,575196
2018-08-10,29675.0,29675.0,29355.0,29435.0,25071.630859375,826855
2018-08-13,29195.0,29255.0,28890.0,29035.0,24730.9296875,599684
2018-08-14,29050.0,29210.0,29035.0,29165.0,24841.662109375,764531
2018-08-16,28800.0,28965.0,28615.0,28880.0,24598.90625,876405
2018-08-17,28855.0,28970.0,28820.0,28885.0,24603.1640625,467012
2018-08-20,29000.0,29130.0,28880.0,28920.0,24632.974609375,759467
2018-08-21,28915.0,29270.0,28850.0,29230.0,24897.02734375,781250
2018-08-22,29270.0,29405.0,29215.0,29330.0,24982.19921875,892018
2018-08-23,29460.0,29460.0,29290.0,29450.0,25084.41015625,466220
2018-08-24,29380.0,29635.0,29295.0,29575.0,25190.8828125,863686
2018-08-27,29670.0,29770.0,29580.0,29720.0,25314.38671875,890936
2018-08-28,29860.0,29930.0,29730.0,29745.0,25335.685546875,1833515
2018-08-29,29785.0,29865.0,29730.0,29820.0,25399.5625,1020412
2018-08-30,29855.0,30020.0,29770.0,29845.0,25420.853515625,1237165
2018-08-31,29730.0,29975.0,29655.0,29955.0,25514.548828125,814626
2018-09-03,29940.0,29940.0,29740.0,29780.0,25365.494140625,393451
2018-09-04,29800.0,29940.0,29725.0,29920.0,25484.7421875,1106514
2018-09-05,29815.0,29870.0,29485.0,29545.0,25165.333984375,433150
2018-09-06,29495.0,29620.0,29410.0,29480.0,25109.96484375,765307
2018-09-07,29290.0,29430.0,29115.0,29335.0,24986.45703125,940557
2018-09-10,29300.0,29445.0,29285.0,29400.0,25041.82421875,888266
2018-09-11,29370.0,29500.0,29200.0,29290.0,24948.12890625,528623
2018-09-12,29305.0,29355.0,29140.0,29285.0,24943.873046875,555515
2018-09-13,29190.0,29370.0,29190.0,29300.0,24956.646484375,425373
2018-09-14,29535.0,29795.0,29535.0,29740.0,25331.421875,993854
2018-09-17,29675.0,29690.0,29445.0,29535.0,25156.80859375,575021
2018-09-18,29335.0,29680.0,29320.0,29670.0,25271.802734375,997778
2018-09-19,29780.0,29790.0,29575.0,29705.0,25301.609375,462794
2018-09-20,29765.0,30080.0,29750.0,29960.0,25518.80859375,1285040
2018-09-21,29965.0,30110.0,29940.0,30110.0,25646.5703125,1328856
2018-09-27,30055.0,30370.0,30015.0,30310.0,25816.927734375,934879
2018-09-28,30365.0,30365.0,30110.0,30135.0,25667.8671875,853057
2018-10-01,30260.0,30260.0,30010.0,30120.0,25655.091796875,253496
2018-10-02,30100.0,30185.0,29735.0,29770.0,25356.970703125,981640
2018-10-04,29775.0,29775.0,29250.0,29290.0,24948.12890625,1159803
2018-10-05,29265.0,29360.0,29065.0,29250.0,24914.056640625,1155876
2018-10-08,29125.0,29335.0,29115.0,29115.0,24799.07421875,405859
2018-10-10,29165.0,29165.0,28820.0,28920.0,24632.974609375,1257451
2018-10-11,28225.0,28390.0,27710.0,27720.0,23610.857421875,2405317
2018-10-12,27720.0,28220.0,27685.0,27995.0,23845.095703125,1986228
2018-10-15,27955.0,27990.0,27765.0,27840.0,23713.07421875,815407
2018-10-16,27960.0,28055.0,27730.0,27785.0,23666.22265625,1119605
2018-10-17,28030.0,28295.0,28020.0,28115.0,23947.306640625,701847
2018-10-18,28020.0,28110.0,27855.0,27880.0,23747.142578125,1117628
2018-10-19,27675.0,28020.0,27510.0,27985.0,23836.57421875,541548
2018-10-22,27795.0,28125.0,27725.0,28035.0,23879.1640625,787278
2018-10-23,27820.0,27865.0,27220.0,27370.0,23312.744140625,1673064
2018-10-24,27560.0,27560.0,27215.0,27255.0,23214.79296875,1087845
2018-10-25,26650.0,26840.0,26440.0,26840.0,22861.30859375,3858285
2018-10-26,26840.0,26855.0,26155.0,26405.0,22490.79296875,2801901
2018-10-29,26510.0,26665.0,26135.0,26170.0,22290.634765625,2140366
2018-10-30,25985.0,26495.0,25950.0,26260.0,22453.078125,1783643
2018-10-31,26360.0,26415.0,26115.0,26365.0,22542.865234375,1016173
2018-11-01,26420.0,26715.0,26265.0,26265.0,22457.361328125,860447
2018-11-02,26640.0,27290.0,26570.0,27240.0,23291.0078125,1415592
2018-11-05,27055.0,27055.0,26655.0,26975.0,23064.435546875,764692
2018-11-06,27130.0,27195.0,26860.0,27150.0,23214.056640625,908498
2018-11-07,27145.0,27395.0,26950.0,27030.0,23111.451171875,1788952
2018-11-08,27470.0,27615.0,27250.0,27250.0,23299.564453125,2178899
2018-11-09,27245.0,27345.0,27070.0,27090.0,23162.7578125,2048117
2018-11-12,26865.0,27220.0,26840.0,27170.0,23231.16015625,1399879
2018-11-13,26695.0,26990.0,26485.0,26955.0,23047.328125,1442598
2018-11-14,26950.0,27000.0,26805.0,26905.0,23004.580078125,524506
2018-11-15,26860.0,27175.0,26760.0,27155.0,23218.337890625,2514636
2018-11-16,27265.0,27330.0,27090.0,27140.0,23205.51171875,1273162
2018-11-19,27185.0,27400.0,27095.0,27240.0,23291.0078125,1266057
2018-11-20,26935.0,27075.0,26875.0,26955.0,23047.328125,2304392
2018-11-21,26600.0,26860.0,26530.0,26840.0,22949.001953125,1212738
2018-11-22,26840.0,26920.0,26750.0,26820.0,22931.90234375,1552232
2018-11-23,26800.0,26860.0,26510.0,26620.0,22760.890625,1503599
2018-11-26,26715.0,27005.0,26685.0,26995.0,23081.529296875,1246707
2018-11-27,27070.0,27250.0,26925.0,27195.0,23252.529296875,985228
2018-11-28,27270.0,27360.0,27150.0,27360.0,23393.615234375,918104
2018-11-29,27745.0,27775.0,27350.0,27415.0,23440.6484375,1383737
2018-11-30,27510.0,27525.0,27100.0,27155.0,23218.337890625,1649626
2018-12-03,27600.0,27700.0,27375.0,27610.0,23607.373046875,1619740
2018-12-04,27515.0,27550.0,27185.0,27305.0,23346.58984375,2157886
2018-12-05,26960.0,27250.0,26955.0,27150.0,23214.056640625,2627266
2018-12-06,27105.0,27105.0,26700.0,26745.0,22867.77734375,1935822
2018-12-07,26905.0,26965.0,26725.0,26845.0,22953.27734375,1171591
2018-12-10,26470.0,26640.0,26400.0,26585.0,22730.966796875,3037456
2018-12-11,26750.0,26750.0,26445.0,26525.0,22679.666015625,2938585
2018-12-12,26625.0,26920.0,26595.0,26870.0,22974.650390625,4612990
2018-12-13,27000.0,27130.0,26845.0,27045.0,23124.28515625,4845690
2018-12-14,27015.0,27015.0,26460.0,26615.0,22756.623046875,1699214
2018-12-17,26660.0,26760.0,26625.0,26665.0,22799.373046875,2376933
2018-12-18,26480.0,26710.0,26475.0,26565.0,22713.873046875,2428216
2018-12-19,26650.0,26785.0,26590.0,26760.0,22880.603515625,1813525
2018-12-20,26580.0,26650.0,26345.0,26490.0,22649.7421875,1502106
2018-12-21,26445.0,26530.0,26370.0,26485.0,22645.46484375,2024363
2018-12-24,26400.0,26500.0,26320.0,26500.0,22658.294921875,1386977
2018-12-26,26130.0,26300.0,25985.0,26120.0,22333.3828125,2659545
2018-12-27,26525.0,26595.0,26410.0,26480.0,22641.193359375,1098101
2018-12-28,26550.0,26705.0,26550.0,26580.0,22726.697265625,1179902
2019-01-02,26790.0,26820.0,26190.0,26270.0,22461.630859375,1584037
2019-01-03,26275.0,26305.0,25980.0,26005.0,22235.052734375,1229011
2019-01-04,26005.0,26250.0,25935.0,26225.0,22423.15625,1072110
2019-01-07,26550.0,26785.0,26530.0,26605.0,22748.0703125,955997
2019-01-09,26515.0,27045.0,26515.0,26960.0,23051.60546875,1170743
2019-01-10,26985.0,27105.0,26885.0,26955.0,23047.328125,1333153
2019-01-11,27075.0,27190.0,26975.0,27130.0,23196.96484375,630803
2019-01-14,27060.0,27085.0,26860.0,26895.0,22996.03125,522322
2019-01-15,26990.0,27440.0,26965.0,27425.0,23449.193359375,1281461
2019-01-16,27420.0,27545.0,27330.0,27540.0,23547.517578125,1122660
2019-01-17,27600.0,27725.0,27505.0,27625.0,23620.201171875,1179900
2019-01-18,27760.0,27835.0,27695.0,27825.0,23791.208984375,1555644
2019-01-21,27970.0,27990.0,27675.0,27850.0,23812.587890625,967356
2019-01-22,27850.0,27900.0,27595.0,27700.0,23684.33203125,1966008
2019-01-23,27575.0,27905.0,27570.0,27835.0,23799.759765625,1982065
2019-01-24,27850.0,28070.0,27810.0,28065.0,23996.419921875,2290539
2019-01-25,28160.0,28610.0,28130.0,28590.0,24445.302734375,4413044
2019-01-28,28635.0,28775.0,28480.0,28580.0,24436.7578125,3727093
2019-01-29,28530.0,28710.0,28405.0,28710.0,24547.90234375,2240938
2019-01-30,28605.0,28965.0,28570.0,28965.0,24852.5078125,1358919
2019-01-31,29145.0,29240.0,28930.0,28940.0,24831.056640625,2344412
2019-02-01,29055.0,29180.0,28870.0,28890.0,24788.150390625,1573591
2019-02-07,29090.0,29100.0,28825.0,28895.0,24792.443359375,1663159
2019-02-08,28740.0,28750.0,28445.0,28510.0,24462.1015625,2488581
2019-02-11,28510.0,28535.0,28365.0,28535.0,24483.55859375,1764569
2019-02-12,28535.0,28775.0,28505.0,28720.0,24642.287109375,2148926
2019-02-13,28830.0,28875.0,28755.0,28845.0,24749.5390625,1990330
2019-02-14,28860.0,29105.0,28620.0,29105.0,24972.63671875,2080658
2019-02-15,29000.0,29000.0,28630.0,28745.0,24663.73828125,725482
2019-02-18,28950.0,29055.0,28835.0,28955.0,24843.923828125,865200
2019-02-19,28915.0,28960.0,28655.0,28825.0,24732.384765625,1274630
2019-02-20,29005.0,29265.0,28950.0,29155.0,25015.52734375,2520834
2019-02-21,29055.0,29265.0,28945.0,29160.0,25019.822265625,1523769
2019-02-22,29095.0,29175.0,29010.0,29170.0,25028.3984375,758407
2019-02-25,29330.0,29380.0,29130.0,29235.0,25084.166015625,952354
2019-02-26,29225.0,29250.0,29065.0,29145.0,25006.94921875,967768
2019-02-27,29210.0,29285.0,29160.0,29230.0,25079.8828125,855704
2019-02-28,29175.0,29220.0,28780.0,28780.0,24693.76953125,2025536
2019-03-04,28940.0,29030.0,28580.0,28590.0,24530.74609375,1032335
2019-03-05,28475.0,28525.0,28295.0,28385.0,24354.853515625,1218198
2019-03-06,28370.0,28370.0,28250.0,28305.0,24286.216796875,685096
2019-03-07,28295.0,28430.0,28115.0,28210.0,24204.701171875,1112882
2019-03-08,28090.0,28125.0,27830.0,27830.0,23878.65625,1931053
2019-03-11,27885.0,27925.0,27750.0,27850.0,23895.8203125,3199583
2019-03-12,28070.0,28190.0,28055.0,28125.0,24131.771484375,835916
2019-03-13,28040.0,28040.0,27735.0,27925.0,23960.16796875,2517677
2019-03-14,28015.0,28105.0,27840.0,28030.0,24050.26171875,686749
2019-03-15,27980.0,28425.0,27975.0,28330.0,24307.658203125,1242516
2019-03-18,28400.0,28445.0,28285.0,28355.0,24329.11328125,504365
2019-03-19,28400.0,28400.0,28230.0,28325.0,24303.37109375,1041754
2019-03-20,28275.0,28365.0,28005.0,28365.0,24337.697265625,965233
2019-03-21,28350.0,28800.0,28350.0,28550.0,24496.4296875,1864563
2019-03-22,28700.0,28775.0,28565.0,28630.0,24565.072265625,1704637
2019-03-25,28205.0,28290.0,28065.0,28065.0,24080.294921875,855044
2019-03-26,28160.0,28180.0,28045.0,28100.0,24110.31640625,782200
2019-03-27,28110.0,28175.0,27845.0,28085.0,24097.44921875,1073341
2019-03-28,28030.0,28030.0,27800.0,27905.0,23943.005859375,1116829
2019-03-29,27950.0,28150.0,27880.0,28150.0,24153.216796875,1009629
2019-04-01,28215.0,28500.0,28215.0,28450.0,24410.623046875,850134
2019-04-02,28450.0,28650.0,28450.0,28565.0,24509.296875,927916
2019-04-03,28610.0,28985.0,28545.0,28985.0,24869.662109375,1150433
2019-04-04,28980.0,29205.0,28940.0,29025.0,24903.984375,2036693
2019-04-05,29045.0,29170.0,29005.0,29080.0,24951.177734375,891763
2019-04-08,29090.0,29215.0,28935.0,29015.0,24895.404296875,1408083
2019-04-09,29020.0,29210.0,28950.0,29055.0,24929.728515625,735098
2019-04-10,29000.0,29215.0,28940.0,29195.0,25049.84765625,927032
2019-04-11,29240.0,29275.0,29050.0,29140.0,25002.65625,1136815
2019-04-12,29100.0,29280.0,28990.0,29210.0,25062.71875,460333
2019-04-15,29335.0,29485.0,29320.0,29350.0,25182.837890625,740387
2019-04-16,29315.0,29475.0,29290.0,29450.0,25268.642578125,583154
2019-04-17,29455.0,29510.0,29390.0,29435.0,25255.771484375,890442
2019-04-18,29455.0,29485.0,28925.0,28955.0,24843.923828125,2448106
2019-04-19,29095.0,29130.0,28960.0,28965.0,24852.5078125,1381491
2019-04-22,28995.0,29150.0,28845.0,28975.0,24861.083984375,680460
2019-04-23,28970.0,29075.0,28920.0,29020.0,24899.6953125,768204
2019-04-24,29135.0,29155.0,28585.0,28730.0,24650.87109375,2193555
2019-04-25,28660.0,28800.0,28600.0,28670.0,24599.390625,1000149
2019-04-26,28585.0,28615.0,28350.0,28490.0,24444.94921875,1090174
2019-04-29,28305.0,28680.0,28180.0,28680.0,24949.501953125,938807
2019-04-30,28655.0,28655.0,28250.0,28505.0,24797.267578125,1951594
2019-05-02,28485.0,28690.0,28255.0,28615.0,24892.958984375,989754
2019-05-03,28595.0,28595.0,28305.0,28355.0,24666.779296875,1038979
2019-05-07,28135.0,28165.0,27870.0,28150.0,24488.439453125,1656538
2019-05-08,27800.0,28170.0,27765.0,28015.0,24371.005859375,1569757
2019-05-09,27975.0,27975.0,27150.0,27180.0,23644.62109375,2057416
2019-05-10,27300.0,27435.0,26980.0,27230.0,23688.115234375,2356197
2019-05-13,27050.0,27200.0,26870.0,26915.0,23414.08203125,1330778
2019-05-14,26650.0,27050.0,26600.0,26895.0,23396.6875,1745193
2019-05-15,26865.0,27090.0,26755.0,26985.0,23474.9765625,2048175
2019-05-16,26880.0,26960.0,26550.0,26615.0,23153.107421875,1940008
2019-05-17,26770.0,26805.0,26400.0,26450.0,23009.564453125,1442069
2019-05-20,26605.0,26760.0,26450.0,26500.0,23053.0703125,1416652
2019-05-21,26495.0,26860.0,26485.0,26645.0,23179.20703125,1229133
2019-05-22,26720.0,26765.0,26405.0,26695.0,23222.701171875,2165386
2019-05-23,26675.0,26715.0,26465.0,26655.0,23187.90625,1614029
2019-05-24,26550.0,26630.0,26335.0,26465.0,23022.62109375,2109164
2019-05-27,26440.0,26600.0,26350.0,26490.0,23044.359375,511738
2019-05-28,26485.0,26615.0,26370.0,26525.0,23074.8125,1910846
2019-05-29,26525.0,26525.0,26050.0,26165.0,22761.63671875,1696095
2019-05-30,26165.0,26425.0,26155.0,26415.0,22979.123046875,688709
2019-05-31,26320.0,26525.0,26190.0,26355.0,22926.919921875,1184116
2019-06-03,26260.0,26835.0,26215.0,26815.0,23327.091796875,1314947
2019-06-04,26760.0,26840.0,26685.0,26765.0,23283.59375,1239841
2019-06-05,26970.0,27060.0,26750.0,26785.0,23300.994140625,1506238
2019-06-07,26785.0,26995.0,26615.0,26790.0,23305.341796875,1968460
2019-06-10,26900.0,27245.0,26870.0,27170.0,23635.9140625,2541167
2019-06-11,27145.0,27380.0,27115.0,27345.0,23788.154296875,1081706
2019-06-12,27345.0,27425.0,27220.0,27255.0,23709.861328125,1350368
2019-06-13,27090.0,27245.0,26825.0,27015.0,23501.078125,1056088
2019-06-14,27015.0,27155.0,26875.0,27010.0,23496.7265625,1379112
2019-06-17,26990.0,27160.0,26935.0,27020.0,23505.42578125,1634576
2019-06-18,27010.0,27200.0,26985.0,27165.0,23631.568359375,927571
2019-06-19,27440.0,27570.0,27415.0,27500.0,23922.990234375,2017017
2019-06-20,27485.0,27610.0,27455.0,27595.0,24005.634765625,1307946
2019-06-21,27610.0,27630.0,27465.0,27520.0,23940.390625,1132437
2019-06-24,27595.0,27675.0,27530.0,27570.0,23983.888671875,780719
2019-06-25,27530.0,27705.0,27430.0,27530.0,23949.0859375,1059325
2019-06-26,27495.0,27625.0,27475.0,27545.0,23962.138671875,1397795
2019-06-27,27615.0,27940.0,27580.0,27880.0,24253.5625,1437244
2019-06-28,27880.0,27935.0,27760.0,27850.0,24227.470703125,1353571
2019-07-01,27970.0,28100.0,27795.0,27835.0,24214.416015625,1145919
2019-07-02,27670.0,27835.0,27555.0,27675.0,24075.2265625,943128
2019-07-03,27655.0,27745.0,27280.0,27330.0,23775.099609375,908258
2019-07-04,27350.0,27555.0,27290.0,27550.0,23966.490234375,1068477
2019-07-05,27570.0,27615.0,27350.0,27515.0,23936.037109375,691475
2019-07-08,27375.0,27375.0,26930.0,26960.0,23453.23046875,2076474
2019-07-09,27020.0,27110.0,26875.0,26875.0,23379.287109375,1461188
2019-07-10,27000.0,27115.0,26975.0,26985.0,23474.9765625,1420130
2019-07-11,27150.0,27390.0,27135.0,27320.0,23766.40234375,2188816
2019-07-12,27295.0,27410.0,27225.0,27375.0,23814.255859375,1270988
2019-07-15,27290.0,27420.0,27195.0,27360.0,23801.19921875,784274
2019-07-16,27385.0,27540.0,27315.0,27490.0,23914.29296875,1605490
2019-07-17,27315.0,27340.0,27140.0,27235.0,23692.4609375,985504
2019-07-18,27195.0,27260.0,27070.0,27175.0,23640.263671875,908822
2019-07-19,27310.0,27615.0,27310.0,27570.0,23983.888671875,1638694
2019-07-22,27480.0,27625.0,27440.0,27550.0,23966.490234375,748930
2019-07-23,27575.0,27755.0,27565.0,27680.0,24079.576171875,1116028
2019-07-24,27620.0,27740.0,27375.0,27410.0,23844.697265625,969697
2019-07-25,27485.0,27540.0,27225.0,27370.0,23809.896484375,707117
2019-07-26,27260.0,27345.0,27170.0,27315.0,23762.056640625,1451216
2019-07-29,27290.0,27290.0,26840.0,26925.0,23422.783203125,4283700
2019-07-30,26865.0,27025.0,26865.0,26935.0,23492.560546875,672414
2019-07-31,26935.0,26965.0,26575.0,26680.0,23270.1484375,1206271
2019-08-01,26545.0,26780.0,26485.0,26615.0,23213.458984375,1622634
2019-08-02,26340.0,26410.0,26215.0,26340.0,22973.603515625,2076988
2019-08-05,26255.0,26255.0,25735.0,25780.0,22485.173828125,2735464
2019-08-06,25205.0,25740.0,25120.0,25405.0,22158.099609375,4244736
2019-08-07,25415.0,25520.0,25155.0,25260.0,22031.634765625,1887964
2019-08-08,25485.0,25570.0,25275.0,25360.0,22118.85546875,1248820
2019-08-09,25520.0,25650.0,25485.0,25530.0,22267.126953125,1854944
2019-08-12,25595.0,25665.0,25475.0,25590.0,22319.458984375,624571
2019-08-13,25475.0,25480.0,25305.0,25320.0,22083.962890625,957324
2019-08-14,25580.0,25710.0,25480.0,25495.0,22236.59765625,2103267
2019-08-16,25330.0,25405.0,25175.0,25405.0,22158.099609375,823778
2019-08-19,25580.0,25610.0,25465.0,25575.0,22306.37890625,707927
2019-08-20,25575.0,25865.0,25525.0,25810.0,22511.3359375,2064792
2019-08-21,25755.0,25960.0,25755.0,25875.0,22568.029296875,1414407
2019-08-22,25885.0,25885.0,25640.0,25680.0,22397.94921875,1265770
2019-08-23,25555.0,25700.0,25525.0,25650.0,22371.787109375,1325438
2019-08-26,25070.0,25335.0,25070.0,25265.0,22035.9921875,2071727
2019-08-27,25390.0,25505.0,25290.0,25355.0,22114.494140625,1129195
2019-08-28,25425.0,25610.0,25385.0,25580.0,22310.734375,944189
2019-08-29,25600.0,25625.0,25395.0,25460.0,22206.068359375,1214318
2019-08-30,25610.0,25980.0,25610.0,25905.0,22594.19921875,1465535
2019-09-02,25815.0,25985.0,25805.0,25915.0,22602.919921875,621229
2019-09-03,25850.0,25985.0,25775.0,25820.0,22520.0625,932058
2019-09-04,25770.0,26195.0,25770.0,26195.0,22847.140625,1256016
2019-09-05,26240.0,26620.0,26235.0,26430.0,23052.099609375,1355874
2019-09-06,26580.0,26625.0,26490.0,26560.0,23165.490234375,865993
2019-09-09,26630.0,26875.0,26610.0,26750.0,23331.205078125,951293
2019-09-10,26765.0,26910.0,26750.0,26885.0,23448.94921875,1250583
2019-09-11,27050.0,27135.0,26960.0,27100.0,23636.46484375,1162126
2019-09-16,27100.0,27190.0,26975.0,27190.0,23714.966796875,1314664
2019-09-17,27185.0,27235.0,27090.0,27165.0,23693.16796875,1484513
2019-09-18,27220.0,27370.0,27115.0,27305.0,23815.26953125,1606376
2019-09-19,27305.0,27605.0,27285.0,27495.0,23980.986328125,1563243
2019-09-20,27465.0,27675.0,27440.0,27655.0,24120.5390625,734670
2019-09-23,27580.0,27700.0,27570.0,27665.0,24129.26171875,1159387
2019-09-24,27670.0,27820.0,27575.0,27815.0,24260.09375,1102688
2019-09-25,27690.0,27715.0,27435.0,27450.0,23941.7421875,788278
2019-09-26,27530.0,27650.0,27355.0,27490.0,23976.626953125,1160979
2019-09-27,27395.0,27395.0,27120.0,27205.0,23728.05078125,439922
2019-09-30,27140.0,27450.0,27090.0,27430.0,23924.291015625,1257466
2019-10-01,27385.0,27620.0,27360.0,27495.0,23980.986328125,657440
2019-10-02,27220.0,27315.0,26925.0,26925.0,23483.8359375,931184
2019-10-04,26830.0,27090.0,26815.0,26815.0,23387.896484375,1246329
2019-10-07,26970.0,27040.0,26775.0,26865.0,23431.505859375,1324915
2019-10-08,26915.0,27250.0,26905.0,27240.0,23758.57421875,1522599
2019-10-10,27015.0,27155.0,26690.0,27040.0,23584.138671875,2056907
2019-10-11,27280.0,27335.0,27150.0,27230.0,23749.859375,1951315
2019-10-14,27690.0,27690.0,27490.0,27515.0,23998.4296875,879825
2019-10-15,27485.0,27595.0,27480.0,27550.0,24028.9609375,1075477
2019-10-16,27700.0,27840.0,27615.0,27715.0,24172.87109375,1222188
2019-10-17,27740.0,27755.0,27555.0,27615.0,24085.65234375,1465587
2019-10-18,27680.0,27785.0,27320.0,27350.0,23854.517578125,1716110
2019-10-21,27415.0,27500.0,27375.0,27480.0,23967.90625,813954
2019-10-22,27645.0,27895.0,27605.0,27850.0,24290.62109375,1676457
2019-10-23,27795.0,27830.0,27630.0,27695.0,24155.423828125,958268
2019-10-24,27900.0,27900.0,27525.0,27760.0,24212.1171875,1614126
2019-10-25,27855.0,27855.0,27665.0,27805.0,24251.365234375,4327740
2019-10-28,27940.0,28030.0,27835.0,27895.0,24329.8671875,1038823
2019-10-29,28000.0,28035.0,27795.0,27835.0,24277.53515625,2979429
2019-10-30,27800.0,27805.0,27545.0,27575.0,24102.71875,1190140
2019-10-31,27770.0,27935.0,27620.0,27660.0,24177.015625,2103543
2019-11-01,27655.0,27870.0,27595.0,27855.0,24347.458984375,1446846
2019-11-04,28000.0,28300.0,28000.0,28285.0,24723.314453125,2681220
2019-11-05,28300.0,28480.0,28270.0,28465.0,24880.650390625,2034807
2019-11-06,28465.0,28665.0,28425.0,28495.0,24906.873046875,4102280
2019-11-07,28445.0,28520.0,28350.0,28440.0,24858.794921875,4022304
2019-11-08,28610.0,28645.0,28325.0,28365.0,24793.2421875,1798357
2019-11-11,28365.0,28365.0,28080.0,28120.0,24579.0859375,5087191
2019-11-12,28120.0,28385.0,28120.0,28385.0,24810.71875,4155211
2019-11-13,28295.0,28295.0,28095.0,28140.0,24596.572265625,3885865
2019-11-14,28215.0,28390.0,28150.0,28390.0,24815.095703125,1921576
2019-11-15,28445.0,28810.0,28375.0,28770.0,25147.2421875,2414629
2019-11-18,28765.0,28785.0,28655.0,28755.0,25134.130859375,1690678
2019-11-19,28605.0,28660.0,28415.0,28625.0,25020.498046875,2357282
2019-11-20,28580.0,28580.0,28245.0,28275.0,24714.572265625,2494968
2019-11-21,28095.0,28245.0,27770.0,27860.0,24351.828125,1142509
2019-11-22,27870.0,28025.0,27865.0,27975.0,24452.345703125,1863131
2019-11-25,28140.0,28380.0,28140.0,28270.0,24710.203125,1786385
2019-11-26,28330.0,28525.0,28290.0,28290.0,24727.681640625,2027268
2019-11-27,28380.0,28475.0,28180.0,28335.0,24767.013671875,1602300
2019-11-28,28310.0,28310.0,28145.0,28215.0,24662.126953125,553838
2019-11-29,28260.0,28275.0,27690.0,27730.0,24238.201171875,2140787
2019-12-02,28005.0,28005.0,27775.0,27810.0,24308.126953125,1416397
2019-12-03,27585.0,27710.0,27445.0,27665.0,24181.384765625,1426685
2019-12-04,27480.0,27525.0,27335.0,27490.0,24028.421875,1422635
2019-12-05,27615.0,27700.0,27300.0,27420.0,23967.234375,2904786
2019-12-06,27520.0,27760.0,27520.0,27720.0,24229.45703125,1788732
2019-12-09,27870.0,27940.0,27765.0,27850.0,24343.09375,1036660
2019-12-10,27850.0,28020.0,27745.0,28000.0,24474.201171875,1151943
2019-12-11,27990.0,28145.0,27920.0,28130.0,24587.833984375,1184019
2019-12-12,28280.0,28635.0,28280.0,28635.0,25029.24609375,1570671
2019-12-13,28980.0,29085.0,28940.0,29055.0,25396.35546875,1233556
2019-12-16,29060.0,29155.0,29030.0,29045.0,25387.615234375,1530710
2019-12-17,29165.0,29500.0,29120.0,29455.0,25745.98828125,1449776
2019-12-18,29480.0,29630.0,29380.0,29440.0,25732.87890625,1198695
2019-12-19,29545.0,29625.0,29340.0,29470.0,25759.09765625,1273022
2019-12-20,29590.0,29615.0,29440.0,29525.0,25807.173828125,750667
2019-12-23,29625.0,29670.0,29450.0,29545.0,25824.65625,1055856
2019-12-24,29600.0,29600.0,29320.0,29355.0,25658.58203125,2950494
2019-12-26,29365.0,29450.0,29250.0,29450.0,25741.61328125,1895375
2019-12-27,29655.0,30150.0,29555.0,29930.0,26161.171875,1770965
2019-12-30,29930.0,29995.0,29820.0,29820.0,26065.021484375,1756221
2020-01-02,29995.0,29995.0,29435.0,29475.0,25763.466796875,9817172
2020-01-03,29660.0,29905.0,29330.0,29480.0,25767.8359375,4539054
2020-01-06,29160.0,29365.0,29160.0,29280.0,25593.021484375,886193
2020-01-07,29420.0,29665.0,29385.0,29555.0,25833.39453125,7663360
2020-01-08,29480.0,29520.0,29175.0,29365.0,25667.31640625,1403483
2020-01-09,29685.0,29850.0,29660.0,29850.0,26091.248046875,969909
2020-01-10,29965.0,30130.0,29850.0,30090.0,26301.01953125,695583
2020-01-13,30180.0,30425.0,30080.0,30425.0,26593.841796875,1936538
2020-01-14,30515.0,30755.0,30515.0,30555.0,26707.466796875,8293335
2020-01-15,30475.0,30520.0,30320.0,30360.0,26537.0234375,659181
2020-01-16,30360.0,30700.0,30345.0,30700.0,26834.20703125,1295717
2020-01-17,30885.0,31010.0,30680.0,30770.0,26895.39453125,1793865
2020-01-20,30875.0,31155.0,30875.0,30995.0,27092.06640625,2512473
2020-01-21,31120.0,31120.0,30615.0,30615.0,26759.912109375,858424
2020-01-22,30540.0,31065.0,30540.0,31040.0,27131.40234375,907966
2020-01-23,30850.0,30875.0,30605.0,30635.0,26777.400390625,605016
2020-01-28,29930.0,30075.0,29560.0,29725.0,25981.98828125,2624777
2020-01-29,29820.0,29965.0,29660.0,29835.0,26078.134765625,673669
2020-01-30,29800.0,29800.0,29105.0,29210.0,25583.28515625,1320353
2020-01-31,29380.0,29490.0,28880.0,28885.0,25298.63671875,563383
2020-02-03,28520.0,29005.0,28415.0,28895.0,25307.396484375,1883118
2020-02-04,28900.0,29475.0,28885.0,29405.0,25754.080078125,2564195
2020-02-05,29720.0,29765.0,29390.0,29540.0,25872.310546875,1746151
2020-02-06,29845.0,30470.0,29835.0,30420.0,26643.0546875,1232895
2020-02-07,30350.0,30350.0,29990.0,30185.0,26437.228515625,1290556
2020-02-10,29800.0,30035.0,29705.0,30015.0,26288.33984375,786534
2020-02-11,30090.0,30480.0,30065.0,30300.0,26537.94921875,1269514
2020-02-12,30270.0,30600.0,30180.0,30550.0,26756.91015625,817319
2020-02-13,30620.0,30790.0,30405.0,30465.0,26682.462890625,1513386
2020-02-14,30445.0,30775.0,30270.0,30655.0,26848.875,1789171
2020-02-17,30640.0,30760.0,30475.0,30650.0,26844.49609375,769744
2020-02-18,30390.0,30475.0,30105.0,30160.0,26415.3359375,1557770
2020-02-19,30305.0,30370.0,29920.0,30200.0,26450.37109375,1998519
2020-02-20,30390.0,30480.0,29870.0,30045.0,26314.611328125,2223861
2020-02-21,29595.0,29880.0,29540.0,29605.0,25929.244140625,2093872
2020-02-24,28985.0,29085.0,28485.0,28510.0,24970.19921875,6869467
2020-02-25,28400.0,28825.0,28375.0,28810.0,25232.94921875,2524675
2020-02-26,28355.0,28575.0,28185.0,28405.0,24878.23828125,3552372
2020-02-27,28295.0,28475.0,28010.0,28095.0,24606.7265625,5289466
2020-02-28,27640.0,27780.0,27140.0,27210.0,23831.60546875,6252981
2020-03-02,27310.0,27615.0,26990.0,27455.0,24046.185546875,4100825
2020-03-03,28075.0,28140.0,27455.0,27590.0,24164.427734375,4015521
2020-03-04,27390.0,28260.0,27390.0,28175.0,24676.796875,1170349
2020-03-05,28370.0,28585.0,28145.0,28475.0,24939.54296875,1314269
2020-03-06,28205.0,28205.0,27755.0,27900.0,24435.935546875,2550050
2020-03-09,27050.0,27130.0,26535.0,26720.0,23402.4453125,3457459
2020-03-10,26535.0,26950.0,26505.0,26850.0,23516.302734375,2321671
2020-03-11,26830.0,26880.0,25955.0,26075.0,22837.53125,3359708
2020-03-12,25915.0,25915.0,24730.0,25130.0,22009.859375,8594016
2020-03-13,23700.0,25055.0,23100.0,24515.0,21471.21875,8646322
2020-03-16,24900.0,25000.0,23590.0,23645.0,20709.23828125,6239084
2020-03-17,22600.0,23835.0,22505.0,23090.0,20223.14453125,5777631
2020-03-18,23160.0,23310.0,21775.0,21775.0,19071.41796875,6215542
2020-03-19,22315.0,22500.0,19965.0,20265.0,17748.890625,9807452
2020-03-20,20955.0,21800.0,20410.0,21770.0,19067.03515625,8313348
2020-03-23,20635.0,21035.0,20175.0,20555.0,18002.892578125,6994817
2020-03-24,21095.0,22445.0,20815.0,22445.0,19658.224609375,6564781
2020-03-25,23125.0,23765.0,22785.0,23730.0,20783.685546875,5662466
2020-03-26,23870.0,24055.0,23275.0,23275.0,20385.17578125,3134254
2020-03-27,24230.0,24370.0,23030.0,23815.0,20858.134765625,3602461
2020-03-30,23090.0,23925.0,22935.0,23685.0,20744.26953125,3298707
2020-03-31,23920.0,24170.0,23675.0,24160.0,21160.294921875,2285962
2020-04-01,23825.0,24155.0,22990.0,22990.0,20135.560546875,3427251
2020-04-02,23080.0,23685.0,22760.0,23640.0,20704.853515625,2224289
2020-04-03,23645.0,23860.0,23335.0,23610.0,20678.5859375,2370745
2020-04-06,23840.0,24600.0,23815.0,24525.0,21479.970703125,2390743
2020-04-07,25000.0,25205.0,24505.0,24965.0,21865.34375,2273933
2020-04-08,24850.0,25125.0,24590.0,24590.0,21536.908203125,1362094
2020-04-09,25030.0,25045.0,24705.0,24955.0,21856.591796875,2242671
2020-04-10,24930.0,25215.0,24825.0,25190.0,22062.4140625,2625921
2020-04-13,25080.0,25085.0,24715.0,24755.0,21681.41796875,1823969
2020-04-14,24970.0,25310.0,24870.0,25160.0,22036.1328125,1882441
2020-04-16,24940.0,25215.0,24765.0,25185.0,22058.03125,1336587
2020-04-17,25650.0,26155.0,25650.0,25950.0,22728.05078125,3178388
2020-04-20,25900.0,25990.0,25555.0,25640.0,22456.537109375,2313496
2020-04-21,25435.0,25600.0,24925.0,25370.0,22220.0625,3493490
2020-04-22,25025.0,25675.0,24875.0,25610.0,22430.259765625,1224883
2020-04-23,25685.0,25960.0,25565.0,25840.0,22631.705078125,1284575
2020-04-24,25770.0,25770.0,25315.0,25445.0,22285.75,614856
2020-04-27,25545.0,26035.0,25465.0,25950.0,22728.05078125,1093432
2020-04-28,25600.0,25730.0,25335.0,25650.0,22852.77734375,804156
2020-04-29,25655.0,25990.0,25600.0,25820.0,23004.240234375,1560505
2020-05-04,25425.0,25425.0,25000.0,25035.0,22304.84375,4211552
2020-05-06,25375.0,25510.0,25115.0,25510.0,22728.046875,744545
2020-05-07,25385.0,25630.0,25315.0,25460.0,22683.498046875,523504
2020-05-08,25575.0,25835.0,25575.0,25675.0,22875.056640625,827891
2020-05-11,25735.0,25880.0,25440.0,25475.0,22696.861328125,655987
2020-05-12,25480.0,25525.0,25075.0,25310.0,22549.857421875,1177574
2020-05-13,24990.0,25565.0,24965.0,25565.0,22777.052734375,596266
2020-05-14,25365.0,25420.0,25170.0,25310.0,22549.857421875,807089
2020-05-15,25450.0,25515.0,25190.0,25375.0,22607.765625,551043
2020-05-18,25500.0,25620.0,25290.0,25550.0,22763.685546875,700723
2020-05-19,26100.0,26265.0,26030.0,26200.0,23342.802734375,2040071
2020-05-20,26080.0,26335.0,26080.0,26260.0,23396.259765625,580989
2020-05-21,26400.0,26460.0,26295.0,26360.0,23485.349609375,698506
2020-05-22,26375.0,26400.0,25820.0,25935.0,23106.697265625,1071410
2020-05-25,26100.0,26265.0,25880.0,26265.0,23400.71484375,722042
2020-05-26,26285.0,26725.0,26275.0,26705.0,23792.728515625,2247788
2020-05-27,26610.0,26880.0,26565.0,26760.0,23841.73046875,810925
2020-05-28,26970.0,27110.0,26515.0,26825.0,23899.642578125,1133515
2020-05-29,26680.0,26940.0,26520.0,26770.0,23850.638671875,806802
2020-06-01,26805.0,27310.0,26805.0,27310.0,24331.75390625,1774431
2020-06-02,27290.0,27635.0,27245.0,27595.0,24585.666015625,934553
2020-06-03,27790.0,28770.0,27790.0,28590.0,25472.162109375,2606941
2020-06-04,29130.0,29280.0,28535.0,28620.0,25498.892578125,3185100
2020-06-05,28595.0,29140.0,28475.0,29105.0,25931.005859375,2504337
2020-06-08,29620.0,29650.0,28960.0,29065.0,25895.36328125,1627170
2020-06-09,29290.0,29480.0,28785.0,29085.0,25913.18359375,3097694
2020-06-10,29035.0,29285.0,28965.0,29165.0,25984.462890625,1793791
2020-06-11,28950.0,29180.0,28385.0,28715.0,25583.53125,1766964
2020-06-12,27965.0,28180.0,27600.0,28090.0,25026.689453125,3970305
2020-06-15,27625.0,28020.0,26720.0,26720.0,23806.09375,2891017
2020-06-16,27335.0,28300.0,27335.0,28300.0,25213.78515625,2120275
2020-06-17,28230.0,28465.0,27800.0,28255.0,25173.69140625,3141391
2020-06-18,28155.0,28305.0,27955.0,28170.0,25097.9609375,2106736
2020-06-22,28060.0,28320.0,27990.0,28090.0,25026.689453125,815487
2020-06-23,28330.0,28550.0,27890.0,28165.0,25093.509765625,2609518
2020-06-24,28360.0,28785.0,28285.0,28630.0,25507.802734375,1009947
2020-06-25,28160.0,28380.0,27890.0,27890.0,24848.498046875,4377592
2020-06-26,28150.0,28420.0,28005.0,28280.0,25195.97265625,3449663
2020-06-29,27935.0,28195.0,27720.0,27820.0,24786.1328125,4720066
2020-06-30,28220.0,28425.0,28070.0,28070.0,25008.869140625,2309669
2020-07-01,28350.0,28425.0,28015.0,28085.0,25022.234375,865241
2020-07-02,28190.0,28405.0,28145.0,28405.0,25307.337890625,999143
2020-07-06,28710.0,29175.0,28695.0,29120.0,25944.365234375,2865498
2020-07-07,29330.0,29360.0,28750.0,28765.0,25628.078125,796753
2020-07-08,28765.0,28895.0,28605.0,28695.0,25565.7109375,620614
2020-07-09,28825.0,29040.0,28790.0,28815.0,25672.626953125,1863162
2020-07-10,28850.0,28890.0,28400.0,28525.0,25414.251953125,1283585
2020-07-13,28815.0,29105.0,28725.0,29090.0,25917.63671875,775626
2020-07-14,28860.0,29040.0,28755.0,29040.0,25873.0859375,699596
2020-07-15,29350.0,29535.0,29180.0,29320.0,26122.552734375,1494776
2020-07-16,29285.0,29335.0,28925.0,29015.0,25850.81640625,1045515
2020-07-17,29050.0,29265.0,29050.0,29230.0,26042.369140625,1275030
2020-07-20,29325.0,29350.0,28965.0,29160.0,25980.0,940392
2020-07-21,29425.0,29690.0,29400.0,29580.0,26354.1953125,1553133
2020-07-22,29580.0,29675.0,29425.0,29470.0,26256.1953125,630342
2020-07-23,29470.0,29470.0,29095.0,29305.0,26109.1875,844017
2020-07-24,29030.0,29320.0,29000.0,29160.0,25980.0,443311
2020-07-27,29085.0,29580.0,29085.0,29430.0,26220.560546875,1877836
2020-07-28,29635.0,30200.0,29635.0,30030.0,26755.126953125,1031378
2020-07-29,30020.0,30380.0,30010.0,30200.0,26906.583984375,1290908
2020-07-30,30295.0,30410.0,30170.0,30170.0,26933.369140625,1535206
2020-07-31,30240.0,30415.0,29880.0,29940.0,26728.041015625,1133681
2020-08-03,29920.0,30020.0,29740.0,29930.0,26719.1171875,633163
2020-08-04,30090.0,30405.0,30075.0,30280.0,27031.568359375,1077112
2020-08-05,30365.0,30630.0,30270.0,30620.0,27335.087890625,1809634
2020-08-06,30740.0,31275.0,30725.0,31110.0,27772.521484375,1774476
2020-08-07,31185.0,31400.0,30965.0,31235.0,27884.11328125,1456827
2020-08-10,31160.0,31760.0,31150.0,31685.0,28285.83984375,2632787
2020-08-11,31685.0,32275.0,31685.0,32115.0,28669.708984375,2254214
2020-08-12,31980.0,32260.0,31730.0,32260.0,28799.150390625,1667661
2020-08-13,32535.0,32610.0,31915.0,32320.0,28852.716796875,2151816
2020-08-14,32205.0,32250.0,31635.0,31905.0,28482.23828125,1665259
2020-08-18,32025.0,32160.0,31165.0,31265.0,27910.8984375,1079779
2020-08-19,31520.0,31680.0,31330.0,31365.0,28000.169921875,1847718
2020-08-20,31130.0,31250.0,30115.0,30155.0,26919.98046875,2299184
2020-08-21,30505.0,30975.0,30305.0,30605.0,27321.703125,1525332
2020-08-24,30680.0,31005.0,30355.0,30965.0,27643.08203125,1286314
2020-08-25,31195.0,31410.0,31035.0,31350.0,27986.779296875,2689622
2020-08-26,31350.0,31480.0,30965.0,31380.0,28013.556640625,3125304
2020-08-27,31450.0,31480.0,31100.0,31100.0,27763.59375,1138138
2020-08-28,31290.0,31590.0,31075.0,31235.0,27884.11328125,1678746
2020-08-31,31465.0,31605.0,30725.0,30725.0,27428.826171875,994483
2020-09-01,30790.0,31100.0,30755.0,30985.0,27660.935546875,1180633
2020-09-02,31175.0,31285.0,30845.0,31145.0,27803.771484375,1264984
2020-09-03,31425.0,31735.0,31420.0,31615.0,28223.34765625,1670539
2020-09-04,30800.0,31225.0,30760.0,31175.0,27830.5546875,1047219
2020-09-07,31175.0,31400.0,31050.0,31320.0,27959.998046875,997096
2020-09-08,31580.0,31720.0,31450.0,31720.0,28317.083984375,1298286
2020-09-09,31310.0,31555.0,31270.0,31340.0,27977.849609375,766674
2020-09-10,31645.0,31755.0,31535.0,31600.0,28209.958984375,1865903
2020-09-11,31450.0,31635.0,31290.0,31595.0,28205.494140625,1417258
2020-09-14,31885.0,32080.0,31825.0,32040.0,28602.75390625,2364077
2020-09-15,32125.0,32305.0,32000.0,32295.0,28830.40234375,3032229
2020-09-16,32255.0,32385.0,32135.0,32185.0,28732.201171875,1385051
2020-09-17,32095.0,32150.0,31660.0,31730.0,28326.017578125,2276232
2020-09-18,31965.0,31965.0,31630.0,31825.0,28410.81640625,1778915
2020-09-21,31790.0,32070.0,31465.0,31540.0,28156.396484375,2077109
2020-09-22,31495.0,31555.0,30675.0,30825.0,27518.09765625,2854430
2020-09-23,31030.0,31080.0,30330.0,30935.0,27616.294921875,5850186
2020-09-24,30520.0,30655.0,30200.0,30210.0,26969.076171875,4112769
2020-09-25,30425.0,30500.0,30210.0,30390.0,27129.767578125,2986029
2020-09-28,30640.0,30880.0,30525.0,30790.0,27486.85546875,761846
2020-09-29,31055.0,31195.0,30935.0,31030.0,27701.111328125,1422360
2020-10-05,31050.0,31545.0,31015.0,31435.0,28062.65625,1076606
2020-10-06,31540.0,31710.0,31405.0,31505.0,28125.1484375,984792
2020-10-07,31310.0,31815.0,31260.0,31800.0,28388.5,1263062
2020-10-08,32030.0,32080.0,31715.0,31820.0,28406.359375,1945149
2020-10-12,31990.0,32065.0,31845.0,31955.0,28526.873046875,1232543
2020-10-13,32105.0,32165.0,31735.0,31965.0,28535.798828125,1147972
2020-10-14,31975.0,32020.0,31590.0,31675.0,28276.912109375,2102517
2020-10-15,31600.0,31630.0,31280.0,31420.0,28049.265625,722692
2020-10-16,31475.0,31560.0,31025.0,31240.0,27888.578125,1407940
2020-10-19,31335.0,31555.0,31285.0,31295.0,27937.67578125,1785816
2020-10-20,31185.0,31540.0,31060.0,31540.0,28156.396484375,2375315
2020-10-21,31560.0,31710.0,31480.0,31640.0,28245.666015625,2035725
2020-10-22,31475.0,31480.0,31225.0,31415.0,28044.80078125,1596076
2020-10-23,31530.0,31630.0,31290.0,31530.0,28147.466796875,2535698
2020-10-26,31545.0,31730.0,31435.0,31445.0,28071.5859375,2485698
2020-10-27,31240.0,31430.0,31125.0,31210.0,27861.794921875,1940502
2020-10-28,31060.0,31375.0,30990.0,31375.0,28009.095703125,1391786
2020-10-29,30870.0,30985.0,30605.0,30955.0,27704.794921875,1714693
2020-10-30,30840.0,30850.0,30125.0,30175.0,27006.689453125,3199672
2020-11-02,30175.0,30605.0,30160.0,30585.0,27373.646484375,2979656
2020-11-03,30690.0,31220.0,30685.0,31185.0,27910.646484375,1406262
2020-11-04,31445.0,31555.0,31135.0,31375.0,28080.693359375,4636567
2020-11-05,31585.0,32100.0,31520.0,32100.0,28729.568359375,2139343
2020-11-06,32200.0,32400.0,32070.0,32165.0,28787.75,2642184
2020-11-09,32475.0,32800.0,32445.0,32545.0,29127.84765625,3915294
2020-11-10,32725.0,32725.0,32325.0,32560.0,29141.2734375,2357376
2020-11-11,32605.0,33130.0,32605.0,33070.0,29597.724609375,2369007
2020-11-12,33055.0,33110.0,32815.0,32910.0,29454.529296875,3474662
2020-11-13,32855.0,33270.0,32750.0,33270.0,29776.724609375,1862905
2020-11-16,33485.0,34070.0,33390.0,33970.0,30403.23046875,1899781
2020-11-17,34045.0,34185.0,33890.0,33965.0,30398.759765625,2876552
2020-11-18,33970.0,34130.0,33850.0,33940.0,30376.380859375,4962811
2020-11-19,33830.0,33960.0,33705.0,33950.0,30385.322265625,1314895
2020-11-20,33890.0,34120.0,33825.0,34020.0,30447.978515625,2278829
2020-11-23,34095.0,34825.0,34040.0,34775.0,31123.705078125,3201097
2020-11-24,34960.0,35185.0,34795.0,34990.0,31316.123046875,2110474
2020-11-25,35175.0,35320.0,34585.0,34765.0,31114.75390625,4756670
2020-11-26,34750.0,35125.0,34670.0,35125.0,31436.95703125,1374685
2020-11-27,35115.0,35240.0,34995.0,35195.0,31499.603515625,1722329
2020-11-30,35295.0,35440.0,34665.0,34665.0,31025.251953125,1539640
2020-12-01,34820.0,35315.0,34820.0,35220.0,31521.98046875,1576743
2020-12-02,35400.0,35875.0,35340.0,35830.0,32067.94140625,2435594
2020-12-03,35955.0,36120.0,35800.0,36075.0,32287.20703125,2373260
2020-12-04,36265.0,36935.0,36225.0,36720.0,32864.484375,1682299
2020-12-07,37000.0,37080.0,36485.0,36935.0,33056.90625,2674632
2020-12-08,36880.0,36920.0,36315.0,36315.0,32502.013671875,2423443
2020-12-09,36490.0,37160.0,36490.0,37110.0,33213.53515625,3324373
2020-12-10,36740.0,37200.0,36535.0,36865.0,32994.2578125,2518386
2020-12-11,37080.0,37370.0,37080.0,37210.0,33303.03515625,2949683
2020-12-14,37310.0,37400.0,37010.0,37075.0,33182.20703125,1532739
2020-12-15,37075.0,37155.0,36700.0,37080.0,33186.68359375,1892103
2020-12-16,37320.0,37435.0,37105.0,37230.0,33320.94921875,1121578
2020-12-17,37205.0,37235.0,36785.0,37180.0,33276.1796875,1704622
2020-12-18,37230.0,37295.0,37045.0,37140.0,33240.38671875,1261393
2020-12-21,37200.0,37205.0,36720.0,37170.0,33267.23046875,1035078
2020-12-22,37035.0,37130.0,36590.0,36605.0,32761.5625,1949859
2020-12-23,36730.0,37140.0,36445.0,37075.0,33182.20703125,1264797
2020-12-24,37175.0,37970.0,37175.0,37845.0,33871.35546875,1369299
2020-12-28,38125.0,38360.0,37870.0,38020.0,34027.984375,2022072
2020-12-29,38255.0,38700.0,38185.0,38655.0,34596.3125,1757122
2020-12-30,38535.0,39590.0,38405.0,39525.0,35374.9765625,1866398
2021-01-04,39630.0,40590.0,39400.0,40500.0,36247.58984375,2997253
2021-01-05,40365.0,41120.0,40200.0,41120.0,36802.48828125,2136565
2021-01-06,41265.0,41650.0,40580.0,40710.0,36435.5390625,2322989
2021-01-07,41140.0,42020.0,41140.0,41640.0,37267.89453125,1616936
2021-01-08,42185.0,43750.0,42025.0,43505.0,38937.0703125,1804424
2021-01-11,44095.0,45350.0,42890.0,43605.0,39026.58203125,4042690
2021-01-12,43175.0,43685.0,42090.0,43275.0,38731.22265625,2841683
2021-01-13,43300.0,43865.0,43000.0,43485.0,38919.17578125,1530738
2021-01-14,43280.0,43675.0,43220.0,43480.0,38914.69921875,1405431
2021-01-15,43690.0,44185.0,42520.0,42560.0,38091.30078125,1909883
2021-01-18,42085.0,42485.0,41435.0,41570.0,37205.23828125,4071081
2021-01-19,41740.0,42930.0,41565.0,42630.0,38153.9453125,1725587
2021-01-20,43420.0,43465.0,42420.0,42890.0,38386.640625,1479132
2021-01-21,43240.0,43560.0,42990.0,43495.0,38928.12890625,1289211
2021-01-22,43565.0,43910.0,43205.0,43210.0,38673.046875,2829614
2021-01-25,43400.0,44300.0,43245.0,44250.0,39603.8515625,1569049
2021-01-26,44255.0,44255.0,42840.0,43025.0,38507.46875,2583704
2021-01-27,43215.0,43790.0,42760.0,42880.0,38377.6953125,1315818
2021-01-28,41840.0,42475.0,41650.0,41955.0,37725.78125,1201534
2021-01-29,42400.0,42470.0,40760.0,40975.0,36844.5703125,2857508
2021-02-01,40970.0,41990.0,40545.0,41965.0,37734.7734375,1765759
2021-02-02,42410.0,43230.0,42160.0,42610.0,38314.75390625,1653014
2021-02-03,42895.0,43210.0,42415.0,42970.0,38638.46875,1650830
2021-02-04,42850.0,42850.0,41955.0,42275.0,38013.52734375,2526169
2021-02-05,42545.0,42860.0,42220.0,42790.0,38476.6171875,1061181
2021-02-08,42780.0,42925.0,42310.0,42365.0,38094.45703125,561082
2021-02-09,42645.0,42975.0,42240.0,42240.0,37982.0625,585566
2021-02-10,42440.0,42645.0,41940.0,42515.0,38229.328125,656866
2021-02-15,43090.0,43345.0,42975.0,43160.0,38809.3046875,1996508
2021-02-16,43250.0,43705.0,43110.0,43335.0,38966.671875,931023
2021-02-17,43180.0,43180.0,42565.0,42885.0,38562.04296875,4093591
2021-02-18,42705.0,42950.0,42215.0,42215.0,37959.5703125,1101011
2021-02-19,42235.0,42635.0,41570.0,42605.0,38310.25390625,1513182
2021-02-22,42905.0,43095.0,42120.0,42170.0,37919.1015625,1353003
2021-02-23,41850.0,42455.0,41575.0,42110.0,37865.15625,692677
2021-02-24,42200.0,42505.0,41180.0,41210.0,37055.88671875,911535
2021-02-25,41775.0,42750.0,41775.0,42725.0,38418.16015625,1069401
2021-02-26,41700.0,41830.0,41165.0,41540.0,37352.60546875,1256046
2021-03-02,42495.0,42755.0,41670.0,42020.0,37784.22265625,1044924
2021-03-03,41960.0,42480.0,41770.0,42480.0,38197.86328125,706011
2021-03-04,42020.0,42270.0,41630.0,41935.0,37707.79296875,732114
2021-03-05,41335.0,41850.0,41085.0,41680.0,37478.5,1024274
2021-03-08,42080.0,42110.0,41235.0,41335.0,37168.28125,609047
2021-03-09,41360.0,41380.0,40415.0,41040.0,36903.01953125,1126957
2021-03-10,41615.0,41635.0,40720.0,40820.0,36705.18359375,699493
2021-03-11,40985.0,41780.0,40985.0,41705.0,37500.97265625,841972
2021-03-12,42055.0,42260.0,41850.0,42035.0,37797.71875,867890
2021-03-15,42035.0,42160.0,41780.0,41815.0,37599.8984375,2168814
2021-03-16,41985.0,42270.0,41930.0,42190.0,37937.09375,602584
2021-03-17,42200.0,42205.0,41570.0,41845.0,37626.86328125,1130146
2021-03-18,42070.0,42555.0,42070.0,42160.0,37910.1171875,612728
2021-03-19,41560.0,41920.0,41495.0,41715.0,37509.98046875,1351202
2021-03-22,41825.0,41940.0,41460.0,41760.0,37550.44140625,863515
2021-03-23,42005.0,42110.0,41335.0,41395.0,37222.22265625,1242460
2021-03-24,41125.0,41350.0,40860.0,41195.0,37042.39453125,954918
2021-03-25,41150.0,41640.0,41050.0,41355.0,37186.265625,837531
2021-03-26,41530.0,41800.0,41420.0,41775.0,37563.921875,591683
2021-03-29,41855.0,41905.0,41515.0,41675.0,37474.00390625,614504
2021-03-30,41740.0,42310.0,41740.0,42175.0,37923.61328125,664087
2021-03-31,42265.0,42550.0,42020.0,42035.0,37797.71875,1306437
2021-04-01,42325.0,42500.0,42175.0,42420.0,38143.90625,1146159
2021-04-02,42750.0,43035.0,42735.0,42900.0,38575.5234375,1175216
2021-04-05,43050.0,43100.0,42735.0,42975.0,38642.95703125,1123421
2021-04-06,43260.0,43265.0,42820.0,43050.0,38710.40625,597301
2021-04-07,43140.0,43310.0,43000.0,43125.0,38777.83984375,1053606
2021-04-08,43120.0,43215.0,42930.0,43115.0,38768.84375,2064897
2021-04-09,43125.0,43320.0,42810.0,42925.0,38597.9921875,1609696
2021-04-12,43100.0,43120.0,42805.0,42940.0,38611.4921875,2370535
2021-04-13,42940.0,43555.0,42910.0,43420.0,39043.09765625,662882
2021-04-14,43510.0,43755.0,43335.0,43695.0,39290.3828125,429287
2021-04-15,43600.0,43985.0,43575.0,43750.0,39339.84765625,1347821
2021-04-16,43835.0,43890.0,43575.0,43720.0,39312.86328125,650780
2021-04-19,43705.0,43970.0,43595.0,43730.0,39321.84765625,684124
2021-04-20,43660.0,44025.0,43620.0,43960.0,39528.671875,440883
2021-04-21,43740.0,43740.0,43060.0,43215.0,38858.7578125,1787372
2021-04-22,43385.0,43555.0,43215.0,43285.0,38921.70703125,1011159
2021-04-23,43045.0,43420.0,42785.0,43290.0,38926.20703125,770037
2021-04-26,43425.0,43690.0,43355.0,43685.0,39281.38671875,1085650
2021-04-27,43700.0,43770.0,43545.0,43745.0,39335.34375,558681
2021-04-28,43690.0,43690.0,43190.0,43270.0,38908.22265625,519676
2021-04-29,42875.0,43060.0,42545.0,42625.0,38776.3125,1665111
2021-04-30,42575.0,42700.0,42165.0,42295.0,38476.11328125,1547447
2021-05-03,42280.0,42665.0,42020.0,42065.0,38266.875,741438
2021-05-04,42135.0,42415.0,41960.0,42395.0,38567.0859375,411995
2021-05-06,42250.0,42695.0,42190.0,42655.0,38803.60546875,378807
2021-05-07,42685.0,43090.0,42675.0,42945.0,39067.421875,421790
2021-05-10,43245.0,43765.0,43090.0,43640.0,39699.66796875,720620
2021-05-11,43350.0,43455.0,42730.0,42915.0,39040.1328125,501491
2021-05-12,42915.0,42950.0,41900.0,42210.0,38398.78515625,880224
2021-05-13,41680.0,42125.0,41530.0,41700.0,37934.83203125,614380
2021-05-14,41905.0,42250.0,41810.0,42095.0,38294.171875,1943197
2021-05-17,42275.0,42350.0,41670.0,41925.0,38139.5234375,471934
2021-05-18,42000.0,42485.0,41995.0,42415.0,38585.28125,392604
2021-05-20,42135.0,42380.0,42000.0,42280.0,38462.46484375,329393
2021-05-21,42485.0,42875.0,42170.0,42275.0,38457.91796875,477251
2021-05-24,42295.0,42385.0,42040.0,42150.0,38344.203125,459819
2021-05-25,42320.0,42595.0,42240.0,42535.0,38694.44140625,682697
2021-05-26,42605.0,42715.0,42370.0,42445.0,38612.56640625,459007
2021-05-27,42455.0,42525.0,42075.0,42315.0,38494.30859375,797992
2021-05-28,42360.0,42790.0,42360.0,42620.0,38771.7734375,956442
2021-05-31,42710.0,42800.0,42460.0,42780.0,38917.31640625,1115550
2021-06-01,42785.0,43260.0,42730.0,43035.0,39149.30078125,406661
2021-06-02,43010.0,43290.0,42950.0,43000.0,39117.453125,1191543
2021-06-03,43085.0,43570.0,43085.0,43395.0,39476.7890625,2070478
2021-06-04,43215.0,43330.0,42965.0,43230.0,39326.6875,552166
2021-06-07,43590.0,43600.0,43105.0,43395.0,39476.7890625,340791
2021-06-08,43395.0,43525.0,43250.0,43310.0,39399.47265625,290037
2021-06-09,43250.0,43265.0,42825.0,42825.0,38958.25390625,644153
2021-06-10,42835.0,43100.0,42770.0,42970.0,39090.16796875,721576
2021-06-11,43155.0,43380.0,43070.0,43260.0,39353.984375,616507
2021-06-14,43285.0,43330.0,43105.0,43255.0,39349.4296875,773303
2021-06-15,43265.0,43420.0,43205.0,43365.0,39449.5078125,187287
2021-06-16,43305.0,43685.0,43300.0,43625.0,39686.02734375,457993
2021-06-17,43500.0,43565.0,43215.0,43400.0,39481.33984375,713778
2021-06-18,43450.0,43620.0,43380.0,43495.0,39567.76171875,303514
2021-06-21,43045.0,43240.0,42900.0,43085.0,39194.78125,780890
2021-06-22,43295.0,43440.0,43260.0,43375.0,39458.59765625,235538
2021-06-23,43505.0,43670.0,43415.0,43620.0,39681.48046875,767302
2021-06-24,43680.0,43880.0,43650.0,43770.0,39817.92578125,441447
2021-06-25,43960.0,44210.0,43920.0,43985.0,40013.51953125,530566
2021-06-28,43995.0,44095.0,43830.0,43990.0,40018.06640625,373317
2021-06-29,44000.0,44055.0,43660.0,43810.0,39854.328125,605810
2021-06-30,43920.0,44045.0,43860.0,43915.0,39949.84375,684929
2021-07-01,43855.0,43915.0,43605.0,43665.0,39722.41015625,608535
2021-07-02,43665.0,43845.0,43590.0,43610.0,39672.375,255610
2021-07-05,43795.0,43935.0,43730.0,43820.0,39863.421875,484411
2021-07-06,43905.0,44125.0,43905.0,43990.0,40018.06640625,245776
2021-07-07,43985.0,43985.0,43625.0,43745.0,39795.1953125,420815
2021-07-08,43745.0,43905.0,43295.0,43295.0,39385.8125,482737
2021-07-09,43000.0,43045.0,42455.0,42820.0,38953.71484375,1335554
2021-07-12,42975.0,43275.0,42975.0,43210.0,39308.5,276890
2021-07-13,43345.0,43590.0,43345.0,43585.0,39649.64453125,265561
2021-07-14,43445.0,43490.0,43250.0,43410.0,39490.44140625,173317
2021-07-15,43485.0,43745.0,43400.0,43725.0,39776.99609375,442222
2021-07-16,43420.0,43630.0,43365.0,43520.0,39590.5,252983
2021-07-19,43250.0,43250.0,42955.0,43055.0,39167.48828125,263802
2021-07-20,42700.0,42960.0,42690.0,42920.0,39044.68359375,394332
2021-07-21,43135.0,43160.0,42655.0,42670.0,38817.25390625,630831
2021-07-22,42860.0,43310.0,42860.0,43220.0,39317.59765625,386085
2021-07-23,43230.0,43420.0,43165.0,43295.0,39385.8125,581336
2021-07-26,43350.0,43380.0,42835.0,42835.0,38967.36328125,352025
2021-07-27,43015.0,43225.0,42910.0,42935.0,39058.328125,219801
2021-07-28,42880.0,43105.0,42685.0,43020.0,39135.6484375,917319
2021-07-29,43040.0,43180.0,42895.0,42995.0,39176.65625,1779185
2021-07-30,42910.0,42910.0,42480.0,42490.0,38716.50390625,965262
2021-08-02,42600.0,42775.0,42405.0,42705.0,38912.4140625,473945
2021-08-03,42695.0,43075.0,42640.0,43075.0,39249.54296875,489718
2021-08-04,43145.0,43745.0,43120.0,43685.0,39805.37109375,616002
2021-08-05,43685.0,43860.0,43525.0,43605.0,39732.47265625,684623
2021-08-06,43645.0,43700.0,43305.0,43410.0,39554.80078125,217898
2021-08-09,43260.0,43380.0,43060.0,43215.0,39377.11328125,275259
2021-08-10,43345.0,43350.0,42785.0,42910.0,39099.19921875,197136
2021-08-11,42720.0,42945.0,42515.0,42550.0,38771.17578125,376805
2021-08-12,42540.0,42635.0,42230.0,42340.0,38579.8203125,542306
2021-08-13,42280.0,42300.0,41485.0,41660.0,37960.22265625,532756
2021-08-17,41665.0,41795.0,41120.0,41190.0,37531.95703125,849411
2021-08-18,41190.0,41595.0,40985.0,41390.0,37714.1953125,1050090
2021-08-19,41100.0,41330.0,40585.0,40585.0,36980.6875,2052179
2021-08-20,40690.0,40890.0,40005.0,40155.0,36588.87890625,1181957
2021-08-23,40535.0,40855.0,40295.0,40535.0,36935.1328125,440175
2021-08-24,40860.0,41325.0,40860.0,41285.0,37618.5234375,541293
2021-08-25,41415.0,41645.0,41150.0,41445.0,37764.3203125,601051
2021-08-26,41480.0,41635.0,41050.0,41125.0,37472.73046875,628048
2021-08-27,41085.0,41255.0,40795.0,41100.0,37449.95703125,421696
2021-08-30,41465.0,41645.0,41100.0,41200.0,37541.07421875,357411
2021-08-31,41240.0,42020.0,41045.0,42020.0,38288.24609375,866942
2021-09-01,41960.0,42195.0,41795.0,42080.0,38342.9140625,602703
2021-09-02,41970.0,42065.0,41550.0,41690.0,37987.546875,723256
2021-09-03,41700.0,42050.0,41700.0,41960.0,38233.578125,992719
2021-09-06,41995.0,42155.0,41855.0,42100.0,38361.14453125,460231
2021-09-07,42100.0,42100.0,41710.0,41850.0,38133.33984375,208219
2021-09-08,41700.0,41830.0,41430.0,41495.0,37809.875,535594
2021-09-09,41295.0,41405.0,40720.0,40725.0,37108.25,974987
2021-09-10,40735.0,41040.0,40700.0,40930.0,37295.0390625,630745
2021-09-13,40905.0,41175.0,40730.0,41030.0,37386.171875,393479
2021-09-14,41175.0,41550.0,41175.0,41300.0,37632.19140625,469201
2021-09-15,41300.0,41530.0,41130.0,41360.0,37686.859375,533470
2021-09-16,41500.0,41500.0,40925.0,41015.0,37372.49609375,1072347
2021-09-17,41015.0,41180.0,40715.0,41105.0,37454.50390625,688042
2021-09-23,40925.0,41150.0,40700.0,41035.0,37390.7265625,738213
2021-09-24,41160.0,41310.0,40950.0,41000.0,37358.83203125,730136
2021-09-27,41050.0,41335.0,40915.0,41110.0,37459.0625,957819
2021-09-28,41110.0,41110.0,40595.0,40625.0,37017.13671875,1414045
2021-09-29,40130.0,40275.0,39700.0,40040.0,36484.0859375,1477529
2021-09-30,40040.0,40320.0,39845.0,40255.0,36679.99609375,1608860
2021-10-01,40060.0,40095.0,39435.0,39485.0,35978.37109375,2464557
2021-10-05,39180.0,39275.0,38575.0,38900.0,35445.33203125,1822822
2021-10-06,39090.0,39295.0,38300.0,38300.0,34898.609375,2224490
2021-10-07,38675.0,39035.0,38600.0,38895.0,35440.765625,1825661
2021-10-08,39140.0,39140.0,38780.0,38855.0,35404.3203125,1661233
2021-10-12,38605.0,38800.0,38025.0,38200.0,34807.48828125,999611
2021-10-13,38155.0,38705.0,38085.0,38540.0,35117.30078125,667882
2021-10-14,38805.0,39075.0,38785.0,39045.0,35577.4453125,578565
2021-10-15,39260.0,39565.0,39260.0,39460.0,35955.6015625,430561
2021-10-18,39435.0,39540.0,39070.0,39325.0,35832.578125,664618
2021-10-19,39575.0,39745.0,39470.0,39675.0,36151.49609375,704539
2021-10-20,39795.0,39930.0,39495.0,39505.0,35996.58984375,464746
2021-10-21,39420.0,39665.0,39360.0,39425.0,35923.69921875,643092
2021-10-22,39425.0,39610.0,39285.0,39460.0,35955.6015625,247980
2021-10-25,39440.0,39715.0,39130.0,39640.0,36119.6015625,357635
2021-10-26,39800.0,40100.0,39760.0,40045.0,36488.63671875,918415
2021-10-27,39995.0,39995.0,39555.0,39705.0,36178.8359375,640484
2021-10-28,39485.0,39745.0,39465.0,39490.0,36073.78515625,457334
2021-10-29,39570.0,39665.0,38750.0,38885.0,35521.12109375,570629
2021-11-01,38960.0,39190.0,38960.0,39020.0,35644.4453125,744758
2021-11-02,39160.0,39835.0,39160.0,39525.0,36105.76171875,428665
2021-11-03,39740.0,39740.0,38855.0,38955.0,35585.06640625,471124
2021-11-04,39310.0,39560.0,39120.0,39185.0,35795.16796875,1261896
2021-11-05,39390.0,39540.0,38785.0,39010.0,35635.3125,1287185
2021-11-08,39120.0,39120.0,38575.0,38980.0,35607.90625,577423
2021-11-09,38860.0,39370.0,38850.0,39060.0,35680.98046875,558682
2021-11-10,38870.0,39065.0,38600.0,38655.0,35311.02734375,905221
2021-11-11,38460.0,38650.0,38290.0,38650.0,35306.44921875,442193
2021-11-12,38825.0,39200.0,38750.0,39050.0,35671.85546875,1693141
2021-11-15,39280.0,39580.0,39245.0,39510.0,36092.05078125,949245
2021-11-16,39510.0,39670.0,39285.0,39445.0,36032.6875,418682
2021-11-17,39500.0,39510.0,38885.0,38965.0,35594.203125,721007
2021-11-18,38920.0,39010.0,38680.0,38800.0,35443.48046875,1053784
2021-11-19,38835.0,39130.0,38730.0,39060.0,35680.98046875,920739
2021-11-22,39295.0,40020.0,39260.0,39890.0,36439.1875,2656375
2021-11-23,39905.0,39930.0,39565.0,39630.0,36201.6796875,920548
2021-11-24,39820.0,39930.0,39340.0,39530.0,36110.32421875,510225
2021-11-25,39595.0,39600.0,39185.0,39255.0,35859.1171875,308084
2021-11-26,39105.0,39255.0,38460.0,38550.0,35215.10546875,560748
2021-11-29,37935.0,38535.0,37935.0,38235.0,34927.35546875,526238
2021-11-30,38640.0,38650.0,37145.0,37465.0,34223.96875,769637
2021-12-01,37620.0,38445.0,37460.0,38380.0,35059.80859375,1200487
2021-12-02,38150.0,38995.0,38010.0,38970.0,35598.7734375,1408909
2021-12-03,38900.0,39380.0,38665.0,39260.0,35863.67578125,858429
2021-12-06,39055.0,39520.0,38790.0,39335.0,35932.19140625,769742
2021-12-07,39335.0,39685.0,39120.0,39665.0,36233.640625,2579873
2021-12-08,39980.0,40305.0,39710.0,39830.0,36384.375,1254228
2021-12-09,39820.0,40080.0,39770.0,39935.0,36480.2890625,1037180
2021-12-10,39825.0,39925.0,39645.0,39755.0,36315.8515625,312095
2021-12-13,39860.0,40405.0,39730.0,39790.0,36347.83984375,260731
2021-12-14,39660.0,39745.0,39380.0,39560.0,36137.7265625,322831
2021-12-15,39505.0,39570.0,39295.0,39550.0,36128.6015625,307113
2021-12-16,39825.0,39980.0,39535.0,39810.0,36366.10546875,460533
2021-12-17,39510.0,39920.0,39440.0,39905.0,36452.8828125,799065
2021-12-20,39785.0,39785.0,39090.0,39175.0,35786.04296875,1044809
2021-12-21,39355.0,39600.0,39200.0,39450.0,36037.25,841369
2021-12-22,39620.0,39850.0,39520.0,39685.0,36251.9140625,655442
2021-12-23,39805.0,39900.0,39655.0,39855.0,36407.2109375,977631
2021-12-24,40030.0,40315.0,40020.0,40140.0,36667.55078125,1058826
2021-12-27,40140.0,40160.0,39925.0,39950.0,36493.98828125,2831154
2021-12-28,40095.0,40250.0,39785.0,40250.0,36768.0390625,1364305
2021-12-29,40250.0,40410.0,40100.0,40150.0,36676.6953125,1281928
2021-12-30,40200.0,40295.0,39840.0,39925.0,36471.15234375,963700
2022-01-04,40045.0,40110.0,39765.0,39985.0,36525.96484375,1524162
2022-01-05,39985.0,39985.0,39215.0,39475.0,36060.08203125,1742890
2022-01-06,39130.0,39510.0,38990.0,39025.0,35649.0078125,2421251
2022-01-07,39275.0,39600.0,39215.0,39500.0,36082.921875,1595330
2022-01-10,39500.0,39500.0,38935.0,39190.0,35799.73828125,1172514
2022-01-11,39195.0,39495.0,39100.0,39330.0,35927.6328125,872794
2022-01-12,39500.0,39985.0,39500.0,39965.0,36507.69921875,1983354
2022-01-13,39985.0,40075.0,39735.0,39770.0,36329.5625,557437
2022-01-14,39515.0,39530.0,39085.0,39155.0,35767.765625,1104070
2022-01-17,39110.0,39185.0,38645.0,38855.0,35493.71484375,954973
2022-01-18,38880.0,39050.0,38460.0,38570.0,35233.375,2062474
2022-01-19,38325.0,38670.0,38160.0,38320.0,35005.0078125,1972133
2022-01-20,38305.0,38510.0,38145.0,38500.0,35169.4296875,756520
2022-01-21,38180.0,38220.0,37835.0,38095.0,34799.46875,2473731
2022-01-24,37970.0,38080.0,37485.0,37655.0,34397.52734375,1334378
2022-01-25,37580.0,37580.0,36530.0,36750.0,33570.8125,3051554
2022-01-26,36835.0,37070.0,36560.0,36640.0,33470.3359375,1268803
2022-01-27,36635.0,36645.0,35290.0,35320.0,32352.8203125,3661732
2022-01-28,35500.0,36320.0,35185.0,36270.0,33223.01953125,1632498
2022-02-03,36950.0,37075.0,36605.0,36610.0,33534.4609375,1571469
2022-02-04,36670.0,37095.0,36605.0,37055.0,33942.07421875,721135
2022-02-07,36915.0,36915.0,36355.0,36720.0,33635.21484375,888405
2022-02-08,36975.0,37165.0,36510.0,36775.0,33685.59375,1503831
2022-02-09,37040.0,37285.0,37020.0,37260.0,34129.8515625,2329182
2022-02-10,37510.0,37670.0,37340.0,37560.0,34404.6484375,702418
2022-02-11,37225.0,37510.0,37070.0,37250.0,34120.6875,939714
2022-02-15,36845.0,36900.0,36345.0,36520.0,33452.015625,1259591
2022-02-16,36840.0,37195.0,36840.0,37165.0,34042.828125,729550
2022-02-17,37205.0,37740.0,37010.0,37420.0,34276.41015625,2495023
2022-02-18,37000.0,37385.0,36910.0,37290.0,34157.328125,1389280
2022-02-21,36755.0,37315.0,36535.0,37315.0,34180.2265625,818011
2022-02-22,36755.0,36910.0,36510.0,36775.0,33685.59375,1391259
2022-02-23,37065.0,37105.0,36700.0,36910.0,33809.25390625,1387425
2022-02-24,36435.0,36500.0,35815.0,35940.0,32920.73828125,2087554
2022-02-25,36230.0,36535.0,36140.0,36355.0,33300.87890625,1716975
2022-02-28,36005.0,36615.0,36005.0,36615.0,33539.03515625,724470
2022-03-02,36585.0,36725.0,36425.0,36485.0,33419.95703125,1199963
2022-03-03,36750.0,37185.0,36750.0,37140.0,34019.93359375,372042
2022-03-04,37040.0,37040.0,36425.0,36580.0,33506.97265625,1623174
2022-03-07,36000.0,36000.0,35545.0,35745.0,32742.12109375,2340247
2022-03-08,35330.0,35720.0,35150.0,35280.0,32316.181640625,2123044
2022-03-10,35950.0,36190.0,35925.0,36010.0,32984.859375,880709
2022-03-11,36005.0,36040.0,35720.0,35925.0,32907.0078125,3302385
2022-03-14,35920.0,36040.0,35670.0,35850.0,32838.30078125,6482464
2022-03-15,35700.0,35775.0,35415.0,35545.0,32558.92578125,3517950
2022-03-16,35815.0,36100.0,35635.0,36070.0,33039.82421875,4522795
2022-03-17,36640.0,36880.0,36590.0,36590.0,33516.140625,1827006
2022-03-18,36460.0,36695.0,36405.0,36680.0,33598.57421875,737914
2022-03-21,36940.0,36940.0,36255.0,36315.0,33264.2421875,986096
2022-03-22,36225.0,36675.0,36225.0,36640.0,33561.93359375,1162129
2022-03-23,36780.0,37100.0,36755.0,36940.0,33836.73046875,947179
2022-03-24,36730.0,36810.0,36505.0,36775.0,33685.59375,1435215
2022-03-25,36890.0,36890.0,36560.0,36635.0,33557.3515625,483515
2022-03-28,36545.0,36760.0,36300.0,36630.0,33552.77734375,763388
2022-03-29,36800.0,37015.0,36710.0,36850.0,33754.2890625,1189924
2022-03-30,37100.0,37220.0,36910.0,36960.0,33855.046875,757552
2022-03-31,36960.0,37250.0,36905.0,37115.0,33997.03125,743477
2022-04-01,36930.0,36930.0,36640.0,36820.0,33726.81640625,287833
2022-04-04,36770.0,37020.0,36555.0,36985.0,33877.94921875,382744
2022-04-05,37100.0,37170.0,36855.0,36985.0,33877.94921875,591259
2022-04-06,36740.0,36775.0,36560.0,36595.0,33520.70703125,976209
2022-04-07,36335.0,36360.0,36020.0,36105.0,33071.8828125,2190712
2022-04-08,36145.0,36215.0,35925.0,36120.0,33085.6171875,955229
2022-04-11,35970.0,36255.0,35860.0,36110.0,33076.45703125,1136814
2022-04-12,35940.0,36015.0,35635.0,35775.0,32769.6015625,1023160
2022-04-13,35845.0,36470.0,35815.0,36425.0,33365.0,1013769
2022-04-14,36460.0,36460.0,36115.0,36250.0,33204.69921875,1038459
2022-04-15,36100.0,36100.0,35745.0,35865.0,32852.04296875,1246469
2022-04-18,35610.0,35960.0,35545.0,35845.0,32833.7265625,1613864
2022-04-19,36015.0,36355.0,36000.0,36245.0,33200.12109375,1892233
2022-04-20,36270.0,36320.0,35985.0,36230.0,33186.37890625,927610
2022-04-21,36345.0,36600.0,36325.0,36395.0,33337.51171875,775457
2022-04-22,36045.0,36120.0,35850.0,36025.0,32998.59765625,959741
2022-04-25,35650.0,35715.0,35420.0,35450.0,32471.904296875,1437398
2022-04-26,35585.0,35730.0,35510.0,35595.0,32604.7265625,680390
2022-04-27,35065.0,35200.0,34870.0,35190.0,32233.74609375,1716312
2022-04-28,34935.0,35060.0,34630.0,35060.0,32540.029296875,1591350
2022-04-29,35125.0,35600.0,34935.0,35575.0,33018.01171875,615911
2022-05-03,35415.0,35705.0,35340.0,35370.0,32827.7421875,637211
2022-05-04,35505.0,35625.0,35290.0,35420.0,32874.15234375,379994
2022-05-06,35025.0,35060.0,34840.0,34945.0,32433.296875,1204643
2022-05-10,34340.0,34500.0,33905.0,34430.0,31955.3046875,1314695
2022-05-11,34265.0,34475.0,34165.0,34425.0,31950.669921875,636558
2022-05-12,34035.0,34345.0,33835.0,33840.0,31407.71484375,822811
2022-05-13,34105.0,34700.0,34055.0,34670.0,32178.0625,707734
2022-05-16,34910.0,34975.0,34455.0,34540.0,32057.40234375,746589
2022-05-17,34540.0,34910.0,34540.0,34850.0,32345.125,353786
2022-05-18,35030.0,35205.0,34820.0,34935.0,32424.01171875,554051
2022-05-19,34150.0,34505.0,34135.0,34430.0,31955.3046875,883947
2022-05-20,34550.0,35085.0,34550.0,35045.0,32526.09375,673321
2022-05-23,35235.0,35260.0,34970.0,35150.0,32623.556640625,776149
2022-05-24,34965.0,35085.0,34535.0,34535.0,32052.76171875,538755
2022-05-25,34740.0,34875.0,34495.0,34645.0,32154.853515625,1727312
2022-05-26,34645.0,35010.0,34415.0,34550.0,32066.685546875,656799
2022-05-27,34905.0,35040.0,34845.0,34910.0,32400.802734375,680876
2022-05-30,35225.0,35390.0,35130.0,35365.0,32823.10546875,461246
2022-05-31,35305.0,35560.0,35130.0,35490.0,32939.12109375,427206
2022-06-02,35315.0,35320.0,35035.0,35105.0,32581.791015625,817273
2022-06-03,35410.0,35485.0,35225.0,35335.0,32795.2578125,950624
2022-06-07,35135.0,35135.0,34580.0,34675.0,32182.697265625,1208614
2022-06-08,34660.0,34905.0,34650.0,34710.0,32215.185546875,732201
2022-06-09,34685.0,34750.0,34465.0,34600.0,32113.08984375,745093
2022-06-10,34375.0,34400.0,34125.0,34270.0,31806.80859375,1040668
2022-06-13,33665.0,33705.0,33085.0,33085.0,30706.98046875,1939313
2022-06-14,32725.0,33010.0,32510.0,32935.0,30567.76171875,2293308
2022-06-15,32915.0,32935.0,32135.0,32310.0,29987.6875,1857044
2022-06-16,32730.0,32995.0,32290.0,32365.0,30038.736328125,2476601
2022-06-17,31800.0,32175.0,31635.0,32080.0,29774.21484375,1784440
2022-06-20,32210.0,32280.0,31325.0,31595.0,29324.076171875,2017620
2022-06-21,31690.0,31995.0,31545.0,31770.0,29486.501953125,1042687
2022-06-22,31920.0,31920.0,30945.0,30945.0,28720.794921875,1504984
2022-06-23,30950.0,31220.0,30585.0,30725.0,28516.607421875,2772549
2022-06-24,30800.0,31470.0,30770.0,31340.0,29087.40625,1462412
2022-06-27,31500.0,31990.0,31300.0,31730.0,29449.373046875,935636
2022-06-28,31730.0,31995.0,31615.0,31995.0,29695.326171875,791455
2022-06-29,31655.0,31720.0,31415.0,31485.0,29221.982421875,847621
2022-06-30,31350.0,31355.0,30935.0,30935.0,28711.515625,1104361
2022-07-01,31110.0,31245.0,30400.0,30620.0,28419.154296875,837408
2022-07-04,30620.0,30800.0,30320.0,30630.0,28428.4375,996892
2022-07-05,30845.0,31225.0,30770.0,31100.0,28864.654296875,817300
2022-07-06,30905.0,30980.0,30385.0,30430.0,28242.8125,929960
2022-07-07,30590.0,31215.0,30590.0,31035.0,28804.328125,1452586
2022-07-08,31230.0,31500.0,31205.0,31220.0,28976.03125,1539665
2022-07-11,31335.0,31390.0,31000.0,31045.0,28813.609375,893513
2022-07-12,30965.0,30965.0,30560.0,30735.0,28525.892578125,771520
2022-07-13,30735.0,31095.0,30725.0,30865.0,28646.544921875,498370
2022-07-14,30700.0,31000.0,30555.0,30785.0,28572.296875,752479
2022-07-15,30995.0,31000.0,30400.0,30965.0,28739.357421875,596263
2022-07-18,31215.0,31675.0,31210.0,31645.0,29370.482421875,1692287
2022-07-19,31595.0,31595.0,31355.0,31515.0,29249.826171875,850882
2022-07-20,32050.0,32125.0,31710.0,31795.0,29509.701171875,1040239
2022-07-21,31815.0,32145.0,31790.0,32120.0,29811.34375,1842667
2022-07-22,32115.0,32260.0,31890.0,31935.0,29639.640625,1385375
2022-07-25,31870.0,32190.0,31820.0,32025.0,29723.173828125,1834786
2022-07-26,31920.0,32180.0,31870.0,32170.0,29857.748046875,601973
2022-07-27,32225.0,32225.0,31935.0,32165.0,29853.10546875,1335058
2022-07-28,32295.0,32485.0,32160.0,32225.0,30020.794921875,879218
2022-07-29,32420.0,32680.0,32285.0,32395.0,30179.16796875,1438700
2022-08-01,32315.0,32525.0,32170.0,32375.0,30160.533203125,1195738
2022-08-02,32405.0,32405.0,32105.0,32220.0,30016.13671875,807918
2022-08-03,32225.0,32430.0,32100.0,32420.0,30202.458984375,1058370
2022-08-04,32650.0,32700.0,32480.0,32600.0,30370.146484375,791733
2022-08-05,32730.0,32915.0,32715.0,32815.0,30570.439453125,583739
2022-08-08,32630.0,32785.0,32570.0,32750.0,30509.88671875,1376253
2022-08-09,32750.0,32915.0,32600.0,32850.0,30603.044921875,882168
2022-08-10,32700.0,32700.0,32440.0,32480.0,30258.35546875,678279
2022-08-11,32875.0,33030.0,32845.0,33030.0,30770.732421875,690675
2022-08-12,32965.0,33185.0,32965.0,33140.0,30873.212890625,745734
2022-08-16,33445.0,33445.0,33190.0,33240.0,30966.3671875,1271179
2022-08-17,33310.0,33385.0,33015.0,33060.0,30798.68359375,1128095
2022-08-18,32835.0,33005.0,32675.0,32945.0,30691.548828125,918840
2022-08-19,32945.0,32965.0,32700.0,32730.0,30491.255859375,644022
2022-08-22,32465.0,32500.0,32250.0,32315.0,30104.640625,1354928
2022-08-23,32095.0,32215.0,31890.0,31910.0,29727.34375,997638
2022-08-24,32020.0,32130.0,31900.0,32040.0,29848.44921875,515297
2022-08-25,32145.0,32415.0,32145.0,32415.0,30197.798828125,629807
2022-08-26,32555.0,32705.0,32405.0,32460.0,30239.72265625,798514
2022-08-29,31735.0,31785.0,31600.0,31645.0,29480.466796875,1081619
2022-08-30,31750.0,32020.0,31750.0,32000.0,29811.189453125,424417
2022-08-31,31675.0,32375.0,31660.0,32235.0,30030.111328125,699730
2022-09-01,31880.0,31880.0,31500.0,31510.0,29354.701171875,3834385
2022-09-02,31610.0,31690.0,31230.0,31355.0,29210.3046875,1458570
2022-09-05,31355.0,31620.0,31220.0,31365.0,29219.619140625,637144
2022-09-06,31370.0,31580.0,31245.0,31350.0,29205.6484375,414076
2022-09-07,31145.0,31150.0,30715.0,30875.0,28763.138671875,1048709
2022-09-08,31130.0,31130.0,30870.0,30975.0,28856.296875,998358
2022-09-13,31505.0,32010.0,31485.0,31910.0,29727.34375,978234
2022-09-14,30985.0,31435.0,30930.0,31305.0,29163.724609375,1009146
2022-09-15,31380.0,31400.0,31090.0,31140.0,29010.009765625,1365468
2022-09-16,30825.0,30955.0,30740.0,30845.0,28735.1875,1876388
2022-09-19,30890.0,31020.0,30615.0,30675.0,28576.814453125,591172
2022-09-20,30890.0,31045.0,30730.0,30780.0,28674.638671875,1168410
2022-09-21,30580.0,30650.0,30425.0,30505.0,28418.4453125,1206689
2022-09-22,30140.0,30235.0,29965.0,30180.0,28115.67578125,2360323
2022-09-23,30180.0,30220.0,29715.0,29800.0,27761.6640625,1545367
2022-09-26,29415.0,29460.0,29000.0,29060.0,27072.283203125,1464433
2022-09-27,29025.0,29145.0,28790.0,29130.0,27137.49609375,1141300
2022-09-28,28795.0,29015.0,28175.0,28415.0,26471.40234375,1827624
2022-09-29,28770.0,28940.0,28440.0,28455.0,26508.66796875,1071682
2022-09-30,28380.0,28605.0,28045.0,28285.0,26350.291015625,1218342
2022-10-04,28700.0,29055.0,28675.0,28970.0,26988.439453125,817818
2022-10-05,29435.0,29490.0,28870.0,29000.0,27016.390625,1405176
2022-10-06,29215.0,29455.0,29125.0,29310.0,27305.1796875,756459
2022-10-07,28970.0,29340.0,28930.0,29185.0,27188.734375,671377
2022-10-11,28590.0,28615.0,28340.0,28615.0,26657.724609375,1464367
2022-10-12,28575.0,28855.0,28545.0,28840.0,26867.328125,1532030
2022-10-13,28720.0,28740.0,28365.0,28365.0,26424.818359375,3811293
2022-10-14,28780.0,29185.0,28745.0,29075.0,27086.255859375,729508
2022-10-17,28720.0,29140.0,28620.0,29075.0,27086.255859375,975816
2022-10-18,29485.0,29510.0,29105.0,29465.0,27449.58203125,852873
2022-10-19,29410.0,29645.0,29220.0,29235.0,27235.3125,1266115
2022-10-20,29080.0,29115.0,28770.0,28960.0,26979.126953125,1816075
2022-10-21,28890.0,29185.0,28850.0,29000.0,27016.390625,1216483
2022-10-24,29410.0,29575.0,29175.0,29280.0,27277.234375,1073876
2022-10-25,29360.0,29530.0,29225.0,29320.0,27314.498046875,1069899
2022-10-26,29310.0,29675.0,29250.0,29535.0,27514.79296875,791356
2022-10-27,29695.0,30070.0,29660.0,30030.0,28070.978515625,814566
2022-10-28,29805.0,29890.0,29520.0,29525.0,27705.01953125,2703810
2022-10-31,29840.0,30035.0,29680.0,29965.0,28117.89453125,984273
2022-11-01,30040.0,30445.0,30010.0,30425.0,28549.5390625,3112923
2022-11-02,30360.0,30515.0,30225.0,30375.0,28502.619140625,777504
2022-11-03,29940.0,30400.0,29750.0,30195.0,28333.720703125,2630479
2022-11-04,30130.0,30460.0,29975.0,30460.0,28582.380859375,760757
2022-11-07,30525.0,30845.0,30490.0,30815.0,28915.5,679600
2022-11-08,31000.0,31300.0,30955.0,31230.0,29304.91796875,1452045
2022-11-09,31370.0,31670.0,31310.0,31550.0,29605.19140625,1292270
2022-11-10,31285.0,31535.0,31170.0,31170.0,29248.62109375,2515953
2022-11-11,32200.0,32445.0,32110.0,32410.0,30412.181640625,3527161
2022-11-14,32410.0,32535.0,32170.0,32200.0,30215.125,3869012
2022-11-15,32320.0,32375.0,32085.0,32305.0,30313.654296875,568080
2022-11-16,32330.0,32360.0,31890.0,32235.0,30247.966796875,790401
2022-11-17,32115.0,32115.0,31775.0,31810.0,29849.169921875,920002
2022-11-18,31785.0,32125.0,31710.0,31740.0,29783.478515625,6466792
2022-11-21,31780.0,31825.0,31390.0,31500.0,29558.2734375,2628283
2022-11-22,31450.0,31575.0,31275.0,31280.0,29351.8359375,538659
2022-11-23,31495.0,31580.0,31355.0,31480.0,29539.509765625,920388
2022-11-24,31715.0,31790.0,31580.0,31775.0,29816.322265625,1046239
2022-11-25,31815.0,31830.0,31630.0,31660.0,29708.416015625,746745
2022-11-28,31505.0,31520.0,31180.0,31270.0,29342.453125,826198
2022-11-29,31245.0,31625.0,31185.0,31600.0,29652.111328125,495313
2022-11-30,31485.0,32055.0,31460.0,32055.0,30079.064453125,651316
2022-12-01,32505.0,32625.0,32225.0,32290.0,30299.578125,469365
2022-12-02,32290.0,32290.0,31555.0,31555.0,29609.88671875,1148114
2022-12-05,31660.0,31765.0,31365.0,31450.0,29511.359375,2405963
2022-12-06,31300.0,31385.0,31015.0,31015.0,29103.171875,617223
2022-12-07,30975.0,31075.0,30855.0,30885.0,28981.181640625,654292
2022-12-08,30900.0,30950.0,30665.0,30910.0,29004.640625,2575447
2022-12-09,30985.0,31290.0,30920.0,31240.0,29314.302734375,553610
2022-12-12,31135.0,31135.0,30955.0,31055.0,29140.705078125,551735
2022-12-13,31190.0,31250.0,30920.0,31030.0,29117.25,705194
2022-12-14,31120.0,31415.0,31120.0,31375.0,29440.98046875,785353
2022-12-15,31230.0,31235.0,30865.0,30875.0,28971.802734375,1230792
2022-12-16,30440.0,30760.0,30400.0,30690.0,28798.203125,1596030
2022-12-19,30695.0,30860.0,30590.0,30725.0,28831.05078125,780255
2022-12-20,30605.0,30715.0,30350.0,30475.0,28596.458984375,585678
2022-12-21,30580.0,30650.0,30345.0,30400.0,28526.080078125,817859
2022-12-22,30510.0,30785.0,30460.0,30780.0,28882.65625,713668
2022-12-23,30365.0,30530.0,30210.0,30220.0,28357.177734375,1066708
2022-12-26,30185.0,30345.0,30155.0,30315.0,28446.322265625,1285837
2022-12-27,30405.0,30580.0,30375.0,30545.0,28662.138671875,811335
2022-12-28,30410.0,30410.0,30135.0,30135.0,28277.41796875,862188
2022-12-29,29960.0,30045.0,29635.0,29635.0,27808.240234375,889595
2023-01-02,29780.0,29855.0,29420.0,29425.0,27611.181640625,837623
2023-01-03,29505.0,29565.0,28895.0,29440.0,27625.259765625,3338004
2023-01-04,29300.0,30120.0,29255.0,30070.0,28216.421875,4084964
2023-01-05,30180.0,30450.0,30075.0,30290.0,28422.859375,1763835
2023-01-06,30040.0,30800.0,30040.0,30640.0,28751.287109375,2317852
2023-01-09,30950.0,31475.0,30895.0,31450.0,29511.359375,981951
2023-01-10,31350.0,31710.0,31320.0,31485.0,29544.19921875,1229962
2023-01-11,31635.0,31735.0,31405.0,31570.0,29623.9609375,649921
2023-01-12,31740.0,31810.0,31485.0,31630.0,29680.263671875,459925
2023-01-13,31715.0,32060.0,31710.0,31875.0,29910.158203125,1347125
2023-01-16,31900.0,32265.0,31900.0,32120.0,30140.060546875,813819
2023-01-17,32060.0,32150.0,31825.0,31865.0,29900.779296875,1119692
2023-01-18,31845.0,31900.0,31500.0,31670.0,29717.794921875,564488
2023-01-19,31490.0,31870.0,31490.0,31870.0,29905.466796875,1459696
2023-01-20,31870.0,32080.0,31740.0,32055.0,30079.064453125,867032
2023-01-25,32520.0,32680.0,32490.0,32600.0,30590.470703125,691495
2023-01-26,32600.0,33065.0,32520.0,33025.0,30989.2734375,1244093
2023-01-27,33095.0,33500.0,32960.0,33285.0,31233.244140625,1097560
2023-01-30,33270.0,33285.0,32665.0,32665.0,30734.564453125,960548
2023-01-31,32675.0,32785.0,32130.0,32170.0,30268.818359375,1150569
2023-02-01,32335.0,32600.0,32295.0,32510.0,30588.7265625,1344525
2023-02-02,33000.0,33105.0,32610.0,32890.0,30946.267578125,2017349
2023-02-03,33320.0,33320.0,32660.0,33010.0,31059.17578125,1874623
2023-02-06,32690.0,32795.0,32285.0,32285.0,30377.025390625,3457358
2023-02-07,32345.0,32555.0,32230.0,32480.0,30560.498046875,585023
2023-02-08,32745.0,33065.0,32665.0,32955.0,31007.42578125,1426311
2023-02-09,32910.0,32985.0,32680.0,32830.0,30889.814453125,677645
2023-02-10,32715.0,32805.0,32535.0,32765.0,30828.65625,1207681
2023-02-13,32730.0,32730.0,32370.0,32595.0,30668.703125,1078810
2023-02-14,32970.0,33010.0,32710.0,32780.0,30842.76953125,634682
2023-02-15,32790.0,32850.0,32130.0,32165.0,30264.111328125,1521921
2023-02-16,32330.0,32870.0,32300.0,32790.0,30852.17578125,754365
2023-02-17,32440.0,32785.0,32360.0,32500.0,30579.314453125,904032
2023-02-20,32510.0,32730.0,32220.0,32600.0,30673.408203125,839729
2023-02-21,32510.0,32705.0,32410.0,32560.0,30635.7734375,668648
2023-02-22,32305.0,32305.0,31985.0,31995.0,30104.162109375,1710182
2023-02-23,32060.0,32525.0,32060.0,32380.0,30466.408203125,703468
2023-02-24,32380.0,32535.0,32090.0,32120.0,30221.7734375,527379
2023-02-27,31925.0,31925.0,31560.0,31820.0,29939.501953125,902094
2023-02-28,31950.0,32195.0,31830.0,31920.0,30033.591796875,559014
2023-03-02,31995.0,32295.0,31830.0,32000.0,30108.865234375,691485
2023-03-03,32145.0,32225.0,31935.0,32065.0,30170.0234375,913789
2023-03-06,32295.0,32550.0,32205.0,32525.0,30602.83984375,3327185
2023-03-07,32520.0,32620.0,32360.0,32360.0,30447.591796875,2087553
2023-03-08,32000.0,32090.0,31835.0,31895.0,30010.072265625,5411925
2023-03-09,32215.0,32215.0,31790.0,31815.0,29934.798828125,1715516
2023-03-10,31505.0,31555.0,31285.0,31460.0,29600.77734375,1910370
2023-03-13,31530.0,31780.0,31225.0,31710.0,29836.0078125,795984
2023-03-14,31420.0,31515.0,30935.0,30955.0,29125.625,2273853
2023-03-15,31315.0,31540.0,31195.0,31345.0,29492.57421875,1220457
2023-03-16,31045.0,31320.0,30865.0,31260.0,29412.59765625,726445
2023-03-17,31530.0,31675.0,31370.0,31600.0,29732.505859375,599853
2023-03-20,31550.0,31735.0,31355.0,31355.0,29501.984375,450208
2023-03-21,31500.0,31610.0,31370.0,31440.0,29581.9609375,1164817
2023-03-22,31655.0,31845.0,31620.0,31830.0,29948.91015625,456830
2023-03-23,31590.0,31955.0,31565.0,31940.0,30052.4140625,519948
2023-03-24,31945.0,31965.0,31655.0,31840.0,29958.3203125,376084
2023-03-27,31925.0,31925.0,31515.0,31700.0,29826.591796875,728125
2023-03-28,31715.0,32035.0,31715.0,32035.0,30141.798828125,630139
2023-03-29,32015.0,32120.0,31900.0,32115.0,30217.072265625,763671
2023-03-30,32235.0,32445.0,32145.0,32330.0,30419.36328125,520517
2023-03-31,32435.0,32770.0,32390.0,32710.0,30776.908203125,994409
2023-04-03,32725.0,32860.0,32510.0,32545.0,30621.658203125,1114136
2023-04-04,32580.0,32810.0,32545.0,32715.0,30781.61328125,812211
2023-04-05,32715.0,32930.0,32665.0,32870.0,30927.451171875,612452
2023-04-06,32750.0,32750.0,32295.0,32320.0,30409.94921875,676584
2023-04-07,32515.0,32910.0,32515.0,32865.0,30922.744140625,683645
2023-04-10,32860.0,33325.0,32800.0,33160.0,31200.3125,1195766
2023-04-11,33310.0,33685.0,33240.0,33590.0,31604.8984375,948776
2023-04-12,33580.0,33805.0,33530.0,33705.0,31713.10546875,1215403
2023-04-13,33510.0,33810.0,33470.0,33775.0,31778.96875,683220
2023-04-14,34010.0,34100.0,33790.0,33895.0,31891.873046875,1018830
2023-04-17,33860.0,33960.0,33750.0,33905.0,31901.283203125,396287
2023-04-18,33945.0,33980.0,33650.0,33850.0,31849.5390625,936284
2023-04-19,33860.0,34015.0,33815.0,33890.0,31887.169921875,555865
2023-04-20,33760.0,33880.0,33655.0,33780.0,31783.669921875,534456
2023-04-21,33705.0,33765.0,33490.0,33620.0,31633.12890625,1202725
2023-04-24,33500.0,33555.0,33355.0,33410.0,31435.537109375,752801
2023-04-25,33430.0,33505.0,32800.0,32990.0,31040.35546875,750448
2023-04-26,32935.0,33085.0,32870.0,32920.0,30974.498046875,1186936
2023-04-27,32485.0,32620.0,32200.0,32590.0,31074.61328125,374332
2023-04-28,32745.0,32940.0,32540.0,32665.0,31146.126953125,458099
2023-05-02,32730.0,33030.0,32715.0,33030.0,31494.154296875,499011
2023-05-03,32825.0,32850.0,32665.0,32695.0,31174.73046875,788909
2023-05-04,32610.0,32690.0,32500.0,32625.0,31107.98828125,413870
2023-05-08,32905.0,33110.0,32905.0,33010.0,31475.08203125,2071038
2023-05-09,32955.0,32970.0,32800.0,32895.0,31365.431640625,460508
2023-05-10,32880.0,32890.0,32590.0,32710.0,31189.03515625,343815
2023-05-11,32810.0,32940.0,32635.0,32635.0,31117.521484375,328204
2023-05-12,32505.0,32625.0,32395.0,32470.0,30960.19140625,631956
2023-05-15,32365.0,32560.0,32265.0,32555.0,31041.240234375,450730
2023-05-16,32675.0,32880.0,32570.0,32640.0,31122.2890625,358537
2023-05-17,32625.0,32850.0,32520.0,32765.0,31241.4765625,358059
2023-05-19,33280.0,33550.0,33275.0,33520.0,31961.373046875,446585
2023-05-22,33510.0,33890.0,33465.0,33760.0,32190.205078125,653111
2023-05-23,33825.0,33970.0,33765.0,33835.0,32261.72265625,288943
2023-05-25,33820.0,33905.0,33600.0,33655.0,32090.09375,317704
2023-05-26,33705.0,33905.0,33685.0,33805.0,32233.1171875,401821
2023-05-30,34090.0,34270.0,34080.0,34255.0,32662.197265625,435867
2023-05-31,34255.0,34340.0,33995.0,33995.0,32414.2890625,671462
2023-06-01,33915.0,34055.0,33820.0,33915.0,32338.009765625,448327
2023-06-02,34090.0,34355.0,34090.0,34355.0,32757.541015625,628440
2023-06-05,34455.0,34560.0,34390.0,34425.0,32824.2890625,388998
2023-06-07,34500.0,34620.0,34370.0,34380.0,32781.37890625,1278047
2023-06-08,34295.0,34345.0,34150.0,34290.0,32695.56640625,487470
2023-06-09,34465.0,34820.0,34395.0,34765.0,33148.4765625,439088
2023-06-12,34800.0,34895.0,34460.0,34545.0,32938.7109375,420161
2023-06-13,34735.0,34830.0,34620.0,34725.0,33110.33984375,284412
2023-06-14,34710.0,34750.0,34480.0,34545.0,32938.7109375,457976
2023-06-15,34635.0,34750.0,34390.0,34425.0,32824.2890625,828474
2023-06-16,34560.0,34620.0,34400.0,34590.0,32981.61328125,413300
2023-06-19,34550.0,34550.0,34310.0,34385.0,32786.1484375,417803
2023-06-20,34310.0,34380.0,34200.0,34325.0,32728.935546875,633729
2023-06-21,34325.0,34325.0,34000.0,34025.0,32442.888671875,508713
2023-06-22,33950.0,34220.0,33940.0,34100.0,32514.3984375,340409
2023-06-23,34230.0,34270.0,33900.0,33940.0,32361.84375,652765
2023-06-26,33895.0,34140.0,33845.0,34110.0,32523.935546875,626585
2023-06-27,34090.0,34115.0,33930.0,34090.0,32504.86328125,361679
2023-06-28,34170.0,34200.0,33855.0,33920.0,32342.771484375,724218
2023-06-29,34015.0,34220.0,33920.0,33925.0,32347.5390625,626204
2023-06-30,33910.0,34090.0,33655.0,34005.0,32423.822265625,547600
2023-07-07,33615.0,33615.0,33215.0,33320.0,31770.669921875,776707
2023-07-10,33325.0,33540.0,33215.0,33265.0,31718.228515625,914292
2023-07-14,34530.0,34910.0,34500.0,34910.0,33286.73828125,764584
2023-07-17,34725.0,34910.0,34680.0,34770.0,33153.24609375,494144
2023-07-19,34715.0,34750.0,34390.0,34500.0,32895.80078125,484532
2023-07-20,34275.0,34520.0,34235.0,34370.0,32771.84375,237497
2023-07-21,34140.0,34425.0,33935.0,34425.0,32824.2890625,558907
2023-07-24,34380.0,34765.0,34250.0,34645.0,33034.05859375,585023
2023-07-26,34695.0,34755.0,34205.0,34275.0,32681.26953125,624651
2023-07-28,34395.0,34560.0,34265.0,34500.0,32895.80078125,549870
2023-08-03,34535.0,34585.0,34125.0,34255.0,32662.197265625,707275
2023-08-04,34255.0,34360.0,34150.0,34235.0,32643.123046875,372553
2023-08-07,34050.0,34430.0,34040.0,34165.0,32576.380859375,456454
2023-08-08,34280.0,34345.0,33810.0,33860.0,32285.560546875,529356
2023-08-09,33940.0,34340.0,33935.0,34245.0,32652.6640625,635895
2023-08-10,34110.0,34150.0,34010.0,34125.0,32538.236328125,340097
2023-08-11,34165.0,34410.0,34015.0,34055.0,32471.49609375,392697
2023-08-14,33960.0,34045.0,33625.0,33740.0,32171.138671875,1114996
2023-08-16,33460.0,33480.0,33170.0,33220.0,31675.318359375,516693
2023-08-17,33025.0,33130.0,32705.0,33130.0,31589.5078125,783947
2023-08-18,32750.0,33135.0,32700.0,32970.0,31436.943359375,556181
2023-08-21,33025.0,33220.0,32940.0,32955.0,31422.640625,345546
2023-08-22,33235.0,33330.0,32970.0,33095.0,31556.130859375,461860
2023-08-23,32945.0,33120.0,32890.0,33025.0,31489.388671875,365265
2023-08-24,33405.0,33505.0,33330.0,33470.0,31913.689453125,539954
2023-08-25,33015.0,33245.0,33000.0,33115.0,31575.203125,357549
2023-08-28,33340.0,33380.0,33205.0,33340.0,31789.7421875,520497
2023-08-29,33425.0,33555.0,33385.0,33495.0,31937.53515625,265373
2023-08-30,33825.0,33855.0,33605.0,33605.0,32042.419921875,306530
2023-08-31,33650.0,33715.0,33470.0,33630.0,32066.25390625,174392
2023-09-01,33545.0,34010.0,33510.0,33930.0,32352.30078125,481704
2023-09-04,34035.0,34180.0,33900.0,34180.0,32590.68359375,481552
2023-09-05,34130.0,34245.0,34060.0,34145.0,32557.306640625,235824
2023-09-06,34115.0,34170.0,33865.0,33920.0,32342.771484375,226307
2023-09-07,33800.0,33905.0,33640.0,33725.0,32156.837890625,265380
2023-09-08,33730.0,33780.0,33530.0,33770.0,32199.748046875,282169
2023-09-11,33800.0,33890.0,33685.0,33880.0,32304.634765625,230714
2023-09-12,34010.0,34025.0,33685.0,33705.0,32137.76953125,352829
2023-09-13,33685.0,33875.0,33615.0,33710.0,32142.5390625,456040
2023-09-14,33825.0,34150.0,33810.0,34150.0,32562.080078125,488300
2023-09-15,34230.0,34780.0,34205.0,34645.0,33034.05859375,2885207
2023-09-18,34450.0,34545.0,34220.0,34245.0,32652.6640625,355508
2023-09-19,34245.0,34300.0,33915.0,33960.0,32380.91015625,1748714
2023-09-20,33960.0,34070.0,33865.0,33955.0,32376.14453125,1479297
2023-09-21,33795.0,33830.0,33360.0,33395.0,31842.181640625,834317
2023-09-22,33020.0,33340.0,32985.0,33270.0,31722.99609375,1079528
2023-09-25,33155.0,33345.0,33100.0,33270.0,31722.99609375,320691
2023-09-26,33275.0,33295.0,32815.0,32850.0,31322.5234375,1774608
2023-09-27,32745.0,32915.0,32650.0,32915.0,31384.501953125,1261061
2023-10-04,32405.0,32405.0,32025.0,32080.0,30588.330078125,1205616
2023-10-05,32290.0,32300.0,32030.0,32075.0,30583.55859375,844198
2023-10-06,32105.0,32250.0,32035.0,32115.0,30621.701171875,437321
2023-10-10,32455.0,32700.0,32165.0,32195.0,30697.982421875,347461
2023-10-11,32630.0,32960.0,32630.0,32700.0,31179.49609375,1906320
2023-10-12,32905.0,33115.0,32905.0,33080.0,31541.83203125,1193882
2023-10-13,32815.0,32925.0,32725.0,32815.0,31289.154296875,809051
2023-10-16,32725.0,32800.0,32365.0,32575.0,31060.310546875,353373
2023-10-17,32785.0,33045.0,32725.0,32975.0,31441.71484375,1231487
2023-10-18,32845.0,33130.0,32845.0,33095.0,31556.130859375,935293
2023-10-19,32720.0,32720.0,32455.0,32485.0,30974.498046875,757148
2023-10-20,32225.0,32260.0,31850.0,31995.0,30507.283203125,1832859
2023-10-23,31945.0,32020.0,31750.0,31810.0,30330.884765625,1245239
2023-10-24,31940.0,32070.0,31410.0,32060.0,30569.2578125,3164627
2023-10-25,32160.0,32160.0,31870.0,31895.0,30411.9296875,714908
2023-10-26,31435.0,31460.0,31040.0,31065.0,29620.525390625,1157041
2023-10-27,31180.0,31280.0,30980.0,31090.0,29644.36328125,1515718
2023-10-30,30775.0,31145.0,30770.0,31060.0,29720.9140625,1146756
2023-10-31,31240.0,31305.0,30660.0,30700.0,29376.4375,2719125
2023-11-01,30880.0,31195.0,30875.0,31125.0,29783.111328125,2802398
2023-11-02,31645.0,31800.0,31565.0,31635.0,30271.123046875,1612186
2023-11-03,31975.0,32035.0,31810.0,31970.0,30591.681640625,2042186
2023-11-06,32450.0,33465.0,32370.0,33465.0,32022.22265625,1527137
2023-11-07,33280.0,33280.0,32520.0,32825.0,31409.818359375,1756911
2023-11-08,33095.0,33180.0,32460.0,32545.0,31141.892578125,754579
2023-11-09,32555.0,32810.0,32490.0,32695.0,31285.423828125,1108506
2023-11-10,32375.0,32535.0,32250.0,32500.0,31098.83203125,1469843
2023-11-13,32770.0,32850.0,32360.0,32520.0,31117.966796875,831192
2023-11-14,32760.0,32915.0,32730.0,32820.0,31405.03515625,499657
2023-11-15,33485.0,33565.0,33255.0,33525.0,32079.638671875,1668151
2023-11-16,33515.0,33605.0,33350.0,33530.0,32084.421875,640960
2023-11-17,33470.0,33510.0,33250.0,33345.0,31907.3984375,870844
2023-11-20,33260.0,33720.0,33255.0,33605.0,32156.19140625,1968989
2023-11-21,33760.0,33930.0,33715.0,33790.0,32333.216796875,1412423
2023-11-22,33550.0,33895.0,33490.0,33805.0,32347.56640625,909703
2023-11-23,33840.0,33930.0,33700.0,33835.0,32376.279296875,544757
2023-11-24,33815.0,33895.0,33560.0,33560.0,32113.1328125,777622
2023-11-27,33575.0,33745.0,33410.0,33525.0,32079.638671875,859537
2023-11-28,33640.0,33935.0,33615.0,33935.0,32471.96484375,695266
2023-11-29,33825.0,33865.0,33575.0,33805.0,32347.56640625,592088
2023-11-30,33775.0,33980.0,33630.0,33980.0,32515.025390625,1517870
2023-12-01,33795.0,33795.0,33580.0,33595.0,32146.625,761252
2023-12-04,33860.0,33935.0,33715.0,33790.0,32333.216796875,1052948
2023-12-05,33670.0,33670.0,33430.0,33430.0,31988.740234375,648819
2023-12-06,33570.0,33720.0,33525.0,33525.0,32079.638671875,1170194
2023-12-07,33390.0,33540.0,33290.0,33410.0,31969.59765625,968967
2023-12-08,33665.0,33890.0,33655.0,33870.0,32409.76953125,1250182
2023-12-11,33955.0,33995.0,33750.0,33960.0,32495.888671875,4817990
2023-12-12,34085.0,34240.0,34055.0,34130.0,32658.556640625,1270234
2023-12-13,34125.0,34130.0,33785.0,33825.0,32366.70703125,593172
2023-12-14,34300.0,34420.0,34000.0,34000.0,32534.1640625,1232583
2023-12-15,34355.0,34715.0,34350.0,34420.0,32936.0546875,986222
2023-12-18,34435.0,34560.0,34330.0,34455.0,32969.55078125,808058
2023-12-19,34385.0,34595.0,34325.0,34555.0,33065.234375,767601
2023-12-20,34770.0,35220.0,34770.0,35210.0,33691.99609375,2475038
2023-12-21,34990.0,35100.0,34820.0,34980.0,33471.9140625,936160
2023-12-22,35355.0,35390.0,35080.0,35100.0,33586.73828125,945062
2023-12-26,35290.0,35315.0,35090.0,35285.0,33763.76171875,542184
2023-12-27,35300.0,35635.0,35230.0,35635.0,34098.67578125,3043336
2023-12-28,35645.0,36295.0,35585.0,36295.0,34730.21875,784764
2024-01-02,36035.0,36605.0,35945.0,36465.0,34892.890625,1728297
2024-01-03,36060.0,36060.0,35440.0,35440.0,33912.078125,2253773
2024-01-04,35145.0,35425.0,35050.0,35155.0,33639.36328125,1261562
2024-01-05,35130.0,35240.0,34990.0,35110.0,33596.30078125,1170724
2024-01-08,35220.0,35325.0,34900.0,34950.0,33443.203125,599818
2024-01-09,35385.0,35440.0,34705.0,34810.0,33309.24609375,1743701
2024-01-10,34810.0,34880.0,34385.0,34440.0,32955.19140625,1118918
2024-01-11,34455.0,34675.0,34370.0,34455.0,32969.55078125,1424260
2024-01-12,34355.0,34495.0,34085.0,34160.0,32687.263671875,1423513
2024-01-15,34225.0,34440.0,34165.0,34280.0,32802.09765625,777196
2024-01-16,34080.0,34230.0,33775.0,33815.0,32357.130859375,937989
2024-01-17,33950.0,33985.0,32970.0,32995.0,31572.490234375,2765037
2024-01-19,33505.0,33700.0,33455.0,33640.0,32189.685546875,1432778
2024-01-22,33955.0,33975.0,33700.0,33700.0,32247.09375,1452806
2024-01-23,33830.0,33915.0,33640.0,33870.0,32409.76953125,1173929
2024-01-24,33820.0,33865.0,33450.0,33685.0,32232.7421875,1700318
2024-01-25,33715.0,33815.0,33550.0,33760.0,32304.50390625,1504295
2024-01-26,33590.0,34165.0,33500.0,33815.0,32357.130859375,1968818
2024-01-29,33910.0,34435.0,33850.0,34205.0,32730.3203125,2100623
2024-01-30,34300.0,34420.0,33980.0,34065.0,32696.73046875,995657
2024-01-31,33795.0,33985.0,33795.0,33920.0,32557.552734375,1104313
2024-02-01,33785.0,34520.0,33785.0,34480.0,33095.05859375,2058344
2024-02-02,34700.0,35655.0,34700.0,35605.0,34174.87109375,3720277
2024-02-05,35470.0,35470.0,34725.0,35150.0,33738.14453125,2267084
2024-02-06,35070.0,35315.0,34815.0,35020.0,33613.37109375,1892416
2024-02-07,35230.0,35800.0,35215.0,35545.0,34117.28125,2127537
2024-02-08,35685.0,35820.0,35505.0,35600.0,34170.078125,1776097
2024-02-13,36010.0,36185.0,35920.0,35980.0,34534.80859375,1344015
2024-02-14,35440.0,35640.0,35315.0,35500.0,34074.0859375,1614800
2024-02-15,35880.0,35900.0,35425.0,35465.0,34040.49609375,653590
2024-02-16,35760.0,35840.0,35550.0,35805.0,34366.84375,1636929
2024-02-19,35905.0,36430.0,35905.0,36345.0,34885.1484375,1840894
2024-02-20,36255.0,36305.0,35740.0,35930.0,34486.8203125,1387892
2024-02-21,35970.0,36180.0,35745.0,35865.0,34424.4296875,939656
2024-02-22,36225.0,36230.0,35905.0,36040.0,34592.40234375,1799555
2024-02-23,36350.0,36585.0,36100.0,36160.0,34707.5859375,1181010
2024-02-26,35995.0,36025.0,35580.0,35855.0,34414.828125,1580217
2024-02-27,35875.0,35965.0,35520.0,35570.0,34141.28125,1065694
2024-02-28,35605.0,36110.0,35570.0,36000.0,34554.00390625,1255390
2024-02-29,35910.0,36025.0,35685.0,35905.0,34462.8203125,997635
2024-03-04,36295.0,36610.0,36220.0,36415.0,34952.3359375,1971442
2024-03-05,36310.0,36615.0,36110.0,36110.0,34659.5859375,1347401
2024-03-06,35990.0,36075.0,35830.0,36000.0,34554.00390625,720727
2024-03-07,36130.0,36260.0,35850.0,36045.0,34597.19921875,1012025
2024-03-08,36540.0,36675.0,36405.0,36540.0,35072.31640625,1565435
2024-03-11,36305.0,36480.0,36200.0,36255.0,34798.7578125,1427579
2024-03-12,36375.0,36635.0,36180.0,36570.0,35101.109375,1427553
2024-03-13,36695.0,36875.0,36565.0,36710.0,35235.48828125,1953765
2024-03-14,36835.0,37095.0,36790.0,37060.0,35571.43359375,2090747
2024-03-15,36810.0,36835.0,36380.0,36380.0,34918.7421875,1405113
2024-03-18,36465.0,36600.0,36285.0,36575.0,35105.91015625,820291
2024-03-19,36310.0,36330.0,35955.0,36200.0,34745.9765625,1150146
2024-03-20,36465.0,36820.0,36435.0,36790.0,35312.2734375,996161
2024-03-21,37445.0,37860.0,37370.0,37795.0,36276.90625,1530142
2024-03-22,37800.0,37970.0,37520.0,37675.0,36161.73046875,1166202
2024-03-25,37835.0,37975.0,37450.0,37565.0,36056.1484375,1063843
2024-03-26,37750.0,38290.0,37750.0,37900.0,36377.6875,1382715
2024-03-27,37735.0,38025.0,37710.0,37930.0,36406.484375,1322004
2024-03-28,37905.0,38110.0,37815.0,37945.0,36420.8828125,1042543
2024-03-29,38060.0,38175.0,37840.0,38025.0,36497.671875,956861
2024-04-01,38415.0,38435.0,38045.0,38060.0,36531.26171875,652937
2024-04-02,38025.0,38330.0,37935.0,38155.0,36622.4453125,1574707
2024-04-03,37920.0,37920.0,37560.0,37560.0,36051.34375,2924234
2024-04-04,38060.0,38160.0,37930.0,38135.0,36603.25390625,1013241
2024-04-05,37775.0,37985.0,37580.0,37725.0,36209.71875,1229362
2024-04-08,37795.0,37965.0,37700.0,37905.0,36382.48828125,753756
2024-04-09,38065.0,38160.0,37600.0,37665.0,36152.12890625,792380
2024-04-11,37065.0,37795.0,36990.0,37610.0,36099.33984375,2204742
2024-04-12,37680.0,37680.0,37230.0,37260.0,35763.39453125,1678852
2024-04-15,36960.0,37120.0,36640.0,37090.0,35600.22265625,1110895
2024-04-16,36655.0,36740.0,36070.0,36240.0,34784.36328125,1785880
2024-04-17,36305.0,36425.0,35850.0,35870.0,34429.234375,1643708
2024-04-18,35930.0,36560.0,35905.0,36485.0,35019.52734375,1593937
2024-04-19,35895.0,36005.0,35250.0,35795.0,34357.2421875,3296803
2024-04-22,36135.0,36355.0,35960.0,36285.0,34827.55859375,1632012
2024-04-23,36320.0,36435.0,36150.0,36225.0,34769.96484375,1362304
2024-04-24,36770.0,37000.0,36750.0,36885.0,35403.4609375,1107148
2024-04-25,36505.0,36580.0,36260.0,36260.0,34803.5625,1563782
2024-04-26,36605.0,36795.0,36435.0,36670.0,35197.09375,1197372
2024-04-29,36530.0,36610.0,36365.0,36600.0,35571.2734375,1333840
2024-04-30,36570.0,36935.0,36535.0,36660.0,35629.5859375,1278271
2024-05-02,36450.0,36675.0,36405.0,36570.0,35542.11328125,1041178
2024-05-03,36930.0,36955.0,36525.0,36555.0,35527.5390625,990725
2024-05-07,37130.0,37430.0,37130.0,37395.0,36343.9296875,2725855
2024-05-08,37385.0,37570.0,37320.0,37525.0,36470.27734375,827811
2024-05-09,37545.0,37580.0,37045.0,37085.0,36042.640625,747308
2024-05-10,37455.0,37560.0,37220.0,37290.0,36241.8828125,882336
2024-05-13,37350.0,37470.0,37050.0,37195.0,36149.546875,1371528
2024-05-14,37310.0,37350.0,37180.0,37235.0,36188.42578125,617231
2024-05-16,37930.0,38010.0,37615.0,37660.0,36601.48046875,1681301
2024-05-17,37580.0,37605.0,37195.0,37195.0,36149.546875,1592865
2024-05-20,37475.0,37755.0,37395.0,37510.0,36455.69921875,783377
2024-05-21,37380.0,37475.0,37265.0,37310.0,36261.3203125,1077315
2024-05-22,37245.0,37440.0,37005.0,37335.0,36285.61328125,1087696
2024-05-23,37315.0,37505.0,37045.0,37335.0,36285.61328125,1608603
2024-05-24,36795.0,36885.0,36655.0,36730.0,35697.62109375,1661681
2024-05-27,36825.0,37335.0,36760.0,37260.0,36212.71875,1063567
2024-05-28,37120.0,37365.0,37085.0,37285.0,36237.0234375,368578
2024-05-29,37165.0,37250.0,36660.0,36745.0,35712.19921875,2018990
2024-05-30,36455.0,36455.0,36055.0,36105.0,35090.1875,1281795
2024-05-31,36395.0,36470.0,36045.0,36045.0,35031.87109375,1110395
2024-06-03,36305.0,36870.0,36305.0,36735.0,35702.48046875,1151153
2024-06-04,36495.0,36650.0,36385.0,36475.0,35449.78515625,698018
2024-06-05,36775.0,36925.0,36500.0,36810.0,35775.3671875,772252
2024-06-07,37115.0,37455.0,37065.0,37295.0,36246.7421875,1214892
2024-06-10,36860.0,37190.0,36755.0,36945.0,35906.578125,1148883
2024-06-11,37030.0,37090.0,36820.0,37005.0,35964.89453125,710068
2024-06-12,36995.0,37350.0,36935.0,37350.0,36300.1875,1062480
2024-06-13,37845.0,38050.0,37515.0,37515.0,36460.55859375,2247916
2024-06-14,37565.0,37850.0,37540.0,37705.0,36645.2109375,1530667
2024-06-17,37560.0,37700.0,37445.0,37525.0,36470.27734375,2097544
2024-06-18,37755.0,37980.0,37680.0,37870.0,36805.57421875,832671
2024-06-19,38230.0,38500.0,38225.0,38455.0,37374.1328125,1050976
2024-06-20,38435.0,38720.0,38400.0,38630.0,37544.2109375,2278186
2024-06-21,38350.0,38395.0,38080.0,38280.0,37204.05078125,1359922
2024-06-24,38020.0,38110.0,37840.0,37985.0,36917.34375,1060744
2024-06-25,37990.0,38200.0,37960.0,38110.0,37038.83203125,693519
2024-06-26,37890.0,38420.0,37875.0,38420.0,37340.12109375,1335485
2024-06-27,38055.0,38415.0,37955.0,38400.0,37320.6796875,1351793
2024-06-28,38495.0,38630.0,38380.0,38630.0,37544.2109375,1372137
2024-07-01,38470.0,38710.0,38425.0,38695.0,37607.3828125,606218
2024-07-02,38500.0,38645.0,38300.0,38415.0,37335.26171875,1400135
2024-07-03,38565.0,38595.0,38255.0,38565.0,37481.04296875,736218
2024-07-04,38875.0,39080.0,38875.0,39080.0,37981.5625,766300
2024-07-05,39285.0,39955.0,39285.0,39815.0,38695.90625,1761301
2024-07-08,39795.0,39890.0,39670.0,39670.0,38554.984375,1153302
2024-07-09,39915.0,39945.0,39590.0,39810.0,38691.046875,883430
2024-07-10,39655.0,39860.0,39650.0,39805.0,38686.18359375,1084100
2024-07-11,40125.0,40265.0,39940.0,40050.0,38924.3046875,763096
2024-07-12,39710.0,39805.0,39330.0,39485.0,38375.18359375,1057238
2024-07-15,39725.0,39760.0,39405.0,39735.0,38618.16015625,695590
2024-07-16,39655.0,39905.0,39595.0,39755.0,38637.59375,728047
2024-07-17,39810.0,39810.0,39425.0,39435.0,38326.58984375,1176228
2024-07-18,38935.0,39130.0,38775.0,39130.0,38030.16015625,1122886
2024-07-19,38690.0,38785.0,38420.0,38705.0,37617.10546875,3000582
2024-07-22,38645.0,38700.0,38105.0,38325.0,37247.7890625,1270894
2024-07-23,38570.0,38740.0,38330.0,38430.0,37349.8359375,3009253
2024-07-24,38085.0,38455.0,38010.0,38175.0,37102.0,1603917
2024-07-25,37655.0,37695.0,37350.0,37520.0,36465.4140625,1502721
2024-07-26,37555.0,37810.0,37490.0,37695.0,36635.49609375,1828549
2024-07-29,37925.0,38290.0,37845.0,38130.0,37058.2734375,464656
2024-07-30,37605.0,37725.0,37500.0,37640.0,36726.51953125,709043
2024-07-31,37655.0,38185.0,37550.0,38185.0,37258.296875,4431602
2024-08-01,38495.0,38530.0,38190.0,38240.0,37311.953125,958363
2024-08-02,37335.0,37380.0,36505.0,36685.0,35794.6953125,2162442
2024-08-05,35665.0,35705.0,32500.0,33255.0,32447.939453125,5229352
2024-08-06,34615.0,35240.0,33875.0,34230.0,33399.27734375,4605985
2024-08-07,34125.0,35395.0,33945.0,34975.0,34126.19140625,5373211
2024-08-08,34490.0,34995.0,34220.0,34725.0,33882.265625,3094307
2024-08-09,35395.0,35450.0,35065.0,35220.0,34365.25390625,2633117
2024-08-12,35490.0,35790.0,35420.0,35650.0,34784.81640625,2890235
2024-08-13,35800.0,35960.0,35600.0,35775.0,34906.77734375,2276186
2024-08-14,36265.0,36315.0,36000.0,36090.0,35214.13671875,2262637
2024-08-16,36980.0,37050.0,36760.0,36960.0,36063.01953125,1608725
2024-08-19,37095.0,37105.0,36490.0,36640.0,35750.7890625,1675959
2024-08-20,37045.0,37185.0,36875.0,36995.0,36097.171875,3487260
2024-08-21,36780.0,37030.0,36750.0,36945.0,36048.38671875,1506794
2024-08-22,37065.0,37115.0,36800.0,36990.0,36092.29296875,1289928
2024-08-23,36780.0,37110.0,36760.0,36980.0,36082.53515625,1404404
2024-08-26,37095.0,37130.0,36660.0,36775.0,35882.515625,1330670
2024-08-28,36580.0,36655.0,36335.0,36630.0,35741.03515625,1657552
2024-08-29,36105.0,36295.0,35980.0,36155.0,35277.55859375,1388810
2024-08-30,36370.0,36475.0,36220.0,36355.0,35472.70703125,1334862
2024-09-02,36395.0,36395.0,35915.0,36300.0,35419.0390625,1911975
2024-09-03,36315.0,36480.0,36000.0,36035.0,35160.46875,2506249
2024-09-04,34935.0,35200.0,34710.0,34795.0,33950.5625,3684444
2024-09-05,34960.0,35250.0,34530.0,34715.0,33872.50390625,1626898
2024-09-06,34750.0,34760.0,34155.0,34405.0,33570.02734375,2872816
2024-09-09,33620.0,34295.0,33560.0,34200.0,33370.00390625,3132154
2024-09-10,34170.0,34280.0,33915.0,34040.0,33213.890625,2693254
2024-09-11,33960.0,33960.0,33410.0,33705.0,32887.01953125,2401378
2024-09-12,34150.0,34480.0,34100.0,34480.0,33643.20703125,1882085
2024-09-13,34485.0,34705.0,34300.0,34550.0,33711.51171875,1824234
2024-09-19,34790.0,34800.0,34030.0,34490.0,33652.96875,2459286
2024-09-20,34880.0,35065.0,34600.0,34600.0,33760.296875,1875007
2024-09-23,34660.0,34765.0,34540.0,34695.0,33852.9921875,1304448
2024-09-24,34875.0,35110.0,34595.0,35110.0,34257.91796875,1796712
2024-09-25,35440.0,35615.0,34585.0,34585.0,33745.6640625,2589739
2024-09-26,35210.0,35755.0,35185.0,35755.0,34887.265625,2052351
2024-09-27,35860.0,36095.0,35615.0,35615.0,34750.6640625,2091342
2024-09-30,35820.0,35895.0,34805.0,34835.0,33989.59375,2075348
2024-10-02,34320.0,34720.0,34150.0,34325.0,33491.96875,1386081
2024-10-04,34325.0,34695.0,34190.0,34390.0,33555.39453125,1554956
2024-10-07,34440.0,35025.0,34230.0,34935.0,34087.1640625,1508560
2024-10-08,34640.0,34795.0,34505.0,34665.0,33823.72265625,1027865
2024-10-10,34975.0,35005.0,34700.0,34725.0,33882.265625,1095855
2024-10-11,34935.0,35115.0,34730.0,34795.0,33950.5625,1881757
2024-10-14,34865.0,35325.0,34865.0,35200.0,34345.73828125,1338389
2024-10-15,35400.0,35400.0,35105.0,35315.0,34457.9453125,957829
2024-10-16,34850.0,35150.0,34740.0,35000.0,34150.58984375,2067777
2024-10-17,35105.0,35160.0,34900.0,35070.0,34218.88671875,1322455
2024-10-18,35175.0,35205.0,34720.0,34875.0,34028.62109375,1654869
2024-10-21,34870.0,35135.0,34775.0,34960.0,34111.5625,739248
2024-10-22,34830.0,34870.0,34370.0,34485.0,33648.08984375,1715991
2024-10-23,34490.0,35045.0,34385.0,34925.0,34077.41015625,1292006
2024-10-24,34695.0,34840.0,34560.0,34625.0,33784.69140625,935103
2024-10-25,34640.0,34970.0,34525.0,34650.0,33809.0859375,1397531
2024-10-28,34665.0,35010.0,34655.0,34955.0,34106.6796875,819797
2024-10-29,34935.0,35045.0,34715.0,35045.0,34194.49609375,801983
2024-10-31,34305.0,34435.0,34065.0,34135.0,33421.01953125,1501930
2024-11-01,33915.0,34110.0,33770.0,33880.0,33171.35546875,1464758
2024-11-04,33970.0,34480.0,33875.0,34465.0,33744.1171875,1346937
2024-11-06,34410.0,34525.0,33900.0,34185.0,33469.9765625,2080678
2024-11-07,34095.0,34420.0,33865.0,34195.0,33479.76953125,1177397
2024-11-08,34495.0,34615.0,34045.0,34170.0,33455.29296875,1146729
2024-11-11,33915.0,33930.0,33470.0,33595.0,32892.31640625,1178080
2024-11-12,33430.0,33500.0,32840.0,32875.0,32187.376953125,1674895
2024-11-13,32585.0,32790.0,31985.0,32060.0,31389.421875,2250529
2024-11-14,32100.0,32300.0,31855.0,31920.0,31252.3515625,2194905
2024-11-15,31930.0,32340.0,31735.0,32155.0,31482.435546875,2042626
2024-11-18,32450.0,33155.0,32450.0,32870.0,32182.482421875,1675532
2024-11-19,32870.0,33075.0,32820.0,33025.0,32334.240234375,1311129
2024-11-20,32975.0,33135.0,32860.0,33040.0,32348.92578125,1377014
2024-11-21,32900.0,33295.0,32875.0,33075.0,32383.19140625,1595163
2024-11-22,33255.0,33550.0,33185.0,33385.0,32686.708984375,1962133
2024-11-25,33695.0,33925.0,33575.0,33760.0,33053.8671875,1624150
2024-11-26,33520.0,33710.0,33510.0,33680.0,32975.5390625,1512752
2024-11-27,33590.0,33710.0,33325.0,33415.0,32716.08203125,887316
2024-11-28,33335.0,33470.0,33250.0,33310.0,32613.279296875,1021214
2024-11-29,33195.0,33195.0,32470.0,32680.0,31996.455078125,1812423
2024-12-02,33010.0,33055.0,32630.0,32760.0,32074.783203125,1806335
2024-12-03,32925.0,33300.0,32925.0,33240.0,32544.740234375,2079193
2024-12-04,32665.0,33030.0,32525.0,32775.0,32089.466796875,5205285
2024-12-05,32800.0,32845.0,32425.0,32555.0,31874.068359375,1092456
2024-12-06,32645.0,32790.0,31890.0,32380.0,31702.728515625,3632549
2024-12-09,31920.0,32050.0,31550.0,31580.0,30919.462890625,2811797
2024-12-10,31850.0,32285.0,31850.0,32215.0,31541.1796875,2179401
2024-12-11,32115.0,32590.0,32070.0,32590.0,31908.337890625,2994345
2024-12-12,32765.0,33175.0,32635.0,33175.0,32481.1015625,4871731
2024-12-13,33060.0,33315.0,32865.0,33175.0,32481.1015625,1117353
2024-12-16,33380.0,33500.0,32990.0,33090.0,32397.87890625,768233
2024-12-17,33025.0,33030.0,32625.0,32680.0,31996.455078125,883460
2024-12-18,32765.0,33230.0,32760.0,33140.0,32446.8359375,786899
2024-12-19,32295.0,32545.0,32215.0,32370.0,31692.939453125,2233428
2024-12-20,32165.0,32195.0,31665.0,31925.0,31257.24609375,1946013
2024-12-23,32185.0,32550.0,32065.0,32410.0,31732.1015625,1888805
2024-12-24,32580.0,32610.0,32325.0,32465.0,31785.953125,614851
2024-12-26,32600.0,32600.0,32260.0,32295.0,31619.5078125,802753
2024-12-27,32275.0,32375.0,31925.0,32190.0,31516.705078125,1836820
2024-12-30,32155.0,32495.0,31980.0,32090.0,31418.794921875,1158946
2025-01-02,31950.0,32125.0,31770.0,32025.0,31355.15625,1706206
2025-01-03,32000.0,32895.0,32000.0,32665.0,31981.767578125,1646209
2025-01-06,32785.0,33445.0,32710.0,33360.0,32662.232421875,2772537
2025-01-07,33690.0,33910.0,33375.0,33385.0,32686.708984375,1413695
2025-01-08,33125.0,33880.0,33120.0,33715.0,33009.80859375,2013803
2025-01-09,33670.0,34025.0,33650.0,33710.0,33004.91015625,3492276
2025-01-10,33700.0,33890.0,33530.0,33680.0,32975.5390625,2400023
2025-01-13,33495.0,33585.0,33140.0,33225.0,32530.0546875,1950707
2025-01-14,33405.0,33455.0,33115.0,33350.0,32652.44140625,1090232
2025-01-15,33510.0,33750.0,33260.0,33325.0,32627.966796875,1309571
2025-01-16,33815.0,33925.0,33675.0,33790.0,33083.234375,1779591
2025-01-17,33670.0,33815.0,33555.0,33735.0,33029.390625,1395503
2025-01-20,33890.0,33905.0,33595.0,33670.0,32965.74609375,1716517
2025-01-21,33880.0,34135.0,33500.0,33695.0,32990.2265625,1509285
2025-01-22,33930.0,34200.0,33775.0,34090.0,33376.96484375,1054682
2025-01-23,34040.0,34040.0,33675.0,33725.0,33019.59765625,1132424
2025-01-24,33625.0,33845.0,33550.0,33685.0,33187.0859375,897300
2025-01-31,33305.0,33425.0,33075.0,33385.0,32891.515625,1742301
2025-02-03,32610.0,32665.0,32220.0,32520.0,32039.306640625,3377711
2025-02-04,32870.0,33345.0,32740.0,32875.0,32389.056640625,1597805
2025-02-05,33245.0,33425.0,33150.0,33275.0,32783.14453125,818979
2025-02-06,33495.0,33620.0,33335.0,33615.0,33118.1171875,844247
2025-02-07,33650.0,33650.0,33350.0,33395.0,32901.37109375,1615338
2025-02-10,33200.0,33545.0,33060.0,33465.0,32970.3359375,3788297
2025-02-11,33640.0,33875.0,33525.0,33720.0,33221.56640625,1140608
2025-02-12,33635.0,33810.0,33475.0,33780.0,33280.68359375,1021977
2025-02-13,33930.0,34135.0,33860.0,34120.0,33615.65234375,5076220
2025-02-14,34220.0,34480.0,34155.0,34320.0,33812.69921875,1646048
2025-02-17,34400.0,34595.0,34350.0,34575.0,34063.9296875,1452410
2025-02-18,34575.0,34875.0,34505.0,34800.0,34285.6015625,1173656
2025-02-19,34930.0,35665.0,34930.0,35515.0,34990.03515625,1549898
2025-02-20,35440.0,35470.0,35170.0,35230.0,34709.24609375,1517458
2025-02-21,35245.0,35275.0,35005.0,35260.0,34738.8046875,988733
2025-02-24,34990.0,35025.0,34795.0,35025.0,34507.27734375,1248400
2025-02-25,34635.0,34965.0,34565.0,34850.0,34334.86328125,1129300
2025-02-26,34815.0,35140.0,34660.0,35035.0,34517.12890625,1005323
2025-02-27,35015.0,35075.0,34705.0,34885.0,34369.34765625,1422902
2025-02-28,34330.0,34345.0,33605.0,33690.0,33192.01171875,6818321
2025-03-04,33500.0,33865.0,33380.0,33630.0,33132.8984375,1872966
2025-03-05,33860.0,34075.0,33605.0,33920.0,33418.61328125,2388154
2025-03-06,34055.0,34330.0,33985.0,34195.0,33689.546875,936413
2025-03-07,33895.0,34220.0,33720.0,34085.0,33581.171875,1840098
2025-03-10,33880.0,34250.0,33820.0,34160.0,33655.0625,1303417
2025-03-11,33345.0,33845.0,33230.0,33755.0,33256.05078125,2532999
2025-03-12,33865.0,34370.0,33735.0,34290.0,33783.140625,1680338
2025-03-13,34580.0,34685.0,34100.0,34115.0,33610.7265625,4807282
2025-03-14,34140.0,34420.0,34110.0,34310.0,33802.84765625,1956686
2025-03-17,34590.0,35050.0,34590.0,34975.0,34458.01953125,1718815
2025-03-18,35360.0,35530.0,35005.0,35080.0,34561.46484375,716304
2025-03-19,35065.0,35595.0,35065.0,35365.0,34842.25390625,1999628
2025-03-20,35630.0,35750.0,35435.0,35615.0,35088.55859375,1393642
2025-03-21,35510.0,35840.0,35460.0,35775.0,35246.19140625,2261192
2025-03-24,35645.0,35880.0,35535.0,35650.0,35123.0390625,1431891
2025-03-25,35820.0,35870.0,35420.0,35490.0,34965.40234375,1861421
2025-03-26,35635.0,35910.0,35510.0,35795.0,35265.89453125,1459711
2025-03-27,35470.0,35680.0,35325.0,35350.0,34827.47265625,1605271
2025-03-28,35230.0,35230.0,34620.0,34775.0,34260.97265625,3344494
2025-03-31,34115.0,34140.0,33705.0,33800.0,33300.38671875,3770312
2025-04-01,34035.0,34425.0,33880.0,34300.0,33792.9921875,2476484
2025-04-02,34300.0,34380.0,33970.0,34105.0,33600.87890625,1070616
2025-04-03,33075.0,33730.0,33010.0,33680.0,33182.15625,3842094
2025-04-04,33195.0,33960.0,32955.0,33405.0,32911.22265625,9249759
2025-04-07,31545.0,31990.0,31305.0,31480.0,31014.677734375,5489165
2025-04-08,32130.0,32135.0,31335.0,31470.0,31004.826171875,2425393
2025-04-09,31375.0,31485.0,30770.0,30930.0,30472.80859375,3571369
2025-04-10,32675.0,32855.0,32335.0,32855.0,32369.353515625,3116582
2025-04-11,32320.0,32745.0,32195.0,32745.0,32260.978515625,2089206
2025-04-14,32910.0,33170.0,32855.0,32990.0,32502.357421875,845071
2025-04-15,33020.0,33370.0,33020.0,33280.0,32788.0703125,1358909
2025-04-16,33150.0,33205.0,32760.0,32780.0,32295.4609375,1131383
2025-04-17,32860.0,33165.0,32790.0,33110.0,32620.583984375,924470
2025-04-18,33155.0,33320.0,33050.0,33315.0,32822.55078125,1148505
2025-04-21,33365.0,33520.0,33225.0,33370.0,32876.7421875,1044013
2025-04-22,33250.0,33425.0,33195.0,33265.0,32773.29296875,894069
2025-04-23,33850.0,33905.0,33640.0,33885.0,33384.12890625,1127767
2025-04-24,33905.0,33910.0,33585.0,33805.0,33305.3125,969156
2025-04-25,34150.0,34280.0,34005.0,34120.0,33615.65234375,1461251
2025-04-28,34170.0,34305.0,34085.0,34160.0,33655.0625,653701
2025-04-29,33820.0,34155.0,33730.0,33995.0,33893.34765625,726811
2025-04-30,33895.0,34100.0,33755.0,33945.0,33843.5,764150
2025-05-02,33890.0,34080.0,33655.0,33930.0,33828.54296875,1243075
2025-05-07,34300.0,34360.0,34000.0,34205.0,34102.71875,850562
2025-05-08,34270.0,34430.0,34195.0,34195.0,34092.75,541768
2025-05-09,34300.0,34375.0,34120.0,34210.0,34107.70703125,924964
2025-05-12,34455.0,34715.0,34385.0,34710.0,34606.2109375,1221318
2025-05-13,34870.0,35020.0,34725.0,34805.0,34700.92578125,1080082
2025-05-14,35125.0,35425.0,35030.0,35265.0,35159.55078125,1132737
2025-05-15,35165.0,35345.0,34955.0,35010.0,34905.3125,1159237
2025-05-16,35160.0,35230.0,35035.0,35135.0,35029.94140625,790341
2025-05-19,34940.0,34990.0,34600.0,34735.0,34631.13671875,1179540
2025-05-20,34995.0,35085.0,34760.0,34795.0,34690.95703125,641656
2025-05-21,34945.0,35215.0,34940.0,35010.0,34905.3125,589922
2025-05-22,34860.0,34860.0,34490.0,34550.0,34446.6875,1173878
2025-05-23,34665.0,34750.0,34570.0,34615.0,34511.49609375,572390
2025-05-26,34675.0,35190.0,34670.0,35170.0,35064.8359375,649473
2025-05-27,35060.0,35300.0,35030.0,35265.0,35159.55078125,786637
2025-05-28,35365.0,36070.0,35330.0,35760.0,35653.0703125,1424328
2025-05-29,36155.0,36480.0,36000.0,36470.0,36360.94921875,2006578
2025-05-30,36345.0,36425.0,36040.0,36090.0,35982.0859375,2395768
2025-06-02,36020.0,36445.0,35915.0,36085.0,35977.09765625,1335921
2025-06-04,36660.0,37135.0,36600.0,37110.0,36999.03515625,1806875
2025-06-05,37395.0,38150.0,37365.0,37775.0,37662.046875,3193757
2025-06-09,38285.0,38670.0,38270.0,38415.0,38300.1328125,4767713
2025-06-10,38635.0,38850.0,38315.0,38630.0,38514.48828125,2626527
2025-06-11,38840.0,39160.0,38760.0,39110.0,38993.0546875,3860854
2025-06-12,39120.0,39450.0,39075.0,39135.0,39017.98046875,2606955
2025-06-13,39325.0,39365.0,38630.0,38820.0,38703.921875,2865595
2025-06-16,39015.0,39580.0,38710.0,39520.0,39401.828125,2012353
2025-06-17,39690.0,40385.0,39385.0,39650.0,39531.4375,3405611
2025-06-18,39280.0,40165.0,39270.0,39995.0,39875.40625,3061298
2025-06-19,40265.0,40370.0,39735.0,40070.0,39950.18359375,3005737
2025-06-20,40200.0,40640.0,40015.0,40600.0,40478.59765625,2860987
2025-06-23,40245.0,40635.0,39855.0,40560.0,40438.71875,3751791
2025-06-24,41310.0,41935.0,41230.0,41905.0,41779.6953125,2681611
2025-06-25,42220.0,42340.0,41670.0,42055.0,41929.24609375,5882048
2025-06-26,42085.0,42170.0,41135.0,41655.0,41530.4453125,3993682
2025-06-27,41650.0,41930.0,41265.0,41445.0,41321.0703125,4244631
2025-06-30,41690.0,41920.0,41520.0,41660.0,41535.4296875,1844596
2025-07-01,41935.0,42530.0,41795.0,41795.0,41670.0234375,2770524
2025-07-02,41750.0,41870.0,41120.0,41625.0,41500.53515625,2551112
2025-07-03,41985.0,42295.0,41785.0,42265.0,42138.62109375,2370381
2025-07-04,42460.0,42465.0,41450.0,41450.0,41326.05859375,3558717
2025-07-07,41235.0,41685.0,41080.0,41525.0,41400.83203125,2013514
2025-07-08,41650.0,42365.0,41625.0,42305.0,42178.5,3072545
2025-07-09,42360.0,42510.0,42105.0,42415.0,42288.171875,1499490
2025-07-10,42490.0,43010.0,42350.0,43005.0,42876.40625,2303548
2025-07-11,43075.0,43620.0,42930.0,42990.0,42861.453125,3329506
2025-07-14,42915.0,43470.0,42885.0,43430.0,43300.13671875,2443764
2025-07-15,43375.0,43685.0,43130.0,43675.0,43544.40234375,2997307
2025-07-16,43580.0,43585.0,43125.0,43275.0,43145.6015625,1960653
2025-07-17,43415.0,43460.0,42785.0,43360.0,43230.34375,2860187
2025-07-18,43470.0,43605.0,43090.0,43315.0,43185.48046875,1778312
2025-07-21,43315.0,43730.0,43290.0,43655.0,43524.46484375,1542325
2025-07-22,43655.0,43795.0,42865.0,43065.0,42936.2265625,2064816
2025-07-23,43285.0,43465.0,42675.0,43210.0,43080.79296875,1768771
2025-07-24,43490.0,43950.0,43125.0,43170.0,43040.9140625,2513460
2025-07-25,43075.0,43460.0,43060.0,43280.0,43150.5859375,1402893
2025-07-28,43755.0,43790.0,43060.0,43510.0,43379.8984375,1989896
2025-07-29,43370.0,43870.0,42925.0,43810.0,43679.0,1983717
2025-07-30,43670.0,44325.0,43650.0,44045.0,44045.0,1172837
2025-07-31,44385.0,44555.0,43750.0,43935.0,43935.0,1916671
2025-08-01,43270.0,43395.0,42120.0,42120.0,42120.0,3509646
2025-08-04,42085.0,42760.0,41950.0,42625.0,42625.0,2843552
2025-08-05,43115.0,43470.0,42900.0,43240.0,43240.0,1664461
2025-08-06,42950.0,43220.0,42835.0,43205.0,43205.0,1126875
2025-08-07,43425.0,43585.0,43165.0,43585.0,43585.0,1251315
2025-08-08,43570.0,43735.0,43320.0,43455.0,43455.0,1561987
2025-08-11,43565.0,43615.0,43330.0,43465.0,43465.0,1111112
2025-08-12,43520.0,44030.0,43290.0,43310.0,43310.0,1806874
2025-08-13,43730.0,43810.0,43340.0,43795.0,43795.0,1220659
2025-08-14,43910.0,44010.0,43580.0,43750.0,43750.0,1419008
2025-08-18,43540.0,43550.0,43090.0,43090.0,43090.0,1196718
2025-08-19,43195.0,43200.0,42660.0,42770.0,42770.0,1405907
2025-08-20,42430.0,42550.0,41860.0,42510.0,42510.0,2522903
2025-08-21,42595.0,42970.0,42550.0,42605.0,42605.0,1352376
2025-08-22,42875.0,43185.0,42840.0,42970.0,42970.0,1459947
2025-08-25,43370.0,43505.0,43150.0,43500.0,43500.0,1174570
2025-08-26,43400.0,43410.0,43005.0,43095.0,43095.0,1339605
2025-08-27,43165.0,43185.0,42835.0,43180.0,43180.0,1256270
2025-08-28,43010.0,43580.0,42810.0,43370.0,43370.0,1164476
2025-08-29,43500.0,43590.0,43170.0,43200.0,43200.0,792322
2025-09-01,42795.0,43000.0,42380.0,42505.0,42505.0,1239085
2025-09-02,42590.0,43000.0,42575.0,42930.0,42930.0,937923
2025-09-03,42950.0,43225.0,42880.0,43160.0,43160.0,624746
2025-09-04,43135.0,43485.0,43125.0,43330.0,43330.0,829018
2025-09-05,43465.0,43630.0,43340.0,43500.0,43500.0,1024164
2025-09-08,43585.0,43685.0,43455.0,43675.0,43675.0,1411192
2025-09-09,43800.0,44305.0,43670.0,44260.0,44260.0,2723966
2025-09-10,44480.0,45270.0,44440.0,45175.0,45175.0,3211014
2025-09-11,45455.0,45645.0,45125.0,45490.0,45490.0,3040760
2025-09-12,46120.0,46485.0,45905.0,46430.0,46430.0,2836603
2025-09-15,46760.0,46945.0,46450.0,46690.0,46690.0,1686444
