Datetime,Open,High,Low,Close,Adj Close,Volume
2025-08-07 00:04:00,42050.0,42050.0,42020.0,42040.0,42040.0,8405
2025-08-07 00:06:00,42050.0,42060.0,42020.0,42060.0,42060.0,3222
2025-08-07 00:08:00,42070.0,42070.0,42040.0,42040.0,42040.0,2970
2025-08-07 00:10:00,42050.0,42050.0,42010.0,42030.0,42030.0,555
2025-08-07 00:12:00,42030.0,42040.0,42020.0,42030.0,42030.0,1532
2025-08-07 00:14:00,42040.0,42040.0,42030.0,42040.0,42040.0,1467
2025-08-07 00:16:00,42050.0,42060.0,42050.0,42050.0,42050.0,866
2025-08-07 00:18:00,42060.0,42060.0,42050.0,42050.0,42050.0,485
2025-08-07 00:20:00,42050.0,42070.0,42050.0,42070.0,42070.0,924
2025-08-07 00:22:00,42070.0,42080.0,42060.0,42080.0,42080.0,416
2025-08-07 00:24:00,42090.0,42140.0,42090.0,42140.0,42140.0,4166
2025-08-07 00:26:00,42140.0,42180.0,42140.0,42170.0,42170.0,1056
2025-08-07 00:28:00,42180.0,42210.0,42180.0,42200.0,42200.0,2326
2025-08-07 00:30:00,42190.0,42230.0,42170.0,42230.0,42230.0,851
2025-08-07 00:32:00,42230.0,42230.0,42210.0,42220.0,42220.0,97
2025-08-07 00:34:00,42220.0,42220.0,42200.0,42220.0,42220.0,1215
2025-08-07 00:36:00,42230.0,42240.0,42230.0,42240.0,42240.0,643
2025-08-07 00:38:00,42240.0,42260.0,42240.0,42260.0,42260.0,1342
2025-08-07 00:40:00,42260.0,42260.0,42230.0,42240.0,42240.0,247
2025-08-07 00:42:00,42240.0,42260.0,42240.0,42250.0,42250.0,739
2025-08-07 00:44:00,42250.0,42270.0,42250.0,42270.0,42270.0,156
2025-08-07 00:46:00,42270.0,42270.0,42250.0,42250.0,42250.0,7075
2025-08-07 00:48:00,42260.0,42270.0,42260.0,42270.0,42270.0,699
2025-08-07 00:50:00,42280.0,42330.0,42280.0,42320.0,42320.0,4676
2025-08-07 00:52:00,42310.0,42330.0,42300.0,42310.0,42310.0,914
2025-08-07 00:54:00,42310.0,42320.0,42280.0,42280.0,42280.0,3220
2025-08-07 00:56:00,42280.0,42310.0,42280.0,42310.0,42310.0,3516
2025-08-07 00:58:00,42310.0,42320.0,42300.0,42310.0,42310.0,645
2025-08-07 01:00:00,42310.0,42310.0,42270.0,42270.0,42270.0,118
2025-08-07 01:02:00,42270.0,42270.0,42250.0,42260.0,42260.0,2099
2025-08-07 01:04:00,42250.0,42260.0,42250.0,42250.0,42250.0,2115
2025-08-07 01:06:00,42240.0,42260.0,42240.0,42250.0,42250.0,6162
2025-08-07 01:08:00,42250.0,42250.0,42250.0,42250.0,42250.0,233
2025-08-07 01:10:00,42240.0,42280.0,42240.0,42280.0,42280.0,623
2025-08-07 01:12:00,42270.0,42270.0,42230.0,42240.0,42240.0,1080
2025-08-07 01:14:00,42250.0,42260.0,42240.0,42240.0,42240.0,149
2025-08-07 01:16:00,42240.0,42240.0,42220.0,42240.0,42240.0,302
2025-08-07 01:18:00,42230.0,42260.0,42230.0,42260.0,42260.0,756
2025-08-07 01:20:00,42260.0,42290.0,42260.0,42290.0,42290.0,1509
2025-08-07 01:22:00,42290.0,42300.0,42290.0,42300.0,42300.0,1246
2025-08-07 01:24:00,42300.0,42310.0,42300.0,42310.0,42310.0,1204
2025-08-07 01:26:00,42310.0,42310.0,42290.0,42300.0,42300.0,1903
2025-08-07 01:28:00,42310.0,42320.0,42310.0,42310.0,42310.0,213
2025-08-07 01:30:00,42320.0,42330.0,42320.0,42320.0,42320.0,2482
2025-08-07 01:32:00,42320.0,42350.0,42320.0,42340.0,42340.0,391
2025-08-07 01:34:00,42340.0,42340.0,42330.0,42330.0,42330.0,155
2025-08-07 01:36:00,42330.0,42360.0,42330.0,42360.0,42360.0,2698
2025-08-07 01:38:00,42360.0,42360.0,42340.0,42350.0,42350.0,501
2025-08-07 01:40:00,42360.0,42360.0,42360.0,42360.0,42360.0,420
2025-08-07 01:42:00,42370.0,42400.0,42370.0,42400.0,42400.0,2006
2025-08-07 01:44:00,42400.0,42410.0,42380.0,42380.0,42380.0,275
2025-08-07 01:46:00,42370.0,42390.0,42370.0,42380.0,42380.0,407
2025-08-07 01:48:00,42390.0,42390.0,42380.0,42390.0,42390.0,48
2025-08-07 01:50:00,42380.0,42390.0,42380.0,42390.0,42390.0,819
2025-08-07 01:52:00,42400.0,42400.0,42390.0,42400.0,42400.0,909
2025-08-07 01:54:00,42390.0,42390.0,42360.0,42370.0,42370.0,293
2025-08-07 01:56:00,42370.0,42370.0,42370.0,42370.0,42370.0,2115
2025-08-07 01:58:00,42370.0,42380.0,42370.0,42380.0,42380.0,46
2025-08-07 02:00:00,42380.0,42390.0,42380.0,42390.0,42390.0,38
2025-08-07 02:02:00,42390.0,42400.0,42380.0,42390.0,42390.0,466
2025-08-07 02:04:00,42400.0,42400.0,42400.0,42400.0,42400.0,361
2025-08-07 02:06:00,42400.0,42410.0,42400.0,42410.0,42410.0,1302
2025-08-07 02:08:00,42410.0,42410.0,42410.0,42410.0,42410.0,113
2025-08-07 02:10:00,42400.0,42410.0,42390.0,42390.0,42390.0,519
2025-08-07 02:12:00,42390.0,42410.0,42390.0,42410.0,42410.0,223
2025-08-07 02:14:00,42400.0,42410.0,42400.0,42410.0,42410.0,410
2025-08-07 02:16:00,42400.0,42400.0,42400.0,42400.0,42400.0,232
2025-08-07 02:18:00,42400.0,42400.0,42390.0,42390.0,42390.0,79
2025-08-07 02:20:00,42380.0,42380.0,42360.0,42360.0,42360.0,1491
2025-08-07 02:22:00,42350.0,42370.0,42350.0,42360.0,42360.0,508
2025-08-07 02:24:00,42360.0,42360.0,42360.0,42360.0,42360.0,203
2025-08-07 02:26:00,42350.0,42360.0,42350.0,42350.0,42350.0,81
2025-08-07 02:28:00,42360.0,42360.0,42350.0,42350.0,42350.0,390
2025-08-07 02:30:00,42350.0,42350.0,42350.0,42350.0,42350.0,703
2025-08-07 03:30:00,42350.0,42360.0,42340.0,42350.0,42350.0,2981
2025-08-07 03:32:00,42350.0,42370.0,42340.0,42360.0,42360.0,1807
2025-08-07 03:34:00,42360.0,42360.0,42340.0,42340.0,42340.0,496
2025-08-07 03:36:00,42340.0,42350.0,42340.0,42340.0,42340.0,309
2025-08-07 03:38:00,42330.0,42360.0,42330.0,42340.0,42340.0,1873
2025-08-07 03:40:00,42330.0,42350.0,42320.0,42350.0,42350.0,2946
2025-08-07 03:42:00,42340.0,42340.0,42340.0,42340.0,42340.0,416
2025-08-07 03:44:00,42340.0,42360.0,42340.0,42340.0,42340.0,654
2025-08-07 03:46:00,42340.0,42340.0,42320.0,42320.0,42320.0,920
2025-08-07 03:48:00,42320.0,42330.0,42320.0,42320.0,42320.0,467
2025-08-07 03:50:00,42330.0,42340.0,42330.0,42340.0,42340.0,190
2025-08-07 03:52:00,42340.0,42340.0,42320.0,42330.0,42330.0,320
2025-08-07 03:54:00,42330.0,42350.0,42330.0,42350.0,42350.0,1023
2025-08-07 03:56:00,42350.0,42350.0,42350.0,42350.0,42350.0,383
2025-08-07 03:58:00,42350.0,42360.0,42350.0,42350.0,42350.0,97
2025-08-07 04:00:00,42360.0,42360.0,42330.0,42330.0,42330.0,1793
2025-08-07 04:02:00,42330.0,42330.0,42330.0,42330.0,42330.0,1092
2025-08-07 04:04:00,42320.0,42330.0,42310.0,42310.0,42310.0,542
2025-08-07 04:06:00,42310.0,42310.0,42270.0,42270.0,42270.0,1335
2025-08-07 04:08:00,42280.0,42320.0,42280.0,42320.0,42320.0,792
2025-08-07 04:10:00,42310.0,42330.0,42310.0,42330.0,42330.0,1925
2025-08-07 04:12:00,42340.0,42340.0,42330.0,42340.0,42340.0,203
2025-08-07 04:14:00,42350.0,42350.0,42340.0,42340.0,42340.0,525
2025-08-07 04:16:00,42340.0,42370.0,42340.0,42360.0,42360.0,1429
2025-08-07 04:18:00,42370.0,42370.0,42350.0,42350.0,42350.0,2748
2025-08-07 04:20:00,42350.0,42350.0,42340.0,42340.0,42340.0,307
2025-08-07 04:22:00,42330.0,42330.0,42320.0,42320.0,42320.0,908
2025-08-07 04:24:00,42330.0,42330.0,42310.0,42310.0,42310.0,535
2025-08-07 04:26:00,42310.0,42330.0,42310.0,42330.0,42330.0,39
2025-08-07 04:28:00,42320.0,42320.0,42310.0,42310.0,42310.0,394
2025-08-07 04:30:00,42310.0,42310.0,42310.0,42310.0,42310.0,110
2025-08-07 04:32:00,42310.0,42310.0,42300.0,42300.0,42300.0,320
2025-08-07 04:34:00,42300.0,42300.0,42300.0,42300.0,42300.0,34
2025-08-07 04:36:00,42300.0,42310.0,42270.0,42270.0,42270.0,2305
2025-08-07 04:38:00,42270.0,42300.0,42270.0,42300.0,42300.0,314
2025-08-07 04:40:00,42300.0,42300.0,42290.0,42290.0,42290.0,363
2025-08-07 04:42:00,42290.0,42290.0,42270.0,42280.0,42280.0,221
2025-08-07 04:44:00,42280.0,42280.0,42260.0,42260.0,42260.0,275
2025-08-07 04:46:00,42250.0,42260.0,42240.0,42240.0,42240.0,722
2025-08-07 04:48:00,42260.0,42260.0,42240.0,42250.0,42250.0,102
2025-08-07 04:50:00,42240.0,42240.0,42230.0,42230.0,42230.0,747
2025-08-07 04:52:00,42230.0,42230.0,42220.0,42220.0,42220.0,686
2025-08-07 04:54:00,42220.0,42220.0,42210.0,42220.0,42220.0,1604
2025-08-07 04:56:00,42220.0,42220.0,42210.0,42210.0,42210.0,203
2025-08-07 04:58:00,42210.0,42240.0,42210.0,42240.0,42240.0,524
2025-08-07 05:00:00,42230.0,42230.0,42210.0,42210.0,42210.0,851
2025-08-07 05:02:00,42210.0,42240.0,42210.0,42230.0,42230.0,378
2025-08-07 05:04:00,42240.0,42240.0,42220.0,42240.0,42240.0,186
2025-08-07 05:06:00,42240.0,42260.0,42240.0,42240.0,42240.0,483
2025-08-07 05:08:00,42240.0,42260.0,42240.0,42260.0,42260.0,541
2025-08-07 05:10:00,42260.0,42260.0,42250.0,42260.0,42260.0,43
2025-08-07 05:12:00,42260.0,42260.0,42220.0,42220.0,42220.0,459
2025-08-07 05:14:00,42230.0,42240.0,42220.0,42220.0,42220.0,356
2025-08-07 05:16:00,42220.0,42230.0,42220.0,42220.0,42220.0,141
2025-08-07 05:18:00,42230.0,42240.0,42230.0,42230.0,42230.0,280
2025-08-07 05:20:00,42230.0,42240.0,42230.0,42240.0,42240.0,91
2025-08-07 05:22:00,42250.0,42250.0,42250.0,42250.0,42250.0,830
2025-08-07 05:24:00,42260.0,42270.0,42260.0,42270.0,42270.0,300
2025-08-07 05:26:00,42270.0,42280.0,42260.0,42270.0,42270.0,251
2025-08-07 05:28:00,42270.0,42280.0,42260.0,42280.0,42280.0,2987
2025-08-07 05:30:00,42290.0,42300.0,42290.0,42290.0,42290.0,1535
2025-08-07 05:32:00,42290.0,42300.0,42290.0,42300.0,42300.0,1292
2025-08-07 05:34:00,42300.0,42320.0,42300.0,42310.0,42310.0,588
2025-08-07 05:36:00,42300.0,42310.0,42280.0,42280.0,42280.0,484
2025-08-07 05:38:00,42290.0,42290.0,42280.0,42280.0,42280.0,1462
2025-08-07 05:40:00,42280.0,42280.0,42260.0,42270.0,42270.0,394
2025-08-07 05:42:00,42270.0,42290.0,42270.0,42290.0,42290.0,487
2025-08-07 05:44:00,42290.0,42290.0,42270.0,42270.0,42270.0,308
2025-08-07 05:46:00,42280.0,42280.0,42260.0,42270.0,42270.0,700
2025-08-07 05:48:00,42280.0,42290.0,42280.0,42290.0,42290.0,233
2025-08-07 05:50:00,42300.0,42300.0,42280.0,42280.0,42280.0,251
2025-08-07 05:52:00,42280.0,42290.0,42270.0,42270.0,42270.0,207
2025-08-07 05:54:00,42270.0,42280.0,42260.0,42280.0,42280.0,499
2025-08-07 05:56:00,42280.0,42290.0,42270.0,42280.0,42280.0,888
2025-08-07 05:58:00,42280.0,42280.0,42260.0,42270.0,42270.0,987
2025-08-07 06:00:00,42270.0,42290.0,42260.0,42280.0,42280.0,315
2025-08-07 06:02:00,42280.0,42280.0,42260.0,42260.0,42260.0,150
2025-08-07 06:04:00,42270.0,42290.0,42270.0,42280.0,42280.0,955
2025-08-07 06:06:00,42270.0,42270.0,42270.0,42270.0,42270.0,437
2025-08-07 06:08:00,42270.0,42300.0,42270.0,42300.0,42300.0,601
2025-08-07 06:10:00,42300.0,42320.0,42290.0,42290.0,42290.0,1892
2025-08-07 06:12:00,42290.0,42290.0,42280.0,42280.0,42280.0,1399
2025-08-07 06:14:00,42280.0,42280.0,42230.0,42230.0,42230.0,1493
2025-08-07 06:16:00,42220.0,42250.0,42220.0,42250.0,42250.0,510
2025-08-07 06:18:00,42250.0,42260.0,42240.0,42250.0,42250.0,255
2025-08-07 06:20:00,42250.0,42280.0,42250.0,42270.0,42270.0,2458
2025-08-07 06:22:00,42270.0,42280.0,42260.0,42270.0,42270.0,2056
2025-08-07 06:24:00,42280.0,42290.0,42270.0,42290.0,42290.0,1063
2025-08-08 00:04:00,42570.0,42570.0,42540.0,42560.0,42560.0,62213
2025-08-08 00:06:00,42560.0,42620.0,42550.0,42620.0,42620.0,5480
2025-08-08 00:08:00,42600.0,42670.0,42600.0,42660.0,42660.0,20078
2025-08-08 00:10:00,42660.0,42730.0,42650.0,42730.0,42730.0,2876
2025-08-08 00:12:00,42730.0,42810.0,42730.0,42800.0,42800.0,32442
2025-08-08 00:14:00,42800.0,42800.0,42750.0,42770.0,42770.0,3669
2025-08-08 00:16:00,42760.0,42800.0,42740.0,42780.0,42780.0,871
2025-08-08 00:18:00,42790.0,42830.0,42790.0,42820.0,42820.0,1526
2025-08-08 00:20:00,42810.0,42830.0,42800.0,42820.0,42820.0,8288
2025-08-08 00:22:00,42810.0,42860.0,42800.0,42860.0,42860.0,5923
2025-08-08 00:24:00,42860.0,42900.0,42850.0,42880.0,42880.0,2377
2025-08-08 00:26:00,42870.0,42880.0,42850.0,42880.0,42880.0,819
2025-08-08 00:28:00,42880.0,42930.0,42880.0,42920.0,42920.0,3521
2025-08-08 00:30:00,42910.0,42990.0,42910.0,42980.0,42980.0,2435
2025-08-08 00:32:00,42980.0,43010.0,42960.0,42960.0,42960.0,7109
2025-08-08 00:34:00,42960.0,42990.0,42940.0,42990.0,42990.0,1385
2025-08-08 00:36:00,43000.0,43060.0,43000.0,43040.0,43040.0,3198
2025-08-08 00:38:00,43030.0,43060.0,43030.0,43060.0,43060.0,1991
2025-08-08 00:40:00,43060.0,43060.0,43020.0,43030.0,43030.0,874
2025-08-08 00:42:00,43030.0,43080.0,43030.0,43080.0,43080.0,1202
2025-08-08 00:44:00,43090.0,43090.0,42990.0,43010.0,43010.0,1835
2025-08-08 00:46:00,42990.0,43060.0,42990.0,43060.0,43060.0,3770
2025-08-08 00:48:00,43050.0,43070.0,43030.0,43060.0,43060.0,2681
2025-08-08 00:50:00,43060.0,43060.0,42960.0,42970.0,42970.0,3358
2025-08-08 00:52:00,43000.0,43000.0,42960.0,42980.0,42980.0,1483
2025-08-08 00:54:00,42980.0,43010.0,42980.0,43000.0,43000.0,2374
2025-08-08 00:56:00,43020.0,43070.0,43020.0,43060.0,43060.0,2971
2025-08-08 00:58:00,43070.0,43100.0,43060.0,43100.0,43100.0,8324
2025-08-08 01:00:00,43100.0,43120.0,43080.0,43090.0,43090.0,16982
2025-08-08 01:02:00,43100.0,43130.0,43100.0,43110.0,43110.0,1018
2025-08-08 01:04:00,43110.0,43110.0,43090.0,43100.0,43100.0,997
2025-08-08 01:06:00,43100.0,43130.0,43100.0,43110.0,43110.0,987
2025-08-08 01:08:00,43120.0,43150.0,43120.0,43140.0,43140.0,898
2025-08-08 01:10:00,43130.0,43140.0,43110.0,43130.0,43130.0,788
2025-08-08 01:12:00,43130.0,43140.0,43100.0,43120.0,43120.0,537
2025-08-08 01:14:00,43140.0,43140.0,43090.0,43090.0,43090.0,1859
2025-08-08 01:16:00,43130.0,43130.0,43110.0,43120.0,43120.0,1128
2025-08-08 01:18:00,43130.0,43160.0,43120.0,43130.0,43130.0,5722
2025-08-08 01:20:00,43110.0,43160.0,43110.0,43150.0,43150.0,1463
2025-08-08 01:22:00,43150.0,43180.0,43150.0,43150.0,43150.0,2348
2025-08-08 01:24:00,43150.0,43160.0,43120.0,43120.0,43120.0,478
2025-08-08 01:26:00,43120.0,43120.0,43090.0,43110.0,43110.0,1879
2025-08-08 01:28:00,43130.0,43170.0,43130.0,43160.0,43160.0,1508
2025-08-08 01:30:00,43160.0,43200.0,43150.0,43200.0,43200.0,4354
2025-08-08 01:32:00,43200.0,43200.0,43150.0,43160.0,43160.0,230
2025-08-08 01:34:00,43170.0,43180.0,43130.0,43130.0,43130.0,1795
2025-08-08 01:36:00,43120.0,43150.0,43120.0,43140.0,43140.0,359
2025-08-08 01:38:00,43140.0,43160.0,43140.0,43160.0,43160.0,368
2025-08-08 01:40:00,43140.0,43180.0,43140.0,43170.0,43170.0,1370
2025-08-08 01:42:00,43160.0,43180.0,43130.0,43130.0,43130.0,575
2025-08-08 01:44:00,43110.0,43130.0,43110.0,43130.0,43130.0,3379
2025-08-08 01:46:00,43140.0,43140.0,43130.0,43130.0,43130.0,54
2025-08-08 01:48:00,43130.0,43150.0,43130.0,43150.0,43150.0,622
2025-08-08 01:50:00,43160.0,43190.0,43160.0,43180.0,43180.0,1896
2025-08-08 01:52:00,43160.0,43160.0,43100.0,43100.0,43100.0,1396
2025-08-08 01:54:00,43100.0,43120.0,43090.0,43110.0,43110.0,616
2025-08-08 01:56:00,43120.0,43120.0,43110.0,43120.0,43120.0,1758
2025-08-08 01:58:00,43110.0,43120.0,43090.0,43110.0,43110.0,3572
2025-08-08 02:00:00,43100.0,43130.0,43100.0,43110.0,43110.0,532
2025-08-08 02:02:00,43110.0,43130.0,43110.0,43130.0,43130.0,543
2025-08-08 02:04:00,43120.0,43140.0,43110.0,43130.0,43130.0,1267
2025-08-08 02:06:00,43140.0,43150.0,43130.0,43140.0,43140.0,5057
2025-08-08 02:08:00,43150.0,43160.0,43130.0,43150.0,43150.0,486
2025-08-08 02:10:00,43160.0,43170.0,43160.0,43160.0,43160.0,814
2025-08-08 02:12:00,43160.0,43160.0,43160.0,43160.0,43160.0,48
2025-08-08 02:14:00,43160.0,43170.0,43150.0,43170.0,43170.0,42
2025-08-08 02:16:00,43180.0,43180.0,43170.0,43170.0,43170.0,138
2025-08-08 02:18:00,43170.0,43180.0,43170.0,43180.0,43180.0,2596
2025-08-08 02:20:00,43180.0,43210.0,43170.0,43200.0,43200.0,5927
2025-08-08 02:22:00,43200.0,43220.0,43200.0,43210.0,43210.0,673
2025-08-08 02:24:00,43200.0,43230.0,43200.0,43220.0,43220.0,813
2025-08-08 02:26:00,43210.0,43240.0,43210.0,43230.0,43230.0,521
2025-08-08 02:28:00,43230.0,43230.0,43220.0,43220.0,43220.0,1798
2025-08-08 02:30:00,43220.0,43220.0,43220.0,43220.0,43220.0,1260
2025-08-08 03:30:00,43220.0,43280.0,43220.0,43270.0,43270.0,35881
2025-08-08 03:32:00,43270.0,43280.0,43260.0,43280.0,43280.0,2246
2025-08-08 03:34:00,43280.0,43290.0,43240.0,43270.0,43270.0,3084
2025-08-08 03:36:00,43270.0,43270.0,43250.0,43250.0,43250.0,477
2025-08-08 03:38:00,43250.0,43280.0,43250.0,43270.0,43270.0,1648
2025-08-08 03:40:00,43270.0,43270.0,43240.0,43250.0,43250.0,1132
2025-08-08 03:42:00,43260.0,43270.0,43250.0,43250.0,43250.0,358
2025-08-08 03:44:00,43250.0,43260.0,43250.0,43260.0,43260.0,601
2025-08-08 03:46:00,43260.0,43310.0,43260.0,43300.0,43300.0,3644
2025-08-08 03:48:00,43300.0,43300.0,43290.0,43300.0,43300.0,73
2025-08-08 03:50:00,43300.0,43300.0,43270.0,43280.0,43280.0,951
2025-08-08 03:52:00,43280.0,43300.0,43270.0,43280.0,43280.0,403
2025-08-08 03:54:00,43290.0,43300.0,43290.0,43300.0,43300.0,346
2025-08-08 03:56:00,43300.0,43300.0,43270.0,43280.0,43280.0,2982
2025-08-08 03:58:00,43290.0,43290.0,43280.0,43280.0,43280.0,152
2025-08-08 04:00:00,43280.0,43300.0,43250.0,43260.0,43260.0,1515
2025-08-08 04:02:00,43260.0,43270.0,43250.0,43250.0,43250.0,319
2025-08-08 04:04:00,43250.0,43260.0,43250.0,43260.0,43260.0,493
2025-08-08 04:06:00,43260.0,43280.0,43250.0,43280.0,43280.0,2970
2025-08-08 04:08:00,43280.0,43280.0,43250.0,43250.0,43250.0,609
2025-08-08 04:10:00,43250.0,43270.0,43250.0,43270.0,43270.0,306
2025-08-08 04:12:00,43270.0,43280.0,43260.0,43270.0,43270.0,5912
2025-08-08 04:14:00,43250.0,43250.0,43230.0,43230.0,43230.0,6923
2025-08-08 04:16:00,43240.0,43240.0,43230.0,43240.0,43240.0,7834
2025-08-08 04:18:00,43240.0,43260.0,43240.0,43250.0,43250.0,6231
2025-08-08 04:20:00,43240.0,43240.0,43220.0,43230.0,43230.0,289
2025-08-08 04:22:00,43230.0,43240.0,43220.0,43230.0,43230.0,143
2025-08-08 04:24:00,43230.0,43250.0,43230.0,43250.0,43250.0,663
2025-08-08 04:26:00,43240.0,43260.0,43240.0,43260.0,43260.0,2763
2025-08-08 04:28:00,43250.0,43270.0,43250.0,43260.0,43260.0,267
2025-08-08 04:30:00,43260.0,43270.0,43250.0,43270.0,43270.0,100
2025-08-08 04:32:00,43270.0,43280.0,43260.0,43270.0,43270.0,338
2025-08-08 04:34:00,43270.0,43270.0,43250.0,43250.0,43250.0,592
2025-08-08 04:36:00,43250.0,43260.0,43200.0,43200.0,43200.0,574
2025-08-08 04:38:00,43200.0,43220.0,43190.0,43220.0,43220.0,1383
2025-08-08 04:40:00,43230.0,43230.0,43200.0,43200.0,43200.0,1309
2025-08-08 04:42:00,43190.0,43200.0,43190.0,43200.0,43200.0,339
2025-08-08 04:44:00,43190.0,43200.0,43190.0,43200.0,43200.0,50
2025-08-08 04:46:00,43200.0,43210.0,43190.0,43190.0,43190.0,260
2025-08-08 04:48:00,43190.0,43200.0,43170.0,43170.0,43170.0,2721
2025-08-08 04:50:00,43170.0,43180.0,43160.0,43160.0,43160.0,705
2025-08-08 04:52:00,43170.0,43170.0,43140.0,43160.0,43160.0,491
2025-08-08 04:54:00,43160.0,43170.0,43140.0,43140.0,43140.0,353
2025-08-08 04:56:00,43140.0,43150.0,43100.0,43100.0,43100.0,719
2025-08-08 04:58:00,43100.0,43130.0,43100.0,43130.0,43130.0,169
2025-08-08 05:00:00,43120.0,43150.0,43110.0,43150.0,43150.0,938
2025-08-08 05:02:00,43140.0,43160.0,43140.0,43160.0,43160.0,527
2025-08-08 05:04:00,43160.0,43160.0,43150.0,43160.0,43160.0,443
2025-08-08 05:06:00,43160.0,43170.0,43150.0,43160.0,43160.0,6011
2025-08-08 05:08:00,43160.0,43160.0,43150.0,43150.0,43150.0,229
2025-08-08 05:10:00,43150.0,43150.0,43120.0,43130.0,43130.0,736
2025-08-08 05:12:00,43140.0,43150.0,43140.0,43150.0,43150.0,327
2025-08-08 05:14:00,43150.0,43160.0,43130.0,43150.0,43150.0,249
2025-08-08 05:16:00,43140.0,43170.0,43140.0,43150.0,43150.0,725
2025-08-08 05:18:00,43140.0,43140.0,43120.0,43120.0,43120.0,145
2025-08-08 05:20:00,43130.0,43160.0,43130.0,43150.0,43150.0,619
2025-08-08 05:22:00,43140.0,43140.0,43130.0,43130.0,43130.0,24
2025-08-08 05:24:00,43130.0,43150.0,43130.0,43150.0,43150.0,564
2025-08-08 05:26:00,43150.0,43150.0,43120.0,43120.0,43120.0,33
2025-08-08 05:28:00,43120.0,43120.0,43110.0,43110.0,43110.0,601
2025-08-08 05:30:00,43110.0,43150.0,43110.0,43140.0,43140.0,126
2025-08-08 05:32:00,43130.0,43150.0,43130.0,43130.0,43130.0,353
2025-08-08 05:34:00,43130.0,43130.0,43110.0,43120.0,43120.0,657
2025-08-08 05:36:00,43130.0,43140.0,43110.0,43110.0,43110.0,93
2025-08-08 05:38:00,43120.0,43130.0,43110.0,43120.0,43120.0,76
2025-08-08 05:40:00,43120.0,43120.0,43110.0,43110.0,43110.0,1171
2025-08-08 05:42:00,43110.0,43110.0,43090.0,43110.0,43110.0,857
2025-08-08 05:44:00,43100.0,43100.0,43080.0,43090.0,43090.0,570
2025-08-08 05:46:00,43080.0,43090.0,43070.0,43070.0,43070.0,405
2025-08-08 05:48:00,43060.0,43090.0,43060.0,43080.0,43080.0,821
2025-08-08 05:50:00,43080.0,43080.0,43060.0,43060.0,43060.0,461
2025-08-08 05:52:00,43050.0,43060.0,43030.0,43060.0,43060.0,2099
2025-08-08 05:54:00,43070.0,43070.0,43060.0,43070.0,43070.0,558
2025-08-08 05:56:00,43060.0,43080.0,43050.0,43050.0,43050.0,739
2025-08-08 05:58:00,43050.0,43050.0,43050.0,43050.0,43050.0,179
2025-08-08 06:00:00,43050.0,43060.0,43030.0,43050.0,43050.0,1560
2025-08-08 06:02:00,43040.0,43050.0,43030.0,43030.0,43030.0,803
2025-08-08 06:04:00,43030.0,43070.0,43030.0,43070.0,43070.0,1312
2025-08-08 06:06:00,43060.0,43070.0,43060.0,43060.0,43060.0,1155
2025-08-08 06:08:00,43060.0,43060.0,43020.0,43040.0,43040.0,1356
2025-08-08 06:10:00,43050.0,43050.0,43030.0,43030.0,43030.0,2511
2025-08-08 06:12:00,43030.0,43050.0,43030.0,43040.0,43040.0,538
2025-08-08 06:14:00,43030.0,43040.0,43020.0,43020.0,43020.0,199
2025-08-08 06:16:00,43030.0,43030.0,43020.0,43030.0,43030.0,1631
2025-08-08 06:18:00,43020.0,43030.0,43020.0,43030.0,43030.0,155
2025-08-08 06:20:00,43030.0,43050.0,43030.0,43050.0,43050.0,3178
2025-08-08 06:22:00,43040.0,43050.0,43020.0,43020.0,43020.0,2784
2025-08-08 06:24:00,43030.0,43040.0,43020.0,43040.0,43040.0,1019
2025-08-12 00:00:00,43500.0,43590.0,43490.0,43550.0,43550.0,530062
2025-08-12 00:02:00,43560.0,43650.0,43560.0,43640.0,43640.0,10348
2025-08-12 00:04:00,43630.0,43640.0,43570.0,43630.0,43630.0,1947
2025-08-12 00:06:00,43630.0,43640.0,43620.0,43620.0,43620.0,2487
2025-08-12 00:08:00,43640.0,43650.0,43610.0,43610.0,43610.0,636
2025-08-12 00:10:00,43600.0,43650.0,43590.0,43650.0,43650.0,2777
2025-08-12 00:12:00,43650.0,43700.0,43650.0,43690.0,43690.0,4686
2025-08-12 00:14:00,43700.0,43780.0,43700.0,43750.0,43750.0,25711
2025-08-12 00:16:00,43770.0,43850.0,43750.0,43850.0,43850.0,3776
2025-08-12 00:18:00,43850.0,43930.0,43850.0,43920.0,43920.0,5199
2025-08-12 00:20:00,43910.0,43910.0,43860.0,43900.0,43900.0,3995
2025-08-12 00:22:00,43910.0,43960.0,43910.0,43960.0,43960.0,3930
2025-08-12 00:24:00,43970.0,44000.0,43910.0,43920.0,43920.0,7459
2025-08-12 00:26:00,43920.0,43960.0,43920.0,43940.0,43940.0,1829
2025-08-12 00:28:00,43940.0,43970.0,43940.0,43950.0,43950.0,4096
2025-08-12 00:30:00,43950.0,43970.0,43930.0,43970.0,43970.0,1242
2025-08-12 00:32:00,43940.0,43960.0,43930.0,43930.0,43930.0,787
2025-08-12 00:34:00,43940.0,43970.0,43940.0,43950.0,43950.0,552
2025-08-12 00:36:00,43960.0,44020.0,43960.0,43990.0,43990.0,37692
2025-08-12 00:38:00,43990.0,43990.0,43930.0,43940.0,43940.0,891
2025-08-12 00:40:00,43930.0,43930.0,43830.0,43850.0,43850.0,6276
2025-08-12 00:42:00,43840.0,43870.0,43800.0,43870.0,43870.0,3135
2025-08-12 00:44:00,43870.0,43890.0,43860.0,43880.0,43880.0,1235
2025-08-12 00:46:00,43870.0,43940.0,43870.0,43920.0,43920.0,5165
2025-08-12 00:48:00,43910.0,43960.0,43900.0,43960.0,43960.0,916
2025-08-12 00:50:00,43970.0,43980.0,43960.0,43980.0,43980.0,4516
2025-08-12 00:52:00,43980.0,43980.0,43960.0,43970.0,43970.0,463
2025-08-12 00:54:00,43980.0,43990.0,43960.0,43980.0,43980.0,2700
2025-08-12 00:56:00,43990.0,44030.0,43970.0,44030.0,44030.0,1578
2025-08-12 00:58:00,44010.0,44100.0,44010.0,44080.0,44080.0,2933
2025-08-12 01:00:00,44070.0,44090.0,44050.0,44090.0,44090.0,4969
2025-08-12 01:02:00,44060.0,44060.0,44010.0,44030.0,44030.0,593
2025-08-12 01:04:00,44040.0,44040.0,44000.0,44010.0,44010.0,471
2025-08-12 01:06:00,44010.0,44010.0,43990.0,43990.0,43990.0,827
2025-08-12 01:08:00,44000.0,44010.0,43960.0,43970.0,43970.0,416
2025-08-12 01:10:00,43970.0,44000.0,43970.0,43980.0,43980.0,764
2025-08-12 01:12:00,43990.0,43990.0,43950.0,43970.0,43970.0,1782
2025-08-12 01:14:00,43950.0,43980.0,43950.0,43970.0,43970.0,286
2025-08-12 01:16:00,43970.0,44000.0,43970.0,43990.0,43990.0,2976
2025-08-12 01:18:00,43980.0,44020.0,43970.0,43990.0,43990.0,1814
2025-08-12 01:20:00,44000.0,44010.0,43990.0,43990.0,43990.0,605
2025-08-12 01:22:00,44000.0,44030.0,44000.0,44030.0,44030.0,2082
2025-08-12 01:24:00,44020.0,44040.0,44020.0,44040.0,44040.0,2443
2025-08-12 01:26:00,44040.0,44070.0,44040.0,44060.0,44060.0,833
2025-08-12 01:28:00,44060.0,44080.0,44050.0,44080.0,44080.0,1478
2025-08-12 01:30:00,44080.0,44080.0,44040.0,44070.0,44070.0,659
2025-08-12 01:32:00,44070.0,44080.0,44040.0,44040.0,44040.0,2064
2025-08-12 01:34:00,44050.0,44170.0,44040.0,44170.0,44170.0,20724
2025-08-12 01:36:00,44160.0,44180.0,44110.0,44120.0,44120.0,1904
2025-08-12 01:38:00,44120.0,44130.0,44110.0,44120.0,44120.0,266
2025-08-12 01:40:00,44110.0,44150.0,44110.0,44150.0,44150.0,1577
2025-08-12 01:42:00,44150.0,44170.0,44140.0,44150.0,44150.0,340
2025-08-12 01:44:00,44140.0,44140.0,44110.0,44140.0,44140.0,777
2025-08-12 01:46:00,44110.0,44110.0,44100.0,44110.0,44110.0,835
2025-08-12 01:48:00,44110.0,44110.0,44070.0,44090.0,44090.0,743
2025-08-12 01:50:00,44090.0,44110.0,44080.0,44100.0,44100.0,832
2025-08-12 01:52:00,44110.0,44110.0,44100.0,44100.0,44100.0,137
2025-08-12 01:54:00,44090.0,44100.0,44080.0,44100.0,44100.0,656
2025-08-12 01:56:00,44100.0,44130.0,44090.0,44130.0,44130.0,1702
2025-08-12 01:58:00,44120.0,44160.0,44120.0,44160.0,44160.0,936
2025-08-12 02:00:00,44150.0,44160.0,44140.0,44150.0,44150.0,1140
2025-08-12 02:02:00,44140.0,44160.0,44140.0,44140.0,44140.0,451
2025-08-12 02:04:00,44150.0,44170.0,44150.0,44170.0,44170.0,864
2025-08-12 02:06:00,44170.0,44170.0,44120.0,44130.0,44130.0,225
2025-08-12 02:08:00,44120.0,44120.0,44110.0,44110.0,44110.0,246
2025-08-12 02:10:00,44100.0,44120.0,44100.0,44110.0,44110.0,778
2025-08-12 02:12:00,44120.0,44130.0,44110.0,44110.0,44110.0,586
2025-08-12 02:14:00,44120.0,44120.0,44110.0,44120.0,44120.0,508
2025-08-12 02:16:00,44120.0,44140.0,44110.0,44140.0,44140.0,730
2025-08-12 02:18:00,44150.0,44150.0,44140.0,44150.0,44150.0,5298
2025-08-12 02:20:00,44150.0,44160.0,44150.0,44160.0,44160.0,1896
2025-08-12 02:22:00,44160.0,44170.0,44150.0,44150.0,44150.0,313
2025-08-12 02:24:00,44150.0,44160.0,44140.0,44160.0,44160.0,4334
2025-08-12 02:26:00,44150.0,44160.0,44140.0,44140.0,44140.0,526
2025-08-12 02:28:00,44140.0,44160.0,44140.0,44160.0,44160.0,733
2025-08-12 02:30:00,44150.0,44150.0,44150.0,44150.0,44150.0,1646
2025-08-12 03:30:00,44200.0,44220.0,44180.0,44200.0,44200.0,13094
2025-08-12 03:32:00,44210.0,44240.0,44210.0,44240.0,44240.0,2685
2025-08-12 03:34:00,44230.0,44240.0,44220.0,44230.0,44230.0,1826
2025-08-12 03:36:00,44230.0,44260.0,44230.0,44250.0,44250.0,2202
2025-08-12 03:38:00,44250.0,44290.0,44250.0,44290.0,44290.0,2158
2025-08-12 03:40:00,44290.0,44300.0,44280.0,44290.0,44290.0,3477
2025-08-12 03:42:00,44300.0,44300.0,44260.0,44270.0,44270.0,1821
2025-08-12 03:44:00,44270.0,44290.0,44270.0,44290.0,44290.0,1651
2025-08-12 03:46:00,44290.0,44290.0,44270.0,44280.0,44280.0,1556
2025-08-12 03:48:00,44290.0,44290.0,44260.0,44260.0,44260.0,860
2025-08-12 03:50:00,44260.0,44260.0,44230.0,44240.0,44240.0,2534
2025-08-12 03:52:00,44240.0,44280.0,44240.0,44270.0,44270.0,2503
2025-08-12 03:54:00,44270.0,44290.0,44270.0,44280.0,44280.0,2569
2025-08-12 03:56:00,44270.0,44270.0,44250.0,44260.0,44260.0,2888
2025-08-12 03:58:00,44270.0,44270.0,44250.0,44250.0,44250.0,743
2025-08-12 04:00:00,44250.0,44250.0,44230.0,44250.0,44250.0,2826
2025-08-12 04:02:00,44260.0,44260.0,44240.0,44260.0,44260.0,1876
2025-08-12 04:04:00,44260.0,44280.0,44250.0,44270.0,44270.0,1849
2025-08-12 04:06:00,44260.0,44260.0,44250.0,44250.0,44250.0,1691
2025-08-12 04:08:00,44260.0,44280.0,44250.0,44280.0,44280.0,8505
2025-08-12 04:10:00,44280.0,44280.0,44270.0,44280.0,44280.0,1052
2025-08-12 04:12:00,44290.0,44290.0,44260.0,44270.0,44270.0,3337
2025-08-12 04:14:00,44270.0,44280.0,44260.0,44280.0,44280.0,789
2025-08-12 04:16:00,44270.0,44270.0,44250.0,44260.0,44260.0,1070
2025-08-12 04:18:00,44260.0,44270.0,44250.0,44260.0,44260.0,591
2025-08-12 04:20:00,44260.0,44270.0,44260.0,44260.0,44260.0,1393
2025-08-12 04:22:00,44260.0,44260.0,44250.0,44250.0,44250.0,3244
2025-08-12 04:24:00,44260.0,44300.0,44260.0,44290.0,44290.0,3936
2025-08-12 04:26:00,44300.0,44300.0,44280.0,44290.0,44290.0,2403
2025-08-12 04:28:00,44290.0,44300.0,44280.0,44290.0,44290.0,1210
2025-08-12 04:30:00,44300.0,44300.0,44260.0,44260.0,44260.0,3185
2025-08-12 04:32:00,44260.0,44260.0,44240.0,44250.0,44250.0,2063
2025-08-12 04:34:00,44260.0,44280.0,44260.0,44280.0,44280.0,602
2025-08-12 04:36:00,44270.0,44290.0,44270.0,44290.0,44290.0,955
2025-08-12 04:38:00,44280.0,44300.0,44280.0,44290.0,44290.0,2640
2025-08-12 04:40:00,44290.0,44290.0,44260.0,44270.0,44270.0,677
2025-08-12 04:42:00,44280.0,44280.0,44270.0,44280.0,44280.0,931
2025-08-12 04:44:00,44270.0,44270.0,44260.0,44260.0,44260.0,2224
2025-08-12 04:46:00,44260.0,44280.0,44260.0,44280.0,44280.0,919
2025-08-12 04:48:00,44280.0,44300.0,44280.0,44290.0,44290.0,804
2025-08-12 04:50:00,44290.0,44300.0,44290.0,44290.0,44290.0,479
2025-08-12 04:52:00,44300.0,44310.0,44290.0,44300.0,44300.0,22782
2025-08-12 04:54:00,44310.0,44310.0,44290.0,44290.0,44290.0,2038
2025-08-12 04:56:00,44290.0,44310.0,44280.0,44300.0,44300.0,3664
2025-08-12 04:58:00,44290.0,44300.0,44290.0,44300.0,44300.0,221
2025-08-12 05:00:00,44310.0,44310.0,44270.0,44270.0,44270.0,1423
2025-08-12 05:02:00,44260.0,44260.0,44040.0,44090.0,44090.0,24143
2025-08-12 05:04:00,44070.0,44200.0,44050.0,44190.0,44190.0,11035
2025-08-12 05:06:00,44190.0,44190.0,44150.0,44180.0,44180.0,19217
2025-08-12 05:08:00,44150.0,44160.0,44120.0,44140.0,44140.0,7572
2025-08-12 05:10:00,44140.0,44180.0,44140.0,44180.0,44180.0,2222
2025-08-12 05:12:00,44180.0,44190.0,44150.0,44150.0,44150.0,1167
2025-08-12 05:14:00,44160.0,44160.0,44120.0,44120.0,44120.0,1338
2025-08-12 05:16:00,44120.0,44170.0,44120.0,44170.0,44170.0,1395
2025-08-12 05:18:00,44170.0,44170.0,44130.0,44130.0,44130.0,1007
2025-08-12 05:20:00,44130.0,44150.0,44120.0,44140.0,44140.0,840
2025-08-12 05:22:00,44140.0,44140.0,44100.0,44100.0,44100.0,1714
2025-08-12 05:24:00,44090.0,44130.0,44080.0,44130.0,44130.0,1051
2025-08-12 05:26:00,44140.0,44140.0,44110.0,44110.0,44110.0,1620
2025-08-12 05:28:00,44100.0,44100.0,44080.0,44080.0,44080.0,1491
2025-08-12 05:30:00,44080.0,44080.0,44050.0,44060.0,44060.0,1966
2025-08-12 05:32:00,44050.0,44060.0,44030.0,44040.0,44040.0,1707
2025-08-12 05:34:00,44050.0,44070.0,44040.0,44060.0,44060.0,2481
2025-08-12 05:36:00,44050.0,44100.0,44050.0,44070.0,44070.0,3889
2025-08-12 05:38:00,44060.0,44080.0,44040.0,44050.0,44050.0,3630
2025-08-12 05:40:00,44050.0,44080.0,44040.0,44050.0,44050.0,1519
2025-08-12 05:42:00,44050.0,44060.0,44040.0,44050.0,44050.0,485
2025-08-12 05:44:00,44060.0,44060.0,44040.0,44040.0,44040.0,1169
2025-08-12 05:46:00,44050.0,44060.0,44030.0,44040.0,44040.0,1913
2025-08-12 05:48:00,44040.0,44050.0,44040.0,44050.0,44050.0,337
2025-08-12 05:50:00,44050.0,44070.0,44050.0,44060.0,44060.0,1357
2025-08-12 05:52:00,44060.0,44070.0,44050.0,44050.0,44050.0,1168
2025-08-12 05:54:00,44050.0,44080.0,44050.0,44080.0,44080.0,1108
2025-08-12 05:56:00,44070.0,44090.0,44070.0,44080.0,44080.0,1913
2025-08-12 05:58:00,44080.0,44080.0,44050.0,44060.0,44060.0,2695
2025-08-12 06:00:00,44060.0,44090.0,44060.0,44080.0,44080.0,3183
2025-08-12 06:02:00,44080.0,44090.0,44060.0,44090.0,44090.0,1472
2025-08-12 06:04:00,44090.0,44100.0,44090.0,44100.0,44100.0,4002
2025-08-12 06:06:00,44110.0,44120.0,44100.0,44120.0,44120.0,2202
2025-08-12 06:08:00,44120.0,44120.0,44090.0,44100.0,44100.0,2529
2025-08-12 06:10:00,44090.0,44100.0,44080.0,44080.0,44080.0,2218
2025-08-12 06:12:00,44070.0,44070.0,44020.0,44030.0,44030.0,1310
2025-08-12 06:14:00,44020.0,44020.0,43990.0,44000.0,44000.0,1634
2025-08-12 06:16:00,43980.0,43990.0,43940.0,43950.0,43950.0,4311
2025-08-12 06:18:00,43950.0,43960.0,43930.0,43940.0,43940.0,1306
2025-08-12 06:20:00,43940.0,43990.0,43940.0,43980.0,43980.0,4649
2025-08-12 06:22:00,43990.0,44010.0,43980.0,44010.0,44010.0,4793
2025-08-12 06:24:00,44010.0,44030.0,43990.0,43990.0,43990.0,1905
2025-08-13 00:04:00,44420.0,44430.0,44390.0,44410.0,44410.0,37412
2025-08-13 00:06:00,44420.0,44430.0,44350.0,44360.0,44360.0,6755
2025-08-13 00:08:00,44360.0,44370.0,44340.0,44350.0,44350.0,1062
2025-08-13 00:10:00,44340.0,44350.0,44330.0,44330.0,44330.0,1055
2025-08-13 00:12:00,44340.0,44400.0,44340.0,44350.0,44350.0,3159
2025-08-13 00:14:00,44380.0,44380.0,44340.0,44360.0,44360.0,3041
2025-08-13 00:16:00,44360.0,44370.0,44340.0,44340.0,44340.0,1126
2025-08-13 00:18:00,44350.0,44360.0,44340.0,44350.0,44350.0,1253
2025-08-13 00:20:00,44350.0,44350.0,44340.0,44350.0,44350.0,1808
2025-08-13 00:22:00,44360.0,44360.0,44330.0,44340.0,44340.0,533
2025-08-13 00:24:00,44350.0,44410.0,44350.0,44400.0,44400.0,1598
2025-08-13 00:26:00,44400.0,44400.0,44360.0,44380.0,44380.0,868
2025-08-13 00:28:00,44370.0,44410.0,44370.0,44380.0,44380.0,746
2025-08-13 00:30:00,44380.0,44390.0,44370.0,44390.0,44390.0,190
2025-08-13 00:32:00,44380.0,44400.0,44370.0,44370.0,44370.0,1952
2025-08-13 00:34:00,44380.0,44400.0,44350.0,44350.0,44350.0,1569
2025-08-13 00:36:00,44350.0,44380.0,44350.0,44370.0,44370.0,1099
2025-08-13 00:38:00,44370.0,44410.0,44370.0,44410.0,44410.0,699
2025-08-13 00:40:00,44410.0,44440.0,44410.0,44420.0,44420.0,2919
2025-08-13 00:42:00,44420.0,44470.0,44420.0,44470.0,44470.0,5609
2025-08-13 00:44:00,44470.0,44480.0,44420.0,44480.0,44480.0,2149
2025-08-13 00:46:00,44480.0,44510.0,44470.0,44510.0,44510.0,5883
2025-08-13 00:48:00,44500.0,44510.0,44460.0,44480.0,44480.0,2331
2025-08-13 00:50:00,44490.0,44500.0,44480.0,44500.0,44500.0,1114
2025-08-13 00:52:00,44510.0,44540.0,44510.0,44520.0,44520.0,2361
2025-08-13 00:54:00,44520.0,44550.0,44510.0,44550.0,44550.0,1669
2025-08-13 00:56:00,44550.0,44560.0,44540.0,44540.0,44540.0,1111
2025-08-13 00:58:00,44530.0,44550.0,44500.0,44540.0,44540.0,1579
2025-08-13 01:00:00,44540.0,44550.0,44520.0,44540.0,44540.0,1264
2025-08-13 01:02:00,44540.0,44580.0,44540.0,44580.0,44580.0,1796
2025-08-13 01:04:00,44570.0,44600.0,44570.0,44590.0,44590.0,6679
2025-08-13 01:06:00,44600.0,44610.0,44550.0,44600.0,44600.0,9136
2025-08-13 01:08:00,44600.0,44620.0,44590.0,44600.0,44600.0,2589
2025-08-13 01:10:00,44610.0,44630.0,44610.0,44630.0,44630.0,1975
2025-08-13 01:12:00,44630.0,44640.0,44620.0,44620.0,44620.0,547
2025-08-13 01:14:00,44630.0,44630.0,44600.0,44620.0,44620.0,1186
2025-08-13 01:16:00,44610.0,44630.0,44610.0,44630.0,44630.0,1138
2025-08-13 01:18:00,44620.0,44630.0,44610.0,44610.0,44610.0,1354
2025-08-13 01:20:00,44600.0,44620.0,44580.0,44610.0,44610.0,1745
2025-08-13 01:22:00,44600.0,44600.0,44560.0,44580.0,44580.0,1583
2025-08-13 01:24:00,44570.0,44570.0,44540.0,44570.0,44570.0,3767
2025-08-13 01:26:00,44580.0,44600.0,44580.0,44590.0,44590.0,1539
2025-08-13 01:28:00,44590.0,44620.0,44590.0,44610.0,44610.0,1508
2025-08-13 01:30:00,44610.0,44630.0,44610.0,44620.0,44620.0,1830
2025-08-13 01:32:00,44620.0,44620.0,44590.0,44600.0,44600.0,739
2025-08-13 01:34:00,44600.0,44630.0,44600.0,44620.0,44620.0,683
2025-08-13 01:36:00,44610.0,44620.0,44600.0,44610.0,44610.0,408
2025-08-13 01:38:00,44610.0,44640.0,44600.0,44640.0,44640.0,1527
2025-08-13 01:40:00,44640.0,44640.0,44600.0,44610.0,44610.0,868
2025-08-13 01:42:00,44610.0,44610.0,44600.0,44610.0,44610.0,1139
2025-08-13 01:44:00,44620.0,44630.0,44600.0,44600.0,44600.0,8296
2025-08-13 01:46:00,44620.0,44620.0,44600.0,44600.0,44600.0,582
2025-08-13 01:48:00,44600.0,44610.0,44550.0,44550.0,44550.0,1659
2025-08-13 01:50:00,44550.0,44590.0,44550.0,44590.0,44590.0,1267
2025-08-13 01:52:00,44590.0,44610.0,44590.0,44610.0,44610.0,1333
2025-08-13 01:54:00,44600.0,44640.0,44600.0,44620.0,44620.0,1340
2025-08-13 01:56:00,44630.0,44680.0,44630.0,44670.0,44670.0,3602
2025-08-13 01:58:00,44680.0,44680.0,44650.0,44650.0,44650.0,834
2025-08-13 02:00:00,44650.0,44650.0,44600.0,44600.0,44600.0,507
2025-08-13 02:02:00,44600.0,44620.0,44580.0,44580.0,44580.0,2175
2025-08-13 02:04:00,44580.0,44600.0,44580.0,44580.0,44580.0,129
2025-08-13 02:06:00,44580.0,44590.0,44570.0,44580.0,44580.0,1321
2025-08-13 02:08:00,44580.0,44600.0,44570.0,44590.0,44590.0,1206
2025-08-13 02:10:00,44600.0,44640.0,44590.0,44640.0,44640.0,1810
2025-08-13 02:12:00,44630.0,44630.0,44610.0,44610.0,44610.0,45
2025-08-13 02:14:00,44610.0,44620.0,44600.0,44620.0,44620.0,2659
2025-08-13 02:16:00,44610.0,44620.0,44610.0,44620.0,44620.0,133
2025-08-13 02:18:00,44620.0,44630.0,44620.0,44630.0,44630.0,1557
2025-08-13 02:20:00,44630.0,44640.0,44630.0,44630.0,44630.0,728
2025-08-13 02:22:00,44630.0,44650.0,44620.0,44620.0,44620.0,872
2025-08-13 02:24:00,44630.0,44630.0,44610.0,44610.0,44610.0,1057
2025-08-13 02:26:00,44610.0,44630.0,44610.0,44630.0,44630.0,238
2025-08-13 02:28:00,44610.0,44640.0,44610.0,44620.0,44620.0,3984
2025-08-13 02:30:00,44640.0,44640.0,44640.0,44640.0,44640.0,503
2025-08-13 03:30:00,44630.0,44640.0,44620.0,44640.0,44640.0,10854
2025-08-13 03:32:00,44640.0,44640.0,44610.0,44610.0,44610.0,2161
2025-08-13 03:34:00,44610.0,44630.0,44610.0,44630.0,44630.0,3216
2025-08-13 03:36:00,44630.0,44660.0,44620.0,44620.0,44620.0,2555
2025-08-13 03:38:00,44630.0,44640.0,44630.0,44630.0,44630.0,1405
2025-08-13 03:40:00,44630.0,44640.0,44630.0,44640.0,44640.0,884
2025-08-13 03:42:00,44640.0,44650.0,44640.0,44650.0,44650.0,2018
2025-08-13 03:44:00,44650.0,44650.0,44640.0,44640.0,44640.0,178
2025-08-13 03:46:00,44640.0,44670.0,44640.0,44670.0,44670.0,10844
2025-08-13 03:48:00,44670.0,44690.0,44650.0,44690.0,44690.0,3520
2025-08-13 03:50:00,44690.0,44730.0,44690.0,44730.0,44730.0,12675
2025-08-13 03:52:00,44720.0,44730.0,44700.0,44700.0,44700.0,1582
2025-08-13 03:54:00,44700.0,44700.0,44700.0,44700.0,44700.0,1630
2025-08-13 03:56:00,44690.0,44700.0,44680.0,44700.0,44700.0,815
2025-08-13 03:58:00,44700.0,44720.0,44700.0,44700.0,44700.0,723
2025-08-13 04:00:00,44710.0,44730.0,44710.0,44710.0,44710.0,2157
2025-08-13 04:02:00,44730.0,44740.0,44710.0,44720.0,44720.0,940
2025-08-13 04:04:00,44720.0,44730.0,44720.0,44730.0,44730.0,730
2025-08-13 04:06:00,44720.0,44730.0,44710.0,44720.0,44720.0,1727
2025-08-13 04:08:00,44710.0,44720.0,44700.0,44710.0,44710.0,1057
2025-08-13 04:10:00,44720.0,44720.0,44670.0,44680.0,44680.0,1406
2025-08-13 04:12:00,44680.0,44700.0,44680.0,44700.0,44700.0,1965
2025-08-13 04:14:00,44690.0,44700.0,44690.0,44700.0,44700.0,3976
2025-08-13 04:16:00,44700.0,44720.0,44690.0,44720.0,44720.0,862
2025-08-13 04:18:00,44720.0,44730.0,44710.0,44710.0,44710.0,1234
2025-08-13 04:20:00,44720.0,44740.0,44720.0,44740.0,44740.0,1825
2025-08-13 04:22:00,44730.0,44730.0,44730.0,44730.0,44730.0,382
2025-08-13 04:24:00,44730.0,44740.0,44720.0,44730.0,44730.0,1277
2025-08-13 04:26:00,44730.0,44730.0,44720.0,44720.0,44720.0,197
2025-08-13 04:28:00,44730.0,44730.0,44710.0,44720.0,44720.0,2013
2025-08-13 04:30:00,44720.0,44730.0,44720.0,44730.0,44730.0,822
2025-08-13 04:32:00,44730.0,44750.0,44730.0,44750.0,44750.0,1508
2025-08-13 04:34:00,44750.0,44760.0,44750.0,44760.0,44760.0,3264
2025-08-13 04:36:00,44770.0,44790.0,44770.0,44790.0,44790.0,1649
2025-08-13 04:38:00,44780.0,44790.0,44740.0,44750.0,44750.0,2560
2025-08-13 04:40:00,44750.0,44750.0,44730.0,44750.0,44750.0,683
2025-08-13 04:42:00,44750.0,44760.0,44740.0,44750.0,44750.0,2133
2025-08-13 04:44:00,44750.0,44750.0,44740.0,44750.0,44750.0,725
2025-08-13 04:46:00,44740.0,44750.0,44730.0,44740.0,44740.0,597
2025-08-13 04:48:00,44740.0,44750.0,44720.0,44740.0,44740.0,1674
2025-08-13 04:50:00,44740.0,44740.0,44700.0,44700.0,44700.0,1041
2025-08-13 04:52:00,44710.0,44710.0,44690.0,44690.0,44690.0,5291
2025-08-13 04:54:00,44690.0,44700.0,44640.0,44640.0,44640.0,4454
2025-08-13 04:56:00,44660.0,44660.0,44650.0,44650.0,44650.0,574
2025-08-13 04:58:00,44650.0,44650.0,44620.0,44620.0,44620.0,2865
2025-08-13 05:00:00,44620.0,44630.0,44600.0,44630.0,44630.0,3230
2025-08-13 05:02:00,44620.0,44640.0,44620.0,44630.0,44630.0,1427
2025-08-13 05:04:00,44640.0,44650.0,44610.0,44610.0,44610.0,1340
2025-08-13 05:06:00,44600.0,44600.0,44560.0,44570.0,44570.0,2482
2025-08-13 05:08:00,44570.0,44580.0,44560.0,44580.0,44580.0,439
2025-08-13 05:10:00,44570.0,44570.0,44550.0,44550.0,44550.0,1385
2025-08-13 05:12:00,44550.0,44550.0,44500.0,44500.0,44500.0,3186
2025-08-13 05:14:00,44500.0,44540.0,44500.0,44540.0,44540.0,1505
2025-08-13 05:16:00,44540.0,44550.0,44530.0,44530.0,44530.0,1165
2025-08-13 05:18:00,44530.0,44540.0,44520.0,44540.0,44540.0,1255
2025-08-13 05:20:00,44540.0,44550.0,44530.0,44540.0,44540.0,1328
2025-08-13 05:22:00,44550.0,44570.0,44550.0,44560.0,44560.0,3662
2025-08-13 05:24:00,44560.0,44600.0,44550.0,44600.0,44600.0,1980
2025-08-13 05:26:00,44600.0,44600.0,44590.0,44590.0,44590.0,1108
2025-08-13 05:28:00,44580.0,44580.0,44570.0,44580.0,44580.0,238
2025-08-13 05:30:00,44570.0,44600.0,44570.0,44600.0,44600.0,1575
2025-08-13 05:32:00,44590.0,44610.0,44580.0,44610.0,44610.0,659
2025-08-13 05:34:00,44610.0,44640.0,44600.0,44630.0,44630.0,3042
2025-08-13 05:36:00,44630.0,44630.0,44620.0,44620.0,44620.0,1671
2025-08-13 05:38:00,44620.0,44630.0,44610.0,44620.0,44620.0,2896
2025-08-13 05:40:00,44630.0,44630.0,44610.0,44610.0,44610.0,1883
2025-08-13 05:42:00,44610.0,44640.0,44610.0,44640.0,44640.0,1632
2025-08-13 05:44:00,44650.0,44650.0,44620.0,44620.0,44620.0,409
2025-08-13 05:46:00,44630.0,44660.0,44620.0,44650.0,44650.0,3948
2025-08-13 05:48:00,44650.0,44650.0,44620.0,44620.0,44620.0,1109
2025-08-13 05:50:00,44620.0,44630.0,44580.0,44590.0,44590.0,7255
2025-08-13 05:52:00,44590.0,44590.0,44580.0,44590.0,44590.0,12245
2025-08-13 05:54:00,44580.0,44580.0,44570.0,44580.0,44580.0,12529
2025-08-13 05:56:00,44570.0,44580.0,44560.0,44570.0,44570.0,10831
2025-08-13 05:58:00,44570.0,44580.0,44570.0,44580.0,44580.0,905
2025-08-13 06:00:00,44590.0,44600.0,44570.0,44570.0,44570.0,7281
2025-08-13 06:02:00,44560.0,44570.0,44540.0,44570.0,44570.0,1927
2025-08-13 06:04:00,44570.0,44570.0,44560.0,44570.0,44570.0,959
2025-08-13 06:06:00,44560.0,44580.0,44560.0,44580.0,44580.0,1189
2025-08-13 06:08:00,44580.0,44590.0,44550.0,44570.0,44570.0,867
2025-08-13 06:10:00,44580.0,44600.0,44570.0,44590.0,44590.0,4040
2025-08-13 06:12:00,44590.0,44600.0,44580.0,44590.0,44590.0,1065
2025-08-13 06:14:00,44600.0,44610.0,44590.0,44600.0,44600.0,2796
2025-08-13 06:16:00,44590.0,44600.0,44570.0,44600.0,44600.0,1148
2025-08-13 06:18:00,44590.0,44620.0,44590.0,44600.0,44600.0,3499
2025-08-13 06:20:00,44600.0,44620.0,44600.0,44620.0,44620.0,1939
2025-08-13 06:22:00,44620.0,44640.0,44620.0,44640.0,44640.0,3659
2025-08-13 06:24:00,44630.0,44650.0,44620.0,44630.0,44630.0,1700
2025-08-14 00:04:00,44610.0,44610.0,44440.0,44450.0,44450.0,19729
2025-08-14 00:06:00,44450.0,44510.0,44450.0,44500.0,44500.0,4693
2025-08-14 00:08:00,44520.0,44530.0,44450.0,44450.0,44450.0,882
2025-08-14 00:10:00,44450.0,44450.0,44380.0,44400.0,44400.0,2459
2025-08-14 00:12:00,44390.0,44430.0,44380.0,44420.0,44420.0,964
2025-08-14 00:14:00,44420.0,44430.0,44380.0,44400.0,44400.0,2051
2025-08-14 00:16:00,44390.0,44410.0,44380.0,44400.0,44400.0,1353
2025-08-14 00:18:00,44410.0,44410.0,44370.0,44390.0,44390.0,443
2025-08-14 00:20:00,44390.0,44390.0,44370.0,44370.0,44370.0,2515
2025-08-14 00:22:00,44360.0,44360.0,44330.0,44360.0,44360.0,3744
2025-08-14 00:24:00,44360.0,44400.0,44350.0,44360.0,44360.0,2096
2025-08-14 00:26:00,44370.0,44370.0,44340.0,44350.0,44350.0,1157
2025-08-14 00:28:00,44370.0,44380.0,44350.0,44370.0,44370.0,530
2025-08-14 00:30:00,44370.0,44410.0,44340.0,44340.0,44340.0,3160
2025-08-14 00:32:00,44350.0,44350.0,44250.0,44260.0,44260.0,3666
2025-08-14 00:34:00,44260.0,44300.0,44250.0,44250.0,44250.0,1164
2025-08-14 00:36:00,44260.0,44290.0,44240.0,44240.0,44240.0,2474
2025-08-14 00:38:00,44250.0,44270.0,44250.0,44260.0,44260.0,1813
2025-08-14 00:40:00,44250.0,44260.0,44210.0,44220.0,44220.0,2310
2025-08-14 00:42:00,44220.0,44220.0,44170.0,44180.0,44180.0,2240
2025-08-14 00:44:00,44190.0,44210.0,44170.0,44210.0,44210.0,4855
2025-08-14 00:46:00,44220.0,44240.0,44200.0,44230.0,44230.0,3005
2025-08-14 00:48:00,44230.0,44240.0,44210.0,44220.0,44220.0,831
2025-08-14 00:50:00,44210.0,44220.0,44180.0,44200.0,44200.0,1531
2025-08-14 00:52:00,44200.0,44200.0,44150.0,44160.0,44160.0,2757
2025-08-14 00:54:00,44160.0,44200.0,44160.0,44170.0,44170.0,576
2025-08-14 00:56:00,44190.0,44210.0,44180.0,44180.0,44180.0,1039
2025-08-14 00:58:00,44190.0,44200.0,44190.0,44200.0,44200.0,83
2025-08-14 01:00:00,44180.0,44200.0,44170.0,44190.0,44190.0,825
2025-08-14 01:02:00,44180.0,44190.0,44170.0,44170.0,44170.0,591
2025-08-14 01:04:00,44170.0,44220.0,44170.0,44210.0,44210.0,1432
2025-08-14 01:06:00,44210.0,44220.0,44210.0,44220.0,44220.0,574
2025-08-14 01:08:00,44200.0,44200.0,44180.0,44180.0,44180.0,720
2025-08-14 01:10:00,44180.0,44190.0,44170.0,44170.0,44170.0,3922
2025-08-14 01:12:00,44160.0,44160.0,44100.0,44100.0,44100.0,3300
2025-08-14 01:14:00,44100.0,44120.0,44050.0,44080.0,44080.0,1589
2025-08-14 01:16:00,44080.0,44100.0,44030.0,44030.0,44030.0,1561
2025-08-14 01:18:00,44020.0,44030.0,43980.0,44020.0,44020.0,4166
2025-08-14 01:20:00,44020.0,44020.0,44000.0,44000.0,44000.0,551
2025-08-14 01:22:00,44010.0,44010.0,43980.0,43990.0,43990.0,651
2025-08-14 01:24:00,43990.0,44040.0,43990.0,44040.0,44040.0,2454
2025-08-14 01:26:00,44020.0,44070.0,44020.0,44070.0,44070.0,999
2025-08-14 01:28:00,44070.0,44070.0,44060.0,44070.0,44070.0,586
2025-08-14 01:30:00,44060.0,44070.0,44040.0,44050.0,44050.0,698
2025-08-14 01:32:00,44050.0,44090.0,44050.0,44090.0,44090.0,402
2025-08-14 01:34:00,44100.0,44100.0,44070.0,44070.0,44070.0,368
2025-08-14 01:36:00,44060.0,44070.0,44050.0,44060.0,44060.0,864
2025-08-14 01:38:00,44040.0,44050.0,44040.0,44040.0,44040.0,526
2025-08-14 01:40:00,44030.0,44060.0,44020.0,44020.0,44020.0,1967
2025-08-14 01:42:00,44020.0,44020.0,44000.0,44000.0,44000.0,1180
2025-08-14 01:44:00,43990.0,44000.0,43990.0,43990.0,43990.0,438
2025-08-14 01:46:00,43990.0,43990.0,43960.0,43980.0,43980.0,1035
2025-08-14 01:48:00,44000.0,44000.0,43990.0,43990.0,43990.0,562
2025-08-14 01:50:00,43990.0,44000.0,43970.0,43970.0,43970.0,368
2025-08-14 01:52:00,43970.0,44010.0,43970.0,44000.0,44000.0,1407
2025-08-14 01:54:00,43990.0,44000.0,43970.0,43970.0,43970.0,85
2025-08-14 01:56:00,43970.0,43970.0,43950.0,43960.0,43960.0,250
2025-08-14 01:58:00,43980.0,44000.0,43980.0,43990.0,43990.0,197
2025-08-14 02:00:00,43990.0,44000.0,43980.0,44000.0,44000.0,1669
2025-08-14 02:02:00,43970.0,43980.0,43960.0,43980.0,43980.0,666
2025-08-14 02:04:00,43990.0,44010.0,43980.0,43980.0,43980.0,95
2025-08-14 02:06:00,44000.0,44000.0,44000.0,44000.0,44000.0,2
2025-08-14 02:08:00,44000.0,44000.0,43980.0,44000.0,44000.0,150
2025-08-14 02:10:00,43990.0,43990.0,43970.0,43980.0,43980.0,1010
2025-08-14 02:12:00,43990.0,44010.0,43990.0,44000.0,44000.0,1057
2025-08-14 02:14:00,44000.0,44020.0,44000.0,44020.0,44020.0,4102
2025-08-14 02:16:00,44020.0,44030.0,44020.0,44030.0,44030.0,377
2025-08-14 02:18:00,44030.0,44030.0,44030.0,44030.0,44030.0,24
2025-08-14 02:20:00,44020.0,44020.0,43990.0,44010.0,44010.0,3500
2025-08-14 02:22:00,44000.0,44020.0,44000.0,44020.0,44020.0,23
2025-08-14 02:24:00,44010.0,44020.0,44000.0,44010.0,44010.0,125
2025-08-14 02:26:00,44020.0,44030.0,44010.0,44020.0,44020.0,417
2025-08-14 02:28:00,44030.0,44040.0,44030.0,44040.0,44040.0,560
2025-08-14 02:30:00,44040.0,44040.0,44040.0,44040.0,44040.0,1201
2025-08-14 03:30:00,44020.0,44020.0,44000.0,44000.0,44000.0,3134
2025-08-14 03:32:00,44000.0,44040.0,44000.0,44040.0,44040.0,1195
2025-08-14 03:34:00,44050.0,44050.0,44020.0,44040.0,44040.0,72
2025-08-14 03:36:00,44030.0,44030.0,44000.0,44000.0,44000.0,3705
2025-08-14 03:38:00,44000.0,44010.0,43960.0,43970.0,43970.0,1466
2025-08-14 03:40:00,43960.0,43980.0,43960.0,43970.0,43970.0,135
2025-08-14 03:42:00,43980.0,43980.0,43920.0,43920.0,43920.0,2466
2025-08-14 03:44:00,43930.0,43940.0,43920.0,43920.0,43920.0,511
2025-08-14 03:46:00,43920.0,43940.0,43920.0,43930.0,43930.0,4675
2025-08-14 03:48:00,43940.0,43960.0,43940.0,43940.0,43940.0,1127
2025-08-14 03:50:00,43930.0,43970.0,43930.0,43970.0,43970.0,6655
2025-08-14 03:52:00,43960.0,43970.0,43960.0,43960.0,43960.0,227
2025-08-14 03:54:00,43950.0,43950.0,43940.0,43940.0,43940.0,237
2025-08-14 03:56:00,43950.0,43950.0,43940.0,43950.0,43950.0,55
2025-08-14 03:58:00,43960.0,43970.0,43960.0,43970.0,43970.0,229
2025-08-14 04:00:00,43960.0,43980.0,43960.0,43980.0,43980.0,236
2025-08-14 04:02:00,43970.0,43980.0,43960.0,43960.0,43960.0,130
2025-08-14 04:04:00,43960.0,43980.0,43960.0,43980.0,43980.0,163
2025-08-14 04:06:00,43970.0,43980.0,43960.0,43980.0,43980.0,64
2025-08-14 04:08:00,43990.0,43990.0,43980.0,43990.0,43990.0,461
2025-08-14 04:10:00,44000.0,44010.0,43990.0,44010.0,44010.0,2713
2025-08-14 04:12:00,44000.0,44000.0,43990.0,44000.0,44000.0,249
2025-08-14 04:14:00,44000.0,44010.0,44000.0,44010.0,44010.0,1176
2025-08-14 04:16:00,44020.0,44040.0,44020.0,44040.0,44040.0,247
2025-08-14 04:18:00,44030.0,44030.0,44020.0,44020.0,44020.0,54
2025-08-14 04:20:00,44030.0,44030.0,44000.0,44000.0,44000.0,296
2025-08-14 04:22:00,43990.0,43990.0,43960.0,43970.0,43970.0,427
2025-08-14 04:24:00,43970.0,43980.0,43960.0,43980.0,43980.0,202
2025-08-14 04:26:00,43960.0,43970.0,43960.0,43970.0,43970.0,1930
2025-08-14 04:28:00,43980.0,43980.0,43980.0,43980.0,43980.0,349
2025-08-14 04:30:00,43970.0,43970.0,43960.0,43970.0,43970.0,978
2025-08-14 04:32:00,43980.0,43980.0,43970.0,43970.0,43970.0,144
2025-08-14 04:34:00,44000.0,44000.0,44000.0,44000.0,44000.0,131
2025-08-14 04:36:00,44000.0,44030.0,44000.0,44010.0,44010.0,338
2025-08-14 04:38:00,44000.0,44020.0,44000.0,44000.0,44000.0,38
2025-08-14 04:40:00,44010.0,44010.0,44010.0,44010.0,44010.0,3
2025-08-14 04:42:00,43990.0,44000.0,43980.0,44000.0,44000.0,6094
2025-08-14 04:44:00,44000.0,44010.0,43990.0,44000.0,44000.0,4256
2025-08-14 04:46:00,44000.0,44000.0,43980.0,43980.0,43980.0,1133
2025-08-14 04:48:00,43980.0,43980.0,43970.0,43970.0,43970.0,642
2025-08-14 04:50:00,43970.0,43970.0,43970.0,43970.0,43970.0,260
2025-08-14 04:52:00,43970.0,43970.0,43970.0,43970.0,43970.0,1433
2025-08-14 04:54:00,43970.0,43970.0,43950.0,43960.0,43960.0,751
2025-08-14 04:56:00,43970.0,43970.0,43970.0,43970.0,43970.0,438
2025-08-14 04:58:00,43980.0,43980.0,43970.0,43970.0,43970.0,1914
2025-08-14 05:00:00,43960.0,43970.0,43960.0,43960.0,43960.0,153
2025-08-14 05:02:00,43950.0,43970.0,43950.0,43970.0,43970.0,51
2025-08-14 05:04:00,43960.0,43960.0,43950.0,43960.0,43960.0,329
2025-08-14 05:06:00,43960.0,43960.0,43940.0,43940.0,43940.0,1568
2025-08-14 05:08:00,43940.0,43960.0,43940.0,43950.0,43950.0,39
2025-08-14 05:10:00,43950.0,43970.0,43950.0,43970.0,43970.0,606
2025-08-14 05:12:00,43970.0,43970.0,43960.0,43970.0,43970.0,3
2025-08-14 05:14:00,43980.0,43980.0,43960.0,43970.0,43970.0,59
2025-08-14 05:16:00,43970.0,43990.0,43970.0,43990.0,43990.0,414
2025-08-14 05:18:00,44000.0,44000.0,43970.0,43970.0,43970.0,213
2025-08-14 05:20:00,43970.0,43970.0,43970.0,43970.0,43970.0,33
2025-08-14 05:22:00,43960.0,43970.0,43960.0,43970.0,43970.0,41
2025-08-14 05:24:00,43970.0,43970.0,43970.0,43970.0,43970.0,13
2025-08-14 05:26:00,43970.0,43990.0,43970.0,43990.0,43990.0,74
2025-08-14 05:28:00,44000.0,44020.0,44000.0,44010.0,44010.0,135
2025-08-14 05:30:00,44010.0,44030.0,44010.0,44030.0,44030.0,1186
2025-08-14 05:32:00,44030.0,44060.0,44030.0,44050.0,44050.0,3485
2025-08-14 05:34:00,44050.0,44060.0,44050.0,44050.0,44050.0,2373
2025-08-14 05:36:00,44050.0,44050.0,44020.0,44020.0,44020.0,5036
2025-08-14 05:38:00,44020.0,44020.0,44000.0,44020.0,44020.0,189
2025-08-14 05:40:00,44010.0,44010.0,44000.0,44010.0,44010.0,332
2025-08-14 05:42:00,44010.0,44010.0,44000.0,44000.0,44000.0,480
2025-08-14 05:44:00,43990.0,44010.0,43990.0,44010.0,44010.0,372
2025-08-14 05:46:00,44000.0,44020.0,44000.0,44010.0,44010.0,670
2025-08-14 05:48:00,44000.0,44010.0,43990.0,43990.0,43990.0,165
2025-08-14 05:50:00,43990.0,43990.0,43960.0,43970.0,43970.0,660
2025-08-14 05:52:00,43980.0,44000.0,43980.0,43990.0,43990.0,23
2025-08-14 05:54:00,43990.0,43990.0,43980.0,43980.0,43980.0,124
2025-08-14 05:56:00,43980.0,44000.0,43980.0,43990.0,43990.0,15
2025-08-14 05:58:00,43990.0,44020.0,43990.0,44020.0,44020.0,5471
2025-08-14 06:00:00,44010.0,44020.0,44010.0,44020.0,44020.0,96
2025-08-14 06:02:00,44020.0,44030.0,44010.0,44020.0,44020.0,56
2025-08-14 06:04:00,44020.0,44030.0,44020.0,44030.0,44030.0,145
2025-08-14 06:06:00,44020.0,44030.0,44020.0,44020.0,44020.0,217
2025-08-14 06:08:00,44020.0,44020.0,44020.0,44020.0,44020.0,55
2025-08-14 06:10:00,44020.0,44020.0,44000.0,44000.0,44000.0,211
2025-08-14 06:12:00,44000.0,44000.0,43980.0,43980.0,43980.0,509
2025-08-14 06:14:00,43980.0,43990.0,43980.0,43980.0,43980.0,1045
2025-08-14 06:16:00,43980.0,43990.0,43980.0,43990.0,43990.0,44
2025-08-14 06:18:00,43990.0,44010.0,43990.0,44010.0,44010.0,872
2025-08-14 06:20:00,44000.0,44000.0,43970.0,43970.0,43970.0,8455
2025-08-14 06:22:00,43980.0,43980.0,43950.0,43970.0,43970.0,12099
2025-08-14 06:24:00,43970.0,43970.0,43950.0,43970.0,43970.0,2458
2025-08-15 00:04:00,44260.0,44280.0,44240.0,44240.0,44240.0,19632
2025-08-15 00:06:00,44240.0,44250.0,44210.0,44240.0,44240.0,3247
2025-08-15 00:08:00,44230.0,44270.0,44190.0,44200.0,44200.0,4599
2025-08-15 00:10:00,44180.0,44240.0,44180.0,44230.0,44230.0,1179
2025-08-15 00:12:00,44240.0,44270.0,44220.0,44220.0,44220.0,5494
2025-08-15 00:14:00,44210.0,44250.0,44210.0,44220.0,44220.0,2864
2025-08-15 00:16:00,44210.0,44210.0,44150.0,44190.0,44190.0,10571
2025-08-15 00:18:00,44190.0,44190.0,44100.0,44100.0,44100.0,872
2025-08-15 00:20:00,44110.0,44130.0,44080.0,44110.0,44110.0,1300
2025-08-15 00:22:00,44120.0,44120.0,44090.0,44100.0,44100.0,628
2025-08-15 00:24:00,44100.0,44100.0,44040.0,44070.0,44070.0,2455
2025-08-15 00:26:00,44070.0,44090.0,44070.0,44090.0,44090.0,649
2025-08-15 00:28:00,44090.0,44110.0,44090.0,44110.0,44110.0,171
2025-08-15 00:30:00,44120.0,44200.0,44110.0,44190.0,44190.0,1567
2025-08-15 00:32:00,44170.0,44200.0,44160.0,44200.0,44200.0,1154
2025-08-15 00:34:00,44200.0,44220.0,44190.0,44190.0,44190.0,1187
2025-08-15 00:36:00,44180.0,44220.0,44180.0,44210.0,44210.0,2596
2025-08-15 00:38:00,44200.0,44230.0,44200.0,44210.0,44210.0,1419
2025-08-15 00:40:00,44210.0,44210.0,44190.0,44210.0,44210.0,573
2025-08-15 00:42:00,44220.0,44230.0,44200.0,44200.0,44200.0,121
2025-08-15 00:44:00,44210.0,44280.0,44210.0,44280.0,44280.0,2731
2025-08-15 00:46:00,44270.0,44280.0,44260.0,44270.0,44270.0,1878
2025-08-15 00:48:00,44270.0,44270.0,44240.0,44250.0,44250.0,408
2025-08-15 00:50:00,44240.0,44240.0,44220.0,44240.0,44240.0,978
2025-08-15 00:52:00,44230.0,44230.0,44220.0,44230.0,44230.0,234
2025-08-15 00:54:00,44230.0,44230.0,44200.0,44200.0,44200.0,1880
2025-08-15 00:56:00,44200.0,44210.0,44190.0,44200.0,44200.0,552
2025-08-15 00:58:00,44200.0,44210.0,44200.0,44210.0,44210.0,1236
2025-08-15 01:00:00,44210.0,44210.0,44190.0,44190.0,44190.0,384
2025-08-15 01:02:00,44200.0,44220.0,44200.0,44210.0,44210.0,170
2025-08-15 01:04:00,44200.0,44200.0,44150.0,44150.0,44150.0,1379
2025-08-15 01:06:00,44140.0,44170.0,44140.0,44170.0,44170.0,260
2025-08-15 01:08:00,44180.0,44230.0,44180.0,44200.0,44200.0,760
2025-08-15 01:10:00,44200.0,44200.0,44180.0,44190.0,44190.0,1600
2025-08-15 01:12:00,44170.0,44180.0,44160.0,44160.0,44160.0,409
2025-08-15 01:14:00,44180.0,44200.0,44180.0,44180.0,44180.0,73
2025-08-15 01:16:00,44170.0,44180.0,44160.0,44160.0,44160.0,237
2025-08-15 01:18:00,44150.0,44160.0,44140.0,44150.0,44150.0,2913
2025-08-15 01:20:00,44160.0,44170.0,44160.0,44160.0,44160.0,93
2025-08-15 01:22:00,44160.0,44180.0,44150.0,44180.0,44180.0,594
2025-08-15 01:24:00,44160.0,44170.0,44160.0,44160.0,44160.0,73
2025-08-15 01:26:00,44170.0,44180.0,44170.0,44180.0,44180.0,53
2025-08-15 01:28:00,44180.0,44200.0,44180.0,44200.0,44200.0,310
2025-08-15 01:30:00,44200.0,44230.0,44200.0,44230.0,44230.0,2917
2025-08-15 01:32:00,44230.0,44240.0,44200.0,44200.0,44200.0,36
2025-08-15 01:34:00,44200.0,44230.0,44200.0,44230.0,44230.0,1475
2025-08-15 01:36:00,44230.0,44250.0,44230.0,44240.0,44240.0,2130
2025-08-15 01:38:00,44240.0,44240.0,44230.0,44240.0,44240.0,433
2025-08-15 01:40:00,44250.0,44270.0,44250.0,44270.0,44270.0,1528
2025-08-15 01:42:00,44270.0,44270.0,44250.0,44260.0,44260.0,1074
2025-08-15 01:44:00,44260.0,44270.0,44260.0,44260.0,44260.0,646
2025-08-15 01:46:00,44240.0,44250.0,44230.0,44250.0,44250.0,490
2025-08-15 01:48:00,44260.0,44260.0,44250.0,44250.0,44250.0,1099
2025-08-15 01:50:00,44240.0,44240.0,44220.0,44220.0,44220.0,1510
2025-08-15 01:52:00,44240.0,44250.0,44240.0,44250.0,44250.0,25
2025-08-15 01:54:00,44250.0,44250.0,44240.0,44250.0,44250.0,74
2025-08-15 01:56:00,44260.0,44260.0,44260.0,44260.0,44260.0,1065
2025-08-15 01:58:00,44240.0,44260.0,44240.0,44260.0,44260.0,251
2025-08-15 02:00:00,44260.0,44290.0,44260.0,44290.0,44290.0,5705
2025-08-15 02:02:00,44290.0,44290.0,44280.0,44290.0,44290.0,1207
2025-08-15 02:04:00,44300.0,44320.0,44300.0,44320.0,44320.0,1426
2025-08-15 02:06:00,44310.0,44310.0,44300.0,44300.0,44300.0,242
2025-08-15 02:08:00,44310.0,44320.0,44310.0,44310.0,44310.0,179
2025-08-15 02:10:00,44320.0,44320.0,44310.0,44310.0,44310.0,45
2025-08-15 02:12:00,44310.0,44320.0,44280.0,44280.0,44280.0,356
2025-08-15 02:14:00,44290.0,44300.0,44270.0,44290.0,44290.0,573
2025-08-15 02:16:00,44300.0,44300.0,44290.0,44300.0,44300.0,180
2025-08-15 02:18:00,44300.0,44300.0,44290.0,44300.0,44300.0,638
2025-08-15 02:20:00,44280.0,44300.0,44280.0,44300.0,44300.0,98
2025-08-15 02:22:00,44300.0,44300.0,44290.0,44300.0,44300.0,33
2025-08-15 02:24:00,44310.0,44330.0,44310.0,44320.0,44320.0,1419
2025-08-15 02:26:00,44330.0,44340.0,44320.0,44320.0,44320.0,818
2025-08-15 02:28:00,44310.0,44360.0,44310.0,44360.0,44360.0,3803
2025-08-15 02:30:00,44350.0,44350.0,44350.0,44350.0,44350.0,1264
2025-08-15 03:30:00,44380.0,44420.0,44370.0,44420.0,44420.0,3497
2025-08-15 03:32:00,44410.0,44420.0,44380.0,44390.0,44390.0,432
2025-08-15 03:34:00,44390.0,44410.0,44390.0,44410.0,44410.0,917
2025-08-15 03:36:00,44410.0,44420.0,44410.0,44420.0,44420.0,2190
2025-08-15 03:38:00,44410.0,44420.0,44400.0,44420.0,44420.0,1675
2025-08-15 03:40:00,44410.0,44410.0,44380.0,44400.0,44400.0,753
2025-08-15 03:42:00,44400.0,44410.0,44400.0,44410.0,44410.0,1156
2025-08-15 03:44:00,44410.0,44440.0,44410.0,44440.0,44440.0,2252
2025-08-15 03:46:00,44440.0,44480.0,44440.0,44460.0,44460.0,1739
2025-08-15 03:48:00,44460.0,44480.0,44450.0,44450.0,44450.0,232
2025-08-15 03:50:00,44450.0,44480.0,44440.0,44440.0,44440.0,1028
2025-08-15 03:52:00,44460.0,44480.0,44460.0,44470.0,44470.0,343
2025-08-15 03:54:00,44470.0,44490.0,44460.0,44480.0,44480.0,4413
2025-08-15 03:56:00,44470.0,44490.0,44470.0,44490.0,44490.0,1881
2025-08-15 03:58:00,44490.0,44500.0,44490.0,44490.0,44490.0,1626
2025-08-15 04:00:00,44480.0,44510.0,44480.0,44500.0,44500.0,1282
2025-08-15 04:02:00,44500.0,44540.0,44500.0,44530.0,44530.0,2255
2025-08-15 04:04:00,44540.0,44560.0,44540.0,44550.0,44550.0,2037
2025-08-15 04:06:00,44540.0,44550.0,44510.0,44510.0,44510.0,986
2025-08-15 04:08:00,44510.0,44510.0,44490.0,44500.0,44500.0,4854
2025-08-15 04:10:00,44510.0,44530.0,44510.0,44520.0,44520.0,3809
2025-08-15 04:12:00,44510.0,44520.0,44490.0,44490.0,44490.0,838
2025-08-15 04:14:00,44490.0,44510.0,44480.0,44510.0,44510.0,721
2025-08-15 04:16:00,44510.0,44510.0,44500.0,44510.0,44510.0,247
2025-08-15 04:18:00,44500.0,44530.0,44500.0,44530.0,44530.0,235
2025-08-15 04:20:00,44510.0,44530.0,44510.0,44530.0,44530.0,437
2025-08-15 04:22:00,44520.0,44540.0,44520.0,44530.0,44530.0,485
2025-08-15 04:24:00,44540.0,44540.0,44520.0,44520.0,44520.0,557
2025-08-15 04:26:00,44530.0,44540.0,44520.0,44540.0,44540.0,967
2025-08-15 04:28:00,44550.0,44570.0,44540.0,44570.0,44570.0,3983
2025-08-15 04:30:00,44560.0,44560.0,44550.0,44560.0,44560.0,106
2025-08-15 04:32:00,44550.0,44560.0,44550.0,44560.0,44560.0,1620
2025-08-15 04:34:00,44570.0,44590.0,44570.0,44570.0,44570.0,1377
2025-08-15 04:36:00,44570.0,44580.0,44560.0,44580.0,44580.0,102
2025-08-15 04:38:00,44590.0,44590.0,44570.0,44580.0,44580.0,2740
2025-08-15 04:40:00,44580.0,44580.0,44570.0,44580.0,44580.0,41
2025-08-15 04:42:00,44580.0,44610.0,44580.0,44600.0,44600.0,4331
2025-08-15 04:44:00,44600.0,44620.0,44590.0,44590.0,44590.0,1345
2025-08-15 04:46:00,44580.0,44590.0,44570.0,44570.0,44570.0,332
2025-08-15 04:48:00,44570.0,44570.0,44570.0,44570.0,44570.0,670
2025-08-15 04:50:00,44570.0,44570.0,44560.0,44560.0,44560.0,1581
2025-08-15 04:52:00,44560.0,44560.0,44540.0,44560.0,44560.0,5483
2025-08-15 04:54:00,44550.0,44590.0,44550.0,44590.0,44590.0,3952
2025-08-15 04:56:00,44600.0,44600.0,44590.0,44600.0,44600.0,696
2025-08-15 04:58:00,44590.0,44590.0,44580.0,44580.0,44580.0,53
2025-08-15 05:00:00,44590.0,44610.0,44590.0,44600.0,44600.0,397
2025-08-15 05:02:00,44600.0,44610.0,44590.0,44610.0,44610.0,601
2025-08-15 05:04:00,44610.0,44630.0,44610.0,44610.0,44610.0,599
2025-08-15 05:06:00,44610.0,44670.0,44610.0,44650.0,44650.0,3953
2025-08-15 05:08:00,44670.0,44670.0,44640.0,44660.0,44660.0,382
2025-08-15 05:10:00,44650.0,44670.0,44650.0,44660.0,44660.0,1901
2025-08-15 05:12:00,44650.0,44660.0,44650.0,44650.0,44650.0,401
2025-08-15 05:14:00,44650.0,44660.0,44640.0,44660.0,44660.0,109
2025-08-15 05:16:00,44670.0,44670.0,44660.0,44660.0,44660.0,651
2025-08-15 05:18:00,44660.0,44660.0,44650.0,44650.0,44650.0,426
2025-08-15 05:20:00,44660.0,44670.0,44650.0,44650.0,44650.0,525
2025-08-15 05:22:00,44650.0,44660.0,44640.0,44660.0,44660.0,65
2025-08-15 05:24:00,44650.0,44660.0,44650.0,44660.0,44660.0,166
2025-08-15 05:26:00,44660.0,44660.0,44640.0,44640.0,44640.0,744
2025-08-15 05:28:00,44650.0,44650.0,44630.0,44630.0,44630.0,277
2025-08-15 05:30:00,44640.0,44660.0,44640.0,44650.0,44650.0,690
2025-08-15 05:32:00,44660.0,44670.0,44650.0,44670.0,44670.0,39
2025-08-15 05:34:00,44670.0,44670.0,44650.0,44650.0,44650.0,41
2025-08-15 05:36:00,44660.0,44690.0,44660.0,44680.0,44680.0,1875
2025-08-15 05:38:00,44680.0,44700.0,44680.0,44700.0,44700.0,1233
2025-08-15 05:40:00,44700.0,44700.0,44680.0,44690.0,44690.0,137
2025-08-15 05:42:00,44690.0,44690.0,44670.0,44680.0,44680.0,605
2025-08-15 05:44:00,44680.0,44690.0,44670.0,44670.0,44670.0,39
2025-08-15 05:46:00,44670.0,44680.0,44670.0,44670.0,44670.0,246
2025-08-15 05:48:00,44680.0,44680.0,44660.0,44660.0,44660.0,184
2025-08-15 05:50:00,44660.0,44680.0,44660.0,44670.0,44670.0,482
2025-08-15 05:52:00,44660.0,44680.0,44660.0,44670.0,44670.0,2206
2025-08-15 05:54:00,44680.0,44690.0,44670.0,44690.0,44690.0,439
2025-08-15 05:56:00,44690.0,44690.0,44670.0,44670.0,44670.0,86
2025-08-15 05:58:00,44680.0,44690.0,44670.0,44690.0,44690.0,175
2025-08-15 06:00:00,44680.0,44700.0,44670.0,44670.0,44670.0,2621
2025-08-15 06:02:00,44670.0,44690.0,44670.0,44680.0,44680.0,173
2025-08-15 06:04:00,44690.0,44690.0,44650.0,44650.0,44650.0,628
2025-08-15 06:06:00,44640.0,44640.0,44600.0,44640.0,44640.0,6316
2025-08-15 06:08:00,44650.0,44660.0,44650.0,44650.0,44650.0,409
2025-08-15 06:10:00,44640.0,44660.0,44630.0,44660.0,44660.0,349
2025-08-15 06:12:00,44670.0,44680.0,44660.0,44670.0,44670.0,548
2025-08-15 06:14:00,44660.0,44680.0,44660.0,44660.0,44660.0,555
2025-08-15 06:16:00,44660.0,44690.0,44660.0,44680.0,44680.0,443
2025-08-15 06:18:00,44680.0,44700.0,44680.0,44700.0,44700.0,617
2025-08-15 06:20:00,44700.0,44730.0,44690.0,44730.0,44730.0,10953
2025-08-15 06:22:00,44720.0,44730.0,44700.0,44710.0,44710.0,8802
2025-08-15 06:24:00,44710.0,44710.0,44690.0,44700.0,44700.0,2780
2025-08-18 00:00:00,44800.0,44850.0,44790.0,44850.0,44850.0,10750
2025-08-18 00:02:00,44840.0,44850.0,44770.0,44810.0,44810.0,2238
2025-08-18 00:04:00,44810.0,44830.0,44770.0,44780.0,44780.0,370
2025-08-18 00:06:00,44780.0,44850.0,44780.0,44850.0,44850.0,1661
2025-08-18 00:08:00,44850.0,44920.0,44840.0,44910.0,44910.0,3164
2025-08-18 00:10:00,44910.0,44980.0,44870.0,44980.0,44980.0,11414
2025-08-18 00:12:00,44970.0,45040.0,44960.0,45040.0,45040.0,6315
2025-08-18 00:14:00,45030.0,45040.0,44940.0,44940.0,44940.0,1408
2025-08-18 00:16:00,44960.0,44970.0,44920.0,44930.0,44930.0,1766
2025-08-18 00:18:00,44920.0,44940.0,44870.0,44870.0,44870.0,1332
2025-08-18 00:20:00,44870.0,44880.0,44800.0,44860.0,44860.0,3770
2025-08-18 00:22:00,44860.0,44920.0,44860.0,44920.0,44920.0,2806
2025-08-18 00:24:00,44930.0,44950.0,44920.0,44940.0,44940.0,2610
2025-08-18 00:26:00,44930.0,44960.0,44910.0,44960.0,44960.0,917
2025-08-18 00:28:00,44960.0,44960.0,44940.0,44950.0,44950.0,522
2025-08-18 00:30:00,44940.0,44940.0,44920.0,44930.0,44930.0,245
2025-08-18 00:32:00,44910.0,44930.0,44880.0,44890.0,44890.0,2300
2025-08-18 00:34:00,44880.0,44890.0,44820.0,44820.0,44820.0,2131
2025-08-18 00:36:00,44820.0,44850.0,44810.0,44830.0,44830.0,2321
2025-08-18 00:38:00,44840.0,44850.0,44810.0,44810.0,44810.0,4248
2025-08-18 00:40:00,44800.0,44870.0,44790.0,44870.0,44870.0,1230
2025-08-18 00:42:00,44870.0,44880.0,44840.0,44880.0,44880.0,1556
2025-08-18 00:44:00,44870.0,44870.0,44740.0,44740.0,44740.0,6807
2025-08-18 00:46:00,44740.0,44770.0,44710.0,44770.0,44770.0,2333
2025-08-18 00:48:00,44770.0,44790.0,44720.0,44750.0,44750.0,1932
2025-08-18 00:50:00,44740.0,44760.0,44720.0,44740.0,44740.0,7022
2025-08-18 00:52:00,44750.0,44770.0,44740.0,44750.0,44750.0,628
2025-08-18 00:54:00,44770.0,44800.0,44770.0,44800.0,44800.0,646
2025-08-18 00:56:00,44810.0,44850.0,44810.0,44850.0,44850.0,1698
2025-08-18 00:58:00,44850.0,44870.0,44840.0,44870.0,44870.0,1690
2025-08-18 01:00:00,44880.0,44890.0,44840.0,44840.0,44840.0,666
2025-08-18 01:02:00,44850.0,44870.0,44850.0,44870.0,44870.0,602
2025-08-18 01:04:00,44870.0,44900.0,44870.0,44900.0,44900.0,3963
2025-08-18 01:06:00,44900.0,44930.0,44900.0,44930.0,44930.0,664
2025-08-18 01:08:00,44930.0,44940.0,44930.0,44940.0,44940.0,342
2025-08-18 01:10:00,44920.0,44920.0,44900.0,44910.0,44910.0,782
2025-08-18 01:12:00,44910.0,44910.0,44890.0,44890.0,44890.0,134
2025-08-18 01:14:00,44890.0,44900.0,44890.0,44900.0,44900.0,22
2025-08-18 01:16:00,44900.0,44940.0,44900.0,44930.0,44930.0,497
2025-08-18 01:18:00,44930.0,44940.0,44920.0,44940.0,44940.0,2577
2025-08-18 01:20:00,44940.0,44970.0,44940.0,44950.0,44950.0,2672
2025-08-18 01:22:00,44960.0,44960.0,44960.0,44960.0,44960.0,283
2025-08-18 01:24:00,44950.0,44980.0,44950.0,44980.0,44980.0,1038
2025-08-18 01:26:00,44990.0,45030.0,44990.0,45010.0,45010.0,4138
2025-08-18 01:28:00,45010.0,45020.0,45010.0,45010.0,45010.0,16
2025-08-18 01:30:00,45020.0,45020.0,44990.0,45010.0,45010.0,1900
2025-08-18 01:32:00,45010.0,45010.0,45000.0,45000.0,45000.0,33
2025-08-18 01:34:00,45000.0,45010.0,44970.0,44970.0,44970.0,350
2025-08-18 01:36:00,44980.0,45010.0,44980.0,44990.0,44990.0,460
2025-08-18 01:38:00,44990.0,45040.0,44990.0,45040.0,45040.0,2041
2025-08-18 01:40:00,45030.0,45040.0,45030.0,45030.0,45030.0,741
2025-08-18 01:42:00,45020.0,45020.0,45010.0,45010.0,45010.0,606
2025-08-18 01:44:00,45000.0,45020.0,44990.0,44990.0,44990.0,152
2025-08-18 01:46:00,44990.0,45000.0,44990.0,45000.0,45000.0,23
2025-08-18 01:48:00,45000.0,45010.0,45000.0,45010.0,45010.0,554
2025-08-18 01:50:00,45010.0,45010.0,45000.0,45000.0,45000.0,330
2025-08-18 01:52:00,45000.0,45010.0,45000.0,45010.0,45010.0,207
2025-08-18 01:54:00,45010.0,45010.0,45000.0,45000.0,45000.0,68
2025-08-18 01:56:00,45020.0,45020.0,45000.0,45000.0,45000.0,426
2025-08-18 01:58:00,44990.0,44990.0,44990.0,44990.0,44990.0,215
2025-08-18 02:00:00,44990.0,45000.0,44990.0,44990.0,44990.0,147
2025-08-18 02:02:00,45000.0,45010.0,45000.0,45000.0,45000.0,85
2025-08-18 02:04:00,44990.0,45030.0,44990.0,45030.0,45030.0,136
2025-08-18 02:06:00,45030.0,45030.0,45000.0,45000.0,45000.0,665
2025-08-18 02:08:00,45000.0,45000.0,45000.0,45000.0,45000.0,34
2025-08-18 02:10:00,45010.0,45040.0,45010.0,45030.0,45030.0,194
2025-08-18 02:12:00,45040.0,45090.0,45040.0,45080.0,45080.0,4054
2025-08-18 02:14:00,45080.0,45110.0,45070.0,45110.0,45110.0,1295
2025-08-18 02:16:00,45120.0,45120.0,45090.0,45090.0,45090.0,420
2025-08-18 02:18:00,45070.0,45090.0,45070.0,45090.0,45090.0,65
2025-08-18 02:20:00,45070.0,45070.0,45060.0,45060.0,45060.0,418
2025-08-18 02:22:00,45070.0,45090.0,45070.0,45090.0,45090.0,681
2025-08-18 02:24:00,45080.0,45080.0,45070.0,45070.0,45070.0,362
2025-08-18 02:26:00,45070.0,45080.0,45070.0,45080.0,45080.0,357
2025-08-18 02:28:00,45080.0,45090.0,45070.0,45080.0,45080.0,211
2025-08-18 02:30:00,45090.0,45090.0,45090.0,45090.0,45090.0,371
2025-08-18 03:30:00,45090.0,45100.0,45080.0,45090.0,45090.0,3036
2025-08-18 03:32:00,45090.0,45090.0,45070.0,45090.0,45090.0,122
2025-08-18 03:34:00,45100.0,45130.0,45100.0,45110.0,45110.0,2159
2025-08-18 03:36:00,45120.0,45130.0,45120.0,45120.0,45120.0,884
2025-08-18 03:38:00,45110.0,45130.0,45100.0,45120.0,45120.0,307
2025-08-18 03:40:00,45110.0,45180.0,45100.0,45180.0,45180.0,983
2025-08-18 03:42:00,45170.0,45170.0,45140.0,45140.0,45140.0,403
2025-08-18 03:44:00,45130.0,45150.0,45130.0,45140.0,45140.0,355
2025-08-18 03:46:00,45140.0,45150.0,45140.0,45150.0,45150.0,445
2025-08-18 03:48:00,45160.0,45160.0,45140.0,45150.0,45150.0,258
2025-08-18 03:50:00,45150.0,45160.0,45140.0,45140.0,45140.0,76
2025-08-18 03:52:00,45140.0,45140.0,45120.0,45120.0,45120.0,320
2025-08-18 03:54:00,45130.0,45150.0,45130.0,45140.0,45140.0,210
2025-08-18 03:56:00,45130.0,45130.0,45130.0,45130.0,45130.0,615
2025-08-18 03:58:00,45130.0,45150.0,45130.0,45150.0,45150.0,405
2025-08-18 04:00:00,45140.0,45140.0,45110.0,45110.0,45110.0,157
2025-08-18 04:02:00,45100.0,45120.0,45100.0,45120.0,45120.0,193
2025-08-18 04:04:00,45120.0,45120.0,45090.0,45100.0,45100.0,854
2025-08-18 04:06:00,45090.0,45090.0,45070.0,45080.0,45080.0,487
2025-08-18 04:08:00,45070.0,45070.0,45060.0,45060.0,45060.0,1806
2025-08-18 04:10:00,45070.0,45070.0,45040.0,45060.0,45060.0,268
2025-08-18 04:12:00,45070.0,45070.0,45040.0,45040.0,45040.0,2756
2025-08-18 04:14:00,45040.0,45040.0,44990.0,45010.0,45010.0,5261
2025-08-18 04:16:00,45010.0,45050.0,45010.0,45050.0,45050.0,113
2025-08-18 04:18:00,45070.0,45080.0,45060.0,45060.0,45060.0,227
2025-08-18 04:20:00,45050.0,45060.0,45050.0,45050.0,45050.0,407
2025-08-18 04:22:00,45040.0,45080.0,45040.0,45070.0,45070.0,257
2025-08-18 04:24:00,45070.0,45080.0,45060.0,45060.0,45060.0,176
2025-08-18 04:26:00,45050.0,45070.0,45040.0,45060.0,45060.0,211
2025-08-18 04:28:00,45070.0,45100.0,45070.0,45100.0,45100.0,1915
2025-08-18 04:30:00,45080.0,45090.0,45080.0,45080.0,45080.0,304
2025-08-18 04:32:00,45100.0,45100.0,45080.0,45080.0,45080.0,927
2025-08-18 04:34:00,45080.0,45100.0,45070.0,45070.0,45070.0,433
2025-08-18 04:36:00,45070.0,45080.0,45070.0,45080.0,45080.0,44
2025-08-18 04:38:00,45070.0,45070.0,45060.0,45060.0,45060.0,81
2025-08-18 04:40:00,45060.0,45060.0,45050.0,45050.0,45050.0,413
2025-08-18 04:42:00,45060.0,45070.0,45060.0,45070.0,45070.0,45
2025-08-18 04:44:00,45070.0,45070.0,45070.0,45070.0,45070.0,1
2025-08-18 04:46:00,45050.0,45070.0,45050.0,45060.0,45060.0,310
2025-08-18 04:48:00,45070.0,45070.0,45060.0,45070.0,45070.0,24
2025-08-18 04:50:00,45050.0,45050.0,45050.0,45050.0,45050.0,3
2025-08-18 04:52:00,45060.0,45060.0,45060.0,45060.0,45060.0,12
2025-08-18 04:54:00,45060.0,45070.0,45050.0,45070.0,45070.0,343
2025-08-18 04:56:00,45070.0,45070.0,45060.0,45060.0,45060.0,260
2025-08-18 04:58:00,45070.0,45080.0,45070.0,45080.0,45080.0,189
2025-08-18 05:00:00,45080.0,45110.0,45080.0,45100.0,45100.0,414
2025-08-18 05:02:00,45100.0,45130.0,45100.0,45110.0,45110.0,2159
2025-08-18 05:04:00,45110.0,45120.0,45100.0,45120.0,45120.0,321
2025-08-18 05:06:00,45120.0,45140.0,45120.0,45130.0,45130.0,715
2025-08-18 05:08:00,45130.0,45130.0,45120.0,45130.0,45130.0,117
2025-08-18 05:10:00,45120.0,45130.0,45120.0,45120.0,45120.0,5865
2025-08-18 05:12:00,45120.0,45130.0,45110.0,45130.0,45130.0,1156
2025-08-18 05:14:00,45130.0,45140.0,45130.0,45140.0,45140.0,148
2025-08-18 05:16:00,45140.0,45150.0,45140.0,45140.0,45140.0,251
2025-08-18 05:20:00,45120.0,45130.0,45120.0,45120.0,45120.0,5893
2025-08-18 05:22:00,45130.0,45130.0,45130.0,45130.0,45130.0,473
2025-08-18 05:24:00,45100.0,45100.0,45090.0,45100.0,45100.0,319
2025-08-18 05:26:00,45110.0,45110.0,45090.0,45110.0,45110.0,72
2025-08-18 05:28:00,45100.0,45100.0,45100.0,45100.0,45100.0,10
2025-08-18 05:30:00,45100.0,45100.0,45100.0,45100.0,45100.0,111
2025-08-18 05:32:00,45100.0,45110.0,45100.0,45100.0,45100.0,92
2025-08-18 05:34:00,45120.0,45120.0,45120.0,45120.0,45120.0,74
2025-08-18 05:36:00,45120.0,45120.0,45100.0,45110.0,45110.0,96
2025-08-18 05:38:00,45110.0,45110.0,45100.0,45100.0,45100.0,471
2025-08-18 05:40:00,45110.0,45110.0,45100.0,45110.0,45110.0,186
2025-08-18 05:42:00,45100.0,45110.0,45100.0,45110.0,45110.0,55
2025-08-18 05:44:00,45110.0,45110.0,45100.0,45110.0,45110.0,37
2025-08-18 05:46:00,45110.0,45110.0,45100.0,45100.0,45100.0,32
2025-08-18 05:48:00,45100.0,45110.0,45100.0,45110.0,45110.0,24
2025-08-18 05:50:00,45100.0,45110.0,45090.0,45110.0,45110.0,775
2025-08-18 05:52:00,45110.0,45110.0,45100.0,45110.0,45110.0,4801
2025-08-18 05:54:00,45110.0,45110.0,45090.0,45090.0,45090.0,1580
2025-08-18 05:56:00,45100.0,45120.0,45090.0,45120.0,45120.0,6954
2025-08-18 05:58:00,45120.0,45130.0,45110.0,45110.0,45110.0,23
2025-08-18 06:00:00,45110.0,45110.0,45090.0,45090.0,45090.0,482
2025-08-18 06:02:00,45100.0,45100.0,45070.0,45070.0,45070.0,65
2025-08-18 06:04:00,45070.0,45070.0,45070.0,45070.0,45070.0,217
2025-08-18 06:06:00,45060.0,45060.0,45060.0,45060.0,45060.0,227
2025-08-18 06:08:00,45060.0,45060.0,45040.0,45050.0,45050.0,602
2025-08-18 06:10:00,45050.0,45080.0,45050.0,45080.0,45080.0,127
2025-08-18 06:12:00,45070.0,45070.0,45060.0,45060.0,45060.0,1055
2025-08-18 06:14:00,45060.0,45060.0,45030.0,45040.0,45040.0,270
2025-08-18 06:16:00,45040.0,45040.0,45030.0,45030.0,45030.0,136
2025-08-18 06:18:00,45030.0,45030.0,45020.0,45020.0,45020.0,44
2025-08-18 06:20:00,45020.0,45030.0,45010.0,45030.0,45030.0,535
2025-08-18 06:22:00,45040.0,45040.0,45020.0,45020.0,45020.0,402
2025-08-18 06:24:00,45020.0,45040.0,45020.0,45030.0,45030.0,232
2025-08-19 00:04:00,45180.0,45200.0,45140.0,45170.0,45170.0,19932
2025-08-19 00:06:00,45180.0,45220.0,45160.0,45220.0,45220.0,7235
2025-08-19 00:08:00,45210.0,45210.0,45150.0,45160.0,45160.0,4302
2025-08-19 00:10:00,45140.0,45170.0,45080.0,45080.0,45080.0,5156
2025-08-19 00:12:00,45080.0,45110.0,45060.0,45060.0,45060.0,1031
2025-08-19 00:14:00,45080.0,45110.0,45080.0,45110.0,45110.0,4082
2025-08-19 00:16:00,45090.0,45100.0,45080.0,45090.0,45090.0,445
2025-08-19 00:18:00,45100.0,45100.0,45080.0,45080.0,45080.0,2875
2025-08-19 00:20:00,45080.0,45110.0,45060.0,45110.0,45110.0,1524
2025-08-19 00:22:00,45090.0,45140.0,45090.0,45140.0,45140.0,4101
2025-08-19 00:24:00,45140.0,45140.0,45130.0,45130.0,45130.0,3915
2025-08-19 00:26:00,45130.0,45140.0,45100.0,45100.0,45100.0,1661
2025-08-19 00:28:00,45100.0,45180.0,45100.0,45170.0,45170.0,3074
2025-08-19 00:30:00,45170.0,45200.0,45160.0,45180.0,45180.0,4504
2025-08-19 00:32:00,45180.0,45190.0,45080.0,45080.0,45080.0,3074
2025-08-19 00:34:00,45080.0,45100.0,45080.0,45100.0,45100.0,310
2025-08-19 00:36:00,45100.0,45100.0,45010.0,45010.0,45010.0,3018
2025-08-19 00:38:00,45010.0,45010.0,44970.0,44980.0,44980.0,1175
2025-08-19 00:40:00,44980.0,45000.0,44890.0,44890.0,44890.0,2764
2025-08-19 00:42:00,44890.0,44910.0,44850.0,44870.0,44870.0,3875
2025-08-19 00:44:00,44890.0,44910.0,44860.0,44900.0,44900.0,1368
2025-08-19 00:46:00,44900.0,44940.0,44880.0,44910.0,44910.0,1619
2025-08-19 00:48:00,44920.0,44920.0,44880.0,44910.0,44910.0,1350
2025-08-19 00:50:00,44920.0,44920.0,44900.0,44900.0,44900.0,332
2025-08-19 00:52:00,44900.0,44910.0,44870.0,44870.0,44870.0,938
2025-08-19 00:54:00,44870.0,44870.0,44860.0,44870.0,44870.0,1301
2025-08-19 00:56:00,44880.0,44890.0,44850.0,44850.0,44850.0,1155
2025-08-19 00:58:00,44850.0,44860.0,44810.0,44820.0,44820.0,2754
2025-08-19 01:00:00,44830.0,44840.0,44740.0,44760.0,44760.0,4521
2025-08-19 01:02:00,44770.0,44840.0,44770.0,44840.0,44840.0,1140
2025-08-19 01:04:00,44850.0,44870.0,44840.0,44850.0,44850.0,3373
2025-08-19 01:06:00,44840.0,44880.0,44840.0,44870.0,44870.0,812
2025-08-19 01:08:00,44880.0,44900.0,44870.0,44900.0,44900.0,1530
2025-08-19 01:10:00,44890.0,44910.0,44850.0,44850.0,44850.0,1067
2025-08-19 01:12:00,44880.0,44890.0,44820.0,44820.0,44820.0,1456
2025-08-19 01:14:00,44820.0,44850.0,44820.0,44850.0,44850.0,957
2025-08-19 01:16:00,44860.0,44860.0,44850.0,44860.0,44860.0,1125
2025-08-19 01:18:00,44870.0,44900.0,44870.0,44900.0,44900.0,1182
2025-08-19 01:20:00,44900.0,44940.0,44900.0,44930.0,44930.0,1153
2025-08-19 01:22:00,44910.0,44950.0,44910.0,44950.0,44950.0,374
2025-08-19 01:24:00,44950.0,44950.0,44930.0,44950.0,44950.0,2057
2025-08-19 01:26:00,44960.0,44970.0,44940.0,44950.0,44950.0,2805
2025-08-19 01:28:00,44950.0,44960.0,44950.0,44950.0,44950.0,540
2025-08-19 01:30:00,44950.0,44990.0,44950.0,44980.0,44980.0,496
2025-08-19 01:32:00,44980.0,45000.0,44980.0,45000.0,45000.0,1094
2025-08-19 01:34:00,44990.0,44990.0,44990.0,44990.0,44990.0,1
2025-08-19 01:36:00,44980.0,44980.0,44960.0,44960.0,44960.0,136
2025-08-19 01:38:00,44960.0,44980.0,44960.0,44980.0,44980.0,401
2025-08-19 01:40:00,44980.0,45010.0,44980.0,45000.0,45000.0,867
2025-08-19 01:42:00,45010.0,45030.0,45010.0,45030.0,45030.0,645
2025-08-19 01:44:00,45030.0,45040.0,45010.0,45020.0,45020.0,271
2025-08-19 01:46:00,45020.0,45030.0,45020.0,45030.0,45030.0,162
2025-08-19 01:48:00,45030.0,45040.0,45020.0,45040.0,45040.0,862
2025-08-19 01:50:00,45040.0,45040.0,45030.0,45040.0,45040.0,463
2025-08-19 01:52:00,45050.0,45050.0,45050.0,45050.0,45050.0,61
2025-08-19 01:54:00,45040.0,45050.0,45030.0,45040.0,45040.0,87
2025-08-19 01:56:00,45040.0,45070.0,45040.0,45070.0,45070.0,792
2025-08-19 01:58:00,45070.0,45070.0,45050.0,45050.0,45050.0,47
2025-08-19 02:00:00,45050.0,45050.0,45050.0,45050.0,45050.0,391
2025-08-19 02:02:00,45030.0,45040.0,45030.0,45040.0,45040.0,93
2025-08-19 02:04:00,45040.0,45040.0,45010.0,45010.0,45010.0,1015
2025-08-19 02:06:00,45000.0,45010.0,44980.0,45010.0,45010.0,2088
2025-08-19 02:08:00,45000.0,45030.0,45000.0,45030.0,45030.0,1071
2025-08-19 02:10:00,45030.0,45040.0,45030.0,45030.0,45030.0,320
2025-08-19 02:12:00,45040.0,45070.0,45040.0,45070.0,45070.0,298
2025-08-19 02:14:00,45070.0,45070.0,45060.0,45060.0,45060.0,13
2025-08-19 02:16:00,45070.0,45080.0,45060.0,45080.0,45080.0,1666
2025-08-19 02:18:00,45050.0,45050.0,45040.0,45040.0,45040.0,41
2025-08-19 02:20:00,45040.0,45040.0,45030.0,45030.0,45030.0,746
2025-08-19 02:22:00,45040.0,45050.0,45040.0,45040.0,45040.0,115
2025-08-19 02:24:00,45040.0,45040.0,45000.0,45000.0,45000.0,1151
2025-08-19 02:26:00,45000.0,45010.0,44990.0,45000.0,45000.0,83
2025-08-19 02:28:00,45000.0,45000.0,44990.0,44990.0,44990.0,398
2025-08-19 02:30:00,44990.0,44990.0,44990.0,44990.0,44990.0,509
2025-08-19 03:30:00,44980.0,44980.0,44950.0,44960.0,44960.0,1927
2025-08-19 03:32:00,44960.0,44960.0,44900.0,44920.0,44920.0,1933
2025-08-19 03:34:00,44920.0,44940.0,44900.0,44920.0,44920.0,613
2025-08-19 03:36:00,44930.0,44930.0,44910.0,44930.0,44930.0,937
2025-08-19 03:38:00,44930.0,44940.0,44890.0,44890.0,44890.0,639
2025-08-19 03:40:00,44890.0,44890.0,44870.0,44880.0,44880.0,1567
2025-08-19 03:42:00,44880.0,44910.0,44880.0,44890.0,44890.0,299
2025-08-19 03:44:00,44890.0,44900.0,44890.0,44890.0,44890.0,337
2025-08-19 03:46:00,44890.0,44910.0,44880.0,44910.0,44910.0,2001
2025-08-19 03:48:00,44930.0,44930.0,44920.0,44920.0,44920.0,1606
2025-08-19 03:50:00,44920.0,44940.0,44920.0,44930.0,44930.0,217
2025-08-19 03:52:00,44940.0,44950.0,44940.0,44950.0,44950.0,1100
2025-08-19 03:54:00,44950.0,44960.0,44950.0,44950.0,44950.0,136
2025-08-19 03:56:00,44950.0,44970.0,44950.0,44970.0,44970.0,575
2025-08-19 03:58:00,44960.0,44960.0,44960.0,44960.0,44960.0,1198
2025-08-19 04:00:00,44960.0,44960.0,44960.0,44960.0,44960.0,2
2025-08-19 04:02:00,44950.0,44950.0,44940.0,44940.0,44940.0,105
2025-08-19 04:04:00,44950.0,44950.0,44950.0,44950.0,44950.0,114
2025-08-19 04:06:00,44960.0,44970.0,44960.0,44970.0,44970.0,540
2025-08-19 04:08:00,44970.0,44990.0,44970.0,44980.0,44980.0,183
2025-08-19 04:10:00,44990.0,45010.0,44990.0,44990.0,44990.0,4123
2025-08-19 04:12:00,44990.0,45000.0,44990.0,44990.0,44990.0,435
2025-08-19 04:14:00,44980.0,45000.0,44980.0,44980.0,44980.0,269
2025-08-19 04:16:00,44970.0,44970.0,44960.0,44960.0,44960.0,734
2025-08-19 04:18:00,44950.0,44970.0,44950.0,44970.0,44970.0,677
2025-08-19 04:20:00,44980.0,44980.0,44970.0,44970.0,44970.0,561
2025-08-19 04:22:00,44980.0,44990.0,44980.0,44980.0,44980.0,216
2025-08-19 04:24:00,44970.0,44980.0,44970.0,44980.0,44980.0,13
2025-08-19 04:26:00,44970.0,44980.0,44970.0,44980.0,44980.0,247
2025-08-19 04:28:00,44980.0,44990.0,44980.0,44990.0,44990.0,69
2025-08-19 04:30:00,44990.0,45010.0,44990.0,45010.0,45010.0,249
2025-08-19 04:32:00,45010.0,45010.0,45010.0,45010.0,45010.0,129
2025-08-19 04:34:00,45000.0,45000.0,45000.0,45000.0,45000.0,109
2025-08-19 04:36:00,45000.0,45000.0,45000.0,45000.0,45000.0,57
2025-08-19 04:38:00,45000.0,45010.0,45000.0,45000.0,45000.0,245
2025-08-19 04:40:00,45010.0,45010.0,45010.0,45010.0,45010.0,26
2025-08-19 04:42:00,45010.0,45030.0,45000.0,45010.0,45010.0,463
2025-08-19 04:44:00,45010.0,45020.0,45000.0,45020.0,45020.0,67
2025-08-19 04:46:00,45020.0,45020.0,45010.0,45020.0,45020.0,1163
2025-08-19 04:48:00,45030.0,45030.0,45020.0,45030.0,45030.0,19
2025-08-19 04:50:00,45030.0,45030.0,45000.0,45000.0,45000.0,156
2025-08-19 04:52:00,45000.0,45000.0,44990.0,45000.0,45000.0,258
2025-08-19 04:54:00,45000.0,45000.0,44980.0,44980.0,44980.0,78
2025-08-19 04:56:00,44970.0,44980.0,44970.0,44980.0,44980.0,294
2025-08-19 04:58:00,44980.0,44990.0,44980.0,44990.0,44990.0,36
2025-08-19 05:00:00,44990.0,44990.0,44990.0,44990.0,44990.0,6
2025-08-19 05:02:00,45000.0,45000.0,44970.0,44980.0,44980.0,190
2025-08-19 05:04:00,44990.0,44990.0,44990.0,44990.0,44990.0,13
2025-08-19 05:06:00,44980.0,44990.0,44980.0,44990.0,44990.0,872
2025-08-19 05:08:00,44990.0,45000.0,44980.0,44980.0,44980.0,236
2025-08-19 05:10:00,44980.0,44990.0,44980.0,44980.0,44980.0,60
2025-08-19 05:12:00,44980.0,44980.0,44960.0,44960.0,44960.0,430
2025-08-19 05:14:00,44960.0,44970.0,44950.0,44970.0,44970.0,937
2025-08-19 05:16:00,44980.0,44990.0,44980.0,44990.0,44990.0,105
2025-08-19 05:18:00,44980.0,44980.0,44980.0,44980.0,44980.0,46
2025-08-19 05:20:00,44970.0,44990.0,44970.0,44980.0,44980.0,199
2025-08-19 05:22:00,44990.0,44990.0,44960.0,44980.0,44980.0,73
2025-08-19 05:24:00,44990.0,44990.0,44980.0,44980.0,44980.0,500
2025-08-19 05:26:00,44980.0,44990.0,44980.0,44990.0,44990.0,81
2025-08-19 05:28:00,44980.0,45000.0,44980.0,44990.0,44990.0,440
2025-08-19 05:30:00,44990.0,45030.0,44990.0,45020.0,45020.0,2377
2025-08-19 05:32:00,45020.0,45020.0,45020.0,45020.0,45020.0,17
2025-08-19 05:34:00,45020.0,45020.0,44990.0,44990.0,44990.0,254
2025-08-19 05:36:00,44990.0,44990.0,44980.0,44990.0,44990.0,20
2025-08-19 05:38:00,44990.0,45000.0,44980.0,45000.0,45000.0,373
2025-08-19 05:40:00,45000.0,45000.0,44980.0,44980.0,44980.0,59
2025-08-19 05:42:00,44980.0,44990.0,44980.0,44990.0,44990.0,28
2025-08-19 05:44:00,44990.0,44990.0,44970.0,44970.0,44970.0,1474
2025-08-19 05:46:00,44970.0,44970.0,44950.0,44970.0,44970.0,795
2025-08-19 05:48:00,44970.0,44980.0,44960.0,44970.0,44970.0,454
2025-08-19 05:50:00,44970.0,44980.0,44950.0,44970.0,44970.0,138
2025-08-19 05:52:00,44950.0,44960.0,44940.0,44960.0,44960.0,41
2025-08-19 05:54:00,44950.0,44950.0,44930.0,44940.0,44940.0,1314
2025-08-19 05:56:00,44930.0,44960.0,44930.0,44960.0,44960.0,202
2025-08-19 05:58:00,44960.0,44960.0,44940.0,44940.0,44940.0,215
2025-08-19 06:00:00,44940.0,44940.0,44920.0,44920.0,44920.0,166
2025-08-19 06:02:00,44920.0,44920.0,44910.0,44920.0,44920.0,559
2025-08-19 06:04:00,44910.0,44920.0,44910.0,44910.0,44910.0,118
2025-08-19 06:06:00,44920.0,44920.0,44910.0,44910.0,44910.0,85
2025-08-19 06:08:00,44910.0,44910.0,44910.0,44910.0,44910.0,106
2025-08-19 06:10:00,44910.0,44910.0,44880.0,44880.0,44880.0,505
2025-08-19 06:12:00,44880.0,44880.0,44870.0,44880.0,44880.0,448
2025-08-19 06:14:00,44880.0,44890.0,44880.0,44880.0,44880.0,666
2025-08-19 06:16:00,44880.0,44880.0,44870.0,44880.0,44880.0,358
2025-08-19 06:18:00,44880.0,44890.0,44870.0,44870.0,44870.0,486
2025-08-19 06:20:00,44880.0,44880.0,44870.0,44870.0,44870.0,260
2025-08-19 06:22:00,44880.0,44880.0,44850.0,44850.0,44850.0,561
2025-08-19 06:24:00,44860.0,44870.0,44850.0,44870.0,44870.0,210
2025-08-20 00:04:00,44380.0,44430.0,44370.0,44390.0,44390.0,18255
2025-08-20 00:06:00,44380.0,44430.0,44350.0,44420.0,44420.0,2276
2025-08-20 00:08:00,44400.0,44490.0,44400.0,44440.0,44440.0,7851
2025-08-20 00:10:00,44440.0,44500.0,44440.0,44490.0,44490.0,4428
2025-08-20 00:12:00,44500.0,44510.0,44440.0,44470.0,44470.0,2308
2025-08-20 00:14:00,44460.0,44490.0,44440.0,44450.0,44450.0,474
2025-08-20 00:16:00,44430.0,44470.0,44410.0,44460.0,44460.0,1300
2025-08-20 00:18:00,44460.0,44520.0,44450.0,44520.0,44520.0,1800
2025-08-20 00:20:00,44510.0,44510.0,44460.0,44470.0,44470.0,1014
2025-08-20 00:22:00,44470.0,44480.0,44420.0,44420.0,44420.0,1750
2025-08-20 00:24:00,44430.0,44440.0,44370.0,44380.0,44380.0,3566
2025-08-20 00:26:00,44390.0,44390.0,44360.0,44380.0,44380.0,1904
2025-08-20 00:28:00,44370.0,44430.0,44370.0,44410.0,44410.0,2604
2025-08-20 00:30:00,44420.0,44420.0,44370.0,44370.0,44370.0,1653
2025-08-20 00:32:00,44370.0,44390.0,44360.0,44370.0,44370.0,1544
2025-08-20 00:34:00,44370.0,44390.0,44360.0,44380.0,44380.0,3193
2025-08-20 00:36:00,44390.0,44390.0,44360.0,44370.0,44370.0,1344
2025-08-20 00:38:00,44370.0,44380.0,44320.0,44320.0,44320.0,2090
2025-08-20 00:40:00,44320.0,44320.0,44260.0,44270.0,44270.0,6273
2025-08-20 00:42:00,44290.0,44320.0,44290.0,44320.0,44320.0,819
2025-08-20 00:44:00,44320.0,44320.0,44280.0,44300.0,44300.0,2042
2025-08-20 00:46:00,44310.0,44310.0,44290.0,44310.0,44310.0,319
2025-08-20 00:48:00,44310.0,44320.0,44290.0,44290.0,44290.0,1829
2025-08-20 00:50:00,44300.0,44320.0,44290.0,44300.0,44300.0,188
2025-08-20 00:52:00,44300.0,44310.0,44250.0,44250.0,44250.0,866
2025-08-20 00:54:00,44250.0,44260.0,44240.0,44260.0,44260.0,708
2025-08-20 00:56:00,44260.0,44260.0,44210.0,44210.0,44210.0,5885
2025-08-20 00:58:00,44220.0,44260.0,44220.0,44260.0,44260.0,1334
2025-08-20 01:00:00,44260.0,44320.0,44260.0,44320.0,44320.0,767
2025-08-20 01:02:00,44310.0,44340.0,44310.0,44340.0,44340.0,724
2025-08-20 01:04:00,44340.0,44340.0,44320.0,44320.0,44320.0,313
2025-08-20 01:06:00,44320.0,44330.0,44310.0,44310.0,44310.0,289
2025-08-20 01:08:00,44310.0,44310.0,44290.0,44300.0,44300.0,463
2025-08-20 01:10:00,44300.0,44300.0,44270.0,44280.0,44280.0,321
2025-08-20 01:12:00,44280.0,44310.0,44280.0,44310.0,44310.0,191
2025-08-20 01:14:00,44310.0,44320.0,44280.0,44280.0,44280.0,709
2025-08-20 01:16:00,44280.0,44290.0,44260.0,44260.0,44260.0,1283
2025-08-20 01:18:00,44250.0,44270.0,44240.0,44270.0,44270.0,729
2025-08-20 01:20:00,44260.0,44280.0,44250.0,44280.0,44280.0,137
2025-08-20 01:22:00,44280.0,44280.0,44230.0,44230.0,44230.0,518
2025-08-20 01:24:00,44220.0,44220.0,44180.0,44180.0,44180.0,4740
2025-08-20 01:26:00,44190.0,44190.0,44160.0,44170.0,44170.0,829
2025-08-20 01:28:00,44160.0,44170.0,44130.0,44140.0,44140.0,1423
2025-08-20 01:30:00,44130.0,44150.0,44130.0,44150.0,44150.0,838
2025-08-20 01:32:00,44160.0,44170.0,44140.0,44150.0,44150.0,2747
2025-08-20 01:34:00,44160.0,44170.0,44160.0,44170.0,44170.0,528
2025-08-20 01:36:00,44180.0,44180.0,44150.0,44170.0,44170.0,352
2025-08-20 01:38:00,44150.0,44170.0,44150.0,44170.0,44170.0,2500
2025-08-20 01:40:00,44170.0,44170.0,44150.0,44150.0,44150.0,224
2025-08-20 01:42:00,44160.0,44160.0,44140.0,44140.0,44140.0,930
2025-08-20 01:44:00,44150.0,44160.0,44140.0,44140.0,44140.0,546
2025-08-20 01:46:00,44160.0,44190.0,44160.0,44170.0,44170.0,227
2025-08-20 01:48:00,44160.0,44200.0,44160.0,44180.0,44180.0,1151
2025-08-20 01:50:00,44180.0,44180.0,44150.0,44170.0,44170.0,592
2025-08-20 01:52:00,44170.0,44190.0,44160.0,44180.0,44180.0,163
2025-08-20 01:54:00,44180.0,44180.0,44170.0,44180.0,44180.0,393
2025-08-20 01:56:00,44170.0,44170.0,44150.0,44150.0,44150.0,438
2025-08-20 01:58:00,44140.0,44140.0,44130.0,44140.0,44140.0,770
2025-08-20 02:00:00,44140.0,44140.0,44120.0,44130.0,44130.0,286
2025-08-20 02:02:00,44120.0,44120.0,44090.0,44100.0,44100.0,2326
2025-08-20 02:04:00,44100.0,44120.0,44090.0,44100.0,44100.0,409
2025-08-20 02:06:00,44100.0,44130.0,44090.0,44130.0,44130.0,729
2025-08-20 02:08:00,44110.0,44110.0,44100.0,44100.0,44100.0,55
2025-08-20 02:10:00,44100.0,44140.0,44080.0,44130.0,44130.0,631
2025-08-20 02:12:00,44130.0,44150.0,44120.0,44140.0,44140.0,1078
2025-08-20 02:14:00,44150.0,44150.0,44140.0,44140.0,44140.0,297
2025-08-20 02:16:00,44140.0,44150.0,44130.0,44150.0,44150.0,188
2025-08-20 02:18:00,44160.0,44170.0,44140.0,44170.0,44170.0,463
2025-08-20 02:20:00,44180.0,44180.0,44160.0,44170.0,44170.0,806
2025-08-20 02:22:00,44160.0,44170.0,44150.0,44150.0,44150.0,527
2025-08-20 02:24:00,44160.0,44160.0,44150.0,44160.0,44160.0,76
2025-08-20 02:26:00,44160.0,44170.0,44150.0,44170.0,44170.0,67
2025-08-20 02:28:00,44180.0,44200.0,44180.0,44200.0,44200.0,448
2025-08-20 02:30:00,44180.0,44180.0,44180.0,44180.0,44180.0,1010
2025-08-20 03:30:00,44160.0,44180.0,44140.0,44150.0,44150.0,8567
2025-08-20 03:32:00,44140.0,44140.0,44130.0,44130.0,44130.0,1218
2025-08-20 03:34:00,44130.0,44130.0,44110.0,44120.0,44120.0,574
2025-08-20 03:36:00,44120.0,44120.0,44080.0,44080.0,44080.0,3519
2025-08-20 03:38:00,44070.0,44090.0,44060.0,44090.0,44090.0,497
2025-08-20 03:40:00,44090.0,44090.0,44080.0,44090.0,44090.0,269
2025-08-20 03:42:00,44090.0,44090.0,44070.0,44080.0,44080.0,1428
2025-08-20 03:44:00,44090.0,44090.0,44070.0,44070.0,44070.0,227
2025-08-20 03:46:00,44070.0,44070.0,44050.0,44050.0,44050.0,622
2025-08-20 03:48:00,44060.0,44070.0,44050.0,44060.0,44060.0,500
2025-08-20 03:50:00,44070.0,44070.0,44030.0,44040.0,44040.0,1117
2025-08-20 03:52:00,44040.0,44070.0,44040.0,44060.0,44060.0,426
2025-08-20 03:54:00,44040.0,44040.0,44030.0,44040.0,44040.0,2441
2025-08-20 03:56:00,44030.0,44080.0,44030.0,44080.0,44080.0,519
2025-08-20 03:58:00,44090.0,44090.0,44050.0,44060.0,44060.0,6599
2025-08-20 04:00:00,44050.0,44060.0,44030.0,44040.0,44040.0,641
2025-08-20 04:02:00,44040.0,44090.0,44040.0,44080.0,44080.0,868
2025-08-20 04:04:00,44080.0,44080.0,44070.0,44070.0,44070.0,310
2025-08-20 04:06:00,44070.0,44100.0,44070.0,44100.0,44100.0,107
2025-08-20 04:08:00,44090.0,44110.0,44090.0,44100.0,44100.0,395
2025-08-20 04:10:00,44110.0,44120.0,44110.0,44110.0,44110.0,169
2025-08-20 04:12:00,44110.0,44130.0,44110.0,44130.0,44130.0,132
2025-08-20 04:14:00,44130.0,44150.0,44130.0,44150.0,44150.0,1661
2025-08-20 04:16:00,44150.0,44180.0,44150.0,44180.0,44180.0,554
2025-08-20 04:18:00,44180.0,44190.0,44170.0,44190.0,44190.0,500
2025-08-20 04:20:00,44180.0,44180.0,44160.0,44160.0,44160.0,1056
2025-08-20 04:22:00,44150.0,44150.0,44130.0,44130.0,44130.0,662
2025-08-20 04:24:00,44140.0,44160.0,44140.0,44160.0,44160.0,800
2025-08-20 04:26:00,44160.0,44170.0,44160.0,44170.0,44170.0,208
2025-08-20 04:28:00,44170.0,44180.0,44170.0,44180.0,44180.0,154
2025-08-20 04:30:00,44170.0,44180.0,44160.0,44170.0,44170.0,309
2025-08-20 04:32:00,44170.0,44170.0,44160.0,44160.0,44160.0,112
2025-08-20 04:34:00,44150.0,44150.0,44120.0,44120.0,44120.0,397
2025-08-20 04:36:00,44120.0,44130.0,44110.0,44130.0,44130.0,393
2025-08-20 04:38:00,44130.0,44140.0,44130.0,44130.0,44130.0,285
2025-08-20 04:40:00,44120.0,44130.0,44120.0,44130.0,44130.0,128
2025-08-20 04:42:00,44130.0,44140.0,44130.0,44140.0,44140.0,80
2025-08-20 04:44:00,44150.0,44160.0,44140.0,44160.0,44160.0,144
2025-08-20 04:46:00,44170.0,44180.0,44170.0,44180.0,44180.0,6810
2025-08-20 04:48:00,44180.0,44190.0,44180.0,44190.0,44190.0,1230
2025-08-20 04:50:00,44190.0,44200.0,44180.0,44190.0,44190.0,543
2025-08-20 04:52:00,44190.0,44190.0,44180.0,44190.0,44190.0,2477
2025-08-20 04:54:00,44200.0,44200.0,44180.0,44190.0,44190.0,472
2025-08-20 04:56:00,44200.0,44220.0,44200.0,44210.0,44210.0,347
2025-08-20 04:58:00,44210.0,44210.0,44200.0,44200.0,44200.0,131
2025-08-20 05:00:00,44190.0,44190.0,44170.0,44180.0,44180.0,373
2025-08-20 05:02:00,44170.0,44180.0,44160.0,44170.0,44170.0,325
2025-08-20 05:04:00,44170.0,44180.0,44150.0,44160.0,44160.0,182
2025-08-20 05:06:00,44150.0,44160.0,44150.0,44160.0,44160.0,54
2025-08-20 05:08:00,44160.0,44170.0,44150.0,44160.0,44160.0,175
2025-08-20 05:10:00,44160.0,44170.0,44150.0,44170.0,44170.0,9201
2025-08-20 05:12:00,44170.0,44190.0,44160.0,44190.0,44190.0,1263
2025-08-20 05:14:00,44190.0,44200.0,44190.0,44190.0,44190.0,4058
2025-08-20 05:16:00,44180.0,44190.0,44180.0,44190.0,44190.0,1896
2025-08-20 05:18:00,44180.0,44190.0,44180.0,44180.0,44180.0,150
2025-08-20 05:20:00,44180.0,44190.0,44180.0,44190.0,44190.0,78
2025-08-20 05:22:00,44190.0,44190.0,44170.0,44180.0,44180.0,271
2025-08-20 05:24:00,44180.0,44200.0,44180.0,44190.0,44190.0,297
2025-08-20 05:26:00,44190.0,44190.0,44180.0,44190.0,44190.0,52
2025-08-20 05:28:00,44190.0,44190.0,44170.0,44170.0,44170.0,794
2025-08-20 05:30:00,44170.0,44170.0,44150.0,44150.0,44150.0,1071
2025-08-20 05:32:00,44160.0,44170.0,44160.0,44170.0,44170.0,131
2025-08-20 05:34:00,44170.0,44180.0,44160.0,44160.0,44160.0,20
2025-08-20 05:36:00,44160.0,44180.0,44160.0,44170.0,44170.0,144
2025-08-20 05:38:00,44170.0,44190.0,44170.0,44180.0,44180.0,2113
2025-08-20 05:40:00,44190.0,44200.0,44190.0,44190.0,44190.0,1162
2025-08-20 05:42:00,44180.0,44200.0,44180.0,44180.0,44180.0,235
2025-08-20 05:44:00,44180.0,44190.0,44170.0,44170.0,44170.0,2147
2025-08-20 05:46:00,44170.0,44180.0,44160.0,44160.0,44160.0,299
2025-08-20 05:48:00,44160.0,44160.0,44160.0,44160.0,44160.0,56
2025-08-20 05:50:00,44170.0,44180.0,44170.0,44180.0,44180.0,12059
2025-08-20 05:52:00,44180.0,44190.0,44180.0,44190.0,44190.0,6957
2025-08-20 05:54:00,44190.0,44200.0,44190.0,44200.0,44200.0,9292
2025-08-20 05:56:00,44200.0,44220.0,44200.0,44220.0,44220.0,17911
2025-08-20 05:58:00,44220.0,44230.0,44210.0,44230.0,44230.0,13007
2025-08-20 06:00:00,44220.0,44260.0,44210.0,44250.0,44250.0,1742
2025-08-20 06:02:00,44250.0,44260.0,44230.0,44250.0,44250.0,596
2025-08-20 06:04:00,44250.0,44250.0,44250.0,44250.0,44250.0,929
2025-08-20 06:06:00,44250.0,44250.0,44220.0,44220.0,44220.0,575
2025-08-20 06:08:00,44220.0,44230.0,44210.0,44220.0,44220.0,1110
2025-08-20 06:10:00,44220.0,44220.0,44190.0,44190.0,44190.0,4538
2025-08-20 06:12:00,44200.0,44220.0,44200.0,44220.0,44220.0,1176
2025-08-20 06:14:00,44220.0,44220.0,44190.0,44190.0,44190.0,1137
2025-08-20 06:16:00,44190.0,44190.0,44140.0,44140.0,44140.0,2131
2025-08-20 06:18:00,44150.0,44160.0,44140.0,44160.0,44160.0,689
2025-08-20 06:20:00,44170.0,44190.0,44170.0,44190.0,44190.0,549
2025-08-20 06:22:00,44180.0,44190.0,44180.0,44180.0,44180.0,987
2025-08-20 06:24:00,44180.0,44190.0,44170.0,44170.0,44170.0,672
2025-08-21 00:04:00,44190.0,44220.0,44190.0,44210.0,44210.0,18154
2025-08-21 00:06:00,44220.0,44240.0,44180.0,44190.0,44190.0,1191
2025-08-21 00:08:00,44190.0,44200.0,44170.0,44170.0,44170.0,1065
2025-08-21 00:10:00,44190.0,44220.0,44180.0,44210.0,44210.0,940
2025-08-21 00:12:00,44210.0,44210.0,44130.0,44130.0,44130.0,1685
2025-08-21 00:14:00,44130.0,44140.0,44070.0,44070.0,44070.0,1494
2025-08-21 00:16:00,44090.0,44120.0,44090.0,44090.0,44090.0,526
2025-08-21 00:18:00,44080.0,44090.0,44070.0,44090.0,44090.0,1320
2025-08-21 00:20:00,44090.0,44090.0,44050.0,44050.0,44050.0,1788
2025-08-21 00:22:00,44060.0,44070.0,44050.0,44060.0,44060.0,761
2025-08-21 00:24:00,44060.0,44070.0,44040.0,44040.0,44040.0,118
2025-08-21 00:26:00,44050.0,44050.0,44040.0,44050.0,44050.0,678
2025-08-21 00:28:00,44040.0,44050.0,44040.0,44050.0,44050.0,470
2025-08-21 00:30:00,44050.0,44080.0,44050.0,44070.0,44070.0,1811
2025-08-21 00:32:00,44080.0,44100.0,44070.0,44080.0,44080.0,632
2025-08-21 00:34:00,44090.0,44100.0,44060.0,44060.0,44060.0,957
2025-08-21 00:36:00,44060.0,44080.0,44060.0,44080.0,44080.0,168
2025-08-21 00:38:00,44080.0,44080.0,44050.0,44050.0,44050.0,3042
2025-08-21 00:40:00,44060.0,44060.0,44040.0,44050.0,44050.0,536
2025-08-21 00:42:00,44060.0,44070.0,44060.0,44070.0,44070.0,336
2025-08-21 00:44:00,44060.0,44090.0,44060.0,44090.0,44090.0,938
2025-08-21 00:46:00,44090.0,44090.0,44050.0,44060.0,44060.0,510
2025-08-21 00:48:00,44060.0,44060.0,44020.0,44040.0,44040.0,3264
2025-08-21 00:50:00,44040.0,44040.0,44010.0,44010.0,44010.0,6641
2025-08-21 00:52:00,44010.0,44010.0,43970.0,43970.0,43970.0,1693
2025-08-21 00:54:00,43970.0,44010.0,43970.0,44000.0,44000.0,274
2025-08-21 00:56:00,44000.0,44000.0,43970.0,43970.0,43970.0,377
2025-08-21 00:58:00,43970.0,43970.0,43960.0,43960.0,43960.0,713
2025-08-21 01:00:00,43960.0,43970.0,43930.0,43950.0,43950.0,2055
2025-08-21 01:02:00,43960.0,43960.0,43930.0,43930.0,43930.0,370
2025-08-21 01:04:00,43920.0,43930.0,43900.0,43930.0,43930.0,806
2025-08-21 01:06:00,43920.0,43920.0,43910.0,43920.0,43920.0,672
2025-08-21 01:08:00,43930.0,43950.0,43930.0,43930.0,43930.0,461
2025-08-21 01:10:00,43940.0,43950.0,43910.0,43950.0,43950.0,318
2025-08-21 01:12:00,43960.0,43960.0,43930.0,43940.0,43940.0,43
2025-08-21 01:14:00,43930.0,43940.0,43910.0,43930.0,43930.0,800
2025-08-21 01:16:00,43930.0,43930.0,43930.0,43930.0,43930.0,12
2025-08-21 01:18:00,43940.0,43960.0,43940.0,43950.0,43950.0,192
2025-08-21 01:20:00,43940.0,43940.0,43910.0,43930.0,43930.0,453
2025-08-21 01:22:00,43930.0,43960.0,43930.0,43960.0,43960.0,1437
2025-08-21 01:24:00,43970.0,43980.0,43960.0,43970.0,43970.0,2115
2025-08-21 01:26:00,43970.0,43970.0,43970.0,43970.0,43970.0,175
2025-08-21 01:28:00,43960.0,43960.0,43940.0,43940.0,43940.0,63
2025-08-21 01:30:00,43940.0,43960.0,43940.0,43960.0,43960.0,801
2025-08-21 01:32:00,43940.0,43970.0,43940.0,43960.0,43960.0,90
2025-08-21 01:34:00,43950.0,43950.0,43950.0,43950.0,43950.0,150
2025-08-21 01:36:00,43960.0,43960.0,43950.0,43950.0,43950.0,25
2025-08-21 01:38:00,43950.0,43950.0,43940.0,43950.0,43950.0,17
2025-08-21 01:40:00,43950.0,43970.0,43950.0,43960.0,43960.0,164
2025-08-21 01:42:00,43960.0,43960.0,43950.0,43950.0,43950.0,20
2025-08-21 01:44:00,43950.0,43960.0,43950.0,43960.0,43960.0,22
2025-08-21 01:46:00,43960.0,43980.0,43960.0,43970.0,43970.0,78
2025-08-21 01:48:00,43980.0,44000.0,43980.0,43990.0,43990.0,611
2025-08-21 01:50:00,43990.0,44000.0,43990.0,44000.0,44000.0,74
2025-08-21 01:52:00,44010.0,44040.0,44010.0,44030.0,44030.0,1165
2025-08-21 01:54:00,44030.0,44030.0,44030.0,44030.0,44030.0,66
2025-08-21 01:56:00,44040.0,44060.0,44040.0,44060.0,44060.0,373
2025-08-21 01:58:00,44060.0,44060.0,44060.0,44060.0,44060.0,325
2025-08-21 02:00:00,44060.0,44070.0,44040.0,44050.0,44050.0,359
2025-08-21 02:02:00,44050.0,44050.0,44020.0,44020.0,44020.0,6510
2025-08-21 02:04:00,44020.0,44030.0,44010.0,44010.0,44010.0,379
2025-08-21 02:06:00,44000.0,44000.0,43990.0,43990.0,43990.0,267
2025-08-21 02:08:00,43990.0,44000.0,43980.0,44000.0,44000.0,99
2025-08-21 02:10:00,44000.0,44030.0,44000.0,44030.0,44030.0,1072
2025-08-21 02:12:00,44030.0,44030.0,44010.0,44010.0,44010.0,1140
2025-08-21 02:14:00,44000.0,44010.0,44000.0,44000.0,44000.0,1381
2025-08-21 02:16:00,43990.0,44000.0,43990.0,44000.0,44000.0,69
2025-08-21 02:18:00,44010.0,44010.0,44000.0,44010.0,44010.0,115
2025-08-21 02:20:00,44010.0,44030.0,44010.0,44030.0,44030.0,98
2025-08-21 02:22:00,44020.0,44020.0,44010.0,44010.0,44010.0,349
2025-08-21 02:24:00,44010.0,44010.0,43970.0,43970.0,43970.0,528
2025-08-21 02:26:00,43970.0,43970.0,43950.0,43950.0,43950.0,476
2025-08-21 02:28:00,43960.0,43960.0,43940.0,43940.0,43940.0,983
2025-08-21 02:30:00,43950.0,43950.0,43950.0,43950.0,43950.0,1266
2025-08-21 03:30:00,43970.0,43970.0,43930.0,43930.0,43930.0,6646
2025-08-21 03:32:00,43940.0,43950.0,43940.0,43940.0,43940.0,410
2025-08-21 03:34:00,43940.0,43940.0,43920.0,43940.0,43940.0,885
2025-08-21 03:36:00,43940.0,43950.0,43940.0,43950.0,43950.0,295
2025-08-21 03:38:00,43960.0,43960.0,43940.0,43950.0,43950.0,458
2025-08-21 03:40:00,43950.0,43970.0,43950.0,43960.0,43960.0,790
2025-08-21 03:42:00,43950.0,43960.0,43950.0,43950.0,43950.0,1470
2025-08-21 03:44:00,43940.0,43940.0,43940.0,43940.0,43940.0,149
2025-08-21 03:46:00,43950.0,43960.0,43940.0,43950.0,43950.0,121
2025-08-21 03:48:00,43960.0,43960.0,43950.0,43950.0,43950.0,173
2025-08-21 03:50:00,43950.0,43960.0,43950.0,43960.0,43960.0,793
2025-08-21 03:52:00,43940.0,43940.0,43940.0,43940.0,43940.0,377
2025-08-21 03:54:00,43930.0,43930.0,43930.0,43930.0,43930.0,625
2025-08-21 03:56:00,43930.0,43940.0,43930.0,43930.0,43930.0,1010
2025-08-21 03:58:00,43920.0,43930.0,43920.0,43920.0,43920.0,83
2025-08-21 04:00:00,43920.0,43920.0,43900.0,43920.0,43920.0,2017
2025-08-21 04:02:00,43920.0,43940.0,43920.0,43920.0,43920.0,567
2025-08-21 04:04:00,43930.0,43930.0,43920.0,43920.0,43920.0,619
2025-08-21 04:06:00,43920.0,43920.0,43900.0,43920.0,43920.0,558
2025-08-21 04:08:00,43920.0,43920.0,43920.0,43920.0,43920.0,252
2025-08-21 04:10:00,43920.0,43920.0,43920.0,43920.0,43920.0,477
2025-08-21 04:12:00,43920.0,43930.0,43920.0,43920.0,43920.0,265
2025-08-21 04:14:00,43920.0,43940.0,43920.0,43940.0,43940.0,1729
2025-08-21 04:16:00,43940.0,43940.0,43920.0,43940.0,43940.0,247
2025-08-21 04:18:00,43950.0,43950.0,43930.0,43930.0,43930.0,254
2025-08-21 04:20:00,43930.0,43940.0,43930.0,43940.0,43940.0,123
2025-08-21 04:22:00,43940.0,43950.0,43940.0,43950.0,43950.0,1033
2025-08-21 04:24:00,43950.0,43950.0,43950.0,43950.0,43950.0,419
2025-08-21 04:26:00,43950.0,43960.0,43950.0,43950.0,43950.0,391
2025-08-21 04:28:00,43950.0,43950.0,43940.0,43940.0,43940.0,198
2025-08-21 04:30:00,43930.0,43930.0,43910.0,43910.0,43910.0,465
2025-08-21 04:32:00,43910.0,43930.0,43900.0,43920.0,43920.0,1174
2025-08-21 04:34:00,43930.0,43940.0,43930.0,43940.0,43940.0,33
2025-08-21 04:36:00,43930.0,43930.0,43920.0,43930.0,43930.0,126
2025-08-21 04:38:00,43920.0,43930.0,43910.0,43930.0,43930.0,53
2025-08-21 04:40:00,43920.0,43920.0,43920.0,43920.0,43920.0,35
2025-08-21 04:42:00,43930.0,43930.0,43930.0,43930.0,43930.0,81
2025-08-21 04:46:00,43940.0,43940.0,43940.0,43940.0,43940.0,46
2025-08-21 04:48:00,43940.0,43940.0,43930.0,43940.0,43940.0,608
2025-08-21 04:50:00,43930.0,43930.0,43930.0,43930.0,43930.0,9
2025-08-21 04:52:00,43930.0,43950.0,43930.0,43950.0,43950.0,579
2025-08-21 04:54:00,43940.0,43940.0,43930.0,43930.0,43930.0,20
2025-08-21 04:56:00,43930.0,43930.0,43920.0,43920.0,43920.0,224
2025-08-21 04:58:00,43930.0,43930.0,43930.0,43930.0,43930.0,29
2025-08-21 05:00:00,43920.0,43930.0,43920.0,43930.0,43930.0,52
2025-08-21 05:02:00,43930.0,43940.0,43930.0,43940.0,43940.0,67
2025-08-21 05:04:00,43950.0,43950.0,43930.0,43930.0,43930.0,26
2025-08-21 05:06:00,43920.0,43920.0,43910.0,43910.0,43910.0,1286
2025-08-21 05:08:00,43920.0,43920.0,43900.0,43910.0,43910.0,1787
2025-08-21 05:10:00,43910.0,43910.0,43900.0,43900.0,43900.0,1096
2025-08-21 05:12:00,43900.0,43900.0,43890.0,43900.0,43900.0,552
2025-08-21 05:14:00,43900.0,43910.0,43900.0,43900.0,43900.0,233
2025-08-21 05:16:00,43900.0,43910.0,43900.0,43910.0,43910.0,54
2025-08-21 05:18:00,43910.0,43920.0,43910.0,43920.0,43920.0,493
2025-08-21 05:20:00,43920.0,43920.0,43910.0,43910.0,43910.0,249
2025-08-21 05:22:00,43910.0,43910.0,43900.0,43910.0,43910.0,659
2025-08-21 05:24:00,43910.0,43910.0,43910.0,43910.0,43910.0,141
2025-08-21 05:26:00,43910.0,43910.0,43900.0,43900.0,43900.0,157
2025-08-21 05:28:00,43900.0,43910.0,43890.0,43890.0,43890.0,1182
2025-08-21 05:30:00,43890.0,43900.0,43870.0,43880.0,43880.0,1259
2025-08-21 05:32:00,43880.0,43900.0,43880.0,43890.0,43890.0,419
2025-08-21 05:34:00,43890.0,43900.0,43880.0,43890.0,43890.0,265
2025-08-21 05:36:00,43890.0,43900.0,43890.0,43900.0,43900.0,344
2025-08-21 05:38:00,43900.0,43900.0,43890.0,43890.0,43890.0,5096
2025-08-21 05:40:00,43890.0,43890.0,43880.0,43880.0,43880.0,829
2025-08-21 05:42:00,43880.0,43890.0,43880.0,43880.0,43880.0,147
2025-08-21 05:44:00,43890.0,43890.0,43890.0,43890.0,43890.0,23
2025-08-21 05:46:00,43890.0,43900.0,43890.0,43890.0,43890.0,565
2025-08-21 05:48:00,43900.0,43900.0,43890.0,43890.0,43890.0,52
2025-08-21 05:50:00,43890.0,43900.0,43890.0,43900.0,43900.0,935
2025-08-21 05:52:00,43900.0,43920.0,43900.0,43920.0,43920.0,229
2025-08-21 05:54:00,43920.0,43930.0,43920.0,43920.0,43920.0,188
2025-08-21 05:56:00,43930.0,43950.0,43930.0,43950.0,43950.0,1206
2025-08-21 05:58:00,43940.0,43940.0,43930.0,43930.0,43930.0,650
2025-08-21 06:00:00,43930.0,43950.0,43930.0,43930.0,43930.0,637
2025-08-21 06:02:00,43930.0,43960.0,43930.0,43960.0,43960.0,2005
2025-08-21 06:04:00,43950.0,43950.0,43940.0,43940.0,43940.0,1425
2025-08-21 06:06:00,43940.0,43950.0,43940.0,43950.0,43950.0,756
2025-08-21 06:08:00,43950.0,43960.0,43950.0,43950.0,43950.0,92
2025-08-21 06:10:00,43950.0,43960.0,43950.0,43950.0,43950.0,176
2025-08-21 06:12:00,43950.0,43960.0,43950.0,43960.0,43960.0,862
2025-08-21 06:14:00,43960.0,43960.0,43950.0,43950.0,43950.0,68
2025-08-21 06:16:00,43950.0,43980.0,43950.0,43970.0,43970.0,465
2025-08-21 06:18:00,43970.0,43980.0,43960.0,43970.0,43970.0,539
2025-08-21 06:20:00,43960.0,43970.0,43950.0,43960.0,43960.0,702
2025-08-21 06:22:00,43950.0,43970.0,43950.0,43970.0,43970.0,875
2025-08-21 06:24:00,43960.0,43970.0,43940.0,43940.0,43940.0,6146
2025-08-22 00:04:00,43930.0,43930.0,43870.0,43880.0,43880.0,15244
2025-08-22 00:06:00,43890.0,43960.0,43890.0,43940.0,43940.0,2760
2025-08-22 00:08:00,43950.0,43960.0,43900.0,43900.0,43900.0,1347
2025-08-22 00:10:00,43910.0,43910.0,43860.0,43860.0,43860.0,1719
2025-08-22 00:12:00,43860.0,43860.0,43700.0,43720.0,43720.0,5467
2025-08-22 00:14:00,43720.0,43730.0,43620.0,43650.0,43650.0,5146
2025-08-22 00:16:00,43630.0,43700.0,43620.0,43690.0,43690.0,3419
2025-08-22 00:18:00,43680.0,43740.0,43660.0,43710.0,43710.0,2755
2025-08-22 00:20:00,43720.0,43780.0,43720.0,43770.0,43770.0,3725
2025-08-22 00:22:00,43770.0,43810.0,43770.0,43810.0,43810.0,4545
2025-08-22 00:24:00,43820.0,43870.0,43820.0,43850.0,43850.0,2906
2025-08-22 00:26:00,43830.0,43830.0,43790.0,43800.0,43800.0,722
2025-08-22 00:28:00,43800.0,43800.0,43760.0,43780.0,43780.0,1211
2025-08-22 00:30:00,43780.0,43840.0,43780.0,43840.0,43840.0,1268
2025-08-22 00:32:00,43830.0,43830.0,43810.0,43820.0,43820.0,235
2025-08-22 00:34:00,43810.0,43830.0,43790.0,43820.0,43820.0,836
2025-08-22 00:36:00,43830.0,43860.0,43830.0,43860.0,43860.0,1001
2025-08-22 00:38:00,43850.0,43860.0,43840.0,43860.0,43860.0,187
2025-08-22 00:40:00,43870.0,43930.0,43870.0,43920.0,43920.0,1065
2025-08-22 00:42:00,43920.0,43920.0,43880.0,43900.0,43900.0,2902
2025-08-22 00:44:00,43900.0,43910.0,43880.0,43890.0,43890.0,598
2025-08-22 00:46:00,43890.0,43900.0,43870.0,43900.0,43900.0,1142
2025-08-22 00:48:00,43910.0,43920.0,43910.0,43910.0,43910.0,786
2025-08-22 00:50:00,43920.0,43920.0,43910.0,43910.0,43910.0,74
2025-08-22 00:52:00,43900.0,43910.0,43890.0,43900.0,43900.0,690
2025-08-22 00:54:00,43890.0,43920.0,43890.0,43920.0,43920.0,192
2025-08-22 00:56:00,43910.0,43950.0,43910.0,43930.0,43930.0,2963
2025-08-22 00:58:00,43930.0,43950.0,43930.0,43930.0,43930.0,1407
2025-08-22 01:00:00,43940.0,43950.0,43920.0,43920.0,43920.0,585
2025-08-22 01:02:00,43930.0,43930.0,43890.0,43900.0,43900.0,1798
2025-08-22 01:04:00,43900.0,43910.0,43900.0,43900.0,43900.0,361
2025-08-22 01:06:00,43900.0,43900.0,43840.0,43850.0,43850.0,1798
2025-08-22 01:08:00,43850.0,43860.0,43840.0,43850.0,43850.0,425
2025-08-22 01:10:00,43850.0,43890.0,43850.0,43870.0,43870.0,170
2025-08-22 01:12:00,43870.0,43890.0,43870.0,43890.0,43890.0,113
2025-08-22 01:14:00,43890.0,43910.0,43870.0,43910.0,43910.0,1505
2025-08-22 01:16:00,43920.0,43960.0,43920.0,43950.0,43950.0,794
2025-08-22 01:18:00,43950.0,43950.0,43940.0,43950.0,43950.0,51
2025-08-22 01:20:00,43940.0,43940.0,43930.0,43930.0,43930.0,124
2025-08-22 01:22:00,43930.0,43950.0,43920.0,43920.0,43920.0,254
2025-08-22 01:24:00,43920.0,43940.0,43920.0,43940.0,43940.0,23
2025-08-22 01:26:00,43950.0,43980.0,43940.0,43960.0,43960.0,736
2025-08-22 01:28:00,43950.0,43960.0,43950.0,43960.0,43960.0,17
2025-08-22 01:30:00,43970.0,43990.0,43970.0,43990.0,43990.0,642
2025-08-22 01:32:00,43990.0,43990.0,43940.0,43950.0,43950.0,693
2025-08-22 01:34:00,43940.0,43960.0,43930.0,43960.0,43960.0,581
2025-08-22 01:36:00,43950.0,43960.0,43950.0,43960.0,43960.0,345
2025-08-22 01:38:00,43960.0,43960.0,43960.0,43960.0,43960.0,35
2025-08-22 01:40:00,43960.0,43960.0,43960.0,43960.0,43960.0,103
2025-08-22 01:42:00,43970.0,43980.0,43970.0,43980.0,43980.0,173
2025-08-22 01:44:00,43980.0,43980.0,43970.0,43970.0,43970.0,131
2025-08-22 01:46:00,43960.0,43960.0,43940.0,43960.0,43960.0,118
2025-08-22 01:48:00,43960.0,43960.0,43940.0,43940.0,43940.0,360
2025-08-22 01:50:00,43930.0,43950.0,43930.0,43950.0,43950.0,346
2025-08-22 01:52:00,43940.0,43940.0,43920.0,43930.0,43930.0,542
2025-08-22 01:54:00,43930.0,43930.0,43900.0,43920.0,43920.0,210
2025-08-22 01:56:00,43930.0,43940.0,43920.0,43940.0,43940.0,47
2025-08-22 01:58:00,43930.0,43930.0,43920.0,43920.0,43920.0,252
2025-08-22 02:00:00,43930.0,43940.0,43930.0,43940.0,43940.0,87
2025-08-22 02:02:00,43950.0,43950.0,43940.0,43940.0,43940.0,1013
2025-08-22 02:04:00,43930.0,43950.0,43930.0,43950.0,43950.0,632
2025-08-22 02:06:00,43950.0,43970.0,43950.0,43970.0,43970.0,297
2025-08-22 02:08:00,43980.0,43990.0,43980.0,43990.0,43990.0,511
2025-08-22 02:10:00,43990.0,43990.0,43980.0,43980.0,43980.0,201
2025-08-22 02:12:00,43990.0,44000.0,43990.0,44000.0,44000.0,704
2025-08-22 02:14:00,44000.0,44000.0,43980.0,43980.0,43980.0,677
2025-08-22 02:16:00,43990.0,44010.0,43990.0,44010.0,44010.0,394
2025-08-22 02:18:00,44010.0,44020.0,44000.0,44000.0,44000.0,1437
2025-08-22 02:20:00,43990.0,43990.0,43980.0,43980.0,43980.0,234
2025-08-22 02:22:00,43980.0,43980.0,43970.0,43980.0,43980.0,398
2025-08-22 02:24:00,43990.0,43990.0,43960.0,43960.0,43960.0,159
2025-08-22 02:26:00,43960.0,43960.0,43930.0,43930.0,43930.0,264
2025-08-22 02:28:00,43920.0,43930.0,43910.0,43920.0,43920.0,857
2025-08-22 02:30:00,43930.0,43930.0,43930.0,43930.0,43930.0,911
2025-08-22 03:30:00,43900.0,43900.0,43850.0,43880.0,43880.0,2679
2025-08-22 03:32:00,43880.0,43890.0,43870.0,43890.0,43890.0,65
2025-08-22 03:34:00,43890.0,43900.0,43880.0,43890.0,43890.0,80
2025-08-22 03:36:00,43890.0,43900.0,43890.0,43900.0,43900.0,209
2025-08-22 03:38:00,43900.0,43910.0,43890.0,43890.0,43890.0,331
2025-08-22 03:40:00,43890.0,43890.0,43880.0,43890.0,43890.0,15
2025-08-22 03:42:00,43890.0,43890.0,43860.0,43860.0,43860.0,596
2025-08-22 03:44:00,43860.0,43870.0,43850.0,43850.0,43850.0,532
2025-08-22 03:46:00,43870.0,43870.0,43850.0,43860.0,43860.0,56
2025-08-22 03:48:00,43870.0,43870.0,43870.0,43870.0,43870.0,244
2025-08-22 03:50:00,43870.0,43870.0,43870.0,43870.0,43870.0,154
2025-08-22 03:52:00,43860.0,43860.0,43840.0,43860.0,43860.0,570
2025-08-22 03:54:00,43850.0,43870.0,43850.0,43860.0,43860.0,318
2025-08-22 03:56:00,43870.0,43870.0,43870.0,43870.0,43870.0,5
2025-08-22 03:58:00,43860.0,43860.0,43850.0,43850.0,43850.0,685
2025-08-22 04:00:00,43850.0,43860.0,43840.0,43860.0,43860.0,1388
2025-08-22 04:02:00,43840.0,43850.0,43830.0,43830.0,43830.0,256
2025-08-22 04:04:00,43850.0,43860.0,43850.0,43860.0,43860.0,138
2025-08-22 04:06:00,43860.0,43870.0,43860.0,43870.0,43870.0,53
2025-08-22 04:08:00,43870.0,43880.0,43870.0,43880.0,43880.0,429
2025-08-22 04:10:00,43890.0,43890.0,43880.0,43880.0,43880.0,11
2025-08-22 04:12:00,43890.0,43890.0,43870.0,43870.0,43870.0,68
2025-08-22 04:14:00,43860.0,43870.0,43860.0,43870.0,43870.0,93
2025-08-22 04:16:00,43870.0,43870.0,43860.0,43870.0,43870.0,258
2025-08-22 04:18:00,43850.0,43850.0,43840.0,43840.0,43840.0,217
2025-08-22 04:20:00,43860.0,43870.0,43860.0,43870.0,43870.0,41
2025-08-22 04:22:00,43860.0,43870.0,43860.0,43870.0,43870.0,24
2025-08-22 04:24:00,43880.0,43880.0,43870.0,43870.0,43870.0,6
2025-08-22 04:26:00,43870.0,43870.0,43850.0,43860.0,43860.0,65
2025-08-22 04:28:00,43850.0,43850.0,43840.0,43840.0,43840.0,113
2025-08-22 04:30:00,43840.0,43840.0,43840.0,43840.0,43840.0,22
2025-08-22 04:32:00,43840.0,43840.0,43830.0,43840.0,43840.0,367
2025-08-22 04:34:00,43850.0,43850.0,43850.0,43850.0,43850.0,2
2025-08-22 04:36:00,43850.0,43860.0,43850.0,43860.0,43860.0,120
2025-08-22 04:38:00,43860.0,43860.0,43850.0,43850.0,43850.0,290
2025-08-22 04:40:00,43840.0,43840.0,43840.0,43840.0,43840.0,1
2025-08-22 04:42:00,43840.0,43840.0,43840.0,43840.0,43840.0,2
2025-08-22 04:44:00,43840.0,43850.0,43840.0,43850.0,43850.0,63
2025-08-22 04:46:00,43860.0,43880.0,43860.0,43880.0,43880.0,538
2025-08-22 04:48:00,43870.0,43870.0,43870.0,43870.0,43870.0,12
2025-08-22 04:50:00,43870.0,43870.0,43870.0,43870.0,43870.0,14
2025-08-22 04:52:00,43860.0,43860.0,43850.0,43850.0,43850.0,65
2025-08-22 04:54:00,43850.0,43880.0,43840.0,43880.0,43880.0,76
2025-08-22 04:56:00,43880.0,43880.0,43870.0,43870.0,43870.0,383
2025-08-22 04:58:00,43870.0,43870.0,43870.0,43870.0,43870.0,282
2025-08-22 05:00:00,43880.0,43880.0,43880.0,43880.0,43880.0,261
2025-08-22 05:02:00,43880.0,43900.0,43870.0,43890.0,43890.0,343
2025-08-22 05:04:00,43880.0,43890.0,43880.0,43890.0,43890.0,21
2025-08-22 05:06:00,43880.0,43880.0,43880.0,43880.0,43880.0,6
2025-08-22 05:08:00,43880.0,43880.0,43870.0,43870.0,43870.0,206
2025-08-22 05:10:00,43870.0,43890.0,43870.0,43890.0,43890.0,64
2025-08-22 05:12:00,43890.0,43890.0,43890.0,43890.0,43890.0,35
2025-08-22 05:14:00,43870.0,43880.0,43870.0,43880.0,43880.0,42
2025-08-22 05:16:00,43870.0,43880.0,43870.0,43880.0,43880.0,67
2025-08-22 05:18:00,43880.0,43880.0,43880.0,43880.0,43880.0,13
2025-08-22 05:20:00,43870.0,43890.0,43870.0,43890.0,43890.0,2042
2025-08-22 05:22:00,43890.0,43890.0,43880.0,43880.0,43880.0,665
2025-08-22 05:24:00,43870.0,43870.0,43870.0,43870.0,43870.0,38
2025-08-22 05:26:00,43870.0,43880.0,43870.0,43880.0,43880.0,284
2025-08-22 05:28:00,43880.0,43890.0,43870.0,43880.0,43880.0,76
2025-08-22 05:30:00,43870.0,43870.0,43860.0,43870.0,43870.0,87
2025-08-22 05:32:00,43880.0,43880.0,43870.0,43870.0,43870.0,347
2025-08-22 05:34:00,43880.0,43880.0,43870.0,43880.0,43880.0,10
2025-08-22 05:36:00,43870.0,43870.0,43870.0,43870.0,43870.0,24
2025-08-22 05:38:00,43870.0,43870.0,43860.0,43860.0,43860.0,2306
2025-08-22 05:40:00,43860.0,43870.0,43860.0,43860.0,43860.0,2530
2025-08-22 05:42:00,43870.0,43880.0,43860.0,43870.0,43870.0,14
2025-08-22 05:44:00,43870.0,43880.0,43870.0,43880.0,43880.0,171
2025-08-22 05:46:00,43880.0,43890.0,43880.0,43890.0,43890.0,504
2025-08-22 05:48:00,43900.0,43900.0,43890.0,43890.0,43890.0,527
2025-08-22 05:50:00,43900.0,43920.0,43900.0,43920.0,43920.0,1615
2025-08-22 05:52:00,43920.0,43920.0,43910.0,43920.0,43920.0,865
2025-08-22 05:54:00,43920.0,43920.0,43920.0,43920.0,43920.0,331
2025-08-22 05:56:00,43920.0,43920.0,43920.0,43920.0,43920.0,7
2025-08-22 05:58:00,43910.0,43920.0,43900.0,43920.0,43920.0,252
2025-08-22 06:00:00,43910.0,43920.0,43900.0,43910.0,43910.0,772
2025-08-22 06:02:00,43910.0,43910.0,43890.0,43900.0,43900.0,292
2025-08-22 06:04:00,43900.0,43900.0,43890.0,43900.0,43900.0,302
2025-08-22 06:06:00,43900.0,43910.0,43890.0,43900.0,43900.0,356
2025-08-22 06:08:00,43890.0,43900.0,43880.0,43900.0,43900.0,225
2025-08-22 06:10:00,43890.0,43900.0,43890.0,43890.0,43890.0,287
2025-08-22 06:12:00,43890.0,43900.0,43880.0,43890.0,43890.0,66
2025-08-22 06:14:00,43880.0,43900.0,43880.0,43890.0,43890.0,6030
2025-08-22 06:16:00,43890.0,43900.0,43890.0,43890.0,43890.0,596
2025-08-22 06:18:00,43900.0,43900.0,43890.0,43890.0,43890.0,82
2025-08-22 06:20:00,43880.0,43890.0,43880.0,43880.0,43880.0,598
2025-08-22 06:22:00,43870.0,43890.0,43870.0,43890.0,43890.0,6581
2025-08-22 06:24:00,43890.0,43890.0,43870.0,43870.0,43870.0,154
2025-08-25 00:00:00,44430.0,44490.0,44380.0,44470.0,44470.0,25154
2025-08-25 00:02:00,44470.0,44500.0,44410.0,44470.0,44470.0,9687
2025-08-25 00:04:00,44470.0,44520.0,44440.0,44510.0,44510.0,1621
2025-08-25 00:06:00,44490.0,44500.0,44380.0,44430.0,44430.0,8916
2025-08-25 00:08:00,44420.0,44450.0,44380.0,44400.0,44400.0,6811
2025-08-25 00:10:00,44400.0,44410.0,44340.0,44340.0,44340.0,3925
2025-08-25 00:12:00,44330.0,44330.0,44300.0,44300.0,44300.0,1700
2025-08-25 00:14:00,44310.0,44310.0,44250.0,44250.0,44250.0,1362
2025-08-25 00:16:00,44250.0,44250.0,44190.0,44190.0,44190.0,3682
2025-08-25 00:18:00,44190.0,44260.0,44180.0,44250.0,44250.0,2242
2025-08-25 00:20:00,44260.0,44280.0,44250.0,44250.0,44250.0,949
2025-08-25 00:22:00,44260.0,44300.0,44260.0,44260.0,44260.0,1281
2025-08-25 00:24:00,44250.0,44260.0,44210.0,44230.0,44230.0,958
2025-08-25 00:26:00,44230.0,44240.0,44220.0,44220.0,44220.0,550
2025-08-25 00:28:00,44220.0,44230.0,44200.0,44220.0,44220.0,1602
2025-08-25 00:30:00,44230.0,44270.0,44230.0,44270.0,44270.0,521
2025-08-25 00:32:00,44250.0,44280.0,44240.0,44270.0,44270.0,252
2025-08-25 00:34:00,44250.0,44260.0,44230.0,44240.0,44240.0,1079
2025-08-25 00:36:00,44230.0,44260.0,44230.0,44260.0,44260.0,196
2025-08-25 00:38:00,44270.0,44280.0,44260.0,44280.0,44280.0,361
2025-08-25 00:40:00,44290.0,44290.0,44270.0,44290.0,44290.0,357
2025-08-25 00:42:00,44290.0,44290.0,44260.0,44260.0,44260.0,173
2025-08-25 00:44:00,44270.0,44280.0,44250.0,44250.0,44250.0,489
2025-08-25 00:46:00,44240.0,44240.0,44210.0,44220.0,44220.0,1247
2025-08-25 00:48:00,44200.0,44220.0,44180.0,44210.0,44210.0,1471
2025-08-25 00:50:00,44200.0,44240.0,44200.0,44240.0,44240.0,4597
2025-08-25 00:52:00,44220.0,44220.0,44210.0,44220.0,44220.0,290
2025-08-25 00:54:00,44210.0,44210.0,44190.0,44190.0,44190.0,339
2025-08-25 00:56:00,44200.0,44200.0,44190.0,44190.0,44190.0,448
2025-08-25 00:58:00,44200.0,44200.0,44170.0,44190.0,44190.0,474
2025-08-25 01:00:00,44190.0,44200.0,44130.0,44130.0,44130.0,10072
2025-08-25 01:02:00,44120.0,44140.0,44100.0,44110.0,44110.0,959
2025-08-25 01:04:00,44130.0,44150.0,44130.0,44140.0,44140.0,3942
2025-08-25 01:06:00,44150.0,44170.0,44150.0,44150.0,44150.0,709
2025-08-25 01:08:00,44140.0,44150.0,44140.0,44140.0,44140.0,412
2025-08-25 01:10:00,44150.0,44160.0,44130.0,44160.0,44160.0,891
2025-08-25 01:12:00,44160.0,44160.0,44140.0,44160.0,44160.0,703
2025-08-25 01:14:00,44160.0,44160.0,44140.0,44150.0,44150.0,76
2025-08-25 01:16:00,44150.0,44150.0,44120.0,44140.0,44140.0,93
2025-08-25 01:18:00,44130.0,44140.0,44120.0,44130.0,44130.0,2188
2025-08-25 01:20:00,44140.0,44150.0,44140.0,44150.0,44150.0,1590
2025-08-25 01:22:00,44170.0,44180.0,44170.0,44170.0,44170.0,37
2025-08-25 01:24:00,44170.0,44200.0,44170.0,44200.0,44200.0,736
2025-08-25 01:26:00,44210.0,44220.0,44200.0,44220.0,44220.0,407
2025-08-25 01:28:00,44200.0,44210.0,44200.0,44210.0,44210.0,40
2025-08-25 01:30:00,44210.0,44220.0,44190.0,44200.0,44200.0,812
2025-08-25 01:32:00,44200.0,44230.0,44200.0,44230.0,44230.0,342
2025-08-25 01:34:00,44230.0,44230.0,44230.0,44230.0,44230.0,89
2025-08-25 01:36:00,44230.0,44230.0,44220.0,44220.0,44220.0,162
2025-08-25 01:38:00,44230.0,44230.0,44230.0,44230.0,44230.0,302
2025-08-25 01:40:00,44230.0,44230.0,44230.0,44230.0,44230.0,14
2025-08-25 01:42:00,44230.0,44230.0,44220.0,44220.0,44220.0,77
2025-08-25 01:44:00,44230.0,44230.0,44220.0,44230.0,44230.0,264
2025-08-25 01:46:00,44240.0,44250.0,44240.0,44240.0,44240.0,551
2025-08-25 01:48:00,44240.0,44240.0,44240.0,44240.0,44240.0,302
2025-08-25 01:50:00,44230.0,44250.0,44230.0,44250.0,44250.0,510
2025-08-25 01:52:00,44230.0,44230.0,44210.0,44210.0,44210.0,349
2025-08-25 01:54:00,44220.0,44230.0,44220.0,44230.0,44230.0,17
2025-08-25 01:56:00,44230.0,44230.0,44210.0,44220.0,44220.0,114
2025-08-25 01:58:00,44230.0,44240.0,44220.0,44230.0,44230.0,1037
2025-08-25 02:02:00,44230.0,44230.0,44220.0,44220.0,44220.0,26
2025-08-25 02:04:00,44220.0,44230.0,44220.0,44230.0,44230.0,707
2025-08-25 02:06:00,44230.0,44230.0,44230.0,44230.0,44230.0,23
2025-08-25 02:08:00,44230.0,44230.0,44220.0,44230.0,44230.0,215
2025-08-25 02:10:00,44220.0,44220.0,44210.0,44210.0,44210.0,411
2025-08-25 02:12:00,44220.0,44240.0,44220.0,44230.0,44230.0,389
2025-08-25 02:14:00,44240.0,44240.0,44220.0,44230.0,44230.0,71
2025-08-25 02:16:00,44230.0,44250.0,44230.0,44250.0,44250.0,559
2025-08-25 02:18:00,44250.0,44250.0,44240.0,44250.0,44250.0,65
2025-08-25 02:20:00,44250.0,44260.0,44250.0,44260.0,44260.0,425
2025-08-25 02:22:00,44260.0,44260.0,44240.0,44240.0,44240.0,79
2025-08-25 02:24:00,44230.0,44230.0,44210.0,44210.0,44210.0,335
2025-08-25 02:26:00,44210.0,44230.0,44210.0,44220.0,44220.0,119
2025-08-25 02:28:00,44220.0,44230.0,44220.0,44230.0,44230.0,177
2025-08-25 02:30:00,44220.0,44220.0,44210.0,44210.0,44210.0,1041
2025-08-25 03:30:00,44130.0,44130.0,44020.0,44030.0,44030.0,6148
2025-08-25 03:32:00,44040.0,44060.0,44040.0,44050.0,44050.0,1142
2025-08-25 03:34:00,44050.0,44050.0,44040.0,44050.0,44050.0,966
2025-08-25 03:36:00,44060.0,44060.0,44030.0,44030.0,44030.0,195
2025-08-25 03:38:00,44030.0,44060.0,44030.0,44060.0,44060.0,448
2025-08-25 03:40:00,44050.0,44050.0,43990.0,44000.0,44000.0,1190
2025-08-25 03:42:00,43990.0,44000.0,43980.0,44000.0,44000.0,93
2025-08-25 03:44:00,44010.0,44040.0,44010.0,44020.0,44020.0,964
2025-08-25 03:46:00,44010.0,44010.0,44000.0,44000.0,44000.0,208
2025-08-25 03:48:00,44000.0,44010.0,44000.0,44000.0,44000.0,95
2025-08-25 03:50:00,44010.0,44030.0,44010.0,44010.0,44010.0,336
2025-08-25 03:52:00,44020.0,44020.0,44020.0,44020.0,44020.0,2
2025-08-25 03:54:00,44010.0,44030.0,44010.0,44030.0,44030.0,144
2025-08-25 03:56:00,44030.0,44050.0,44030.0,44050.0,44050.0,83
2025-08-25 03:58:00,44040.0,44040.0,44040.0,44040.0,44040.0,156
2025-08-25 04:00:00,44030.0,44050.0,44030.0,44050.0,44050.0,678
2025-08-25 04:02:00,44050.0,44060.0,44050.0,44060.0,44060.0,15
2025-08-25 04:04:00,44060.0,44060.0,44050.0,44050.0,44050.0,143
2025-08-25 04:06:00,44050.0,44060.0,44040.0,44040.0,44040.0,165
2025-08-25 04:08:00,44040.0,44060.0,44040.0,44060.0,44060.0,64
2025-08-25 04:10:00,44060.0,44060.0,44060.0,44060.0,44060.0,156
2025-08-25 04:12:00,44060.0,44060.0,44050.0,44050.0,44050.0,26
2025-08-25 04:14:00,44060.0,44090.0,44060.0,44090.0,44090.0,281
2025-08-25 04:16:00,44090.0,44090.0,44080.0,44090.0,44090.0,592
2025-08-25 04:18:00,44090.0,44100.0,44080.0,44080.0,44080.0,63
2025-08-25 04:20:00,44090.0,44090.0,44070.0,44080.0,44080.0,845
2025-08-25 04:22:00,44070.0,44070.0,44060.0,44070.0,44070.0,247
2025-08-25 04:24:00,44060.0,44070.0,44060.0,44060.0,44060.0,525
2025-08-25 04:26:00,44060.0,44060.0,44050.0,44050.0,44050.0,133
2025-08-25 04:28:00,44050.0,44050.0,44040.0,44040.0,44040.0,166
2025-08-25 04:30:00,44030.0,44050.0,44030.0,44040.0,44040.0,32
2025-08-25 04:32:00,44040.0,44040.0,44040.0,44040.0,44040.0,55
2025-08-25 04:34:00,44040.0,44050.0,44020.0,44040.0,44040.0,182
2025-08-25 04:36:00,44040.0,44040.0,44040.0,44040.0,44040.0,27
2025-08-25 04:38:00,44040.0,44050.0,44040.0,44040.0,44040.0,149
2025-08-25 04:40:00,44050.0,44060.0,44050.0,44050.0,44050.0,143
2025-08-25 04:42:00,44050.0,44060.0,44040.0,44040.0,44040.0,273
2025-08-25 04:44:00,44050.0,44070.0,44050.0,44070.0,44070.0,305
2025-08-25 04:46:00,44060.0,44070.0,44060.0,44060.0,44060.0,70
2025-08-25 04:48:00,44060.0,44070.0,44060.0,44070.0,44070.0,121
2025-08-25 04:50:00,44060.0,44060.0,44060.0,44060.0,44060.0,1
2025-08-25 04:52:00,44070.0,44080.0,44070.0,44070.0,44070.0,16
2025-08-25 04:54:00,44070.0,44080.0,44060.0,44060.0,44060.0,134
2025-08-25 04:56:00,44060.0,44060.0,44060.0,44060.0,44060.0,16
2025-08-25 04:58:00,44060.0,44060.0,44060.0,44060.0,44060.0,12
2025-08-25 05:00:00,44060.0,44060.0,44040.0,44040.0,44040.0,1074
2025-08-25 05:02:00,44040.0,44050.0,44040.0,44050.0,44050.0,9
2025-08-25 05:04:00,44050.0,44050.0,44050.0,44050.0,44050.0,201
2025-08-25 05:06:00,44060.0,44070.0,44060.0,44070.0,44070.0,107
2025-08-25 05:08:00,44070.0,44080.0,44070.0,44070.0,44070.0,76
2025-08-25 05:10:00,44070.0,44080.0,44070.0,44080.0,44080.0,386
2025-08-25 05:12:00,44080.0,44080.0,44080.0,44080.0,44080.0,295
2025-08-25 05:14:00,44090.0,44100.0,44090.0,44090.0,44090.0,658
2025-08-25 05:16:00,44100.0,44100.0,44090.0,44090.0,44090.0,234
2025-08-25 05:18:00,44090.0,44110.0,44090.0,44100.0,44100.0,840
2025-08-25 05:20:00,44110.0,44110.0,44100.0,44100.0,44100.0,770
2025-08-25 05:22:00,44090.0,44090.0,44090.0,44090.0,44090.0,55
2025-08-25 05:24:00,44090.0,44100.0,44090.0,44100.0,44100.0,1896
2025-08-25 05:26:00,44100.0,44100.0,44100.0,44100.0,44100.0,11
2025-08-25 05:28:00,44090.0,44090.0,44090.0,44090.0,44090.0,171
2025-08-25 05:30:00,44100.0,44100.0,44070.0,44070.0,44070.0,153
2025-08-25 05:32:00,44070.0,44090.0,44070.0,44090.0,44090.0,421
2025-08-25 05:34:00,44090.0,44100.0,44090.0,44090.0,44090.0,122
2025-08-25 05:36:00,44090.0,44100.0,44080.0,44100.0,44100.0,183
2025-08-25 05:38:00,44090.0,44100.0,44090.0,44090.0,44090.0,188
2025-08-25 05:40:00,44090.0,44100.0,44090.0,44090.0,44090.0,35
2025-08-25 05:42:00,44090.0,44100.0,44090.0,44100.0,44100.0,139
2025-08-25 05:44:00,44100.0,44110.0,44100.0,44110.0,44110.0,264
2025-08-25 05:46:00,44110.0,44120.0,44100.0,44120.0,44120.0,14
2025-08-25 05:48:00,44120.0,44120.0,44100.0,44120.0,44120.0,239
2025-08-25 05:50:00,44110.0,44130.0,44110.0,44130.0,44130.0,233
2025-08-25 05:52:00,44120.0,44130.0,44120.0,44120.0,44120.0,44
2025-08-25 05:54:00,44130.0,44140.0,44120.0,44120.0,44120.0,2241
2025-08-25 05:56:00,44130.0,44140.0,44120.0,44120.0,44120.0,279
2025-08-25 05:58:00,44120.0,44130.0,44120.0,44120.0,44120.0,59
2025-08-25 06:00:00,44120.0,44120.0,44110.0,44120.0,44120.0,275
2025-08-25 06:02:00,44120.0,44130.0,44100.0,44110.0,44110.0,6064
2025-08-25 06:04:00,44110.0,44120.0,44100.0,44100.0,44100.0,785
2025-08-25 06:06:00,44110.0,44110.0,44090.0,44100.0,44100.0,11267
2025-08-25 06:08:00,44100.0,44100.0,44080.0,44080.0,44080.0,398
2025-08-25 06:10:00,44090.0,44090.0,44080.0,44080.0,44080.0,20
2025-08-25 06:12:00,44080.0,44090.0,44070.0,44080.0,44080.0,82
2025-08-25 06:14:00,44090.0,44100.0,44080.0,44090.0,44090.0,172
2025-08-25 06:16:00,44090.0,44090.0,44080.0,44090.0,44090.0,17
2025-08-25 06:18:00,44090.0,44100.0,44090.0,44090.0,44090.0,483
2025-08-25 06:20:00,44100.0,44100.0,44090.0,44100.0,44100.0,1124
2025-08-25 06:22:00,44100.0,44120.0,44100.0,44120.0,44120.0,2245
2025-08-25 06:24:00,44120.0,44130.0,44110.0,44110.0,44110.0,2029
2025-08-26 00:04:00,43770.0,43880.0,43730.0,43880.0,43880.0,25698
2025-08-26 00:06:00,43880.0,43920.0,43840.0,43860.0,43860.0,3016
2025-08-26 00:08:00,43850.0,43920.0,43850.0,43920.0,43920.0,2944
2025-08-26 00:10:00,43900.0,43920.0,43830.0,43840.0,43840.0,4437
2025-08-26 00:12:00,43830.0,43850.0,43810.0,43840.0,43840.0,2682
2025-08-26 00:14:00,43830.0,43830.0,43770.0,43830.0,43830.0,1311
2025-08-26 00:16:00,43830.0,43890.0,43820.0,43870.0,43870.0,2397
2025-08-26 00:18:00,43870.0,43870.0,43790.0,43810.0,43810.0,3403
2025-08-26 00:20:00,43790.0,43790.0,43760.0,43780.0,43780.0,1339
2025-08-26 00:22:00,43780.0,43780.0,43730.0,43740.0,43740.0,1758
2025-08-26 00:24:00,43740.0,43770.0,43740.0,43740.0,43740.0,3967
2025-08-26 00:26:00,43750.0,43780.0,43740.0,43740.0,43740.0,330
2025-08-26 00:28:00,43740.0,43770.0,43720.0,43760.0,43760.0,1798
2025-08-26 00:30:00,43770.0,43800.0,43700.0,43710.0,43710.0,4476
2025-08-26 00:32:00,43720.0,43730.0,43660.0,43730.0,43730.0,24344
2025-08-26 00:34:00,43730.0,43750.0,43680.0,43680.0,43680.0,3242
2025-08-26 00:36:00,43680.0,43710.0,43650.0,43660.0,43660.0,1959
2025-08-26 00:38:00,43660.0,43660.0,43580.0,43590.0,43590.0,27449
2025-08-26 00:40:00,43580.0,43590.0,43530.0,43530.0,43530.0,1066
2025-08-26 00:42:00,43530.0,43540.0,43510.0,43540.0,43540.0,1922
2025-08-26 00:44:00,43530.0,43560.0,43520.0,43520.0,43520.0,4841
2025-08-26 00:46:00,43510.0,43530.0,43420.0,43440.0,43440.0,10285
2025-08-26 00:48:00,43450.0,43520.0,43440.0,43520.0,43520.0,1080
2025-08-26 00:50:00,43530.0,43580.0,43530.0,43540.0,43540.0,4868
2025-08-26 00:52:00,43530.0,43530.0,43500.0,43510.0,43510.0,1745
2025-08-26 00:54:00,43510.0,43590.0,43510.0,43590.0,43590.0,1075
2025-08-26 00:56:00,43580.0,43610.0,43580.0,43610.0,43610.0,1676
2025-08-26 00:58:00,43610.0,43610.0,43590.0,43590.0,43590.0,4700
2025-08-26 01:00:00,43580.0,43580.0,43560.0,43580.0,43580.0,2280
2025-08-26 01:02:00,43590.0,43610.0,43590.0,43600.0,43600.0,429
2025-08-26 01:04:00,43590.0,43630.0,43590.0,43630.0,43630.0,444
2025-08-26 01:06:00,43630.0,43630.0,43620.0,43630.0,43630.0,2594
2025-08-26 01:08:00,43630.0,43660.0,43630.0,43640.0,43640.0,3469
2025-08-26 01:10:00,43650.0,43690.0,43650.0,43680.0,43680.0,1431
2025-08-26 01:12:00,43690.0,43690.0,43660.0,43680.0,43680.0,194
2025-08-26 01:14:00,43690.0,43700.0,43680.0,43680.0,43680.0,702
2025-08-26 01:16:00,43680.0,43690.0,43680.0,43690.0,43690.0,137
2025-08-26 01:18:00,43680.0,43690.0,43660.0,43680.0,43680.0,1410
2025-08-26 01:20:00,43680.0,43680.0,43660.0,43670.0,43670.0,327
2025-08-26 01:22:00,43670.0,43690.0,43670.0,43690.0,43690.0,335
2025-08-26 01:24:00,43690.0,43690.0,43680.0,43680.0,43680.0,289
2025-08-26 01:26:00,43660.0,43670.0,43650.0,43660.0,43660.0,48
2025-08-26 01:28:00,43660.0,43660.0,43640.0,43660.0,43660.0,520
2025-08-26 01:30:00,43650.0,43670.0,43640.0,43670.0,43670.0,1011
2025-08-26 01:32:00,43670.0,43680.0,43650.0,43650.0,43650.0,27
2025-08-26 01:34:00,43650.0,43660.0,43640.0,43660.0,43660.0,12
2025-08-26 01:36:00,43640.0,43660.0,43630.0,43630.0,43630.0,59
2025-08-26 01:38:00,43640.0,43650.0,43640.0,43650.0,43650.0,178
2025-08-26 01:40:00,43660.0,43660.0,43660.0,43660.0,43660.0,5
2025-08-26 01:42:00,43650.0,43660.0,43650.0,43660.0,43660.0,12
2025-08-26 01:44:00,43650.0,43680.0,43650.0,43680.0,43680.0,9
2025-08-26 01:46:00,43680.0,43680.0,43670.0,43670.0,43670.0,21
2025-08-26 01:48:00,43670.0,43670.0,43670.0,43670.0,43670.0,4
2025-08-26 01:50:00,43680.0,43680.0,43650.0,43650.0,43650.0,161
2025-08-26 01:52:00,43640.0,43640.0,43610.0,43610.0,43610.0,24
2025-08-26 01:54:00,43640.0,43640.0,43630.0,43640.0,43640.0,165
2025-08-26 01:56:00,43650.0,43670.0,43650.0,43670.0,43670.0,189
2025-08-26 01:58:00,43650.0,43650.0,43630.0,43640.0,43640.0,117
2025-08-26 02:00:00,43630.0,43670.0,43630.0,43670.0,43670.0,1391
2025-08-26 02:02:00,43680.0,43680.0,43650.0,43650.0,43650.0,7
2025-08-26 02:04:00,43650.0,43660.0,43640.0,43650.0,43650.0,212
2025-08-26 02:06:00,43660.0,43670.0,43660.0,43660.0,43660.0,109
2025-08-26 02:08:00,43660.0,43660.0,43660.0,43660.0,43660.0,6
2025-08-26 02:10:00,43660.0,43670.0,43660.0,43670.0,43670.0,182
2025-08-26 02:12:00,43660.0,43660.0,43660.0,43660.0,43660.0,2
2025-08-26 02:14:00,43670.0,43670.0,43670.0,43670.0,43670.0,12
2025-08-26 02:16:00,43650.0,43650.0,43630.0,43650.0,43650.0,568
2025-08-26 02:18:00,43650.0,43660.0,43640.0,43660.0,43660.0,407
2025-08-26 02:20:00,43660.0,43660.0,43660.0,43660.0,43660.0,17
2025-08-26 02:24:00,43670.0,43670.0,43660.0,43660.0,43660.0,19
2025-08-26 02:26:00,43660.0,43680.0,43660.0,43680.0,43680.0,893
2025-08-26 02:28:00,43670.0,43680.0,43660.0,43680.0,43680.0,571
2025-08-26 02:30:00,43680.0,43680.0,43680.0,43680.0,43680.0,1417
2025-08-26 03:30:00,43600.0,43600.0,43580.0,43600.0,43600.0,12587
2025-08-26 03:32:00,43590.0,43610.0,43590.0,43610.0,43610.0,308
2025-08-26 03:34:00,43610.0,43610.0,43600.0,43610.0,43610.0,399
2025-08-26 03:36:00,43620.0,43630.0,43620.0,43630.0,43630.0,45
2025-08-26 03:38:00,43630.0,43640.0,43620.0,43640.0,43640.0,178
2025-08-26 03:40:00,43650.0,43660.0,43640.0,43660.0,43660.0,200
2025-08-26 03:42:00,43670.0,43670.0,43660.0,43670.0,43670.0,252
2025-08-26 03:44:00,43670.0,43680.0,43670.0,43680.0,43680.0,29
2025-08-26 03:46:00,43680.0,43680.0,43680.0,43680.0,43680.0,165
2025-08-26 03:48:00,43690.0,43690.0,43690.0,43690.0,43690.0,629
2025-08-26 03:50:00,43690.0,43690.0,43680.0,43690.0,43690.0,74
2025-08-26 03:52:00,43690.0,43700.0,43690.0,43700.0,43700.0,1256
2025-08-26 03:54:00,43700.0,43700.0,43700.0,43700.0,43700.0,100
2025-08-26 03:56:00,43700.0,43710.0,43700.0,43710.0,43710.0,177
2025-08-26 03:58:00,43710.0,43730.0,43710.0,43730.0,43730.0,308
2025-08-26 04:00:00,43730.0,43780.0,43730.0,43770.0,43770.0,580
2025-08-26 04:02:00,43750.0,43750.0,43730.0,43730.0,43730.0,2682
2025-08-26 04:04:00,43730.0,43750.0,43730.0,43750.0,43750.0,1050
2025-08-26 04:06:00,43750.0,43760.0,43740.0,43750.0,43750.0,287
2025-08-26 04:08:00,43740.0,43750.0,43740.0,43740.0,43740.0,55
2025-08-26 04:10:00,43730.0,43750.0,43730.0,43750.0,43750.0,57
2025-08-26 04:12:00,43750.0,43750.0,43750.0,43750.0,43750.0,6
2025-08-26 04:14:00,43750.0,43760.0,43750.0,43760.0,43760.0,268
2025-08-26 04:16:00,43760.0,43760.0,43750.0,43750.0,43750.0,821
2025-08-26 04:18:00,43750.0,43750.0,43740.0,43740.0,43740.0,10148
2025-08-26 04:20:00,43740.0,43740.0,43720.0,43740.0,43740.0,5680
2025-08-26 04:22:00,43750.0,43750.0,43740.0,43740.0,43740.0,224
2025-08-26 04:24:00,43730.0,43730.0,43720.0,43720.0,43720.0,41
2025-08-26 04:26:00,43720.0,43730.0,43720.0,43720.0,43720.0,343
2025-08-26 04:28:00,43720.0,43720.0,43720.0,43720.0,43720.0,2
2025-08-26 04:30:00,43730.0,43730.0,43730.0,43730.0,43730.0,38
2025-08-26 04:32:00,43730.0,43740.0,43730.0,43740.0,43740.0,20
2025-08-26 04:34:00,43740.0,43740.0,43720.0,43720.0,43720.0,106
2025-08-26 04:36:00,43720.0,43720.0,43720.0,43720.0,43720.0,9
2025-08-26 04:38:00,43720.0,43720.0,43700.0,43710.0,43710.0,1643
2025-08-26 04:40:00,43700.0,43710.0,43670.0,43710.0,43710.0,8094
2025-08-26 04:42:00,43700.0,43700.0,43680.0,43680.0,43680.0,109
2025-08-26 04:44:00,43680.0,43690.0,43680.0,43690.0,43690.0,684
2025-08-26 04:46:00,43690.0,43700.0,43690.0,43690.0,43690.0,40
2025-08-26 04:48:00,43690.0,43710.0,43690.0,43710.0,43710.0,33
2025-08-26 04:50:00,43700.0,43700.0,43700.0,43700.0,43700.0,14
2025-08-26 04:52:00,43700.0,43700.0,43700.0,43700.0,43700.0,9
2025-08-26 04:54:00,43690.0,43690.0,43680.0,43690.0,43690.0,21
2025-08-26 04:56:00,43700.0,43700.0,43700.0,43700.0,43700.0,19
2025-08-26 04:58:00,43690.0,43710.0,43690.0,43700.0,43700.0,49
2025-08-26 05:00:00,43720.0,43730.0,43720.0,43730.0,43730.0,545
2025-08-26 05:02:00,43730.0,43730.0,43730.0,43730.0,43730.0,4
2025-08-26 05:04:00,43720.0,43730.0,43720.0,43730.0,43730.0,23
2025-08-26 05:06:00,43730.0,43750.0,43730.0,43740.0,43740.0,646
2025-08-26 05:08:00,43740.0,43750.0,43740.0,43750.0,43750.0,174
2025-08-26 05:10:00,43750.0,43750.0,43750.0,43750.0,43750.0,186
2025-08-26 05:12:00,43750.0,43750.0,43750.0,43750.0,43750.0,202
2025-08-26 05:14:00,43740.0,43740.0,43740.0,43740.0,43740.0,64
2025-08-26 05:16:00,43730.0,43740.0,43720.0,43730.0,43730.0,374
2025-08-26 05:18:00,43730.0,43730.0,43720.0,43720.0,43720.0,36
2025-08-26 05:20:00,43720.0,43730.0,43720.0,43720.0,43720.0,17
2025-08-26 05:22:00,43710.0,43710.0,43710.0,43710.0,43710.0,322
2025-08-26 05:24:00,43720.0,43720.0,43710.0,43710.0,43710.0,34
2025-08-26 05:26:00,43710.0,43710.0,43710.0,43710.0,43710.0,21
2025-08-26 05:28:00,43710.0,43710.0,43710.0,43710.0,43710.0,17
2025-08-26 05:30:00,43700.0,43700.0,43700.0,43700.0,43700.0,212
2025-08-26 05:32:00,43700.0,43720.0,43700.0,43720.0,43720.0,72
2025-08-26 05:34:00,43720.0,43730.0,43720.0,43720.0,43720.0,59
2025-08-26 05:36:00,43730.0,43730.0,43700.0,43700.0,43700.0,69
2025-08-26 05:38:00,43700.0,43720.0,43700.0,43710.0,43710.0,600
2025-08-26 05:40:00,43710.0,43710.0,43710.0,43710.0,43710.0,14
2025-08-26 05:42:00,43730.0,43730.0,43730.0,43730.0,43730.0,762
2025-08-26 05:44:00,43740.0,43750.0,43740.0,43750.0,43750.0,25
2025-08-26 05:46:00,43740.0,43740.0,43730.0,43730.0,43730.0,353
2025-08-26 05:48:00,43720.0,43730.0,43720.0,43730.0,43730.0,116
2025-08-26 05:50:00,43720.0,43720.0,43720.0,43720.0,43720.0,150
2025-08-26 05:52:00,43720.0,43720.0,43710.0,43710.0,43710.0,3454
2025-08-26 05:54:00,43700.0,43710.0,43700.0,43710.0,43710.0,1084
2025-08-26 05:56:00,43720.0,43720.0,43720.0,43720.0,43720.0,88
2025-08-26 05:58:00,43720.0,43730.0,43720.0,43730.0,43730.0,30
2025-08-26 06:00:00,43720.0,43740.0,43720.0,43730.0,43730.0,141
2025-08-26 06:02:00,43730.0,43730.0,43730.0,43730.0,43730.0,6023
2025-08-26 06:04:00,43740.0,43750.0,43740.0,43750.0,43750.0,6025
2025-08-26 06:06:00,43750.0,43750.0,43750.0,43750.0,43750.0,172
2025-08-26 06:08:00,43750.0,43750.0,43750.0,43750.0,43750.0,43
2025-08-26 06:10:00,43750.0,43750.0,43720.0,43730.0,43730.0,150
2025-08-26 06:12:00,43720.0,43730.0,43720.0,43720.0,43720.0,184
2025-08-26 06:14:00,43720.0,43730.0,43720.0,43730.0,43730.0,248
2025-08-26 06:16:00,43740.0,43740.0,43720.0,43720.0,43720.0,67
2025-08-26 06:18:00,43710.0,43720.0,43710.0,43720.0,43720.0,342
2025-08-26 06:20:00,43720.0,43720.0,43690.0,43690.0,43690.0,8682
2025-08-26 06:22:00,43700.0,43720.0,43700.0,43720.0,43720.0,9180
2025-08-26 06:24:00,43720.0,43720.0,43710.0,43710.0,43710.0,3520
2025-08-27 00:04:00,43640.0,43660.0,43640.0,43650.0,43650.0,8698
2025-08-27 00:06:00,43640.0,43670.0,43620.0,43670.0,43670.0,604
2025-08-27 00:08:00,43670.0,43710.0,43630.0,43640.0,43640.0,3069
2025-08-27 00:10:00,43660.0,43690.0,43650.0,43690.0,43690.0,1284
2025-08-27 00:12:00,43690.0,43770.0,43690.0,43770.0,43770.0,3939
2025-08-27 00:14:00,43770.0,43780.0,43710.0,43710.0,43710.0,776
2025-08-27 00:16:00,43720.0,43760.0,43720.0,43760.0,43760.0,426
2025-08-27 00:18:00,43740.0,43740.0,43690.0,43710.0,43710.0,1765
2025-08-27 00:20:00,43720.0,43720.0,43700.0,43700.0,43700.0,1064
2025-08-27 00:22:00,43700.0,43720.0,43690.0,43700.0,43700.0,382
2025-08-27 00:24:00,43680.0,43690.0,43670.0,43680.0,43680.0,364
2025-08-27 00:26:00,43670.0,43670.0,43630.0,43630.0,43630.0,5216
2025-08-27 00:28:00,43630.0,43650.0,43630.0,43630.0,43630.0,293
2025-08-27 00:30:00,43630.0,43640.0,43620.0,43640.0,43640.0,320
2025-08-27 00:32:00,43660.0,43660.0,43640.0,43660.0,43660.0,2076
2025-08-27 00:34:00,43670.0,43670.0,43640.0,43660.0,43660.0,261
2025-08-27 00:36:00,43650.0,43650.0,43620.0,43620.0,43620.0,1133
2025-08-27 00:38:00,43610.0,43620.0,43580.0,43610.0,43610.0,1127
2025-08-27 00:40:00,43610.0,43620.0,43590.0,43590.0,43590.0,1765
2025-08-27 00:42:00,43580.0,43580.0,43570.0,43570.0,43570.0,266
2025-08-27 00:44:00,43590.0,43600.0,43580.0,43600.0,43600.0,487
2025-08-27 00:46:00,43590.0,43600.0,43580.0,43600.0,43600.0,765
2025-08-27 00:48:00,43600.0,43620.0,43600.0,43610.0,43610.0,2141
2025-08-27 00:50:00,43610.0,43650.0,43610.0,43650.0,43650.0,129
2025-08-27 00:52:00,43630.0,43630.0,43620.0,43630.0,43630.0,71
2025-08-27 00:54:00,43610.0,43620.0,43600.0,43620.0,43620.0,270
2025-08-27 00:56:00,43620.0,43670.0,43620.0,43670.0,43670.0,1298
2025-08-27 00:58:00,43670.0,43670.0,43650.0,43660.0,43660.0,108
2025-08-27 01:00:00,43670.0,43690.0,43660.0,43660.0,43660.0,414
2025-08-27 01:02:00,43660.0,43670.0,43660.0,43660.0,43660.0,268
2025-08-27 01:04:00,43660.0,43660.0,43630.0,43630.0,43630.0,113
2025-08-27 01:06:00,43650.0,43670.0,43640.0,43660.0,43660.0,53
2025-08-27 01:08:00,43670.0,43690.0,43660.0,43660.0,43660.0,240
2025-08-27 01:10:00,43650.0,43650.0,43630.0,43630.0,43630.0,84
2025-08-27 01:12:00,43630.0,43640.0,43630.0,43640.0,43640.0,484
2025-08-27 01:14:00,43650.0,43660.0,43640.0,43660.0,43660.0,830
2025-08-27 01:16:00,43660.0,43660.0,43660.0,43660.0,43660.0,138
2025-08-27 01:18:00,43660.0,43660.0,43660.0,43660.0,43660.0,57
2025-08-27 01:20:00,43670.0,43680.0,43670.0,43680.0,43680.0,1035
2025-08-27 01:22:00,43690.0,43690.0,43680.0,43680.0,43680.0,301
2025-08-27 01:24:00,43680.0,43690.0,43680.0,43680.0,43680.0,28
2025-08-27 01:26:00,43690.0,43690.0,43690.0,43690.0,43690.0,1
2025-08-27 01:28:00,43680.0,43680.0,43680.0,43680.0,43680.0,14
2025-08-27 01:30:00,43680.0,43680.0,43650.0,43660.0,43660.0,135
2025-08-27 01:32:00,43660.0,43670.0,43660.0,43670.0,43670.0,14
2025-08-27 01:36:00,43660.0,43670.0,43660.0,43670.0,43670.0,27
2025-08-27 01:38:00,43680.0,43690.0,43680.0,43690.0,43690.0,148
2025-08-27 01:40:00,43680.0,43680.0,43680.0,43680.0,43680.0,82
2025-08-27 01:42:00,43680.0,43680.0,43680.0,43680.0,43680.0,7
2025-08-27 01:44:00,43690.0,43690.0,43670.0,43670.0,43670.0,31
2025-08-27 01:46:00,43680.0,43690.0,43680.0,43690.0,43690.0,351
2025-08-27 01:48:00,43690.0,43720.0,43690.0,43720.0,43720.0,2224
2025-08-27 01:50:00,43730.0,43740.0,43700.0,43710.0,43710.0,1035
2025-08-27 01:52:00,43710.0,43730.0,43710.0,43730.0,43730.0,352
2025-08-27 01:54:00,43730.0,43730.0,43710.0,43710.0,43710.0,70
2025-08-27 01:56:00,43710.0,43710.0,43700.0,43700.0,43700.0,296
2025-08-27 01:58:00,43700.0,43720.0,43690.0,43720.0,43720.0,478
2025-08-27 02:00:00,43720.0,43720.0,43710.0,43710.0,43710.0,302
2025-08-27 02:02:00,43710.0,43710.0,43710.0,43710.0,43710.0,160
2025-08-27 02:04:00,43710.0,43720.0,43710.0,43720.0,43720.0,1172
2025-08-27 02:06:00,43720.0,43720.0,43720.0,43720.0,43720.0,121
2025-08-27 02:08:00,43720.0,43720.0,43720.0,43720.0,43720.0,7
2025-08-27 02:10:00,43720.0,43720.0,43720.0,43720.0,43720.0,2
2025-08-27 02:12:00,43720.0,43730.0,43720.0,43730.0,43730.0,163
2025-08-27 02:14:00,43730.0,43750.0,43730.0,43750.0,43750.0,264
2025-08-27 02:16:00,43750.0,43770.0,43750.0,43770.0,43770.0,425
2025-08-27 02:18:00,43770.0,43780.0,43770.0,43770.0,43770.0,1447
2025-08-27 02:20:00,43770.0,43780.0,43760.0,43780.0,43780.0,278
2025-08-27 02:22:00,43770.0,43800.0,43770.0,43800.0,43800.0,2051
2025-08-27 02:24:00,43790.0,43850.0,43780.0,43840.0,43840.0,1070
2025-08-27 02:26:00,43840.0,43850.0,43820.0,43820.0,43820.0,462
2025-08-27 02:28:00,43820.0,43820.0,43810.0,43820.0,43820.0,61
2025-08-27 02:30:00,43820.0,43820.0,43820.0,43820.0,43820.0,806
2025-08-27 03:30:00,43840.0,43850.0,43830.0,43840.0,43840.0,2155
2025-08-27 03:32:00,43840.0,43850.0,43840.0,43850.0,43850.0,1190
2025-08-27 03:34:00,43860.0,43890.0,43860.0,43890.0,43890.0,1852
2025-08-27 03:36:00,43880.0,43890.0,43870.0,43890.0,43890.0,303
2025-08-27 03:38:00,43900.0,43920.0,43900.0,43910.0,43910.0,1618
2025-08-27 03:40:00,43920.0,43930.0,43910.0,43910.0,43910.0,852
2025-08-27 03:42:00,43910.0,43910.0,43880.0,43880.0,43880.0,688
2025-08-27 03:44:00,43870.0,43870.0,43840.0,43850.0,43850.0,936
2025-08-27 03:46:00,43860.0,43860.0,43840.0,43840.0,43840.0,504
2025-08-27 03:48:00,43840.0,43860.0,43840.0,43850.0,43850.0,344
2025-08-27 03:50:00,43850.0,43860.0,43850.0,43860.0,43860.0,955
2025-08-27 03:52:00,43870.0,43880.0,43870.0,43870.0,43870.0,89
2025-08-27 03:54:00,43860.0,43860.0,43840.0,43840.0,43840.0,89
2025-08-27 03:56:00,43850.0,43850.0,43850.0,43850.0,43850.0,28
2025-08-27 03:58:00,43860.0,43860.0,43850.0,43860.0,43860.0,1109
2025-08-27 04:00:00,43870.0,43870.0,43870.0,43870.0,43870.0,447
2025-08-27 04:02:00,43880.0,43880.0,43880.0,43880.0,43880.0,3
2025-08-27 04:04:00,43870.0,43870.0,43850.0,43850.0,43850.0,80
2025-08-27 04:06:00,43860.0,43860.0,43840.0,43840.0,43840.0,442
2025-08-27 04:08:00,43850.0,43850.0,43850.0,43850.0,43850.0,3
2025-08-27 04:10:00,43860.0,43860.0,43840.0,43840.0,43840.0,228
2025-08-27 04:12:00,43850.0,43850.0,43840.0,43840.0,43840.0,50
2025-08-27 04:14:00,43840.0,43840.0,43820.0,43820.0,43820.0,682
2025-08-27 04:16:00,43820.0,43840.0,43810.0,43840.0,43840.0,743
2025-08-27 04:18:00,43850.0,43850.0,43840.0,43840.0,43840.0,50
2025-08-27 04:20:00,43850.0,43850.0,43840.0,43840.0,43840.0,179
2025-08-27 04:22:00,43840.0,43840.0,43830.0,43830.0,43830.0,264
2025-08-27 04:24:00,43820.0,43820.0,43810.0,43820.0,43820.0,339
2025-08-27 04:26:00,43820.0,43820.0,43810.0,43810.0,43810.0,137
2025-08-27 04:28:00,43810.0,43810.0,43790.0,43790.0,43790.0,757
2025-08-27 04:30:00,43780.0,43780.0,43780.0,43780.0,43780.0,346
2025-08-27 04:32:00,43780.0,43800.0,43780.0,43790.0,43790.0,163
2025-08-27 04:34:00,43790.0,43800.0,43790.0,43800.0,43800.0,75
2025-08-27 04:36:00,43770.0,43780.0,43770.0,43780.0,43780.0,155
2025-08-27 04:38:00,43780.0,43800.0,43780.0,43800.0,43800.0,2099
2025-08-27 04:40:00,43800.0,43800.0,43800.0,43800.0,43800.0,53
2025-08-27 04:42:00,43810.0,43810.0,43800.0,43800.0,43800.0,76
2025-08-27 04:44:00,43800.0,43800.0,43790.0,43790.0,43790.0,10
2025-08-27 04:46:00,43800.0,43800.0,43800.0,43800.0,43800.0,55
2025-08-27 04:48:00,43800.0,43800.0,43800.0,43800.0,43800.0,102
2025-08-27 04:54:00,43800.0,43800.0,43790.0,43790.0,43790.0,42
2025-08-27 04:56:00,43800.0,43810.0,43800.0,43810.0,43810.0,68
2025-08-27 04:58:00,43800.0,43800.0,43800.0,43800.0,43800.0,1170
2025-08-27 05:00:00,43800.0,43800.0,43790.0,43790.0,43790.0,1422
2025-08-27 05:02:00,43780.0,43780.0,43770.0,43770.0,43770.0,677
2025-08-27 05:04:00,43780.0,43780.0,43780.0,43780.0,43780.0,115
2025-08-27 05:06:00,43780.0,43780.0,43770.0,43770.0,43770.0,3
2025-08-27 05:08:00,43770.0,43770.0,43740.0,43750.0,43750.0,1546
2025-08-27 05:10:00,43760.0,43760.0,43760.0,43760.0,43760.0,440
2025-08-27 05:12:00,43760.0,43760.0,43750.0,43750.0,43750.0,4521
2025-08-27 05:14:00,43760.0,43770.0,43760.0,43760.0,43760.0,5110
2025-08-27 05:16:00,43750.0,43750.0,43720.0,43720.0,43720.0,5271
2025-08-27 05:18:00,43720.0,43720.0,43700.0,43720.0,43720.0,819
2025-08-27 05:20:00,43730.0,43730.0,43730.0,43730.0,43730.0,56
2025-08-27 05:22:00,43740.0,43740.0,43740.0,43740.0,43740.0,231
2025-08-27 05:24:00,43740.0,43760.0,43740.0,43760.0,43760.0,127
2025-08-27 05:26:00,43760.0,43760.0,43760.0,43760.0,43760.0,5257
2025-08-27 05:28:00,43760.0,43760.0,43760.0,43760.0,43760.0,80
2025-08-27 05:30:00,43770.0,43790.0,43770.0,43790.0,43790.0,285
2025-08-27 05:32:00,43790.0,43800.0,43790.0,43800.0,43800.0,1012
2025-08-27 05:34:00,43790.0,43800.0,43790.0,43800.0,43800.0,334
2025-08-27 05:36:00,43800.0,43800.0,43800.0,43800.0,43800.0,25
2025-08-27 05:38:00,43800.0,43800.0,43790.0,43790.0,43790.0,64
2025-08-27 05:40:00,43790.0,43790.0,43780.0,43780.0,43780.0,48
2025-08-27 05:42:00,43790.0,43800.0,43790.0,43800.0,43800.0,83
2025-08-27 05:44:00,43800.0,43800.0,43800.0,43800.0,43800.0,10
2025-08-27 05:46:00,43800.0,43800.0,43800.0,43800.0,43800.0,1646
2025-08-27 05:48:00,43790.0,43790.0,43770.0,43780.0,43780.0,3959
2025-08-27 05:50:00,43780.0,43780.0,43780.0,43780.0,43780.0,20
2025-08-27 05:52:00,43780.0,43780.0,43780.0,43780.0,43780.0,35
2025-08-27 05:54:00,43780.0,43780.0,43760.0,43760.0,43760.0,205
2025-08-27 05:56:00,43770.0,43770.0,43760.0,43760.0,43760.0,189
2025-08-27 05:58:00,43760.0,43760.0,43740.0,43750.0,43750.0,270
2025-08-27 06:00:00,43760.0,43770.0,43760.0,43760.0,43760.0,103
2025-08-27 06:02:00,43760.0,43770.0,43760.0,43760.0,43760.0,388
2025-08-27 06:04:00,43770.0,43790.0,43770.0,43790.0,43790.0,556
2025-08-27 06:06:00,43790.0,43810.0,43790.0,43810.0,43810.0,707
2025-08-27 06:08:00,43800.0,43820.0,43800.0,43810.0,43810.0,2031
2025-08-27 06:10:00,43810.0,43820.0,43810.0,43810.0,43810.0,551
2025-08-27 06:12:00,43800.0,43830.0,43800.0,43830.0,43830.0,2122
2025-08-27 06:14:00,43830.0,43850.0,43830.0,43840.0,43840.0,3417
2025-08-27 06:16:00,43850.0,43850.0,43840.0,43850.0,43850.0,675
2025-08-27 06:18:00,43860.0,43860.0,43840.0,43850.0,43850.0,214
2025-08-27 06:20:00,43850.0,43880.0,43850.0,43870.0,43870.0,4544
2025-08-27 06:22:00,43870.0,43890.0,43870.0,43870.0,43870.0,4905
2025-08-27 06:24:00,43880.0,43890.0,43850.0,43850.0,43850.0,3696
2025-08-28 00:04:00,43730.0,43770.0,43730.0,43770.0,43770.0,15562
2025-08-28 00:06:00,43760.0,43870.0,43760.0,43870.0,43870.0,1668
2025-08-28 00:08:00,43870.0,43990.0,43870.0,43980.0,43980.0,2950
2025-08-28 00:10:00,43980.0,43980.0,43890.0,43950.0,43950.0,1994
2025-08-28 00:12:00,43950.0,44040.0,43930.0,44020.0,44020.0,2272
2025-08-28 00:14:00,44010.0,44040.0,43970.0,43970.0,43970.0,2769
2025-08-28 00:16:00,43970.0,43980.0,43840.0,43850.0,43850.0,4599
2025-08-28 00:18:00,43840.0,43870.0,43830.0,43850.0,43850.0,772
2025-08-28 00:20:00,43850.0,43870.0,43840.0,43870.0,43870.0,535
2025-08-28 00:22:00,43850.0,43880.0,43850.0,43850.0,43850.0,855
2025-08-28 00:24:00,43880.0,43880.0,43810.0,43820.0,43820.0,703
2025-08-28 00:26:00,43800.0,43880.0,43800.0,43880.0,43880.0,924
2025-08-28 00:28:00,43880.0,43900.0,43870.0,43880.0,43880.0,646
2025-08-28 00:30:00,43890.0,43940.0,43890.0,43940.0,43940.0,481
2025-08-28 00:32:00,43950.0,43990.0,43930.0,43940.0,43940.0,4439
2025-08-28 00:34:00,43940.0,43940.0,43900.0,43940.0,43940.0,867
2025-08-28 00:36:00,43950.0,44000.0,43940.0,44000.0,44000.0,2949
2025-08-28 00:38:00,43990.0,44030.0,43990.0,44000.0,44000.0,1804
2025-08-28 00:40:00,43970.0,44000.0,43960.0,44000.0,44000.0,1541
2025-08-28 00:42:00,44000.0,44020.0,44000.0,44010.0,44010.0,505
2025-08-28 00:44:00,43990.0,43990.0,43980.0,43980.0,43980.0,335
2025-08-28 00:46:00,43980.0,43990.0,43960.0,43990.0,43990.0,374
2025-08-28 00:48:00,43990.0,44000.0,43970.0,43970.0,43970.0,371
2025-08-28 00:50:00,43960.0,43960.0,43930.0,43950.0,43950.0,1782
2025-08-28 00:52:00,43920.0,43940.0,43920.0,43920.0,43920.0,683
2025-08-28 00:54:00,43920.0,43970.0,43920.0,43970.0,43970.0,258
2025-08-28 00:56:00,43970.0,43970.0,43950.0,43950.0,43950.0,18
2025-08-28 00:58:00,43960.0,43970.0,43960.0,43960.0,43960.0,26
2025-08-28 01:00:00,43940.0,43950.0,43920.0,43920.0,43920.0,594
2025-08-28 01:02:00,43920.0,43940.0,43920.0,43930.0,43930.0,81
2025-08-28 01:04:00,43940.0,43950.0,43920.0,43920.0,43920.0,225
2025-08-28 01:06:00,43930.0,43930.0,43930.0,43930.0,43930.0,206
2025-08-28 01:08:00,43920.0,43920.0,43890.0,43890.0,43890.0,2575
2025-08-28 01:10:00,43890.0,43910.0,43890.0,43900.0,43900.0,32
2025-08-28 01:12:00,43900.0,43900.0,43880.0,43900.0,43900.0,333
2025-08-28 01:14:00,43900.0,43920.0,43900.0,43900.0,43900.0,157
2025-08-28 01:16:00,43890.0,43900.0,43890.0,43900.0,43900.0,93
2025-08-28 01:18:00,43900.0,43900.0,43900.0,43900.0,43900.0,1015
2025-08-28 01:20:00,43910.0,43920.0,43900.0,43920.0,43920.0,1060
2025-08-28 01:22:00,43910.0,43930.0,43910.0,43920.0,43920.0,36
2025-08-28 01:24:00,43910.0,43910.0,43910.0,43910.0,43910.0,6
2025-08-28 01:26:00,43930.0,43940.0,43930.0,43940.0,43940.0,86
2025-08-28 01:28:00,43950.0,43950.0,43940.0,43950.0,43950.0,36
2025-08-28 01:30:00,43930.0,43940.0,43930.0,43940.0,43940.0,21
2025-08-28 01:32:00,43930.0,43960.0,43930.0,43960.0,43960.0,2449
2025-08-28 01:34:00,43960.0,43990.0,43960.0,43990.0,43990.0,1025
2025-08-28 01:36:00,43980.0,43990.0,43980.0,43990.0,43990.0,235
2025-08-28 01:38:00,43990.0,44010.0,43990.0,44010.0,44010.0,817
2025-08-28 01:40:00,44000.0,44000.0,43990.0,43990.0,43990.0,325
2025-08-28 01:42:00,44000.0,44000.0,43990.0,43990.0,43990.0,23
2025-08-28 01:44:00,43980.0,44010.0,43980.0,44000.0,44000.0,653
2025-08-28 01:46:00,44000.0,44000.0,44000.0,44000.0,44000.0,76
2025-08-28 01:48:00,44000.0,44010.0,43990.0,43990.0,43990.0,82
2025-08-28 01:50:00,43980.0,44010.0,43980.0,44000.0,44000.0,1545
2025-08-28 01:52:00,44000.0,44000.0,44000.0,44000.0,44000.0,1
2025-08-28 01:54:00,44020.0,44020.0,44000.0,44010.0,44010.0,682
2025-08-28 01:56:00,44010.0,44010.0,44000.0,44000.0,44000.0,129
2025-08-28 01:58:00,44000.0,44000.0,44000.0,44000.0,44000.0,252
2025-08-28 02:00:00,44000.0,44000.0,44000.0,44000.0,44000.0,31
2025-08-28 02:02:00,44000.0,44000.0,44000.0,44000.0,44000.0,10
2025-08-28 02:04:00,44010.0,44020.0,44010.0,44020.0,44020.0,325
2025-08-28 02:06:00,44010.0,44010.0,44000.0,44000.0,44000.0,115
2025-08-28 02:08:00,44010.0,44010.0,44010.0,44010.0,44010.0,13
2025-08-28 02:10:00,44010.0,44050.0,44010.0,44050.0,44050.0,942
2025-08-28 02:12:00,44050.0,44060.0,44050.0,44060.0,44060.0,340
2025-08-28 02:14:00,44050.0,44050.0,44030.0,44030.0,44030.0,324
2025-08-28 02:16:00,44040.0,44040.0,44030.0,44030.0,44030.0,212
2025-08-28 02:18:00,44040.0,44050.0,44030.0,44030.0,44030.0,70
2025-08-28 02:20:00,44020.0,44040.0,44010.0,44040.0,44040.0,425
2025-08-28 02:22:00,44040.0,44040.0,44040.0,44040.0,44040.0,27
2025-08-28 02:24:00,44050.0,44050.0,44050.0,44050.0,44050.0,6
2025-08-28 02:26:00,44050.0,44050.0,44050.0,44050.0,44050.0,10
2025-08-28 02:28:00,44050.0,44050.0,44040.0,44050.0,44050.0,139
2025-08-28 02:30:00,44050.0,44060.0,44050.0,44060.0,44060.0,338
2025-08-28 03:30:00,44060.0,44120.0,44060.0,44110.0,44110.0,2644
2025-08-28 03:32:00,44110.0,44110.0,44090.0,44090.0,44090.0,452
2025-08-28 03:34:00,44090.0,44120.0,44090.0,44120.0,44120.0,1299
2025-08-28 03:36:00,44130.0,44140.0,44120.0,44120.0,44120.0,1606
2025-08-28 03:38:00,44110.0,44120.0,44110.0,44120.0,44120.0,264
2025-08-28 03:40:00,44120.0,44120.0,44100.0,44100.0,44100.0,169
2025-08-28 03:42:00,44090.0,44100.0,44090.0,44100.0,44100.0,396
2025-08-28 03:44:00,44100.0,44100.0,44080.0,44080.0,44080.0,497
2025-08-28 03:46:00,44070.0,44100.0,44070.0,44100.0,44100.0,266
2025-08-28 03:48:00,44100.0,44100.0,44080.0,44090.0,44090.0,142
2025-08-28 03:50:00,44100.0,44100.0,44080.0,44090.0,44090.0,385
2025-08-28 03:52:00,44100.0,44110.0,44100.0,44110.0,44110.0,222
2025-08-28 03:54:00,44120.0,44120.0,44110.0,44120.0,44120.0,424
2025-08-28 03:56:00,44120.0,44130.0,44120.0,44130.0,44130.0,1405
2025-08-28 03:58:00,44130.0,44130.0,44120.0,44120.0,44120.0,253
2025-08-28 04:00:00,44120.0,44120.0,44080.0,44080.0,44080.0,1639
2025-08-28 04:02:00,44090.0,44090.0,44050.0,44050.0,44050.0,1516
2025-08-28 04:04:00,44050.0,44060.0,44050.0,44060.0,44060.0,324
2025-08-28 04:06:00,44080.0,44080.0,44060.0,44060.0,44060.0,246
2025-08-28 04:08:00,44060.0,44060.0,44060.0,44060.0,44060.0,50
2025-08-28 04:10:00,44050.0,44050.0,44040.0,44040.0,44040.0,109
2025-08-28 04:12:00,44030.0,44040.0,44030.0,44040.0,44040.0,101
2025-08-28 04:14:00,44040.0,44040.0,44040.0,44040.0,44040.0,86
2025-08-28 04:16:00,44040.0,44040.0,44040.0,44040.0,44040.0,40
2025-08-28 04:18:00,44040.0,44040.0,44030.0,44030.0,44030.0,81
2025-08-28 04:20:00,44030.0,44030.0,44020.0,44030.0,44030.0,1480
2025-08-28 04:22:00,44040.0,44050.0,44040.0,44040.0,44040.0,18
2025-08-28 04:24:00,44050.0,44050.0,44030.0,44030.0,44030.0,705
2025-08-28 04:26:00,44060.0,44070.0,44060.0,44070.0,44070.0,134
2025-08-28 04:28:00,44070.0,44080.0,44070.0,44080.0,44080.0,129
2025-08-28 04:30:00,44060.0,44070.0,44060.0,44070.0,44070.0,40
2025-08-28 04:32:00,44070.0,44070.0,44070.0,44070.0,44070.0,16
2025-08-28 04:34:00,44070.0,44070.0,44070.0,44070.0,44070.0,53
2025-08-28 04:36:00,44080.0,44090.0,44080.0,44090.0,44090.0,246
2025-08-28 04:38:00,44090.0,44090.0,44080.0,44090.0,44090.0,24
2025-08-28 04:40:00,44090.0,44090.0,44090.0,44090.0,44090.0,123
2025-08-28 04:42:00,44080.0,44090.0,44080.0,44090.0,44090.0,41
2025-08-28 04:44:00,44100.0,44100.0,44100.0,44100.0,44100.0,221
2025-08-28 04:46:00,44090.0,44090.0,44080.0,44080.0,44080.0,9
2025-08-28 04:48:00,44090.0,44090.0,44080.0,44080.0,44080.0,46
2025-08-28 04:50:00,44090.0,44110.0,44090.0,44110.0,44110.0,170
2025-08-28 04:52:00,44090.0,44100.0,44090.0,44100.0,44100.0,56
2025-08-28 04:54:00,44100.0,44100.0,44100.0,44100.0,44100.0,71
2025-08-28 04:58:00,44100.0,44100.0,44100.0,44100.0,44100.0,53
2025-08-28 05:00:00,44110.0,44110.0,44070.0,44090.0,44090.0,1569
2025-08-28 05:02:00,44100.0,44110.0,44090.0,44090.0,44090.0,181
2025-08-28 05:04:00,44100.0,44110.0,44100.0,44110.0,44110.0,652
2025-08-28 05:06:00,44100.0,44110.0,44100.0,44100.0,44100.0,555
2025-08-28 05:08:00,44100.0,44100.0,44100.0,44100.0,44100.0,1
2025-08-28 05:10:00,44110.0,44110.0,44110.0,44110.0,44110.0,216
2025-08-28 05:12:00,44110.0,44130.0,44100.0,44130.0,44130.0,711
2025-08-28 05:14:00,44120.0,44120.0,44100.0,44110.0,44110.0,358
2025-08-28 05:16:00,44110.0,44120.0,44110.0,44120.0,44120.0,636
2025-08-28 05:18:00,44110.0,44130.0,44110.0,44130.0,44130.0,573
2025-08-28 05:20:00,44130.0,44130.0,44110.0,44120.0,44120.0,70
2025-08-28 05:22:00,44110.0,44110.0,44110.0,44110.0,44110.0,6
2025-08-28 05:24:00,44120.0,44120.0,44100.0,44100.0,44100.0,280
2025-08-28 05:26:00,44110.0,44110.0,44100.0,44100.0,44100.0,28
2025-08-28 05:28:00,44110.0,44120.0,44090.0,44090.0,44090.0,456
2025-08-28 05:30:00,44100.0,44100.0,44090.0,44090.0,44090.0,29
2025-08-28 05:32:00,44090.0,44100.0,44090.0,44100.0,44100.0,69
2025-08-28 05:34:00,44100.0,44110.0,44100.0,44100.0,44100.0,188
2025-08-28 05:36:00,44100.0,44110.0,44100.0,44110.0,44110.0,460
2025-08-28 05:38:00,44110.0,44120.0,44110.0,44120.0,44120.0,11
2025-08-28 05:40:00,44120.0,44120.0,44120.0,44120.0,44120.0,133
2025-08-28 05:42:00,44120.0,44130.0,44120.0,44130.0,44130.0,382
2025-08-28 05:44:00,44130.0,44130.0,44120.0,44120.0,44120.0,156
2025-08-28 05:46:00,44140.0,44150.0,44140.0,44150.0,44150.0,260
2025-08-28 05:48:00,44140.0,44150.0,44130.0,44140.0,44140.0,896
2025-08-28 05:50:00,44130.0,44140.0,44130.0,44140.0,44140.0,532
2025-08-28 05:52:00,44140.0,44140.0,44130.0,44130.0,44130.0,53
2025-08-28 05:54:00,44140.0,44140.0,44130.0,44140.0,44140.0,668
2025-08-28 05:56:00,44150.0,44150.0,44140.0,44150.0,44150.0,607
2025-08-28 05:58:00,44140.0,44150.0,44130.0,44130.0,44130.0,947
2025-08-28 06:00:00,44130.0,44130.0,44120.0,44130.0,44130.0,154
2025-08-28 06:02:00,44120.0,44120.0,44120.0,44120.0,44120.0,315
2025-08-28 06:04:00,44120.0,44130.0,44120.0,44120.0,44120.0,552
2025-08-28 06:06:00,44130.0,44130.0,44120.0,44120.0,44120.0,2134
2025-08-28 06:08:00,44120.0,44130.0,44120.0,44120.0,44120.0,910
2025-08-28 06:10:00,44120.0,44140.0,44120.0,44120.0,44120.0,778
2025-08-28 06:12:00,44130.0,44150.0,44130.0,44140.0,44140.0,132
2025-08-28 06:14:00,44150.0,44150.0,44140.0,44140.0,44140.0,310
2025-08-28 06:16:00,44150.0,44150.0,44130.0,44130.0,44130.0,127
2025-08-28 06:18:00,44130.0,44140.0,44130.0,44140.0,44140.0,1184
2025-08-28 06:20:00,44130.0,44150.0,44130.0,44140.0,44140.0,1096
2025-08-28 06:22:00,44130.0,44160.0,44130.0,44160.0,44160.0,1762
2025-08-28 06:24:00,44150.0,44160.0,44140.0,44140.0,44140.0,1096
2025-08-29 00:04:00,44030.0,44030.0,44000.0,44020.0,44020.0,9435
2025-08-29 00:06:00,44020.0,44040.0,43990.0,44030.0,44030.0,789
2025-08-29 00:08:00,44030.0,44070.0,44020.0,44070.0,44070.0,1464
2025-08-29 00:10:00,44050.0,44090.0,44020.0,44030.0,44030.0,1185
2025-08-29 00:12:00,44030.0,44070.0,44030.0,44060.0,44060.0,384
2025-08-29 00:14:00,44030.0,44040.0,43990.0,44040.0,44040.0,1699
2025-08-29 00:16:00,44040.0,44070.0,44030.0,44050.0,44050.0,1771
2025-08-29 00:18:00,44050.0,44090.0,44050.0,44080.0,44080.0,2738
2025-08-29 00:20:00,44080.0,44080.0,44040.0,44050.0,44050.0,1425
2025-08-29 00:22:00,44050.0,44050.0,44020.0,44020.0,44020.0,960
2025-08-29 00:24:00,44010.0,44020.0,43990.0,44020.0,44020.0,529
2025-08-29 00:26:00,44030.0,44060.0,44020.0,44060.0,44060.0,706
2025-08-29 00:28:00,44060.0,44070.0,44040.0,44050.0,44050.0,687
2025-08-29 00:30:00,44030.0,44030.0,44010.0,44020.0,44020.0,121
2025-08-29 00:32:00,44030.0,44040.0,44020.0,44020.0,44020.0,597
2025-08-29 00:34:00,44020.0,44030.0,43990.0,44030.0,44030.0,3101
2025-08-29 00:36:00,44050.0,44050.0,44030.0,44040.0,44040.0,38
2025-08-29 00:38:00,44040.0,44060.0,44020.0,44060.0,44060.0,969
2025-08-29 00:40:00,44050.0,44050.0,44020.0,44020.0,44020.0,2552
2025-08-29 00:42:00,44020.0,44040.0,44020.0,44030.0,44030.0,235
2025-08-29 00:44:00,44030.0,44030.0,44010.0,44020.0,44020.0,1327
2025-08-29 00:46:00,44030.0,44050.0,44000.0,44020.0,44020.0,4448
2025-08-29 00:48:00,44030.0,44040.0,44030.0,44030.0,44030.0,1363
2025-08-29 00:50:00,44020.0,44030.0,44010.0,44010.0,44010.0,143
2025-08-29 00:52:00,44000.0,44010.0,43950.0,43950.0,43950.0,5283
2025-08-29 00:54:00,43950.0,43980.0,43940.0,43970.0,43970.0,1516
2025-08-29 00:56:00,43970.0,43990.0,43970.0,43990.0,43990.0,825
2025-08-29 00:58:00,43990.0,44010.0,43970.0,44010.0,44010.0,3879
2025-08-29 01:00:00,44000.0,44030.0,44000.0,44030.0,44030.0,295
2025-08-29 01:02:00,44030.0,44030.0,43990.0,44000.0,44000.0,278
2025-08-29 01:04:00,44000.0,44010.0,43990.0,44000.0,44000.0,177
2025-08-29 01:06:00,43990.0,44000.0,43980.0,43990.0,43990.0,85
2025-08-29 01:08:00,44000.0,44010.0,43990.0,44000.0,44000.0,889
2025-08-29 01:10:00,44000.0,44000.0,43990.0,44000.0,44000.0,58
2025-08-29 01:12:00,44000.0,44010.0,44000.0,44010.0,44010.0,18
2025-08-29 01:14:00,44020.0,44030.0,44010.0,44020.0,44020.0,2233
2025-08-29 01:16:00,44020.0,44030.0,44020.0,44030.0,44030.0,555
2025-08-29 01:18:00,44020.0,44020.0,44000.0,44010.0,44010.0,562
2025-08-29 01:20:00,44000.0,44000.0,43960.0,43960.0,43960.0,255
2025-08-29 01:22:00,43960.0,43990.0,43960.0,43990.0,43990.0,317
2025-08-29 01:24:00,43980.0,44000.0,43980.0,44000.0,44000.0,327
2025-08-29 01:26:00,44010.0,44010.0,44000.0,44000.0,44000.0,533
2025-08-29 01:28:00,43990.0,44000.0,43960.0,43990.0,43990.0,1670
2025-08-29 01:30:00,44000.0,44000.0,43980.0,43990.0,43990.0,152
2025-08-29 01:32:00,43970.0,43990.0,43970.0,43990.0,43990.0,312
2025-08-29 01:34:00,43990.0,44000.0,43990.0,44000.0,44000.0,161
2025-08-29 01:36:00,44000.0,44000.0,43990.0,43990.0,43990.0,310
2025-08-29 01:38:00,44000.0,44000.0,43980.0,43980.0,43980.0,170
2025-08-29 01:40:00,43980.0,43980.0,43980.0,43980.0,43980.0,720
2025-08-29 01:42:00,43980.0,43990.0,43980.0,43990.0,43990.0,399
2025-08-29 01:44:00,43980.0,43980.0,43980.0,43980.0,43980.0,101
2025-08-29 01:46:00,43990.0,44020.0,43990.0,44020.0,44020.0,795
2025-08-29 01:48:00,43990.0,44000.0,43990.0,44000.0,44000.0,130
2025-08-29 01:50:00,44010.0,44020.0,44000.0,44000.0,44000.0,906
2025-08-29 01:52:00,44000.0,44020.0,44000.0,44020.0,44020.0,541
2025-08-29 01:54:00,44030.0,44030.0,44020.0,44020.0,44020.0,337
2025-08-29 01:56:00,44020.0,44020.0,44020.0,44020.0,44020.0,200
2025-08-29 01:58:00,44030.0,44030.0,44030.0,44030.0,44030.0,127
2025-08-29 02:00:00,44020.0,44020.0,43980.0,44000.0,44000.0,192
2025-08-29 02:02:00,44000.0,44010.0,44000.0,44010.0,44010.0,419
2025-08-29 02:04:00,44010.0,44020.0,44010.0,44020.0,44020.0,16
2025-08-29 02:06:00,44020.0,44030.0,44010.0,44030.0,44030.0,79
2025-08-29 02:08:00,44030.0,44030.0,44030.0,44030.0,44030.0,51
2025-08-29 02:10:00,44030.0,44050.0,44030.0,44050.0,44050.0,461
2025-08-29 02:12:00,44050.0,44050.0,44050.0,44050.0,44050.0,63
2025-08-29 02:14:00,44040.0,44040.0,44020.0,44030.0,44030.0,604
2025-08-29 02:16:00,44030.0,44030.0,44000.0,44000.0,44000.0,453
2025-08-29 02:18:00,44010.0,44010.0,44010.0,44010.0,44010.0,1
2025-08-29 02:20:00,44020.0,44020.0,44010.0,44010.0,44010.0,6
2025-08-29 02:24:00,44010.0,44010.0,43990.0,44000.0,44000.0,258
2025-08-29 02:26:00,43990.0,44000.0,43990.0,44000.0,44000.0,17
2025-08-29 02:28:00,43980.0,43980.0,43960.0,43970.0,43970.0,1607
2025-08-29 02:30:00,43950.0,43950.0,43950.0,43950.0,43950.0,891
2025-08-29 03:30:00,44010.0,44030.0,44010.0,44030.0,44030.0,2005
2025-08-29 03:32:00,44040.0,44050.0,44040.0,44050.0,44050.0,1325
2025-08-29 03:34:00,44050.0,44060.0,44050.0,44060.0,44060.0,1324
2025-08-29 03:36:00,44060.0,44070.0,44060.0,44060.0,44060.0,1429
2025-08-29 03:38:00,44070.0,44070.0,44060.0,44070.0,44070.0,244
2025-08-29 03:40:00,44070.0,44090.0,44070.0,44090.0,44090.0,650
2025-08-29 03:42:00,44100.0,44110.0,44090.0,44110.0,44110.0,582
2025-08-29 03:44:00,44090.0,44110.0,44090.0,44110.0,44110.0,30
2025-08-29 03:46:00,44090.0,44090.0,44070.0,44080.0,44080.0,973
2025-08-29 03:48:00,44080.0,44090.0,44080.0,44080.0,44080.0,1031
2025-08-29 03:50:00,44080.0,44080.0,44080.0,44080.0,44080.0,1
2025-08-29 03:52:00,44080.0,44080.0,44080.0,44080.0,44080.0,518
2025-08-29 03:54:00,44070.0,44070.0,44030.0,44030.0,44030.0,366
2025-08-29 03:56:00,44040.0,44050.0,44040.0,44050.0,44050.0,37
2025-08-29 03:58:00,44060.0,44070.0,44050.0,44050.0,44050.0,233
2025-08-29 04:00:00,44060.0,44070.0,44060.0,44060.0,44060.0,674
2025-08-29 04:02:00,44050.0,44050.0,44050.0,44050.0,44050.0,30
2025-08-29 04:04:00,44060.0,44060.0,44060.0,44060.0,44060.0,2
2025-08-29 04:06:00,44070.0,44080.0,44070.0,44080.0,44080.0,448
2025-08-29 04:08:00,44080.0,44080.0,44080.0,44080.0,44080.0,13
2025-08-29 04:10:00,44080.0,44090.0,44080.0,44080.0,44080.0,443
2025-08-29 04:12:00,44080.0,44080.0,44080.0,44080.0,44080.0,26
2025-08-29 04:14:00,44080.0,44090.0,44080.0,44090.0,44090.0,871
2025-08-29 04:16:00,44080.0,44080.0,44080.0,44080.0,44080.0,200
2025-08-29 04:18:00,44080.0,44080.0,44070.0,44070.0,44070.0,79
2025-08-29 04:20:00,44070.0,44070.0,44070.0,44070.0,44070.0,1122
2025-08-29 04:22:00,44080.0,44080.0,44060.0,44060.0,44060.0,40
2025-08-29 04:24:00,44050.0,44050.0,44050.0,44050.0,44050.0,7
2025-08-29 04:28:00,44050.0,44050.0,44040.0,44040.0,44040.0,133
2025-08-29 04:30:00,44050.0,44060.0,44050.0,44060.0,44060.0,60
2025-08-29 04:32:00,44060.0,44060.0,44060.0,44060.0,44060.0,12
2025-08-29 04:34:00,44040.0,44040.0,44040.0,44040.0,44040.0,21
2025-08-29 04:36:00,44030.0,44030.0,44030.0,44030.0,44030.0,174
2025-08-29 04:40:00,44040.0,44040.0,44020.0,44030.0,44030.0,790
2025-08-29 04:42:00,44020.0,44020.0,43990.0,43990.0,43990.0,302
2025-08-29 04:44:00,43990.0,44010.0,43990.0,44000.0,44000.0,583
2025-08-29 04:46:00,44010.0,44010.0,44000.0,44010.0,44010.0,46
2025-08-29 04:48:00,44010.0,44010.0,44010.0,44010.0,44010.0,177
2025-08-29 04:50:00,44020.0,44020.0,44020.0,44020.0,44020.0,60
2025-08-29 04:52:00,44020.0,44020.0,44010.0,44010.0,44010.0,13
2025-08-29 04:56:00,44000.0,44000.0,44000.0,44000.0,44000.0,122
2025-08-29 04:58:00,44000.0,44000.0,44000.0,44000.0,44000.0,31
2025-08-29 05:00:00,44000.0,44000.0,43980.0,43990.0,43990.0,1280
2025-08-29 05:02:00,43990.0,44000.0,43990.0,44000.0,44000.0,109
2025-08-29 05:04:00,44000.0,44010.0,44000.0,44000.0,44000.0,32
2025-08-29 05:06:00,44020.0,44020.0,44020.0,44020.0,44020.0,6
2025-08-29 05:08:00,44020.0,44020.0,44020.0,44020.0,44020.0,8
2025-08-29 05:10:00,44020.0,44020.0,44010.0,44010.0,44010.0,21
2025-08-29 05:12:00,44010.0,44010.0,44000.0,44010.0,44010.0,38
2025-08-29 05:14:00,44010.0,44020.0,44010.0,44020.0,44020.0,332
2025-08-29 05:16:00,44010.0,44020.0,44010.0,44010.0,44010.0,180
2025-08-29 05:18:00,44010.0,44020.0,44010.0,44010.0,44010.0,60
2025-08-29 05:20:00,44010.0,44010.0,44010.0,44010.0,44010.0,160
2025-08-29 05:22:00,44010.0,44020.0,44010.0,44010.0,44010.0,44
2025-08-29 05:24:00,44010.0,44010.0,44000.0,44000.0,44000.0,626
2025-08-29 05:26:00,44000.0,44000.0,44000.0,44000.0,44000.0,769
2025-08-29 05:28:00,44000.0,44000.0,43990.0,44000.0,44000.0,289
2025-08-29 05:30:00,44000.0,44010.0,44000.0,44010.0,44010.0,189
2025-08-29 05:32:00,44020.0,44020.0,44020.0,44020.0,44020.0,15
2025-08-29 05:34:00,44020.0,44020.0,44020.0,44020.0,44020.0,995
2025-08-29 05:36:00,44020.0,44020.0,44010.0,44020.0,44020.0,54
2025-08-29 05:38:00,44010.0,44020.0,44010.0,44020.0,44020.0,154
2025-08-29 05:40:00,44020.0,44040.0,44020.0,44040.0,44040.0,231
2025-08-29 05:42:00,44040.0,44040.0,44020.0,44030.0,44030.0,20
2025-08-29 05:44:00,44040.0,44040.0,44030.0,44030.0,44030.0,15
2025-08-29 05:46:00,44040.0,44040.0,44030.0,44030.0,44030.0,119
2025-08-29 05:48:00,44030.0,44040.0,44030.0,44040.0,44040.0,119
2025-08-29 05:50:00,44040.0,44070.0,44040.0,44070.0,44070.0,1865
2025-08-29 05:52:00,44070.0,44070.0,44050.0,44060.0,44060.0,460
2025-08-29 05:54:00,44050.0,44060.0,44050.0,44060.0,44060.0,63
2025-08-29 05:56:00,44060.0,44080.0,44060.0,44080.0,44080.0,612
2025-08-29 05:58:00,44080.0,44080.0,44060.0,44080.0,44080.0,1065
2025-08-29 06:00:00,44080.0,44100.0,44080.0,44080.0,44080.0,1747
2025-08-29 06:02:00,44080.0,44090.0,44080.0,44090.0,44090.0,3181
2025-08-29 06:04:00,44090.0,44090.0,44070.0,44070.0,44070.0,312
2025-08-29 06:06:00,44080.0,44090.0,44080.0,44090.0,44090.0,156
2025-08-29 06:08:00,44090.0,44100.0,44080.0,44100.0,44100.0,575
2025-08-29 06:10:00,44100.0,44110.0,44090.0,44100.0,44100.0,636
2025-08-29 06:12:00,44110.0,44110.0,44100.0,44100.0,44100.0,104
2025-08-29 06:14:00,44100.0,44110.0,44090.0,44110.0,44110.0,278
2025-08-29 06:16:00,44110.0,44120.0,44100.0,44100.0,44100.0,3327
2025-08-29 06:18:00,44110.0,44110.0,44100.0,44110.0,44110.0,96
2025-08-29 06:20:00,44110.0,44120.0,44110.0,44120.0,44120.0,769
2025-08-29 06:22:00,44120.0,44130.0,44110.0,44120.0,44120.0,2030
2025-08-29 06:24:00,44130.0,44140.0,44120.0,44130.0,44130.0,1410
2025-09-01 00:00:00,43640.0,43640.0,43520.0,43570.0,43570.0,13010
2025-09-01 00:02:00,43570.0,43630.0,43520.0,43630.0,43630.0,8628
2025-09-01 00:04:00,43630.0,43680.0,43610.0,43680.0,43680.0,12274
2025-09-01 00:06:00,43660.0,43720.0,43660.0,43670.0,43670.0,3423
2025-09-01 00:08:00,43660.0,43690.0,43640.0,43670.0,43670.0,2488
2025-09-01 00:10:00,43660.0,43720.0,43630.0,43720.0,43720.0,3369
2025-09-01 00:12:00,43720.0,43780.0,43720.0,43780.0,43780.0,4200
2025-09-01 00:14:00,43770.0,43770.0,43700.0,43720.0,43720.0,1191
2025-09-01 00:16:00,43720.0,43730.0,43700.0,43710.0,43710.0,285
2025-09-01 00:18:00,43730.0,43760.0,43720.0,43720.0,43720.0,545
2025-09-01 00:20:00,43730.0,43740.0,43720.0,43720.0,43720.0,127
2025-09-01 00:22:00,43720.0,43720.0,43690.0,43690.0,43690.0,2564
2025-09-01 00:24:00,43680.0,43690.0,43640.0,43640.0,43640.0,1066
2025-09-01 00:26:00,43650.0,43660.0,43640.0,43640.0,43640.0,683
2025-09-01 00:28:00,43650.0,43680.0,43650.0,43660.0,43660.0,474
2025-09-01 00:30:00,43650.0,43670.0,43630.0,43650.0,43650.0,460
2025-09-01 00:32:00,43630.0,43630.0,43590.0,43590.0,43590.0,5005
2025-09-01 00:34:00,43580.0,43580.0,43550.0,43550.0,43550.0,2780
2025-09-01 00:36:00,43570.0,43570.0,43530.0,43530.0,43530.0,1519
2025-09-01 00:38:00,43560.0,43590.0,43560.0,43580.0,43580.0,47
2025-09-01 00:40:00,43580.0,43590.0,43560.0,43590.0,43590.0,401
2025-09-01 00:42:00,43600.0,43630.0,43600.0,43630.0,43630.0,1184
2025-09-01 00:44:00,43620.0,43640.0,43620.0,43620.0,43620.0,235
2025-09-01 00:46:00,43630.0,43630.0,43620.0,43620.0,43620.0,699
2025-09-01 00:48:00,43620.0,43630.0,43610.0,43620.0,43620.0,335
2025-09-01 00:50:00,43610.0,43610.0,43600.0,43610.0,43610.0,174
2025-09-01 00:52:00,43620.0,43620.0,43590.0,43600.0,43600.0,920
2025-09-01 00:54:00,43600.0,43630.0,43600.0,43620.0,43620.0,910
2025-09-01 00:56:00,43610.0,43640.0,43610.0,43640.0,43640.0,1046
2025-09-01 00:58:00,43640.0,43660.0,43640.0,43660.0,43660.0,316
2025-09-01 01:00:00,43660.0,43660.0,43570.0,43580.0,43580.0,1856
2025-09-01 01:02:00,43590.0,43600.0,43580.0,43590.0,43590.0,269
2025-09-01 01:04:00,43600.0,43600.0,43580.0,43580.0,43580.0,149
2025-09-01 01:06:00,43570.0,43600.0,43570.0,43600.0,43600.0,76
2025-09-01 01:08:00,43610.0,43610.0,43580.0,43590.0,43590.0,191
2025-09-01 01:10:00,43600.0,43620.0,43600.0,43610.0,43610.0,1201
2025-09-01 01:12:00,43610.0,43610.0,43560.0,43560.0,43560.0,1275
2025-09-01 01:14:00,43570.0,43610.0,43560.0,43590.0,43590.0,25
2025-09-01 01:16:00,43580.0,43580.0,43570.0,43580.0,43580.0,18
2025-09-01 01:18:00,43580.0,43580.0,43550.0,43550.0,43550.0,2228
2025-09-01 01:20:00,43540.0,43550.0,43510.0,43510.0,43510.0,1833
2025-09-01 01:22:00,43510.0,43520.0,43490.0,43500.0,43500.0,5853
2025-09-01 01:24:00,43500.0,43500.0,43470.0,43500.0,43500.0,897
2025-09-01 01:26:00,43500.0,43510.0,43490.0,43490.0,43490.0,260
2025-09-01 01:28:00,43490.0,43490.0,43470.0,43480.0,43480.0,1064
2025-09-01 01:30:00,43490.0,43490.0,43480.0,43480.0,43480.0,179
2025-09-01 01:32:00,43470.0,43480.0,43460.0,43480.0,43480.0,150
2025-09-01 01:34:00,43480.0,43480.0,43430.0,43440.0,43440.0,2768
2025-09-01 01:36:00,43430.0,43430.0,43300.0,43310.0,43310.0,36986
2025-09-01 01:38:00,43310.0,43320.0,43280.0,43280.0,43280.0,3659
2025-09-01 01:40:00,43270.0,43270.0,43210.0,43220.0,43220.0,4663
2025-09-01 01:42:00,43220.0,43280.0,43220.0,43260.0,43260.0,7496
2025-09-01 01:44:00,43270.0,43350.0,43270.0,43330.0,43330.0,2065
2025-09-01 01:46:00,43340.0,43360.0,43330.0,43340.0,43340.0,985
2025-09-01 01:48:00,43340.0,43340.0,43270.0,43280.0,43280.0,3337
2025-09-01 01:50:00,43270.0,43270.0,43190.0,43190.0,43190.0,9640
2025-09-01 01:52:00,43180.0,43220.0,43180.0,43200.0,43200.0,4814
2025-09-01 01:54:00,43210.0,43260.0,43210.0,43250.0,43250.0,920
2025-09-01 01:56:00,43260.0,43260.0,43240.0,43250.0,43250.0,786
2025-09-01 01:58:00,43240.0,43270.0,43240.0,43250.0,43250.0,331
2025-09-01 02:00:00,43260.0,43260.0,43230.0,43250.0,43250.0,746
2025-09-01 02:02:00,43250.0,43260.0,43210.0,43220.0,43220.0,1527
2025-09-01 02:04:00,43230.0,43240.0,43220.0,43240.0,43240.0,1223
2025-09-01 02:06:00,43240.0,43270.0,43240.0,43250.0,43250.0,2393
2025-09-01 02:08:00,43240.0,43250.0,43230.0,43240.0,43240.0,1216
2025-09-01 02:10:00,43240.0,43270.0,43230.0,43270.0,43270.0,510
2025-09-01 02:12:00,43250.0,43250.0,43240.0,43240.0,43240.0,994
2025-09-01 02:14:00,43230.0,43240.0,43230.0,43230.0,43230.0,357
2025-09-01 02:16:00,43230.0,43240.0,43230.0,43240.0,43240.0,327
2025-09-01 02:18:00,43240.0,43240.0,43210.0,43210.0,43210.0,4200
2025-09-01 02:20:00,43220.0,43220.0,43180.0,43190.0,43190.0,1904
2025-09-01 02:22:00,43190.0,43220.0,43190.0,43220.0,43220.0,405
2025-09-01 02:24:00,43210.0,43220.0,43190.0,43190.0,43190.0,4230
2025-09-01 02:26:00,43190.0,43200.0,43160.0,43170.0,43170.0,7653
2025-09-01 02:28:00,43170.0,43180.0,43150.0,43160.0,43160.0,6333
2025-09-01 02:30:00,43170.0,43170.0,43170.0,43170.0,43170.0,1420
2025-09-01 03:30:00,43150.0,43170.0,43140.0,43150.0,43150.0,15580
2025-09-01 03:32:00,43150.0,43180.0,43150.0,43170.0,43170.0,5722
2025-09-01 03:34:00,43170.0,43200.0,43160.0,43200.0,43200.0,2041
2025-09-01 03:36:00,43200.0,43210.0,43170.0,43170.0,43170.0,3427
2025-09-01 03:38:00,43190.0,43200.0,43190.0,43200.0,43200.0,506
2025-09-01 03:40:00,43200.0,43240.0,43200.0,43240.0,43240.0,1111
2025-09-01 03:42:00,43240.0,43250.0,43230.0,43230.0,43230.0,1568
2025-09-01 03:44:00,43240.0,43240.0,43200.0,43200.0,43200.0,470
2025-09-01 03:46:00,43220.0,43240.0,43210.0,43230.0,43230.0,179
2025-09-01 03:48:00,43240.0,43260.0,43240.0,43260.0,43260.0,982
2025-09-01 03:50:00,43270.0,43280.0,43260.0,43270.0,43270.0,800
2025-09-01 03:52:00,43260.0,43280.0,43260.0,43260.0,43260.0,1191
2025-09-01 03:54:00,43260.0,43270.0,43250.0,43260.0,43260.0,3613
2025-09-01 03:56:00,43260.0,43280.0,43250.0,43280.0,43280.0,638
2025-09-01 03:58:00,43270.0,43290.0,43270.0,43290.0,43290.0,2800
2025-09-01 04:00:00,43280.0,43280.0,43250.0,43270.0,43270.0,488
2025-09-01 04:02:00,43270.0,43290.0,43270.0,43270.0,43270.0,179
2025-09-01 04:04:00,43280.0,43290.0,43270.0,43270.0,43270.0,709
2025-09-01 04:06:00,43260.0,43290.0,43260.0,43290.0,43290.0,112
2025-09-01 04:08:00,43290.0,43310.0,43290.0,43310.0,43310.0,1057
2025-09-01 04:10:00,43310.0,43320.0,43300.0,43320.0,43320.0,590
2025-09-01 04:12:00,43320.0,43330.0,43300.0,43300.0,43300.0,2328
2025-09-01 04:14:00,43300.0,43330.0,43300.0,43320.0,43320.0,886
2025-09-01 04:16:00,43320.0,43320.0,43300.0,43310.0,43310.0,2930
2025-09-01 04:18:00,43300.0,43300.0,43270.0,43270.0,43270.0,278
2025-09-01 04:20:00,43270.0,43300.0,43270.0,43290.0,43290.0,346
2025-09-01 04:22:00,43310.0,43330.0,43310.0,43330.0,43330.0,140
2025-09-01 04:24:00,43330.0,43340.0,43330.0,43340.0,43340.0,668
2025-09-01 04:26:00,43340.0,43370.0,43340.0,43370.0,43370.0,1163
2025-09-01 04:28:00,43370.0,43380.0,43360.0,43360.0,43360.0,255
2025-09-01 04:30:00,43350.0,43350.0,43330.0,43350.0,43350.0,2204
2025-09-01 04:32:00,43360.0,43370.0,43350.0,43350.0,43350.0,2890
2025-09-01 04:34:00,43350.0,43370.0,43350.0,43360.0,43360.0,2202
2025-09-01 04:36:00,43360.0,43360.0,43350.0,43350.0,43350.0,184
2025-09-01 04:38:00,43350.0,43350.0,43320.0,43330.0,43330.0,951
2025-09-01 04:40:00,43320.0,43340.0,43320.0,43330.0,43330.0,556
2025-09-01 04:42:00,43340.0,43340.0,43330.0,43340.0,43340.0,222
2025-09-01 04:44:00,43340.0,43340.0,43340.0,43340.0,43340.0,6342
2025-09-01 04:46:00,43350.0,43360.0,43350.0,43350.0,43350.0,100
2025-09-01 04:48:00,43360.0,43370.0,43360.0,43370.0,43370.0,262
2025-09-01 04:50:00,43360.0,43370.0,43360.0,43370.0,43370.0,164
2025-09-01 04:52:00,43370.0,43370.0,43350.0,43350.0,43350.0,130
2025-09-01 04:54:00,43350.0,43370.0,43350.0,43370.0,43370.0,179
2025-09-01 04:56:00,43370.0,43370.0,43360.0,43360.0,43360.0,206
2025-09-01 04:58:00,43360.0,43360.0,43360.0,43360.0,43360.0,47
2025-09-01 05:00:00,43360.0,43360.0,43330.0,43350.0,43350.0,831
2025-09-01 05:02:00,43350.0,43360.0,43330.0,43360.0,43360.0,142
2025-09-01 05:04:00,43350.0,43370.0,43350.0,43360.0,43360.0,415
2025-09-01 05:06:00,43360.0,43370.0,43360.0,43370.0,43370.0,79
2025-09-01 05:08:00,43360.0,43360.0,43340.0,43350.0,43350.0,140
2025-09-01 05:10:00,43350.0,43360.0,43350.0,43350.0,43350.0,85
2025-09-01 05:12:00,43350.0,43350.0,43340.0,43350.0,43350.0,173
2025-09-01 05:14:00,43350.0,43370.0,43340.0,43370.0,43370.0,309
2025-09-01 05:16:00,43370.0,43370.0,43360.0,43360.0,43360.0,91
2025-09-01 05:18:00,43360.0,43360.0,43350.0,43350.0,43350.0,1218
2025-09-01 05:20:00,43370.0,43390.0,43370.0,43390.0,43390.0,914
2025-09-01 05:22:00,43390.0,43400.0,43390.0,43400.0,43400.0,7212
2025-09-01 05:24:00,43400.0,43400.0,43380.0,43390.0,43390.0,93
2025-09-01 05:26:00,43390.0,43410.0,43390.0,43400.0,43400.0,160
2025-09-01 05:28:00,43400.0,43400.0,43390.0,43400.0,43400.0,486
2025-09-01 05:30:00,43400.0,43400.0,43370.0,43370.0,43370.0,169
2025-09-01 05:32:00,43370.0,43380.0,43360.0,43380.0,43380.0,63
2025-09-01 05:34:00,43380.0,43380.0,43350.0,43350.0,43350.0,1962
2025-09-01 05:36:00,43360.0,43390.0,43360.0,43380.0,43380.0,641
2025-09-01 05:38:00,43390.0,43400.0,43390.0,43400.0,43400.0,249
2025-09-01 05:40:00,43400.0,43410.0,43390.0,43400.0,43400.0,233
2025-09-01 05:42:00,43400.0,43420.0,43400.0,43410.0,43410.0,406
2025-09-01 05:44:00,43420.0,43430.0,43400.0,43430.0,43430.0,1708
2025-09-01 05:46:00,43430.0,43430.0,43420.0,43430.0,43430.0,644
2025-09-01 05:48:00,43420.0,43430.0,43420.0,43430.0,43430.0,226
2025-09-01 05:50:00,43430.0,43440.0,43410.0,43410.0,43410.0,1981
2025-09-01 05:52:00,43430.0,43450.0,43430.0,43440.0,43440.0,119
2025-09-01 05:54:00,43450.0,43460.0,43450.0,43450.0,43450.0,7033
2025-09-01 05:56:00,43450.0,43460.0,43450.0,43460.0,43460.0,6286
2025-09-01 05:58:00,43460.0,43460.0,43450.0,43460.0,43460.0,6570
2025-09-01 06:00:00,43460.0,43480.0,43450.0,43480.0,43480.0,7713
2025-09-01 06:02:00,43470.0,43470.0,43440.0,43440.0,43440.0,1310
2025-09-01 06:04:00,43450.0,43460.0,43440.0,43450.0,43450.0,1102
2025-09-01 06:06:00,43450.0,43460.0,43440.0,43450.0,43450.0,1572
2025-09-01 06:08:00,43450.0,43460.0,43440.0,43460.0,43460.0,3025
2025-09-01 06:10:00,43460.0,43460.0,43440.0,43450.0,43450.0,2244
2025-09-01 06:12:00,43440.0,43440.0,43430.0,43430.0,43430.0,952
2025-09-01 06:14:00,43430.0,43430.0,43410.0,43420.0,43420.0,267
2025-09-01 06:16:00,43420.0,43450.0,43420.0,43450.0,43450.0,1423
2025-09-01 06:18:00,43450.0,43470.0,43450.0,43470.0,43470.0,595
2025-09-01 06:20:00,43470.0,43480.0,43450.0,43460.0,43460.0,4103
2025-09-01 06:22:00,43450.0,43470.0,43450.0,43460.0,43460.0,2282
2025-09-01 06:24:00,43460.0,43470.0,43450.0,43460.0,43460.0,1676
2025-09-02 00:04:00,43670.0,43670.0,43610.0,43610.0,43610.0,0
2025-09-02 00:06:00,43600.0,43670.0,43600.0,43670.0,43670.0,2230
2025-09-02 00:08:00,43660.0,43670.0,43560.0,43580.0,43580.0,4722
2025-09-02 00:10:00,43590.0,43620.0,43590.0,43600.0,43600.0,1076
2025-09-02 00:12:00,43610.0,43610.0,43590.0,43590.0,43590.0,256
2025-09-02 00:14:00,43590.0,43650.0,43580.0,43620.0,43620.0,1200
2025-09-02 00:16:00,43640.0,43670.0,43630.0,43640.0,43640.0,1593
2025-09-02 00:18:00,43640.0,43640.0,43580.0,43580.0,43580.0,2218
2025-09-02 00:20:00,43580.0,43580.0,43560.0,43560.0,43560.0,1048
2025-09-02 00:22:00,43570.0,43590.0,43570.0,43580.0,43580.0,428
2025-09-02 00:24:00,43580.0,43600.0,43580.0,43600.0,43600.0,228
2025-09-02 00:26:00,43600.0,43630.0,43600.0,43610.0,43610.0,1283
2025-09-02 00:28:00,43610.0,43620.0,43590.0,43600.0,43600.0,1373
2025-09-02 00:30:00,43610.0,43620.0,43600.0,43610.0,43610.0,233
2025-09-02 00:32:00,43620.0,43640.0,43600.0,43600.0,43600.0,1389
2025-09-02 00:34:00,43630.0,43630.0,43630.0,43630.0,43630.0,1033
2025-09-02 00:36:00,43610.0,43640.0,43600.0,43600.0,43600.0,326
2025-09-02 00:38:00,43590.0,43610.0,43590.0,43590.0,43590.0,1532
2025-09-02 00:40:00,43580.0,43590.0,43570.0,43590.0,43590.0,2347
2025-09-02 00:42:00,43590.0,43590.0,43590.0,43590.0,43590.0,212
2025-09-02 00:44:00,43600.0,43660.0,43600.0,43660.0,43660.0,2081
2025-09-02 00:46:00,43660.0,43710.0,43660.0,43710.0,43710.0,2018
2025-09-02 00:48:00,43700.0,43700.0,43680.0,43690.0,43690.0,336
2025-09-02 00:50:00,43690.0,43690.0,43660.0,43660.0,43660.0,837
2025-09-02 00:52:00,43670.0,43690.0,43670.0,43680.0,43680.0,2214
2025-09-02 00:54:00,43680.0,43690.0,43680.0,43680.0,43680.0,377
2025-09-02 00:56:00,43670.0,43700.0,43660.0,43700.0,43700.0,256
2025-09-02 00:58:00,43700.0,43700.0,43690.0,43700.0,43700.0,1507
2025-09-02 01:00:00,43700.0,43720.0,43700.0,43710.0,43710.0,979
2025-09-02 01:02:00,43710.0,43710.0,43670.0,43670.0,43670.0,169
2025-09-02 01:04:00,43670.0,43670.0,43650.0,43660.0,43660.0,1071
2025-09-02 01:06:00,43660.0,43700.0,43660.0,43690.0,43690.0,884
2025-09-02 01:08:00,43700.0,43710.0,43690.0,43710.0,43710.0,476
2025-09-02 01:10:00,43710.0,43720.0,43700.0,43710.0,43710.0,34
2025-09-02 01:12:00,43700.0,43700.0,43680.0,43680.0,43680.0,129
2025-09-02 01:14:00,43710.0,43710.0,43680.0,43680.0,43680.0,48
2025-09-02 01:16:00,43690.0,43700.0,43670.0,43680.0,43680.0,166
2025-09-02 01:18:00,43680.0,43680.0,43670.0,43680.0,43680.0,9
2025-09-02 01:20:00,43680.0,43680.0,43650.0,43650.0,43650.0,1145
2025-09-02 01:22:00,43660.0,43660.0,43640.0,43640.0,43640.0,51
2025-09-02 01:24:00,43640.0,43650.0,43630.0,43630.0,43630.0,440
2025-09-02 01:26:00,43620.0,43640.0,43620.0,43640.0,43640.0,131
2025-09-02 01:28:00,43640.0,43660.0,43640.0,43660.0,43660.0,30
2025-09-02 01:30:00,43650.0,43790.0,43650.0,43760.0,43760.0,12169
2025-09-02 01:32:00,43770.0,43780.0,43690.0,43690.0,43690.0,1064
2025-09-02 01:34:00,43710.0,43740.0,43710.0,43730.0,43730.0,643
2025-09-02 01:36:00,43730.0,43740.0,43720.0,43740.0,43740.0,436
2025-09-02 01:38:00,43740.0,43780.0,43740.0,43780.0,43780.0,589
2025-09-02 01:40:00,43780.0,43790.0,43760.0,43770.0,43770.0,1418
2025-09-02 01:42:00,43760.0,43770.0,43740.0,43740.0,43740.0,367
2025-09-02 01:44:00,43740.0,43740.0,43720.0,43740.0,43740.0,215
2025-09-02 01:46:00,43740.0,43750.0,43720.0,43720.0,43720.0,81
2025-09-02 01:48:00,43720.0,43720.0,43710.0,43720.0,43720.0,361
2025-09-02 01:50:00,43720.0,43720.0,43680.0,43680.0,43680.0,476
2025-09-02 01:52:00,43690.0,43710.0,43690.0,43690.0,43690.0,1141
2025-09-02 01:54:00,43690.0,43690.0,43660.0,43660.0,43660.0,361
2025-09-02 01:56:00,43670.0,43670.0,43620.0,43630.0,43630.0,1275
2025-09-02 01:58:00,43650.0,43660.0,43600.0,43600.0,43600.0,1133
2025-09-02 02:00:00,43610.0,43610.0,43580.0,43590.0,43590.0,756
2025-09-02 02:02:00,43580.0,43580.0,43540.0,43560.0,43560.0,2040
2025-09-02 02:04:00,43570.0,43610.0,43570.0,43610.0,43610.0,486
2025-09-02 02:06:00,43610.0,43610.0,43600.0,43610.0,43610.0,88
2025-09-02 02:08:00,43600.0,43600.0,43580.0,43580.0,43580.0,300
2025-09-02 02:10:00,43590.0,43610.0,43590.0,43600.0,43600.0,319
2025-09-02 02:12:00,43600.0,43600.0,43580.0,43590.0,43590.0,1402
2025-09-02 02:14:00,43590.0,43600.0,43590.0,43590.0,43590.0,175
2025-09-02 02:16:00,43580.0,43580.0,43570.0,43580.0,43580.0,261
2025-09-02 02:18:00,43580.0,43590.0,43580.0,43590.0,43590.0,164
2025-09-02 02:20:00,43590.0,43590.0,43590.0,43590.0,43590.0,36
2025-09-02 02:22:00,43600.0,43600.0,43590.0,43590.0,43590.0,31
2025-09-02 02:24:00,43600.0,43610.0,43600.0,43610.0,43610.0,535
2025-09-02 02:26:00,43610.0,43610.0,43600.0,43610.0,43610.0,130
2025-09-02 02:28:00,43610.0,43620.0,43600.0,43600.0,43600.0,441
2025-09-02 02:30:00,43600.0,43600.0,43600.0,43600.0,43600.0,451
2025-09-02 03:30:00,43610.0,43610.0,43600.0,43600.0,43600.0,1088
2025-09-02 03:32:00,43590.0,43610.0,43590.0,43600.0,43600.0,78
2025-09-02 03:34:00,43600.0,43610.0,43600.0,43610.0,43610.0,82
2025-09-02 03:36:00,43620.0,43630.0,43610.0,43630.0,43630.0,55
2025-09-02 03:38:00,43630.0,43640.0,43620.0,43630.0,43630.0,469
2025-09-02 03:40:00,43640.0,43670.0,43640.0,43650.0,43650.0,1192
2025-09-02 03:42:00,43680.0,43680.0,43670.0,43680.0,43680.0,318
2025-09-02 03:44:00,43680.0,43710.0,43680.0,43710.0,43710.0,619
2025-09-02 03:46:00,43710.0,43740.0,43700.0,43740.0,43740.0,1880
2025-09-02 03:48:00,43730.0,43730.0,43710.0,43720.0,43720.0,271
2025-09-02 03:50:00,43720.0,43730.0,43700.0,43700.0,43700.0,285
2025-09-02 03:52:00,43700.0,43710.0,43690.0,43710.0,43710.0,1016
2025-09-02 03:54:00,43710.0,43720.0,43710.0,43710.0,43710.0,272
2025-09-02 03:56:00,43710.0,43710.0,43700.0,43700.0,43700.0,85
2025-09-02 03:58:00,43700.0,43710.0,43700.0,43710.0,43710.0,491
2025-09-02 04:00:00,43700.0,43700.0,43680.0,43690.0,43690.0,825
2025-09-02 04:02:00,43700.0,43700.0,43690.0,43700.0,43700.0,278
2025-09-02 04:04:00,43690.0,43690.0,43690.0,43690.0,43690.0,105
2025-09-02 04:06:00,43690.0,43700.0,43680.0,43680.0,43680.0,730
2025-09-02 04:08:00,43690.0,43690.0,43660.0,43670.0,43670.0,466
2025-09-02 04:10:00,43670.0,43670.0,43650.0,43650.0,43650.0,111
2025-09-02 04:12:00,43650.0,43650.0,43650.0,43650.0,43650.0,112
2025-09-02 04:14:00,43660.0,43660.0,43640.0,43640.0,43640.0,13
2025-09-02 04:16:00,43660.0,43660.0,43660.0,43660.0,43660.0,4
2025-09-02 04:18:00,43660.0,43660.0,43650.0,43650.0,43650.0,31
2025-09-02 04:20:00,43650.0,43650.0,43640.0,43640.0,43640.0,164
2025-09-02 04:22:00,43640.0,43640.0,43630.0,43630.0,43630.0,772
2025-09-02 04:24:00,43640.0,43640.0,43620.0,43620.0,43620.0,512
2025-09-02 04:26:00,43630.0,43640.0,43630.0,43640.0,43640.0,9
2025-09-02 04:28:00,43620.0,43630.0,43620.0,43620.0,43620.0,110
2025-09-02 04:30:00,43610.0,43610.0,43610.0,43610.0,43610.0,25
2025-09-02 04:32:00,43620.0,43640.0,43620.0,43640.0,43640.0,33
2025-09-02 04:34:00,43630.0,43630.0,43620.0,43620.0,43620.0,72
2025-09-02 04:36:00,43610.0,43620.0,43610.0,43620.0,43620.0,105
2025-09-02 04:38:00,43610.0,43610.0,43570.0,43580.0,43580.0,1273
2025-09-02 04:40:00,43570.0,43610.0,43570.0,43610.0,43610.0,280
2025-09-02 04:42:00,43610.0,43610.0,43610.0,43610.0,43610.0,23
2025-09-02 04:44:00,43610.0,43610.0,43590.0,43590.0,43590.0,717
2025-09-02 04:46:00,43580.0,43600.0,43560.0,43560.0,43560.0,545
2025-09-02 04:48:00,43560.0,43570.0,43560.0,43570.0,43570.0,276
2025-09-02 04:50:00,43580.0,43580.0,43550.0,43550.0,43550.0,1911
2025-09-02 04:52:00,43550.0,43570.0,43550.0,43560.0,43560.0,246
2025-09-02 04:54:00,43560.0,43570.0,43550.0,43570.0,43570.0,397
2025-09-02 04:56:00,43560.0,43560.0,43550.0,43550.0,43550.0,159
2025-09-02 04:58:00,43550.0,43550.0,43550.0,43550.0,43550.0,36
2025-09-02 05:00:00,43540.0,43540.0,43480.0,43480.0,43480.0,2317
2025-09-02 05:02:00,43500.0,43500.0,43490.0,43500.0,43500.0,259
2025-09-02 05:04:00,43500.0,43510.0,43470.0,43480.0,43480.0,394
2025-09-02 05:06:00,43480.0,43500.0,43480.0,43490.0,43490.0,214
2025-09-02 05:08:00,43490.0,43490.0,43440.0,43450.0,43450.0,626
2025-09-02 05:10:00,43450.0,43450.0,43420.0,43430.0,43430.0,1152
2025-09-02 05:12:00,43420.0,43460.0,43420.0,43450.0,43450.0,286
2025-09-02 05:14:00,43450.0,43460.0,43450.0,43460.0,43460.0,290
2025-09-02 05:16:00,43450.0,43450.0,43430.0,43450.0,43450.0,174
2025-09-02 05:18:00,43440.0,43440.0,43420.0,43420.0,43420.0,1180
2025-09-02 05:20:00,43410.0,43420.0,43390.0,43420.0,43420.0,830
2025-09-02 05:22:00,43420.0,43430.0,43420.0,43430.0,43430.0,409
2025-09-02 05:24:00,43430.0,43430.0,43420.0,43430.0,43430.0,156
2025-09-02 05:26:00,43420.0,43430.0,43420.0,43430.0,43430.0,2299
2025-09-02 05:28:00,43440.0,43440.0,43430.0,43430.0,43430.0,92
2025-09-02 05:30:00,43450.0,43460.0,43440.0,43460.0,43460.0,967
2025-09-02 05:32:00,43460.0,43480.0,43460.0,43480.0,43480.0,288
2025-09-02 05:34:00,43480.0,43500.0,43480.0,43480.0,43480.0,2297
2025-09-02 05:36:00,43480.0,43510.0,43480.0,43510.0,43510.0,514
2025-09-02 05:38:00,43510.0,43520.0,43500.0,43520.0,43520.0,430
2025-09-02 05:40:00,43510.0,43520.0,43510.0,43520.0,43520.0,61
2025-09-02 05:42:00,43520.0,43530.0,43520.0,43520.0,43520.0,638
2025-09-02 05:44:00,43520.0,43540.0,43510.0,43530.0,43530.0,3065
2025-09-02 05:46:00,43540.0,43550.0,43540.0,43550.0,43550.0,405
2025-09-02 05:48:00,43550.0,43560.0,43540.0,43560.0,43560.0,593
2025-09-02 05:50:00,43570.0,43570.0,43560.0,43570.0,43570.0,1286
2025-09-02 05:52:00,43570.0,43570.0,43530.0,43540.0,43540.0,725
2025-09-02 05:54:00,43540.0,43540.0,43510.0,43540.0,43540.0,79
2025-09-02 05:56:00,43540.0,43540.0,43520.0,43530.0,43530.0,30
2025-09-02 05:58:00,43540.0,43540.0,43520.0,43530.0,43530.0,635
2025-09-02 06:00:00,43530.0,43560.0,43530.0,43560.0,43560.0,231
2025-09-02 06:02:00,43560.0,43590.0,43560.0,43590.0,43590.0,205
2025-09-02 06:04:00,43590.0,43600.0,43590.0,43600.0,43600.0,298
2025-09-02 06:06:00,43600.0,43620.0,43600.0,43620.0,43620.0,414
2025-09-02 06:08:00,43620.0,43630.0,43600.0,43600.0,43600.0,162
2025-09-02 06:10:00,43600.0,43600.0,43580.0,43580.0,43580.0,209
2025-09-02 06:12:00,43580.0,43600.0,43580.0,43580.0,43580.0,48
2025-09-02 06:14:00,43600.0,43600.0,43600.0,43600.0,43600.0,26
2025-09-02 06:16:00,43610.0,43610.0,43590.0,43600.0,43600.0,434
2025-09-02 06:18:00,43590.0,43600.0,43590.0,43590.0,43590.0,128
2025-09-02 06:20:00,43590.0,43600.0,43580.0,43590.0,43590.0,2034
2025-09-02 06:22:00,43590.0,43610.0,43590.0,43610.0,43610.0,1573
2025-09-02 06:24:00,43620.0,43640.0,43620.0,43620.0,43620.0,910
2025-09-03 00:04:00,43620.0,43620.0,43440.0,43450.0,43450.0,17833
2025-09-03 00:06:00,43450.0,43480.0,43410.0,43450.0,43450.0,1616
2025-09-03 00:08:00,43460.0,43470.0,43430.0,43440.0,43440.0,462
2025-09-03 00:10:00,43440.0,43460.0,43430.0,43430.0,43430.0,319
2025-09-03 00:12:00,43450.0,43470.0,43390.0,43410.0,43410.0,1976
2025-09-03 00:14:00,43400.0,43460.0,43400.0,43460.0,43460.0,305
2025-09-03 00:16:00,43460.0,43480.0,43460.0,43470.0,43470.0,1370
2025-09-03 00:18:00,43480.0,43500.0,43460.0,43470.0,43470.0,1636
2025-09-03 00:20:00,43470.0,43470.0,43450.0,43460.0,43460.0,120
2025-09-03 00:22:00,43450.0,43450.0,43410.0,43440.0,43440.0,2103
2025-09-03 00:24:00,43440.0,43480.0,43420.0,43480.0,43480.0,572
2025-09-03 00:26:00,43480.0,43490.0,43460.0,43460.0,43460.0,966
2025-09-03 00:28:00,43470.0,43520.0,43470.0,43510.0,43510.0,1137
2025-09-03 00:30:00,43520.0,43560.0,43520.0,43520.0,43520.0,1154
2025-09-03 00:32:00,43520.0,43540.0,43510.0,43510.0,43510.0,196
2025-09-03 00:34:00,43530.0,43550.0,43530.0,43550.0,43550.0,44
2025-09-03 00:36:00,43530.0,43530.0,43520.0,43530.0,43530.0,262
2025-09-03 00:38:00,43540.0,43550.0,43540.0,43540.0,43540.0,261
2025-09-03 00:40:00,43540.0,43540.0,43500.0,43500.0,43500.0,3456
2025-09-03 00:42:00,43500.0,43510.0,43470.0,43510.0,43510.0,1456
2025-09-03 00:44:00,43510.0,43520.0,43500.0,43500.0,43500.0,894
2025-09-03 00:46:00,43490.0,43490.0,43470.0,43470.0,43470.0,30
2025-09-03 00:48:00,43470.0,43480.0,43460.0,43470.0,43470.0,527
2025-09-03 00:50:00,43480.0,43490.0,43480.0,43490.0,43490.0,864
2025-09-03 00:52:00,43500.0,43520.0,43500.0,43520.0,43520.0,1080
2025-09-03 00:54:00,43510.0,43530.0,43510.0,43530.0,43530.0,428
2025-09-03 00:56:00,43520.0,43540.0,43520.0,43540.0,43540.0,150
2025-09-03 00:58:00,43540.0,43540.0,43540.0,43540.0,43540.0,30
2025-09-03 01:00:00,43540.0,43550.0,43510.0,43520.0,43520.0,448
2025-09-03 01:02:00,43520.0,43520.0,43490.0,43490.0,43490.0,1566
2025-09-03 01:04:00,43480.0,43500.0,43480.0,43490.0,43490.0,178
2025-09-03 01:06:00,43500.0,43500.0,43480.0,43500.0,43500.0,173
2025-09-03 01:08:00,43510.0,43520.0,43510.0,43520.0,43520.0,3428
2025-09-03 01:10:00,43530.0,43550.0,43530.0,43550.0,43550.0,1490
2025-09-03 01:12:00,43560.0,43560.0,43540.0,43540.0,43540.0,158
2025-09-03 01:14:00,43540.0,43540.0,43520.0,43540.0,43540.0,293
2025-09-03 01:16:00,43530.0,43530.0,43520.0,43520.0,43520.0,882
2025-09-03 01:18:00,43540.0,43540.0,43520.0,43520.0,43520.0,589
2025-09-03 01:20:00,43530.0,43530.0,43500.0,43510.0,43510.0,123
2025-09-03 01:22:00,43520.0,43520.0,43480.0,43480.0,43480.0,760
2025-09-03 01:24:00,43480.0,43490.0,43480.0,43480.0,43480.0,213
2025-09-03 01:26:00,43480.0,43490.0,43470.0,43490.0,43490.0,467
2025-09-03 01:28:00,43490.0,43500.0,43490.0,43500.0,43500.0,74
2025-09-03 01:30:00,43500.0,43510.0,43430.0,43430.0,43430.0,1004
2025-09-03 01:32:00,43420.0,43430.0,43400.0,43420.0,43420.0,506
2025-09-03 01:34:00,43430.0,43450.0,43410.0,43440.0,43440.0,726
2025-09-03 01:36:00,43430.0,43450.0,43430.0,43450.0,43450.0,160
2025-09-03 01:38:00,43450.0,43450.0,43450.0,43450.0,43450.0,90
2025-09-03 01:40:00,43450.0,43450.0,43440.0,43450.0,43450.0,173
2025-09-03 01:42:00,43450.0,43480.0,43450.0,43480.0,43480.0,928
2025-09-03 01:44:00,43490.0,43490.0,43480.0,43490.0,43490.0,208
2025-09-03 01:46:00,43500.0,43520.0,43500.0,43520.0,43520.0,645
2025-09-03 01:48:00,43520.0,43540.0,43520.0,43540.0,43540.0,421
2025-09-03 01:50:00,43550.0,43600.0,43550.0,43590.0,43590.0,4973
2025-09-03 01:52:00,43590.0,43600.0,43570.0,43570.0,43570.0,1121
2025-09-03 01:54:00,43570.0,43570.0,43560.0,43560.0,43560.0,383
2025-09-03 01:56:00,43560.0,43570.0,43560.0,43570.0,43570.0,1166
2025-09-03 01:58:00,43570.0,43580.0,43570.0,43580.0,43580.0,227
2025-09-03 02:00:00,43590.0,43600.0,43580.0,43580.0,43580.0,219
2025-09-03 02:02:00,43580.0,43580.0,43550.0,43550.0,43550.0,200
2025-09-03 02:04:00,43550.0,43560.0,43540.0,43540.0,43540.0,148
2025-09-03 02:06:00,43530.0,43530.0,43520.0,43520.0,43520.0,57
2025-09-03 02:08:00,43510.0,43520.0,43510.0,43520.0,43520.0,68
2025-09-03 02:10:00,43530.0,43530.0,43530.0,43530.0,43530.0,12
2025-09-03 02:12:00,43540.0,43540.0,43540.0,43540.0,43540.0,235
2025-09-03 02:14:00,43540.0,43540.0,43520.0,43520.0,43520.0,473
2025-09-03 02:16:00,43530.0,43530.0,43520.0,43520.0,43520.0,57
2025-09-03 02:18:00,43530.0,43540.0,43530.0,43530.0,43530.0,841
2025-09-03 02:20:00,43530.0,43530.0,43530.0,43530.0,43530.0,20
2025-09-03 02:22:00,43520.0,43520.0,43510.0,43510.0,43510.0,395
2025-09-03 02:24:00,43510.0,43510.0,43500.0,43500.0,43500.0,411
2025-09-03 02:26:00,43500.0,43500.0,43490.0,43490.0,43490.0,219
2025-09-03 02:28:00,43500.0,43510.0,43490.0,43510.0,43510.0,226
2025-09-03 02:30:00,43510.0,43510.0,43510.0,43510.0,43510.0,879
2025-09-03 03:30:00,43480.0,43480.0,43450.0,43480.0,43480.0,2107
2025-09-03 03:32:00,43490.0,43490.0,43450.0,43450.0,43450.0,620
2025-09-03 03:34:00,43450.0,43450.0,43420.0,43420.0,43420.0,1666
2025-09-03 03:36:00,43420.0,43430.0,43390.0,43390.0,43390.0,7823
2025-09-03 03:38:00,43380.0,43400.0,43360.0,43390.0,43390.0,3368
2025-09-03 03:40:00,43370.0,43370.0,43320.0,43370.0,43370.0,3937
2025-09-03 03:42:00,43370.0,43370.0,43350.0,43360.0,43360.0,534
2025-09-03 03:44:00,43370.0,43390.0,43370.0,43370.0,43370.0,417
2025-09-03 03:46:00,43370.0,43410.0,43370.0,43410.0,43410.0,962
2025-09-03 03:48:00,43400.0,43410.0,43380.0,43400.0,43400.0,673
2025-09-03 03:50:00,43380.0,43380.0,43370.0,43370.0,43370.0,953
2025-09-03 03:52:00,43360.0,43360.0,43330.0,43340.0,43340.0,849
2025-09-03 03:54:00,43340.0,43350.0,43330.0,43330.0,43330.0,76
2025-09-03 03:56:00,43340.0,43350.0,43320.0,43320.0,43320.0,788
2025-09-03 03:58:00,43320.0,43320.0,43290.0,43320.0,43320.0,2184
2025-09-03 04:00:00,43320.0,43320.0,43320.0,43320.0,43320.0,75
2025-09-03 04:02:00,43320.0,43320.0,43300.0,43320.0,43320.0,729
2025-09-03 04:04:00,43320.0,43330.0,43320.0,43330.0,43330.0,702
2025-09-03 04:06:00,43330.0,43350.0,43320.0,43350.0,43350.0,892
2025-09-03 04:08:00,43360.0,43380.0,43350.0,43360.0,43360.0,2455
2025-09-03 04:10:00,43360.0,43360.0,43330.0,43340.0,43340.0,28
2025-09-03 04:12:00,43340.0,43340.0,43330.0,43330.0,43330.0,7
2025-09-03 04:14:00,43320.0,43320.0,43310.0,43320.0,43320.0,602
2025-09-03 04:16:00,43310.0,43330.0,43310.0,43330.0,43330.0,63
2025-09-03 04:18:00,43340.0,43340.0,43330.0,43330.0,43330.0,263
2025-09-03 04:20:00,43340.0,43340.0,43320.0,43320.0,43320.0,156
2025-09-03 04:22:00,43320.0,43320.0,43300.0,43300.0,43300.0,360
2025-09-03 04:24:00,43300.0,43300.0,43290.0,43290.0,43290.0,305
2025-09-03 04:26:00,43290.0,43290.0,43280.0,43290.0,43290.0,678
2025-09-03 04:28:00,43280.0,43280.0,43270.0,43270.0,43270.0,271
2025-09-03 04:30:00,43280.0,43280.0,43260.0,43260.0,43260.0,1397
2025-09-03 04:32:00,43260.0,43270.0,43250.0,43270.0,43270.0,68
2025-09-03 04:34:00,43280.0,43280.0,43280.0,43280.0,43280.0,152
2025-09-03 04:36:00,43280.0,43280.0,43230.0,43230.0,43230.0,688
2025-09-03 04:38:00,43240.0,43240.0,43210.0,43210.0,43210.0,2476
2025-09-03 04:40:00,43200.0,43210.0,43180.0,43210.0,43210.0,14752
2025-09-03 04:42:00,43210.0,43210.0,43190.0,43200.0,43200.0,2202
2025-09-03 04:44:00,43210.0,43220.0,43200.0,43200.0,43200.0,425
2025-09-03 04:46:00,43210.0,43210.0,43200.0,43210.0,43210.0,150
2025-09-03 04:48:00,43220.0,43250.0,43220.0,43250.0,43250.0,720
2025-09-03 04:50:00,43250.0,43250.0,43240.0,43240.0,43240.0,524
2025-09-03 04:52:00,43250.0,43250.0,43220.0,43230.0,43230.0,500
2025-09-03 04:54:00,43220.0,43230.0,43210.0,43210.0,43210.0,195
2025-09-03 04:56:00,43220.0,43220.0,43210.0,43210.0,43210.0,373
2025-09-03 04:58:00,43220.0,43220.0,43220.0,43220.0,43220.0,56
2025-09-03 05:00:00,43220.0,43230.0,43190.0,43190.0,43190.0,15254
2025-09-03 05:02:00,43190.0,43200.0,43190.0,43190.0,43190.0,1429
2025-09-03 05:04:00,43180.0,43200.0,43170.0,43180.0,43180.0,861
2025-09-03 05:06:00,43170.0,43190.0,43170.0,43180.0,43180.0,1183
2025-09-03 05:08:00,43180.0,43180.0,43180.0,43180.0,43180.0,5164
2025-09-03 05:10:00,43180.0,43200.0,43180.0,43190.0,43190.0,786
2025-09-03 05:12:00,43190.0,43190.0,43170.0,43170.0,43170.0,315
2025-09-03 05:14:00,43180.0,43200.0,43180.0,43190.0,43190.0,243
2025-09-03 05:16:00,43200.0,43220.0,43200.0,43220.0,43220.0,93
2025-09-03 05:18:00,43230.0,43250.0,43230.0,43240.0,43240.0,562
2025-09-03 05:20:00,43240.0,43240.0,43220.0,43220.0,43220.0,217
2025-09-03 05:22:00,43230.0,43230.0,43200.0,43200.0,43200.0,189
2025-09-03 05:24:00,43220.0,43220.0,43190.0,43190.0,43190.0,804
2025-09-03 05:26:00,43190.0,43200.0,43170.0,43200.0,43200.0,1495
2025-09-03 05:28:00,43200.0,43220.0,43200.0,43220.0,43220.0,710
2025-09-03 05:30:00,43230.0,43240.0,43200.0,43230.0,43230.0,13838
2025-09-03 05:32:00,43230.0,43240.0,43230.0,43240.0,43240.0,73
2025-09-03 05:34:00,43240.0,43240.0,43230.0,43230.0,43230.0,16
2025-09-03 05:36:00,43230.0,43240.0,43200.0,43200.0,43200.0,775
2025-09-03 05:38:00,43220.0,43260.0,43210.0,43260.0,43260.0,1405
2025-09-03 05:40:00,43260.0,43260.0,43250.0,43250.0,43250.0,193
2025-09-03 05:42:00,43250.0,43250.0,43250.0,43250.0,43250.0,103
2025-09-03 05:44:00,43250.0,43260.0,43240.0,43240.0,43240.0,124
2025-09-03 05:46:00,43230.0,43240.0,43210.0,43210.0,43210.0,628
2025-09-03 05:48:00,43210.0,43210.0,43190.0,43190.0,43190.0,345
2025-09-03 05:50:00,43190.0,43220.0,43190.0,43220.0,43220.0,211
2025-09-03 05:52:00,43230.0,43240.0,43230.0,43230.0,43230.0,59
2025-09-03 05:54:00,43220.0,43230.0,43220.0,43220.0,43220.0,7
2025-09-03 05:56:00,43230.0,43230.0,43220.0,43230.0,43230.0,152
2025-09-03 05:58:00,43230.0,43240.0,43220.0,43230.0,43230.0,15
2025-09-03 06:00:00,43230.0,43240.0,43230.0,43230.0,43230.0,7397
2025-09-03 06:02:00,43230.0,43240.0,43220.0,43220.0,43220.0,15890
2025-09-03 06:04:00,43220.0,43220.0,43200.0,43210.0,43210.0,1852
2025-09-03 06:06:00,43200.0,43240.0,43200.0,43230.0,43230.0,188
2025-09-03 06:08:00,43220.0,43230.0,43210.0,43220.0,43220.0,12
2025-09-03 06:10:00,43220.0,43240.0,43220.0,43240.0,43240.0,987
2025-09-03 06:12:00,43250.0,43260.0,43250.0,43250.0,43250.0,1773
2025-09-03 06:14:00,43250.0,43250.0,43220.0,43220.0,43220.0,520
2025-09-03 06:16:00,43210.0,43220.0,43200.0,43200.0,43200.0,181
2025-09-03 06:18:00,43200.0,43200.0,43170.0,43200.0,43200.0,1495
2025-09-03 06:20:00,43200.0,43210.0,43190.0,43190.0,43190.0,2710
2025-09-03 06:22:00,43190.0,43200.0,43190.0,43200.0,43200.0,519
2025-09-03 06:24:00,43190.0,43210.0,43180.0,43190.0,43190.0,1564
2025-09-04 00:04:00,43450.0,43510.0,43430.0,43500.0,43500.0,26370
2025-09-04 00:06:00,43520.0,43580.0,43510.0,43560.0,43560.0,2505
2025-09-04 00:08:00,43530.0,43570.0,43520.0,43550.0,43550.0,1327
2025-09-04 00:10:00,43570.0,43590.0,43530.0,43530.0,43530.0,3401
2025-09-04 00:12:00,43520.0,43590.0,43520.0,43590.0,43590.0,24004
2025-09-04 00:14:00,43600.0,43650.0,43590.0,43650.0,43650.0,8457
2025-09-04 00:16:00,43660.0,43670.0,43630.0,43650.0,43650.0,4941
2025-09-04 00:18:00,43660.0,43710.0,43650.0,43690.0,43690.0,7438
2025-09-04 00:20:00,43700.0,43730.0,43670.0,43710.0,43710.0,4534
2025-09-04 00:22:00,43710.0,43720.0,43680.0,43680.0,43680.0,4650
2025-09-04 00:24:00,43680.0,43690.0,43670.0,43670.0,43670.0,1656
2025-09-04 00:26:00,43670.0,43680.0,43650.0,43660.0,43660.0,3009
2025-09-04 00:28:00,43660.0,43670.0,43660.0,43670.0,43670.0,1574
2025-09-04 00:30:00,43680.0,43680.0,43670.0,43670.0,43670.0,3464
2025-09-04 00:32:00,43680.0,43690.0,43670.0,43690.0,43690.0,395
2025-09-04 00:34:00,43690.0,43720.0,43690.0,43700.0,43700.0,3930
2025-09-04 00:36:00,43700.0,43720.0,43700.0,43720.0,43720.0,482
2025-09-04 00:38:00,43720.0,43730.0,43700.0,43710.0,43710.0,1268
2025-09-04 00:40:00,43720.0,43720.0,43680.0,43700.0,43700.0,1419
2025-09-04 00:42:00,43700.0,43720.0,43700.0,43710.0,43710.0,504
2025-09-04 00:44:00,43710.0,43720.0,43700.0,43720.0,43720.0,152
2025-09-04 00:46:00,43730.0,43740.0,43730.0,43740.0,43740.0,1206
2025-09-04 00:48:00,43750.0,43800.0,43750.0,43790.0,43790.0,9229
2025-09-04 00:50:00,43790.0,43800.0,43770.0,43790.0,43790.0,4933
2025-09-04 00:52:00,43790.0,43790.0,43770.0,43770.0,43770.0,1551
2025-09-04 00:54:00,43770.0,43780.0,43760.0,43760.0,43760.0,1273
2025-09-04 00:56:00,43770.0,43780.0,43760.0,43760.0,43760.0,126
2025-09-04 00:58:00,43780.0,43780.0,43760.0,43770.0,43770.0,891
2025-09-04 01:00:00,43760.0,43760.0,43730.0,43750.0,43750.0,2620
2025-09-04 01:02:00,43740.0,43750.0,43740.0,43740.0,43740.0,76
2025-09-04 01:04:00,43750.0,43750.0,43720.0,43720.0,43720.0,226
2025-09-04 01:06:00,43730.0,43740.0,43730.0,43740.0,43740.0,106
2025-09-04 01:08:00,43740.0,43750.0,43740.0,43740.0,43740.0,307
2025-09-04 01:10:00,43750.0,43750.0,43720.0,43720.0,43720.0,22
2025-09-04 01:12:00,43720.0,43730.0,43710.0,43720.0,43720.0,287
2025-09-04 01:14:00,43710.0,43740.0,43700.0,43740.0,43740.0,404
2025-09-04 01:16:00,43740.0,43750.0,43740.0,43750.0,43750.0,242
2025-09-04 01:18:00,43760.0,43790.0,43760.0,43790.0,43790.0,2265
2025-09-04 01:20:00,43780.0,43780.0,43750.0,43750.0,43750.0,75
2025-09-04 01:22:00,43740.0,43760.0,43740.0,43750.0,43750.0,336
2025-09-04 01:24:00,43750.0,43760.0,43740.0,43740.0,43740.0,127
2025-09-04 01:26:00,43750.0,43760.0,43750.0,43750.0,43750.0,541
2025-09-04 01:28:00,43730.0,43730.0,43720.0,43730.0,43730.0,687
2025-09-04 01:30:00,43720.0,43720.0,43700.0,43700.0,43700.0,613
2025-09-04 01:32:00,43690.0,43700.0,43690.0,43690.0,43690.0,5200
2025-09-04 01:34:00,43690.0,43710.0,43690.0,43700.0,43700.0,1066
2025-09-04 01:36:00,43700.0,43700.0,43680.0,43690.0,43690.0,140011
2025-09-04 01:38:00,43680.0,43680.0,43670.0,43680.0,43680.0,248
2025-09-04 01:40:00,43690.0,43710.0,43690.0,43710.0,43710.0,609
2025-09-04 01:42:00,43720.0,43730.0,43720.0,43730.0,43730.0,504
2025-09-04 01:44:00,43730.0,43730.0,43720.0,43730.0,43730.0,5131
2025-09-04 01:46:00,43720.0,43730.0,43720.0,43720.0,43720.0,219
2025-09-04 01:48:00,43710.0,43710.0,43710.0,43710.0,43710.0,16
2025-09-04 01:50:00,43710.0,43710.0,43680.0,43680.0,43680.0,1025
2025-09-04 01:52:00,43680.0,43680.0,43670.0,43670.0,43670.0,295
2025-09-04 01:54:00,43670.0,43670.0,43610.0,43610.0,43610.0,1182
2025-09-04 01:56:00,43600.0,43640.0,43590.0,43630.0,43630.0,1080
2025-09-04 01:58:00,43650.0,43650.0,43640.0,43640.0,43640.0,429
2025-09-04 02:00:00,43640.0,43650.0,43640.0,43640.0,43640.0,181
2025-09-04 02:02:00,43660.0,43700.0,43660.0,43700.0,43700.0,256
2025-09-04 02:04:00,43700.0,43710.0,43700.0,43710.0,43710.0,251
2025-09-04 02:06:00,43710.0,43720.0,43710.0,43720.0,43720.0,130
2025-09-04 02:08:00,43730.0,43750.0,43730.0,43730.0,43730.0,348
2025-09-04 02:10:00,43730.0,43730.0,43730.0,43730.0,43730.0,125
2025-09-04 02:12:00,43730.0,43770.0,43730.0,43770.0,43770.0,1408
2025-09-04 02:14:00,43770.0,43780.0,43770.0,43780.0,43780.0,300
2025-09-04 02:16:00,43780.0,43780.0,43770.0,43770.0,43770.0,134
2025-09-04 02:18:00,43770.0,43790.0,43770.0,43770.0,43770.0,149
2025-09-04 02:20:00,43770.0,43770.0,43770.0,43770.0,43770.0,331
2025-09-04 02:22:00,43770.0,43780.0,43770.0,43780.0,43780.0,63
2025-09-04 02:24:00,43790.0,43790.0,43780.0,43780.0,43780.0,1513
2025-09-04 02:26:00,43780.0,43780.0,43770.0,43770.0,43770.0,280
2025-09-04 02:28:00,43770.0,43780.0,43760.0,43770.0,43770.0,360
2025-09-04 02:30:00,43770.0,43770.0,43770.0,43770.0,43770.0,1020
2025-09-04 03:30:00,43770.0,43790.0,43760.0,43790.0,43790.0,3059
2025-09-04 03:32:00,43780.0,43780.0,43770.0,43770.0,43770.0,659
2025-09-04 03:34:00,43770.0,43770.0,43760.0,43760.0,43760.0,1166
2025-09-04 03:36:00,43750.0,43760.0,43750.0,43750.0,43750.0,554
2025-09-04 03:38:00,43750.0,43750.0,43740.0,43740.0,43740.0,231
2025-09-04 03:40:00,43740.0,43750.0,43740.0,43740.0,43740.0,82
2025-09-04 03:42:00,43730.0,43740.0,43730.0,43740.0,43740.0,661
2025-09-04 03:44:00,43740.0,43750.0,43740.0,43750.0,43750.0,362
2025-09-04 03:46:00,43750.0,43750.0,43740.0,43740.0,43740.0,405
2025-09-04 03:48:00,43740.0,43750.0,43740.0,43750.0,43750.0,119
2025-09-04 03:50:00,43760.0,43760.0,43750.0,43750.0,43750.0,545
2025-09-04 03:52:00,43750.0,43760.0,43750.0,43750.0,43750.0,308
2025-09-04 03:54:00,43750.0,43750.0,43740.0,43750.0,43750.0,79
2025-09-04 03:56:00,43760.0,43760.0,43760.0,43760.0,43760.0,101
2025-09-04 03:58:00,43760.0,43760.0,43750.0,43760.0,43760.0,149
2025-09-04 04:00:00,43760.0,43760.0,43760.0,43760.0,43760.0,95
2025-09-04 04:02:00,43770.0,43800.0,43770.0,43800.0,43800.0,1276
2025-09-04 04:04:00,43790.0,43790.0,43790.0,43790.0,43790.0,78
2025-09-04 04:06:00,43790.0,43790.0,43770.0,43780.0,43780.0,75
2025-09-04 04:08:00,43780.0,43780.0,43770.0,43780.0,43780.0,53
2025-09-04 04:10:00,43780.0,43800.0,43780.0,43800.0,43800.0,143
2025-09-04 04:12:00,43800.0,43800.0,43790.0,43790.0,43790.0,52
2025-09-04 04:14:00,43790.0,43810.0,43790.0,43800.0,43800.0,1876
2025-09-04 04:16:00,43800.0,43810.0,43800.0,43810.0,43810.0,1446
2025-09-04 04:18:00,43810.0,43810.0,43810.0,43810.0,43810.0,413
2025-09-04 04:20:00,43810.0,43830.0,43810.0,43820.0,43820.0,625
2025-09-04 04:22:00,43810.0,43810.0,43810.0,43810.0,43810.0,39
2025-09-04 04:24:00,43820.0,43840.0,43820.0,43840.0,43840.0,253
2025-09-04 04:26:00,43840.0,43840.0,43840.0,43840.0,43840.0,32
2025-09-04 04:28:00,43840.0,43860.0,43840.0,43860.0,43860.0,2579
2025-09-04 04:30:00,43860.0,43880.0,43860.0,43870.0,43870.0,842
2025-09-04 04:32:00,43870.0,43900.0,43870.0,43900.0,43900.0,1367
2025-09-04 04:34:00,43890.0,43900.0,43870.0,43880.0,43880.0,418
2025-09-04 04:36:00,43880.0,43880.0,43870.0,43880.0,43880.0,473
2025-09-04 04:38:00,43890.0,43890.0,43890.0,43890.0,43890.0,24
2025-09-04 04:40:00,43890.0,43910.0,43880.0,43910.0,43910.0,799
2025-09-04 04:42:00,43910.0,43910.0,43880.0,43890.0,43890.0,400
2025-09-04 04:44:00,43880.0,43890.0,43880.0,43890.0,43890.0,1105
2025-09-04 04:46:00,43900.0,43920.0,43890.0,43900.0,43900.0,429
2025-09-04 04:48:00,43890.0,43900.0,43880.0,43900.0,43900.0,225
2025-09-04 04:50:00,43900.0,43900.0,43890.0,43890.0,43890.0,38
2025-09-04 04:52:00,43900.0,43910.0,43890.0,43910.0,43910.0,231
2025-09-04 04:54:00,43910.0,43920.0,43900.0,43900.0,43900.0,960
2025-09-04 04:56:00,43890.0,43890.0,43890.0,43890.0,43890.0,161
2025-09-04 04:58:00,43890.0,43900.0,43890.0,43890.0,43890.0,421
2025-09-04 05:00:00,43890.0,43890.0,43890.0,43890.0,43890.0,66
2025-09-04 05:02:00,43890.0,43890.0,43880.0,43880.0,43880.0,857
2025-09-04 05:04:00,43880.0,43880.0,43860.0,43860.0,43860.0,237
2025-09-04 05:06:00,43880.0,43890.0,43880.0,43880.0,43880.0,270
2025-09-04 05:08:00,43890.0,43910.0,43890.0,43900.0,43900.0,481
2025-09-04 05:10:00,43900.0,43910.0,43900.0,43900.0,43900.0,72
2025-09-04 05:12:00,43900.0,43910.0,43890.0,43900.0,43900.0,317
2025-09-04 05:14:00,43910.0,43920.0,43900.0,43920.0,43920.0,333
2025-09-04 05:16:00,43920.0,43920.0,43900.0,43920.0,43920.0,236
2025-09-04 05:18:00,43910.0,43920.0,43910.0,43920.0,43920.0,46
2025-09-04 05:20:00,43920.0,43930.0,43910.0,43910.0,43910.0,455
2025-09-04 05:22:00,43900.0,43910.0,43880.0,43880.0,43880.0,628
2025-09-04 05:24:00,43880.0,43890.0,43870.0,43890.0,43890.0,104
2025-09-04 05:26:00,43890.0,43900.0,43890.0,43900.0,43900.0,630
2025-09-04 05:28:00,43890.0,43900.0,43890.0,43900.0,43900.0,286
2025-09-04 05:30:00,43900.0,43920.0,43900.0,43910.0,43910.0,390
2025-09-04 05:32:00,43910.0,43910.0,43890.0,43890.0,43890.0,228
2025-09-04 05:34:00,43890.0,43900.0,43880.0,43880.0,43880.0,265
2025-09-04 05:36:00,43890.0,43890.0,43880.0,43880.0,43880.0,576
2025-09-04 05:38:00,43890.0,43890.0,43880.0,43880.0,43880.0,148
2025-09-04 05:40:00,43880.0,43900.0,43870.0,43890.0,43890.0,129
2025-09-04 05:42:00,43890.0,43890.0,43880.0,43890.0,43890.0,43
2025-09-04 05:44:00,43890.0,43890.0,43880.0,43890.0,43890.0,66
2025-09-04 05:46:00,43890.0,43890.0,43890.0,43890.0,43890.0,73
2025-09-04 05:48:00,43890.0,43890.0,43870.0,43870.0,43870.0,64
2025-09-04 05:50:00,43870.0,43880.0,43870.0,43880.0,43880.0,465
2025-09-04 05:52:00,43880.0,43890.0,43870.0,43870.0,43870.0,1834
2025-09-04 05:54:00,43870.0,43890.0,43870.0,43880.0,43880.0,276
2025-09-04 05:56:00,43880.0,43880.0,43870.0,43880.0,43880.0,1707
2025-09-04 05:58:00,43870.0,43880.0,43870.0,43880.0,43880.0,1432
2025-09-04 06:00:00,43870.0,43890.0,43860.0,43880.0,43880.0,6110
2025-09-04 06:02:00,43890.0,43910.0,43880.0,43910.0,43910.0,4064
2025-09-04 06:04:00,43910.0,43920.0,43900.0,43920.0,43920.0,269
2025-09-04 06:06:00,43910.0,43910.0,43900.0,43910.0,43910.0,8633
2025-09-04 06:08:00,43900.0,43900.0,43860.0,43870.0,43870.0,5941
2025-09-04 06:10:00,43870.0,43890.0,43870.0,43890.0,43890.0,329
2025-09-04 06:12:00,43890.0,43890.0,43870.0,43870.0,43870.0,332
2025-09-04 06:14:00,43870.0,43880.0,43860.0,43860.0,43860.0,248
2025-09-04 06:16:00,43870.0,43880.0,43860.0,43880.0,43880.0,594
2025-09-04 06:18:00,43880.0,43880.0,43870.0,43880.0,43880.0,167
2025-09-04 06:20:00,43880.0,43900.0,43870.0,43900.0,43900.0,357
2025-09-04 06:22:00,43900.0,43900.0,43880.0,43900.0,43900.0,2262
2025-09-04 06:24:00,43900.0,43900.0,43880.0,43890.0,43890.0,860
2025-09-05 00:04:00,44460.0,44480.0,44420.0,44460.0,44460.0,61430
2025-09-05 00:06:00,44460.0,44510.0,44430.0,44430.0,44430.0,6068
2025-09-05 00:08:00,44450.0,44560.0,44450.0,44550.0,44550.0,7050
2025-09-05 00:10:00,44540.0,44540.0,44490.0,44510.0,44510.0,1240
2025-09-05 00:12:00,44520.0,44540.0,44450.0,44450.0,44450.0,2027
2025-09-05 00:14:00,44440.0,44480.0,44420.0,44460.0,44460.0,6220
2025-09-05 00:16:00,44460.0,44490.0,44450.0,44490.0,44490.0,1143
2025-09-05 00:18:00,44490.0,44530.0,44480.0,44530.0,44530.0,2575
2025-09-05 00:20:00,44520.0,44520.0,44430.0,44430.0,44430.0,515
2025-09-05 00:22:00,44450.0,44460.0,44380.0,44390.0,44390.0,1418
2025-09-05 00:24:00,44390.0,44460.0,44380.0,44450.0,44450.0,1104
2025-09-05 00:26:00,44450.0,44470.0,44450.0,44460.0,44460.0,1811
2025-09-05 00:28:00,44480.0,44510.0,44470.0,44500.0,44500.0,2071
2025-09-05 00:30:00,44500.0,44500.0,44460.0,44460.0,44460.0,170
2025-09-05 00:32:00,44470.0,44530.0,44470.0,44500.0,44500.0,1732
2025-09-05 00:34:00,44500.0,44510.0,44470.0,44500.0,44500.0,588
2025-09-05 00:36:00,44490.0,44510.0,44470.0,44500.0,44500.0,641
2025-09-05 00:38:00,44490.0,44500.0,44460.0,44460.0,44460.0,170
2025-09-05 00:40:00,44450.0,44450.0,44350.0,44350.0,44350.0,1324
2025-09-05 00:42:00,44350.0,44360.0,44330.0,44330.0,44330.0,1125
2025-09-05 00:44:00,44340.0,44350.0,44300.0,44340.0,44340.0,3042
2025-09-05 00:46:00,44350.0,44360.0,44330.0,44340.0,44340.0,684
2025-09-05 00:48:00,44340.0,44350.0,44320.0,44350.0,44350.0,593
2025-09-05 00:50:00,44340.0,44340.0,44310.0,44320.0,44320.0,1582
2025-09-05 00:52:00,44320.0,44320.0,44250.0,44280.0,44280.0,1444
2025-09-05 00:54:00,44280.0,44300.0,44270.0,44270.0,44270.0,1432
2025-09-05 00:56:00,44270.0,44270.0,44250.0,44270.0,44270.0,1004
2025-09-05 00:58:00,44280.0,44280.0,44250.0,44280.0,44280.0,978
2025-09-05 01:00:00,44270.0,44280.0,44250.0,44270.0,44270.0,657
2025-09-05 01:02:00,44260.0,44280.0,44250.0,44280.0,44280.0,127
2025-09-05 01:04:00,44260.0,44270.0,44230.0,44250.0,44250.0,1562
2025-09-05 01:06:00,44230.0,44250.0,44220.0,44250.0,44250.0,524
2025-09-05 01:08:00,44250.0,44250.0,44200.0,44210.0,44210.0,588
2025-09-05 01:10:00,44210.0,44230.0,44210.0,44230.0,44230.0,270
2025-09-05 01:12:00,44230.0,44260.0,44230.0,44240.0,44240.0,379
2025-09-05 01:14:00,44240.0,44240.0,44230.0,44240.0,44240.0,338
2025-09-05 01:16:00,44250.0,44300.0,44250.0,44290.0,44290.0,1576
2025-09-05 01:18:00,44280.0,44280.0,44260.0,44280.0,44280.0,109
2025-09-05 01:20:00,44280.0,44280.0,44260.0,44270.0,44270.0,2009
2025-09-05 01:22:00,44270.0,44280.0,44260.0,44260.0,44260.0,269
2025-09-05 01:24:00,44260.0,44260.0,44240.0,44240.0,44240.0,175
2025-09-05 01:26:00,44240.0,44260.0,44240.0,44240.0,44240.0,310
2025-09-05 01:28:00,44250.0,44260.0,44250.0,44260.0,44260.0,27
2025-09-05 01:30:00,44250.0,44250.0,44240.0,44250.0,44250.0,11
2025-09-05 01:32:00,44260.0,44280.0,44250.0,44280.0,44280.0,393
2025-09-05 01:34:00,44260.0,44270.0,44260.0,44260.0,44260.0,173
2025-09-05 01:36:00,44270.0,44270.0,44270.0,44270.0,44270.0,29
2025-09-05 01:38:00,44280.0,44310.0,44280.0,44310.0,44310.0,316
2025-09-05 01:40:00,44310.0,44310.0,44270.0,44290.0,44290.0,118
2025-09-05 01:42:00,44300.0,44310.0,44300.0,44310.0,44310.0,410
2025-09-05 01:44:00,44310.0,44310.0,44300.0,44300.0,44300.0,621
2025-09-05 01:46:00,44310.0,44310.0,44300.0,44300.0,44300.0,81
2025-09-05 01:48:00,44300.0,44300.0,44270.0,44270.0,44270.0,308
2025-09-05 01:50:00,44290.0,44300.0,44290.0,44290.0,44290.0,40
2025-09-05 01:52:00,44280.0,44280.0,44270.0,44280.0,44280.0,35
2025-09-05 01:54:00,44280.0,44280.0,44280.0,44280.0,44280.0,43
2025-09-05 01:56:00,44290.0,44290.0,44280.0,44280.0,44280.0,47
2025-09-05 01:58:00,44290.0,44300.0,44290.0,44290.0,44290.0,233
2025-09-05 02:00:00,44280.0,44280.0,44240.0,44250.0,44250.0,1146
2025-09-05 02:02:00,44270.0,44270.0,44270.0,44270.0,44270.0,234
2025-09-05 02:04:00,44280.0,44280.0,44260.0,44260.0,44260.0,284
2025-09-05 02:06:00,44270.0,44280.0,44230.0,44230.0,44230.0,459
2025-09-05 02:08:00,44220.0,44220.0,44220.0,44220.0,44220.0,291
2025-09-05 02:10:00,44240.0,44240.0,44220.0,44220.0,44220.0,365
2025-09-05 02:12:00,44220.0,44220.0,44180.0,44200.0,44200.0,1708
2025-09-05 02:14:00,44200.0,44210.0,44200.0,44210.0,44210.0,301
2025-09-05 02:16:00,44220.0,44250.0,44220.0,44250.0,44250.0,133
2025-09-05 02:18:00,44240.0,44240.0,44230.0,44230.0,44230.0,160
2025-09-05 02:20:00,44230.0,44230.0,44220.0,44220.0,44220.0,65
2025-09-05 02:22:00,44220.0,44220.0,44220.0,44220.0,44220.0,23
2025-09-05 02:24:00,44230.0,44230.0,44220.0,44220.0,44220.0,310
2025-09-05 02:26:00,44220.0,44230.0,44210.0,44220.0,44220.0,529
2025-09-05 02:28:00,44220.0,44230.0,44210.0,44210.0,44210.0,182
2025-09-05 02:30:00,44230.0,44230.0,44230.0,44230.0,44230.0,978
2025-09-05 03:30:00,44250.0,44340.0,44250.0,44300.0,44300.0,4996
2025-09-05 03:32:00,44300.0,44300.0,44240.0,44240.0,44240.0,1545
2025-09-05 03:34:00,44250.0,44250.0,44250.0,44250.0,44250.0,187
2025-09-05 03:36:00,44250.0,44280.0,44240.0,44280.0,44280.0,1349
2025-09-05 03:38:00,44270.0,44280.0,44270.0,44280.0,44280.0,134
2025-09-05 03:40:00,44270.0,44300.0,44270.0,44300.0,44300.0,881
2025-09-05 03:42:00,44300.0,44310.0,44290.0,44310.0,44310.0,162
2025-09-05 03:44:00,44300.0,44300.0,44300.0,44300.0,44300.0,132
2025-09-05 03:46:00,44290.0,44290.0,44260.0,44280.0,44280.0,439
2025-09-05 03:48:00,44270.0,44270.0,44270.0,44270.0,44270.0,58
2025-09-05 03:50:00,44270.0,44270.0,44260.0,44260.0,44260.0,206
2025-09-05 03:52:00,44260.0,44270.0,44260.0,44260.0,44260.0,239
2025-09-05 03:54:00,44250.0,44250.0,44220.0,44220.0,44220.0,727
2025-09-05 03:56:00,44220.0,44220.0,44220.0,44220.0,44220.0,1462
2025-09-05 03:58:00,44230.0,44240.0,44230.0,44240.0,44240.0,144
2025-09-05 04:00:00,44250.0,44260.0,44240.0,44260.0,44260.0,149
2025-09-05 04:02:00,44250.0,44250.0,44250.0,44250.0,44250.0,29
2025-09-05 04:04:00,44250.0,44250.0,44230.0,44230.0,44230.0,91
2025-09-05 04:06:00,44230.0,44230.0,44220.0,44230.0,44230.0,96
2025-09-05 04:08:00,44240.0,44240.0,44220.0,44230.0,44230.0,66
2025-09-05 04:10:00,44220.0,44220.0,44210.0,44210.0,44210.0,116
2025-09-05 04:12:00,44210.0,44220.0,44210.0,44220.0,44220.0,218
2025-09-05 04:14:00,44220.0,44220.0,44210.0,44210.0,44210.0,97
2025-09-05 04:16:00,44200.0,44200.0,44180.0,44180.0,44180.0,760
2025-09-05 04:18:00,44180.0,44190.0,44170.0,44180.0,44180.0,382
2025-09-05 04:20:00,44180.0,44180.0,44180.0,44180.0,44180.0,185
2025-09-05 04:22:00,44190.0,44190.0,44190.0,44190.0,44190.0,109
2025-09-05 04:24:00,44190.0,44200.0,44190.0,44200.0,44200.0,181
2025-09-05 04:26:00,44200.0,44200.0,44190.0,44190.0,44190.0,147
2025-09-05 04:28:00,44180.0,44180.0,44150.0,44160.0,44160.0,507
2025-09-05 04:30:00,44150.0,44160.0,44150.0,44150.0,44150.0,371
2025-09-05 04:32:00,44150.0,44160.0,44140.0,44150.0,44150.0,356
2025-09-05 04:34:00,44160.0,44170.0,44160.0,44160.0,44160.0,204
2025-09-05 04:36:00,44170.0,44190.0,44170.0,44190.0,44190.0,1363
2025-09-05 04:38:00,44180.0,44190.0,44180.0,44190.0,44190.0,302
2025-09-05 04:40:00,44190.0,44190.0,44190.0,44190.0,44190.0,138
2025-09-05 04:42:00,44190.0,44190.0,44170.0,44180.0,44180.0,445
2025-09-05 04:44:00,44180.0,44180.0,44170.0,44170.0,44170.0,54
2025-09-05 04:46:00,44160.0,44160.0,44160.0,44160.0,44160.0,152
2025-09-05 04:48:00,44160.0,44160.0,44140.0,44140.0,44140.0,218
2025-09-05 04:50:00,44140.0,44140.0,44110.0,44110.0,44110.0,783
2025-09-05 04:52:00,44120.0,44140.0,44120.0,44140.0,44140.0,665
2025-09-05 04:54:00,44140.0,44150.0,44130.0,44150.0,44150.0,398
2025-09-05 04:56:00,44160.0,44160.0,44150.0,44160.0,44160.0,109
2025-09-05 04:58:00,44150.0,44160.0,44150.0,44160.0,44160.0,278
2025-09-05 05:00:00,44170.0,44170.0,44160.0,44170.0,44170.0,469
2025-09-05 05:02:00,44170.0,44180.0,44170.0,44180.0,44180.0,419
2025-09-05 05:04:00,44190.0,44210.0,44190.0,44200.0,44200.0,290
2025-09-05 05:06:00,44200.0,44210.0,44200.0,44210.0,44210.0,397
2025-09-05 05:08:00,44210.0,44230.0,44210.0,44230.0,44230.0,113
2025-09-05 05:10:00,44230.0,44240.0,44230.0,44240.0,44240.0,416
2025-09-05 05:12:00,44230.0,44230.0,44230.0,44230.0,44230.0,256
2025-09-05 05:14:00,44230.0,44240.0,44230.0,44240.0,44240.0,200
2025-09-05 05:16:00,44240.0,44250.0,44240.0,44240.0,44240.0,277
2025-09-05 05:18:00,44240.0,44260.0,44240.0,44250.0,44250.0,519
2025-09-05 05:20:00,44260.0,44270.0,44250.0,44270.0,44270.0,255
2025-09-05 05:22:00,44270.0,44270.0,44260.0,44260.0,44260.0,254
2025-09-05 05:24:00,44250.0,44250.0,44250.0,44250.0,44250.0,108
2025-09-05 05:26:00,44250.0,44260.0,44250.0,44260.0,44260.0,20
2025-09-05 05:28:00,44260.0,44270.0,44260.0,44260.0,44260.0,306
2025-09-05 05:30:00,44260.0,44290.0,44260.0,44290.0,44290.0,577
2025-09-05 05:32:00,44290.0,44310.0,44290.0,44300.0,44300.0,1009
2025-09-05 05:34:00,44300.0,44300.0,44270.0,44290.0,44290.0,1089
2025-09-05 05:36:00,44280.0,44280.0,44270.0,44270.0,44270.0,360
2025-09-05 05:38:00,44280.0,44290.0,44280.0,44290.0,44290.0,128
2025-09-05 05:40:00,44280.0,44310.0,44280.0,44310.0,44310.0,329
2025-09-05 05:42:00,44310.0,44310.0,44300.0,44300.0,44300.0,1162
2025-09-05 05:44:00,44290.0,44300.0,44270.0,44280.0,44280.0,1341
2025-09-05 05:46:00,44270.0,44290.0,44270.0,44290.0,44290.0,607
2025-09-05 05:48:00,44290.0,44290.0,44280.0,44290.0,44290.0,103
2025-09-05 05:50:00,44290.0,44320.0,44280.0,44310.0,44310.0,1436
2025-09-05 05:52:00,44310.0,44310.0,44300.0,44300.0,44300.0,517
2025-09-05 05:54:00,44300.0,44320.0,44300.0,44320.0,44320.0,348
2025-09-05 05:56:00,44320.0,44330.0,44320.0,44330.0,44330.0,168
2025-09-05 05:58:00,44330.0,44340.0,44330.0,44330.0,44330.0,747
2025-09-05 06:00:00,44330.0,44350.0,44320.0,44350.0,44350.0,1182
2025-09-05 06:02:00,44350.0,44350.0,44320.0,44320.0,44320.0,769
2025-09-05 06:04:00,44320.0,44330.0,44320.0,44320.0,44320.0,595
2025-09-05 06:06:00,44310.0,44330.0,44310.0,44320.0,44320.0,691
2025-09-05 06:08:00,44310.0,44330.0,44300.0,44330.0,44330.0,763
2025-09-05 06:10:00,44320.0,44320.0,44300.0,44320.0,44320.0,8757
2025-09-05 06:12:00,44320.0,44340.0,44310.0,44330.0,44330.0,1227
2025-09-05 06:14:00,44320.0,44320.0,44300.0,44310.0,44310.0,211
2025-09-05 06:16:00,44310.0,44320.0,44300.0,44310.0,44310.0,466
2025-09-05 06:18:00,44320.0,44340.0,44320.0,44330.0,44330.0,432
2025-09-05 06:20:00,44330.0,44350.0,44330.0,44350.0,44350.0,2045
2025-09-05 06:22:00,44360.0,44370.0,44340.0,44360.0,44360.0,2553
2025-09-05 06:24:00,44370.0,44370.0,44360.0,44370.0,44370.0,2200
2025-09-08 00:00:00,44890.0,44900.0,44740.0,44750.0,44750.0,23597
2025-09-08 00:02:00,44760.0,44820.0,44680.0,44690.0,44690.0,3873
2025-09-08 00:04:00,44700.0,44890.0,44690.0,44890.0,44890.0,933
2025-09-08 00:06:00,44890.0,44910.0,44820.0,44870.0,44870.0,5791
2025-09-08 00:08:00,44870.0,44940.0,44870.0,44940.0,44940.0,7753
2025-09-08 00:10:00,44930.0,44970.0,44870.0,44900.0,44900.0,6328
2025-09-08 00:12:00,44900.0,44900.0,44790.0,44820.0,44820.0,3447
2025-09-08 00:14:00,44820.0,44920.0,44820.0,44920.0,44920.0,4359
2025-09-08 00:16:00,44930.0,44960.0,44920.0,44950.0,44950.0,1901
2025-09-08 00:18:00,44930.0,44950.0,44910.0,44950.0,44950.0,462
2025-09-08 00:20:00,44960.0,44970.0,44940.0,44970.0,44970.0,2480
2025-09-08 00:22:00,44970.0,45000.0,44950.0,45000.0,45000.0,6600
2025-09-08 00:24:00,45010.0,45040.0,45010.0,45020.0,45020.0,1736
2025-09-08 00:26:00,45020.0,45070.0,45020.0,45050.0,45050.0,2221
2025-09-08 00:28:00,45040.0,45130.0,45040.0,45090.0,45090.0,7487
2025-09-08 00:30:00,45080.0,45100.0,45050.0,45070.0,45070.0,4930
2025-09-08 00:32:00,45070.0,45160.0,45070.0,45160.0,45160.0,6153
2025-09-08 00:34:00,45160.0,45190.0,45120.0,45130.0,45130.0,4023
2025-09-08 00:36:00,45130.0,45190.0,45130.0,45170.0,45170.0,2465
2025-09-08 00:38:00,45180.0,45180.0,45120.0,45120.0,45120.0,878
2025-09-08 00:40:00,45120.0,45190.0,45110.0,45190.0,45190.0,5576
2025-09-08 00:42:00,45200.0,45210.0,45170.0,45170.0,45170.0,15056
2025-09-08 00:44:00,45170.0,45180.0,45140.0,45150.0,45150.0,1746
2025-09-08 00:46:00,45140.0,45170.0,45130.0,45140.0,45140.0,998
2025-09-08 00:48:00,45130.0,45130.0,45100.0,45110.0,45110.0,1667
2025-09-08 00:50:00,45130.0,45150.0,45100.0,45100.0,45100.0,4630
2025-09-08 00:52:00,45110.0,45130.0,45100.0,45110.0,45110.0,2973
2025-09-08 00:54:00,45120.0,45130.0,45110.0,45110.0,45110.0,691
2025-09-08 00:56:00,45110.0,45120.0,45100.0,45110.0,45110.0,710
2025-09-08 00:58:00,45120.0,45160.0,45120.0,45160.0,45160.0,2597
2025-09-08 01:00:00,45160.0,45180.0,45130.0,45130.0,45130.0,915
2025-09-08 01:02:00,45130.0,45130.0,45100.0,45120.0,45120.0,942
2025-09-08 01:04:00,45130.0,45140.0,45110.0,45130.0,45130.0,2329
2025-09-08 01:06:00,45130.0,45140.0,45110.0,45110.0,45110.0,271
2025-09-08 01:08:00,45110.0,45120.0,45100.0,45120.0,45120.0,3749
2025-09-08 01:10:00,45110.0,45140.0,45110.0,45120.0,45120.0,1785
2025-09-08 01:12:00,45120.0,45130.0,45100.0,45120.0,45120.0,256
2025-09-08 01:14:00,45120.0,45120.0,45120.0,45120.0,45120.0,313
2025-09-08 01:16:00,45120.0,45140.0,45120.0,45140.0,45140.0,1003
2025-09-08 01:18:00,45130.0,45140.0,45120.0,45130.0,45130.0,586
2025-09-08 01:20:00,45130.0,45130.0,45060.0,45060.0,45060.0,4834
2025-09-08 01:22:00,45050.0,45060.0,45020.0,45030.0,45030.0,2908
2025-09-08 01:24:00,45030.0,45080.0,45030.0,45080.0,45080.0,125
2025-09-08 01:26:00,45080.0,45140.0,45080.0,45130.0,45130.0,2021
2025-09-08 01:28:00,45120.0,45150.0,45120.0,45150.0,45150.0,708
2025-09-08 01:30:00,45150.0,45150.0,45140.0,45150.0,45150.0,410
2025-09-08 01:32:00,45150.0,45150.0,45140.0,45150.0,45150.0,294
2025-09-08 01:34:00,45150.0,45180.0,45150.0,45180.0,45180.0,5929
2025-09-08 01:36:00,45170.0,45180.0,45160.0,45160.0,45160.0,336
2025-09-08 01:38:00,45170.0,45170.0,45160.0,45170.0,45170.0,1091
2025-09-08 01:40:00,45160.0,45160.0,45140.0,45150.0,45150.0,454
2025-09-08 01:42:00,45150.0,45160.0,45130.0,45160.0,45160.0,274
2025-09-08 01:44:00,45160.0,45170.0,45160.0,45160.0,45160.0,116
2025-09-08 01:46:00,45160.0,45180.0,45140.0,45140.0,45140.0,1177
2025-09-08 01:48:00,45150.0,45160.0,45150.0,45160.0,45160.0,341
2025-09-08 01:50:00,45160.0,45180.0,45160.0,45180.0,45180.0,1440
2025-09-08 01:52:00,45180.0,45190.0,45170.0,45170.0,45170.0,1322
2025-09-08 01:54:00,45160.0,45180.0,45160.0,45160.0,45160.0,966
2025-09-08 01:56:00,45170.0,45170.0,45150.0,45160.0,45160.0,307
2025-09-08 01:58:00,45160.0,45170.0,45160.0,45160.0,45160.0,117
2025-09-08 02:00:00,45150.0,45160.0,45140.0,45160.0,45160.0,379
2025-09-08 02:02:00,45130.0,45130.0,45120.0,45120.0,45120.0,458
2025-09-08 02:04:00,45120.0,45120.0,45090.0,45110.0,45110.0,714
2025-09-08 02:06:00,45110.0,45120.0,45090.0,45090.0,45090.0,378
2025-09-08 02:08:00,45090.0,45100.0,45090.0,45100.0,45100.0,129
2025-09-08 02:10:00,45100.0,45100.0,45070.0,45070.0,45070.0,523
2025-09-08 02:12:00,45060.0,45060.0,45040.0,45040.0,45040.0,1216
2025-09-08 02:14:00,45040.0,45050.0,45040.0,45050.0,45050.0,6383
2025-09-08 02:16:00,45050.0,45050.0,45000.0,45000.0,45000.0,945
2025-09-08 02:18:00,45000.0,45000.0,44980.0,44990.0,44990.0,1582
2025-09-08 02:20:00,44980.0,44980.0,44950.0,44960.0,44960.0,3066
2025-09-08 02:22:00,44950.0,44970.0,44940.0,44970.0,44970.0,266
2025-09-08 02:24:00,44980.0,44980.0,44940.0,44950.0,44950.0,398
2025-09-08 02:26:00,44960.0,44980.0,44960.0,44980.0,44980.0,1416
2025-09-08 02:28:00,44970.0,44990.0,44970.0,44990.0,44990.0,127
2025-09-08 02:30:00,44990.0,45000.0,44990.0,45000.0,45000.0,249
2025-09-08 03:30:00,45000.0,45010.0,44980.0,45000.0,45000.0,2669
2025-09-08 03:32:00,45000.0,45020.0,45000.0,45010.0,45010.0,564
2025-09-08 03:34:00,45010.0,45030.0,45010.0,45030.0,45030.0,372
2025-09-08 03:36:00,45030.0,45030.0,45010.0,45010.0,45010.0,534
2025-09-08 03:38:00,45020.0,45020.0,45020.0,45020.0,45020.0,169
2025-09-08 03:40:00,45020.0,45020.0,45000.0,45000.0,45000.0,992
2025-09-08 03:42:00,45000.0,45000.0,44980.0,44990.0,44990.0,476
2025-09-08 03:44:00,44990.0,45000.0,44990.0,44990.0,44990.0,284
2025-09-08 03:46:00,44980.0,45020.0,44980.0,45010.0,45010.0,973
2025-09-08 03:48:00,45010.0,45010.0,44990.0,45000.0,45000.0,65
2025-09-08 03:50:00,45000.0,45000.0,44990.0,44990.0,44990.0,137
2025-09-08 03:52:00,44990.0,45000.0,44990.0,44990.0,44990.0,903
2025-09-08 03:54:00,44990.0,44990.0,44980.0,44990.0,44990.0,168
2025-09-08 03:56:00,45000.0,45000.0,44980.0,44980.0,44980.0,191
2025-09-08 03:58:00,44990.0,44990.0,44980.0,44990.0,44990.0,309
2025-09-08 04:00:00,44990.0,44990.0,44980.0,44990.0,44990.0,358
2025-09-08 04:02:00,44990.0,44990.0,44980.0,44980.0,44980.0,729
2025-09-08 04:04:00,44970.0,44970.0,44960.0,44960.0,44960.0,166
2025-09-08 04:06:00,44960.0,44960.0,44950.0,44950.0,44950.0,170
2025-09-08 04:08:00,44960.0,44960.0,44930.0,44930.0,44930.0,181
2025-09-08 04:10:00,44940.0,44940.0,44920.0,44930.0,44930.0,834
2025-09-08 04:12:00,44940.0,44940.0,44920.0,44920.0,44920.0,365
2025-09-08 04:14:00,44930.0,44940.0,44910.0,44920.0,44920.0,236
2025-09-08 04:16:00,44910.0,44920.0,44900.0,44920.0,44920.0,778
2025-09-08 04:18:00,44930.0,44930.0,44910.0,44910.0,44910.0,112
2025-09-08 04:20:00,44910.0,44910.0,44910.0,44910.0,44910.0,113
2025-09-08 04:22:00,44910.0,44910.0,44910.0,44910.0,44910.0,7
2025-09-08 04:24:00,44920.0,44930.0,44920.0,44930.0,44930.0,424
2025-09-08 04:26:00,44930.0,44930.0,44930.0,44930.0,44930.0,1100
2025-09-08 04:28:00,44930.0,44930.0,44920.0,44930.0,44930.0,2283
2025-09-08 04:30:00,44940.0,44960.0,44930.0,44930.0,44930.0,1133
2025-09-08 04:32:00,44930.0,44940.0,44930.0,44940.0,44940.0,314
2025-09-08 04:34:00,44930.0,44930.0,44920.0,44920.0,44920.0,58
2025-09-08 04:36:00,44930.0,44930.0,44920.0,44930.0,44930.0,1267
2025-09-08 04:38:00,44910.0,44910.0,44910.0,44910.0,44910.0,231
2025-09-08 04:40:00,44910.0,44930.0,44910.0,44920.0,44920.0,1080
2025-09-08 04:42:00,44920.0,44920.0,44910.0,44920.0,44920.0,642
2025-09-08 04:44:00,44920.0,44920.0,44920.0,44920.0,44920.0,340
2025-09-08 04:46:00,44930.0,44950.0,44930.0,44950.0,44950.0,3311
2025-09-08 04:48:00,44960.0,44980.0,44960.0,44980.0,44980.0,1647
2025-09-08 04:50:00,44980.0,44990.0,44980.0,44990.0,44990.0,116
2025-09-08 04:52:00,45000.0,45000.0,44980.0,44980.0,44980.0,141
2025-09-08 04:54:00,44980.0,44990.0,44970.0,44990.0,44990.0,168
2025-09-08 04:56:00,45000.0,45020.0,45000.0,45020.0,45020.0,1017
2025-09-08 04:58:00,45020.0,45020.0,45000.0,45020.0,45020.0,38
2025-09-08 05:00:00,45000.0,45000.0,44980.0,44990.0,44990.0,125
2025-09-08 05:02:00,44990.0,45000.0,44990.0,44990.0,44990.0,319
2025-09-08 05:04:00,45000.0,45030.0,45000.0,45020.0,45020.0,851
2025-09-08 05:06:00,45030.0,45050.0,45030.0,45040.0,45040.0,626
2025-09-08 05:08:00,45050.0,45060.0,45040.0,45040.0,45040.0,1027
2025-09-08 05:10:00,45030.0,45050.0,45030.0,45050.0,45050.0,81
2025-09-08 05:12:00,45050.0,45050.0,45040.0,45040.0,45040.0,211
2025-09-08 05:14:00,45030.0,45040.0,45020.0,45020.0,45020.0,395
2025-09-08 05:16:00,45020.0,45040.0,45020.0,45040.0,45040.0,253
2025-09-08 05:18:00,45040.0,45040.0,45030.0,45040.0,45040.0,65
2025-09-08 05:20:00,45040.0,45040.0,45020.0,45030.0,45030.0,506
2025-09-08 05:22:00,45020.0,45030.0,45020.0,45030.0,45030.0,48
2025-09-08 05:24:00,45020.0,45030.0,45010.0,45020.0,45020.0,408
2025-09-08 05:26:00,45030.0,45030.0,45010.0,45010.0,45010.0,94
2025-09-08 05:28:00,45010.0,45020.0,45010.0,45020.0,45020.0,69
2025-09-08 05:30:00,45010.0,45020.0,44990.0,44990.0,44990.0,111
2025-09-08 05:32:00,45000.0,45010.0,45000.0,45010.0,45010.0,100
2025-09-08 05:34:00,45000.0,45010.0,44990.0,44990.0,44990.0,606
2025-09-08 05:36:00,45000.0,45000.0,44990.0,44990.0,44990.0,56
2025-09-08 05:38:00,45000.0,45000.0,44980.0,44990.0,44990.0,76
2025-09-08 05:40:00,44990.0,45000.0,44990.0,44990.0,44990.0,320
2025-09-08 05:42:00,44980.0,44980.0,44950.0,44950.0,44950.0,397
2025-09-08 05:44:00,44940.0,44950.0,44940.0,44950.0,44950.0,464
2025-09-08 05:46:00,44940.0,44950.0,44930.0,44940.0,44940.0,199
2025-09-08 05:48:00,44950.0,44960.0,44950.0,44960.0,44960.0,625
2025-09-08 05:50:00,44970.0,44990.0,44970.0,44990.0,44990.0,557
2025-09-08 05:52:00,44990.0,44990.0,44970.0,44980.0,44980.0,443
2025-09-08 05:54:00,44980.0,44990.0,44970.0,44970.0,44970.0,440
2025-09-08 05:56:00,44970.0,44980.0,44960.0,44980.0,44980.0,167
2025-09-08 05:58:00,44980.0,44980.0,44970.0,44970.0,44970.0,955
2025-09-08 06:00:00,44980.0,45010.0,44980.0,45010.0,45010.0,735
2025-09-08 06:02:00,45020.0,45060.0,44990.0,45050.0,45050.0,2286
2025-09-08 06:04:00,45050.0,45060.0,45020.0,45020.0,45020.0,3369
2025-09-08 06:06:00,45030.0,45050.0,45020.0,45030.0,45030.0,833
2025-09-08 06:08:00,45020.0,45020.0,45000.0,45010.0,45010.0,446
2025-09-08 06:10:00,45010.0,45020.0,44980.0,45020.0,45020.0,464
2025-09-08 06:12:00,45020.0,45020.0,45010.0,45020.0,45020.0,477
2025-09-08 06:14:00,45020.0,45030.0,45010.0,45010.0,45010.0,329
2025-09-08 06:16:00,45000.0,45000.0,44990.0,45000.0,45000.0,389
2025-09-08 06:18:00,45000.0,45000.0,44990.0,44990.0,44990.0,1236
2025-09-08 06:20:00,44980.0,44990.0,44970.0,44980.0,44980.0,1416
2025-09-08 06:22:00,44980.0,45000.0,44970.0,45000.0,45000.0,3243
2025-09-08 06:24:00,45000.0,45000.0,44980.0,44990.0,44990.0,1284
2025-09-09 00:04:00,45320.0,45400.0,45310.0,45380.0,45380.0,31119
2025-09-09 00:06:00,45380.0,45430.0,45350.0,45350.0,45350.0,5808
2025-09-09 00:08:00,45350.0,45410.0,45350.0,45390.0,45390.0,8341
2025-09-09 00:10:00,45380.0,45380.0,45310.0,45350.0,45350.0,2472
2025-09-09 00:12:00,45350.0,45350.0,45320.0,45330.0,45330.0,932
2025-09-09 00:14:00,45340.0,45440.0,45340.0,45420.0,45420.0,3301
2025-09-09 00:16:00,45410.0,45410.0,45360.0,45370.0,45370.0,1943
2025-09-09 00:18:00,45380.0,45380.0,45320.0,45360.0,45360.0,3433
2025-09-09 00:20:00,45370.0,45370.0,45320.0,45360.0,45360.0,1866
2025-09-09 00:22:00,45360.0,45380.0,45340.0,45370.0,45370.0,622
2025-09-09 00:24:00,45380.0,45390.0,45370.0,45380.0,45380.0,1998
2025-09-09 00:26:00,45380.0,45400.0,45370.0,45390.0,45390.0,826
2025-09-09 00:28:00,45390.0,45420.0,45380.0,45400.0,45400.0,1451
2025-09-09 00:30:00,45400.0,45410.0,45360.0,45380.0,45380.0,2262
2025-09-09 00:32:00,45390.0,45410.0,45380.0,45380.0,45380.0,1458
2025-09-09 00:34:00,45380.0,45400.0,45380.0,45390.0,45390.0,4725
2025-09-09 00:36:00,45400.0,45400.0,45370.0,45390.0,45390.0,709
2025-09-09 00:38:00,45390.0,45410.0,45390.0,45410.0,45410.0,6400
2025-09-09 00:40:00,45400.0,45420.0,45390.0,45420.0,45420.0,668
2025-09-09 00:42:00,45430.0,45440.0,45410.0,45430.0,45430.0,1791
2025-09-09 00:44:00,45440.0,45460.0,45440.0,45450.0,45450.0,2948
2025-09-09 00:46:00,45450.0,45480.0,45450.0,45470.0,45470.0,3886
2025-09-09 00:48:00,45470.0,45500.0,45460.0,45490.0,45490.0,6777
2025-09-09 00:50:00,45490.0,45520.0,45490.0,45500.0,45500.0,11411
2025-09-09 00:52:00,45490.0,45530.0,45490.0,45520.0,45520.0,2683
2025-09-09 00:54:00,45520.0,45550.0,45520.0,45540.0,45540.0,1409
2025-09-09 00:56:00,45540.0,45550.0,45510.0,45510.0,45510.0,681
2025-09-09 00:58:00,45510.0,45520.0,45490.0,45490.0,45490.0,329
2025-09-09 01:00:00,45490.0,45500.0,45460.0,45460.0,45460.0,2549
2025-09-09 01:02:00,45470.0,45480.0,45460.0,45460.0,45460.0,958
2025-09-09 01:04:00,45470.0,45470.0,45450.0,45450.0,45450.0,4008
2025-09-09 01:06:00,45460.0,45470.0,45450.0,45460.0,45460.0,3109
2025-09-09 01:08:00,45460.0,45460.0,45440.0,45450.0,45450.0,1019
2025-09-09 01:10:00,45450.0,45450.0,45400.0,45400.0,45400.0,2565
2025-09-09 01:12:00,45400.0,45420.0,45380.0,45390.0,45390.0,1300
2025-09-09 01:14:00,45390.0,45390.0,45340.0,45370.0,45370.0,5227
2025-09-09 01:16:00,45360.0,45370.0,45280.0,45300.0,45300.0,2280
2025-09-09 01:18:00,45300.0,45320.0,45280.0,45310.0,45310.0,4874
2025-09-09 01:20:00,45310.0,45310.0,45280.0,45290.0,45290.0,401
2025-09-09 01:22:00,45290.0,45300.0,45290.0,45290.0,45290.0,501
2025-09-09 01:24:00,45280.0,45280.0,45250.0,45250.0,45250.0,995
2025-09-09 01:26:00,45250.0,45270.0,45240.0,45270.0,45270.0,191
2025-09-09 01:28:00,45270.0,45270.0,45260.0,45270.0,45270.0,304
2025-09-09 01:30:00,45270.0,45290.0,45260.0,45280.0,45280.0,1279
2025-09-09 01:32:00,45290.0,45290.0,45260.0,45270.0,45270.0,959
2025-09-09 01:34:00,45270.0,45270.0,45260.0,45260.0,45260.0,418
2025-09-09 01:36:00,45260.0,45260.0,45230.0,45230.0,45230.0,1074
2025-09-09 01:38:00,45240.0,45240.0,45190.0,45210.0,45210.0,1107
2025-09-09 01:40:00,45210.0,45210.0,45120.0,45120.0,45120.0,2707
2025-09-09 01:42:00,45120.0,45190.0,45110.0,45170.0,45170.0,2223
2025-09-09 01:44:00,45180.0,45190.0,45170.0,45180.0,45180.0,157
2025-09-09 01:46:00,45180.0,45180.0,45110.0,45110.0,45110.0,885
2025-09-09 01:48:00,45120.0,45130.0,45100.0,45100.0,45100.0,429
2025-09-09 01:50:00,45140.0,45140.0,45120.0,45130.0,45130.0,1167
2025-09-09 01:52:00,45130.0,45160.0,45120.0,45140.0,45140.0,1868
2025-09-09 01:54:00,45140.0,45150.0,45140.0,45150.0,45150.0,527
2025-09-09 01:56:00,45160.0,45160.0,45100.0,45100.0,45100.0,1962
2025-09-09 01:58:00,45090.0,45110.0,45080.0,45100.0,45100.0,2074
2025-09-09 02:00:00,45120.0,45130.0,45110.0,45130.0,45130.0,43
2025-09-09 02:02:00,45140.0,45140.0,45120.0,45130.0,45130.0,214
2025-09-09 02:04:00,45130.0,45150.0,45110.0,45150.0,45150.0,310
2025-09-09 02:06:00,45140.0,45150.0,45130.0,45140.0,45140.0,2312
2025-09-09 02:08:00,45130.0,45150.0,45130.0,45150.0,45150.0,1209
2025-09-09 02:10:00,45140.0,45150.0,45140.0,45150.0,45150.0,455
2025-09-09 02:12:00,45150.0,45150.0,45130.0,45130.0,45130.0,818
2025-09-09 02:14:00,45120.0,45130.0,45120.0,45130.0,45130.0,1896
2025-09-09 02:16:00,45120.0,45120.0,45100.0,45100.0,45100.0,863
2025-09-09 02:18:00,45090.0,45100.0,45090.0,45090.0,45090.0,1203
2025-09-09 02:20:00,45090.0,45090.0,45050.0,45050.0,45050.0,1214
2025-09-09 02:22:00,45040.0,45060.0,45030.0,45030.0,45030.0,2387
2025-09-09 02:24:00,45030.0,45080.0,45030.0,45080.0,45080.0,398
2025-09-09 02:26:00,45070.0,45090.0,45070.0,45080.0,45080.0,1269
2025-09-09 02:28:00,45080.0,45090.0,45080.0,45090.0,45090.0,1322
2025-09-09 02:30:00,45090.0,45090.0,45080.0,45080.0,45080.0,315
2025-09-09 03:30:00,45060.0,45080.0,45060.0,45070.0,45070.0,1797
2025-09-09 03:32:00,45060.0,45060.0,45030.0,45040.0,45040.0,1432
2025-09-09 03:34:00,45030.0,45030.0,45010.0,45010.0,45010.0,7785
2025-09-09 03:36:00,45000.0,45030.0,44980.0,45030.0,45030.0,4275
2025-09-09 03:38:00,45030.0,45030.0,45010.0,45010.0,45010.0,1430
2025-09-09 03:40:00,45010.0,45050.0,45010.0,45040.0,45040.0,3727
2025-09-09 03:42:00,45040.0,45070.0,45040.0,45070.0,45070.0,894
2025-09-09 03:44:00,45060.0,45080.0,45060.0,45080.0,45080.0,663
2025-09-09 03:46:00,45070.0,45090.0,45070.0,45090.0,45090.0,2194
2025-09-09 03:48:00,45100.0,45110.0,45090.0,45100.0,45100.0,658
2025-09-09 03:50:00,45100.0,45110.0,45100.0,45110.0,45110.0,908
2025-09-09 03:52:00,45110.0,45110.0,45070.0,45070.0,45070.0,1163
2025-09-09 03:54:00,45070.0,45070.0,45060.0,45070.0,45070.0,1150
2025-09-09 03:56:00,45070.0,45070.0,45070.0,45070.0,45070.0,334
2025-09-09 03:58:00,45080.0,45080.0,45070.0,45080.0,45080.0,710
2025-09-09 04:00:00,45070.0,45070.0,45050.0,45060.0,45060.0,1175
2025-09-09 04:02:00,45050.0,45060.0,45050.0,45050.0,45050.0,1233
2025-09-09 04:04:00,45040.0,45050.0,45040.0,45040.0,45040.0,6742
2025-09-09 04:06:00,45030.0,45040.0,45030.0,45040.0,45040.0,758
2025-09-09 04:08:00,45040.0,45040.0,45020.0,45020.0,45020.0,492
2025-09-09 04:10:00,45010.0,45020.0,45010.0,45020.0,45020.0,1176
2025-09-09 04:12:00,45020.0,45030.0,45010.0,45010.0,45010.0,906
2025-09-09 04:14:00,45020.0,45020.0,45010.0,45020.0,45020.0,733
2025-09-09 04:18:00,45020.0,45040.0,45020.0,45040.0,45040.0,1116
2025-09-09 04:20:00,45040.0,45060.0,45040.0,45050.0,45050.0,646
2025-09-09 04:22:00,45040.0,45040.0,45020.0,45030.0,45030.0,750
2025-09-09 04:24:00,45040.0,45040.0,45040.0,45040.0,45040.0,759
2025-09-09 04:26:00,45050.0,45050.0,45030.0,45040.0,45040.0,1949
2025-09-09 04:28:00,45040.0,45050.0,45030.0,45040.0,45040.0,460
2025-09-09 04:30:00,45030.0,45050.0,45030.0,45050.0,45050.0,1580
2025-09-09 04:32:00,45050.0,45050.0,45050.0,45050.0,45050.0,51
2025-09-09 04:34:00,45050.0,45050.0,45040.0,45040.0,45040.0,595
2025-09-09 04:36:00,45030.0,45040.0,45030.0,45030.0,45030.0,461
2025-09-09 04:38:00,45040.0,45040.0,45040.0,45040.0,45040.0,472
2025-09-09 04:40:00,45040.0,45040.0,45040.0,45040.0,45040.0,375
2025-09-09 04:42:00,45030.0,45030.0,45030.0,45030.0,45030.0,480
2025-09-09 04:44:00,45030.0,45040.0,45000.0,45000.0,45000.0,831
2025-09-09 04:46:00,45010.0,45010.0,44990.0,44990.0,44990.0,896
2025-09-09 04:48:00,45000.0,45010.0,44990.0,45010.0,45010.0,594
2025-09-09 04:50:00,45010.0,45020.0,45010.0,45020.0,45020.0,519
2025-09-09 04:52:00,45020.0,45020.0,45010.0,45010.0,45010.0,940
2025-09-09 04:54:00,45010.0,45010.0,45000.0,45000.0,45000.0,756
2025-09-09 04:56:00,45000.0,45000.0,44990.0,44990.0,44990.0,339
2025-09-09 04:58:00,44990.0,45010.0,44990.0,45010.0,45010.0,6051
2025-09-09 05:00:00,45010.0,45010.0,44970.0,44970.0,44970.0,2232
2025-09-09 05:02:00,44970.0,44980.0,44960.0,44960.0,44960.0,1532
2025-09-09 05:04:00,44970.0,44970.0,44950.0,44970.0,44970.0,2991
2025-09-09 05:06:00,44960.0,44960.0,44930.0,44940.0,44940.0,8401
2025-09-09 05:08:00,44940.0,44950.0,44930.0,44930.0,44930.0,1935
2025-09-09 05:10:00,44940.0,44960.0,44940.0,44940.0,44940.0,612
2025-09-09 05:12:00,44940.0,44950.0,44920.0,44920.0,44920.0,1085
2025-09-09 05:14:00,44930.0,44940.0,44930.0,44930.0,44930.0,1093
2025-09-09 05:16:00,44920.0,44930.0,44920.0,44930.0,44930.0,960
2025-09-09 05:18:00,44920.0,44920.0,44890.0,44900.0,44900.0,2620
2025-09-09 05:20:00,44900.0,44900.0,44860.0,44860.0,44860.0,961
2025-09-09 05:22:00,44860.0,44860.0,44800.0,44860.0,44860.0,3110
2025-09-09 05:24:00,44860.0,44880.0,44840.0,44840.0,44840.0,703
2025-09-09 05:26:00,44840.0,44850.0,44830.0,44840.0,44840.0,2243
2025-09-09 05:28:00,44850.0,44860.0,44840.0,44850.0,44850.0,795
2025-09-09 05:30:00,44840.0,44890.0,44840.0,44880.0,44880.0,1593
2025-09-09 05:32:00,44880.0,44900.0,44880.0,44880.0,44880.0,3292
2025-09-09 05:34:00,44880.0,44900.0,44870.0,44870.0,44870.0,1473
2025-09-09 05:36:00,44870.0,44870.0,44830.0,44830.0,44830.0,213
2025-09-09 05:38:00,44850.0,44850.0,44820.0,44830.0,44830.0,4697
2025-09-09 05:40:00,44820.0,44840.0,44820.0,44830.0,44830.0,762
2025-09-09 05:42:00,44830.0,44850.0,44820.0,44850.0,44850.0,2311
2025-09-09 05:44:00,44840.0,44840.0,44830.0,44840.0,44840.0,511
2025-09-09 05:46:00,44840.0,44870.0,44840.0,44870.0,44870.0,944
2025-09-09 05:48:00,44860.0,44880.0,44860.0,44880.0,44880.0,1988
2025-09-09 05:50:00,44870.0,44890.0,44870.0,44890.0,44890.0,1540
2025-09-09 05:52:00,44880.0,44900.0,44880.0,44880.0,44880.0,1316
2025-09-09 05:54:00,44880.0,44930.0,44880.0,44920.0,44920.0,3168
2025-09-09 05:56:00,44920.0,44920.0,44900.0,44900.0,44900.0,400
2025-09-09 05:58:00,44900.0,44920.0,44890.0,44890.0,44890.0,1825
2025-09-09 06:00:00,44880.0,44890.0,44840.0,44840.0,44840.0,1292
2025-09-09 06:02:00,44840.0,44890.0,44840.0,44890.0,44890.0,1973
2025-09-09 06:04:00,44860.0,44910.0,44860.0,44910.0,44910.0,976
2025-09-09 06:06:00,44900.0,44910.0,44860.0,44870.0,44870.0,1173
2025-09-09 06:08:00,44870.0,44870.0,44860.0,44870.0,44870.0,1952
2025-09-09 06:10:00,44870.0,44870.0,44850.0,44860.0,44860.0,539
2025-09-09 06:12:00,44870.0,44880.0,44860.0,44870.0,44870.0,963
2025-09-09 06:14:00,44870.0,44890.0,44870.0,44880.0,44880.0,2871
2025-09-09 06:16:00,44870.0,44870.0,44840.0,44850.0,44850.0,1889
2025-09-09 06:18:00,44850.0,44880.0,44850.0,44870.0,44870.0,1953
2025-09-09 06:20:00,44870.0,44870.0,44840.0,44840.0,44840.0,2574
2025-09-09 06:22:00,44830.0,44840.0,44820.0,44830.0,44830.0,2998
2025-09-09 06:24:00,44830.0,44840.0,44820.0,44820.0,44820.0,1424
2025-09-10 00:04:00,44800.0,44980.0,44800.0,44970.0,44970.0,14441
2025-09-10 00:06:00,44970.0,44980.0,44910.0,44910.0,44910.0,2894
2025-09-10 00:08:00,44900.0,44910.0,44860.0,44890.0,44890.0,12394
2025-09-10 00:10:00,44890.0,44970.0,44890.0,44920.0,44920.0,978
2025-09-10 00:12:00,44920.0,44960.0,44920.0,44960.0,44960.0,861
2025-09-10 00:14:00,44960.0,45000.0,44960.0,44980.0,44980.0,1943
2025-09-10 00:16:00,44970.0,45010.0,44970.0,45000.0,45000.0,2094
2025-09-10 00:18:00,45000.0,45020.0,45000.0,45020.0,45020.0,657
2025-09-10 00:20:00,45020.0,45030.0,45020.0,45030.0,45030.0,807
2025-09-10 00:22:00,45030.0,45060.0,45010.0,45050.0,45050.0,4906
2025-09-10 00:24:00,45050.0,45050.0,45000.0,45010.0,45010.0,928
2025-09-10 00:26:00,45010.0,45010.0,44990.0,45010.0,45010.0,1100
2025-09-10 00:28:00,44990.0,45020.0,44990.0,45010.0,45010.0,1242
2025-09-10 00:30:00,45000.0,45010.0,44980.0,45000.0,45000.0,239
2025-09-10 00:32:00,45000.0,45020.0,45000.0,45000.0,45000.0,343
2025-09-10 00:34:00,45010.0,45010.0,44980.0,44990.0,44990.0,212
2025-09-10 00:36:00,45000.0,45020.0,45000.0,45020.0,45020.0,277
2025-09-10 00:38:00,45030.0,45060.0,45030.0,45050.0,45050.0,550
2025-09-10 00:40:00,45030.0,45060.0,45000.0,45040.0,45040.0,660
2025-09-10 00:42:00,45050.0,45060.0,45050.0,45060.0,45060.0,1284
2025-09-10 00:44:00,45060.0,45060.0,45040.0,45060.0,45060.0,248
2025-09-10 00:46:00,45040.0,45050.0,45030.0,45050.0,45050.0,552
2025-09-10 00:48:00,45050.0,45070.0,45050.0,45070.0,45070.0,1332
2025-09-10 00:50:00,45070.0,45070.0,45060.0,45060.0,45060.0,69
2025-09-10 00:52:00,45070.0,45080.0,45030.0,45030.0,45030.0,1556
2025-09-10 00:54:00,45020.0,45040.0,45000.0,45010.0,45010.0,791
2025-09-10 00:56:00,45000.0,45010.0,44990.0,45010.0,45010.0,200
2025-09-10 00:58:00,45010.0,45030.0,45000.0,45020.0,45020.0,274
2025-09-10 01:00:00,45020.0,45030.0,45010.0,45010.0,45010.0,127
2025-09-10 01:02:00,45010.0,45060.0,45010.0,45040.0,45040.0,367
2025-09-10 01:04:00,45040.0,45060.0,45030.0,45060.0,45060.0,44
2025-09-10 01:06:00,45060.0,45060.0,45020.0,45040.0,45040.0,25
2025-09-10 01:08:00,45030.0,45050.0,45030.0,45030.0,45030.0,850
2025-09-10 01:10:00,45030.0,45040.0,45020.0,45020.0,45020.0,264
2025-09-10 01:12:00,45010.0,45020.0,45000.0,45020.0,45020.0,202
2025-09-10 01:14:00,45020.0,45030.0,45020.0,45020.0,45020.0,158
2025-09-10 01:16:00,45020.0,45020.0,44970.0,44970.0,44970.0,678
2025-09-10 01:18:00,44970.0,44980.0,44960.0,44980.0,44980.0,265
2025-09-10 01:20:00,44980.0,44980.0,44920.0,44920.0,44920.0,4940
2025-09-10 01:22:00,44930.0,44950.0,44910.0,44930.0,44930.0,1523
2025-09-10 01:24:00,44920.0,44940.0,44920.0,44920.0,44920.0,581
2025-09-10 01:26:00,44930.0,44930.0,44890.0,44910.0,44910.0,1903
2025-09-10 01:28:00,44900.0,44920.0,44900.0,44910.0,44910.0,2566
2025-09-10 01:30:00,44920.0,44930.0,44900.0,44930.0,44930.0,1456
2025-09-10 01:32:00,44940.0,44970.0,44940.0,44960.0,44960.0,4729
2025-09-10 01:34:00,44950.0,44950.0,44930.0,44950.0,44950.0,321
2025-09-10 01:36:00,44940.0,44940.0,44910.0,44920.0,44920.0,258
2025-09-10 01:38:00,44930.0,44930.0,44920.0,44920.0,44920.0,613
2025-09-10 01:40:00,44940.0,44950.0,44940.0,44950.0,44950.0,617
2025-09-10 01:42:00,44950.0,44950.0,44930.0,44930.0,44930.0,55
2025-09-10 01:44:00,44930.0,44930.0,44920.0,44920.0,44920.0,32
2025-09-10 01:46:00,44920.0,44940.0,44910.0,44940.0,44940.0,594
2025-09-10 01:48:00,44950.0,44960.0,44950.0,44960.0,44960.0,571
2025-09-10 01:50:00,44960.0,44970.0,44950.0,44950.0,44950.0,335
2025-09-10 01:52:00,44940.0,44940.0,44930.0,44940.0,44940.0,515
2025-09-10 01:54:00,44940.0,44940.0,44940.0,44940.0,44940.0,575
2025-09-10 01:56:00,44930.0,44950.0,44930.0,44950.0,44950.0,27
2025-09-10 01:58:00,44950.0,44950.0,44950.0,44950.0,44950.0,1
2025-09-10 02:00:00,44960.0,44960.0,44950.0,44960.0,44960.0,2747
2025-09-10 02:02:00,44960.0,44960.0,44950.0,44950.0,44950.0,77
2025-09-10 02:04:00,44940.0,44940.0,44920.0,44920.0,44920.0,171
2025-09-10 02:06:00,44940.0,44940.0,44940.0,44940.0,44940.0,157
2025-09-10 02:08:00,44950.0,44970.0,44950.0,44960.0,44960.0,1370
2025-09-10 02:10:00,44960.0,44960.0,44950.0,44960.0,44960.0,688
2025-09-10 02:12:00,44960.0,44960.0,44950.0,44950.0,44950.0,1266
2025-09-10 02:14:00,44950.0,44970.0,44950.0,44970.0,44970.0,1723
2025-09-10 02:16:00,44970.0,45000.0,44970.0,44990.0,44990.0,3698
2025-09-10 02:18:00,44980.0,44990.0,44980.0,44990.0,44990.0,2773
2025-09-10 02:20:00,45000.0,45020.0,45000.0,45020.0,45020.0,1608
2025-09-10 02:22:00,45010.0,45020.0,45010.0,45010.0,45010.0,391
2025-09-10 02:24:00,45020.0,45030.0,45010.0,45010.0,45010.0,294
2025-09-10 02:26:00,45010.0,45030.0,45010.0,45030.0,45030.0,97503
2025-09-10 02:28:00,45030.0,45030.0,45010.0,45010.0,45010.0,1613
2025-09-10 02:30:00,45010.0,45020.0,45010.0,45020.0,45020.0,1060
2025-09-10 03:30:00,45040.0,45090.0,45040.0,45080.0,45080.0,3415
2025-09-10 03:32:00,45080.0,45090.0,45080.0,45090.0,45090.0,504
2025-09-10 03:34:00,45090.0,45100.0,45080.0,45100.0,45100.0,340
2025-09-10 03:36:00,45090.0,45090.0,45080.0,45080.0,45080.0,538
2025-09-10 03:38:00,45080.0,45090.0,45080.0,45080.0,45080.0,326
2025-09-10 03:40:00,45070.0,45070.0,45060.0,45060.0,45060.0,931
2025-09-10 03:42:00,45070.0,45070.0,45060.0,45070.0,45070.0,14
2025-09-10 03:44:00,45080.0,45090.0,45080.0,45080.0,45080.0,1433
2025-09-10 03:46:00,45090.0,45120.0,45090.0,45100.0,45100.0,1489
2025-09-10 03:48:00,45110.0,45120.0,45110.0,45120.0,45120.0,160
2025-09-10 03:50:00,45130.0,45130.0,45110.0,45110.0,45110.0,131
2025-09-10 03:52:00,45120.0,45140.0,45120.0,45130.0,45130.0,2353
2025-09-10 03:54:00,45130.0,45140.0,45120.0,45130.0,45130.0,554
2025-09-10 03:56:00,45140.0,45140.0,45120.0,45130.0,45130.0,1102
2025-09-10 03:58:00,45140.0,45140.0,45130.0,45130.0,45130.0,113
2025-09-10 04:00:00,45140.0,45140.0,45130.0,45140.0,45140.0,143
2025-09-10 04:02:00,45140.0,45140.0,45130.0,45140.0,45140.0,2615
2025-09-10 04:04:00,45140.0,45140.0,45140.0,45140.0,45140.0,215
2025-09-10 04:06:00,45140.0,45140.0,45130.0,45140.0,45140.0,145
2025-09-10 04:08:00,45130.0,45130.0,45090.0,45090.0,45090.0,659
2025-09-10 04:10:00,45090.0,45100.0,45080.0,45090.0,45090.0,181
2025-09-10 04:12:00,45080.0,45090.0,45080.0,45090.0,45090.0,90
2025-09-10 04:14:00,45100.0,45110.0,45100.0,45110.0,45110.0,78
2025-09-10 04:16:00,45110.0,45120.0,45110.0,45120.0,45120.0,226
2025-09-10 04:18:00,45120.0,45120.0,45120.0,45120.0,45120.0,68
2025-09-10 04:20:00,45110.0,45110.0,45100.0,45100.0,45100.0,30
2025-09-10 04:22:00,45100.0,45110.0,45100.0,45100.0,45100.0,139
2025-09-10 04:24:00,45100.0,45100.0,45090.0,45090.0,45090.0,89
2025-09-10 04:26:00,45090.0,45090.0,45090.0,45090.0,45090.0,4
2025-09-10 04:28:00,45090.0,45100.0,45080.0,45100.0,45100.0,195
2025-09-10 04:30:00,45090.0,45110.0,45090.0,45110.0,45110.0,2083
2025-09-10 04:32:00,45110.0,45110.0,45100.0,45100.0,45100.0,16
2025-09-10 04:34:00,45100.0,45100.0,45090.0,45100.0,45100.0,19
2025-09-10 04:36:00,45100.0,45100.0,45100.0,45100.0,45100.0,2
2025-09-10 04:38:00,45100.0,45110.0,45100.0,45110.0,45110.0,116
2025-09-10 04:40:00,45120.0,45120.0,45120.0,45120.0,45120.0,64
2025-09-10 04:42:00,45130.0,45130.0,45120.0,45120.0,45120.0,1180
2025-09-10 04:44:00,45120.0,45120.0,45110.0,45110.0,45110.0,335
2025-09-10 04:46:00,45120.0,45120.0,45120.0,45120.0,45120.0,25
2025-09-10 04:48:00,45120.0,45130.0,45120.0,45130.0,45130.0,106
2025-09-10 04:50:00,45130.0,45130.0,45130.0,45130.0,45130.0,381
2025-09-10 04:52:00,45140.0,45140.0,45140.0,45140.0,45140.0,10
2025-09-10 04:54:00,45130.0,45140.0,45120.0,45120.0,45120.0,516
2025-09-10 04:56:00,45130.0,45170.0,45130.0,45150.0,45150.0,2722
2025-09-10 04:58:00,45150.0,45170.0,45150.0,45160.0,45160.0,268
2025-09-10 05:00:00,45150.0,45160.0,45150.0,45150.0,45150.0,63
2025-09-10 05:02:00,45160.0,45160.0,45150.0,45150.0,45150.0,177
2025-09-10 05:04:00,45160.0,45170.0,45150.0,45170.0,45170.0,1300
2025-09-10 05:06:00,45150.0,45170.0,45150.0,45170.0,45170.0,225
2025-09-10 05:08:00,45180.0,45180.0,45160.0,45170.0,45170.0,301
2025-09-10 05:10:00,45160.0,45160.0,45140.0,45140.0,45140.0,505
2025-09-10 05:12:00,45140.0,45140.0,45120.0,45140.0,45140.0,236
2025-09-10 05:14:00,45140.0,45160.0,45140.0,45150.0,45150.0,353
2025-09-10 05:16:00,45150.0,45150.0,45140.0,45150.0,45150.0,68
2025-09-10 05:18:00,45150.0,45160.0,45150.0,45160.0,45160.0,843
2025-09-10 05:20:00,45150.0,45150.0,45140.0,45150.0,45150.0,86
2025-09-10 05:22:00,45140.0,45160.0,45140.0,45150.0,45150.0,251
2025-09-10 05:24:00,45150.0,45150.0,45150.0,45150.0,45150.0,103
2025-09-10 05:26:00,45160.0,45160.0,45150.0,45150.0,45150.0,108
2025-09-10 05:28:00,45150.0,45170.0,45150.0,45160.0,45160.0,207
2025-09-10 05:30:00,45160.0,45190.0,45160.0,45160.0,45160.0,4047
2025-09-10 05:32:00,45160.0,45160.0,45120.0,45120.0,45120.0,589
2025-09-10 05:34:00,45130.0,45140.0,45130.0,45130.0,45130.0,50
2025-09-10 05:36:00,45130.0,45130.0,45110.0,45120.0,45120.0,381
2025-09-10 05:38:00,45130.0,45140.0,45130.0,45140.0,45140.0,82
2025-09-10 05:40:00,45140.0,45170.0,45140.0,45170.0,45170.0,79
2025-09-10 05:42:00,45160.0,45160.0,45150.0,45150.0,45150.0,185
2025-09-10 05:44:00,45150.0,45160.0,45150.0,45160.0,45160.0,143
2025-09-10 05:46:00,45160.0,45170.0,45160.0,45160.0,45160.0,90
2025-09-10 05:48:00,45160.0,45160.0,45140.0,45150.0,45150.0,219
2025-09-10 05:50:00,45150.0,45150.0,45140.0,45140.0,45140.0,254
2025-09-10 05:52:00,45140.0,45140.0,45110.0,45110.0,45110.0,376
2025-09-10 05:54:00,45110.0,45130.0,45110.0,45130.0,45130.0,260
2025-09-10 05:56:00,45130.0,45130.0,45120.0,45130.0,45130.0,145
2025-09-10 05:58:00,45130.0,45150.0,45120.0,45150.0,45150.0,921
2025-09-10 06:00:00,45150.0,45150.0,45110.0,45110.0,45110.0,264
2025-09-10 06:02:00,45110.0,45120.0,45110.0,45110.0,45110.0,148
2025-09-10 06:04:00,45120.0,45130.0,45110.0,45110.0,45110.0,189
2025-09-10 06:06:00,45110.0,45120.0,45100.0,45110.0,45110.0,618
2025-09-10 06:08:00,45120.0,45140.0,45110.0,45140.0,45140.0,230
2025-09-10 06:10:00,45140.0,45140.0,45130.0,45140.0,45140.0,172
2025-09-10 06:12:00,45150.0,45160.0,45140.0,45140.0,45140.0,1193
2025-09-10 06:14:00,45140.0,45140.0,45140.0,45140.0,45140.0,317
2025-09-10 06:16:00,45140.0,45140.0,45130.0,45130.0,45130.0,263
2025-09-10 06:18:00,45130.0,45160.0,45130.0,45160.0,45160.0,1151
2025-09-10 06:20:00,45160.0,45180.0,45140.0,45180.0,45180.0,2309
2025-09-10 06:22:00,45180.0,45190.0,45160.0,45160.0,45160.0,2442
2025-09-10 06:24:00,45170.0,45180.0,45160.0,45170.0,45170.0,887
2025-09-11 00:04:00,45330.0,45350.0,45320.0,45330.0,45330.0,18985
2025-09-11 00:06:00,45350.0,45410.0,45290.0,45410.0,45410.0,8905
2025-09-11 00:08:00,45400.0,45400.0,45240.0,45240.0,45240.0,6821
2025-09-11 00:10:00,45250.0,45290.0,45250.0,45260.0,45260.0,2185
2025-09-11 00:12:00,45250.0,45280.0,45240.0,45240.0,45240.0,4777
2025-09-11 00:14:00,45230.0,45270.0,45230.0,45260.0,45260.0,1482
2025-09-11 00:16:00,45260.0,45290.0,45250.0,45280.0,45280.0,698
2025-09-11 00:18:00,45270.0,45310.0,45260.0,45310.0,45310.0,721
2025-09-11 00:20:00,45300.0,45350.0,45300.0,45350.0,45350.0,637
2025-09-11 00:22:00,45350.0,45360.0,45340.0,45360.0,45360.0,362
2025-09-11 00:24:00,45350.0,45360.0,45320.0,45330.0,45330.0,661
2025-09-11 00:26:00,45320.0,45340.0,45290.0,45340.0,45340.0,1165
2025-09-11 00:28:00,45350.0,45370.0,45350.0,45360.0,45360.0,930
2025-09-11 00:30:00,45350.0,45400.0,45350.0,45400.0,45400.0,1997
2025-09-11 00:32:00,45400.0,45400.0,45390.0,45400.0,45400.0,904
2025-09-11 00:34:00,45390.0,45420.0,45390.0,45420.0,45420.0,791
2025-09-11 00:36:00,45420.0,45440.0,45420.0,45430.0,45430.0,1376
2025-09-11 00:38:00,45420.0,45450.0,45420.0,45450.0,45450.0,2275
2025-09-11 00:40:00,45450.0,45460.0,45440.0,45450.0,45450.0,552
2025-09-11 00:42:00,45440.0,45450.0,45430.0,45450.0,45450.0,96
2025-09-11 00:44:00,45430.0,45460.0,45430.0,45460.0,45460.0,425
2025-09-11 00:46:00,45460.0,45500.0,45460.0,45490.0,45490.0,1814
2025-09-11 00:48:00,45490.0,45500.0,45480.0,45490.0,45490.0,4765
2025-09-11 00:50:00,45490.0,45510.0,45490.0,45500.0,45500.0,948
2025-09-11 00:52:00,45510.0,45520.0,45500.0,45510.0,45510.0,950
2025-09-11 00:54:00,45520.0,45550.0,45520.0,45540.0,45540.0,5408
2025-09-11 00:56:00,45540.0,45550.0,45530.0,45540.0,45540.0,326
2025-09-11 00:58:00,45540.0,45600.0,45540.0,45590.0,45590.0,5129
2025-09-11 01:00:00,45580.0,45580.0,45520.0,45520.0,45520.0,2311
2025-09-11 01:02:00,45520.0,45570.0,45520.0,45570.0,45570.0,1380
2025-09-11 01:04:00,45580.0,45630.0,45580.0,45630.0,45630.0,9518
2025-09-11 01:06:00,45610.0,45610.0,45580.0,45590.0,45590.0,586
2025-09-11 01:08:00,45590.0,45590.0,45550.0,45580.0,45580.0,1361
2025-09-11 01:10:00,45590.0,45600.0,45570.0,45580.0,45580.0,382
2025-09-11 01:12:00,45570.0,45570.0,45530.0,45550.0,45550.0,645
2025-09-11 01:14:00,45540.0,45540.0,45500.0,45510.0,45510.0,1987
2025-09-11 01:16:00,45520.0,45530.0,45480.0,45480.0,45480.0,1478
2025-09-11 01:18:00,45490.0,45530.0,45490.0,45520.0,45520.0,835
2025-09-11 01:20:00,45530.0,45550.0,45490.0,45490.0,45490.0,3166
2025-09-11 01:22:00,45480.0,45490.0,45440.0,45440.0,45440.0,1080
2025-09-11 01:24:00,45440.0,45460.0,45430.0,45450.0,45450.0,1953
2025-09-11 01:26:00,45460.0,45470.0,45450.0,45450.0,45450.0,237
2025-09-11 01:28:00,45450.0,45470.0,45430.0,45430.0,45430.0,599
2025-09-11 01:30:00,45440.0,45470.0,45440.0,45470.0,45470.0,390
2025-09-11 01:32:00,45460.0,45470.0,45460.0,45470.0,45470.0,603
2025-09-11 01:34:00,45470.0,45490.0,45460.0,45480.0,45480.0,276
2025-09-11 01:36:00,45490.0,45500.0,45480.0,45500.0,45500.0,1095
2025-09-11 01:38:00,45510.0,45530.0,45490.0,45490.0,45490.0,722
2025-09-11 01:40:00,45500.0,45530.0,45500.0,45530.0,45530.0,694
2025-09-11 01:42:00,45530.0,45560.0,45530.0,45560.0,45560.0,1243
2025-09-11 01:44:00,45560.0,45560.0,45550.0,45550.0,45550.0,412
2025-09-11 01:46:00,45560.0,45570.0,45560.0,45560.0,45560.0,58
2025-09-11 01:48:00,45560.0,45570.0,45550.0,45550.0,45550.0,326
2025-09-11 01:50:00,45550.0,45570.0,45550.0,45570.0,45570.0,741
2025-09-11 01:52:00,45570.0,45570.0,45560.0,45570.0,45570.0,1268
2025-09-11 01:54:00,45570.0,45610.0,45570.0,45590.0,45590.0,2795
2025-09-11 01:56:00,45600.0,45600.0,45600.0,45600.0,45600.0,425
2025-09-11 01:58:00,45600.0,45610.0,45600.0,45610.0,45610.0,161
2025-09-11 02:00:00,45610.0,45610.0,45600.0,45600.0,45600.0,1581
2025-09-11 02:02:00,45610.0,45610.0,45580.0,45580.0,45580.0,306
2025-09-11 02:04:00,45580.0,45590.0,45570.0,45580.0,45580.0,78
2025-09-11 02:06:00,45580.0,45580.0,45570.0,45580.0,45580.0,276
2025-09-11 02:08:00,45590.0,45600.0,45580.0,45600.0,45600.0,524
2025-09-11 02:10:00,45610.0,45620.0,45610.0,45610.0,45610.0,2035
2025-09-11 02:12:00,45610.0,45620.0,45600.0,45620.0,45620.0,1875
2025-09-11 02:14:00,45620.0,45650.0,45610.0,45650.0,45650.0,2266
2025-09-11 02:16:00,45650.0,45650.0,45640.0,45640.0,45640.0,632
2025-09-11 02:18:00,45640.0,45650.0,45640.0,45640.0,45640.0,318
2025-09-11 02:20:00,45630.0,45640.0,45620.0,45640.0,45640.0,365
2025-09-11 02:22:00,45640.0,45640.0,45630.0,45630.0,45630.0,797
2025-09-11 02:24:00,45630.0,45630.0,45590.0,45630.0,45630.0,212
2025-09-11 02:26:00,45630.0,45640.0,45620.0,45640.0,45640.0,111
2025-09-11 02:28:00,45640.0,45660.0,45640.0,45650.0,45650.0,987
2025-09-11 02:30:00,45640.0,45640.0,45640.0,45640.0,45640.0,1112
2025-09-11 03:30:00,45660.0,45690.0,45650.0,45680.0,45680.0,5372
2025-09-11 03:32:00,45690.0,45720.0,45690.0,45710.0,45710.0,5312
2025-09-11 03:34:00,45700.0,45720.0,45700.0,45700.0,45700.0,4194
2025-09-11 03:36:00,45700.0,45710.0,45690.0,45700.0,45700.0,1335
2025-09-11 03:38:00,45700.0,45710.0,45700.0,45700.0,45700.0,820
2025-09-11 03:40:00,45700.0,45750.0,45700.0,45750.0,45750.0,8456
2025-09-11 03:42:00,45740.0,45750.0,45730.0,45730.0,45730.0,958
2025-09-11 03:44:00,45730.0,45750.0,45720.0,45740.0,45740.0,145
2025-09-11 03:46:00,45730.0,45760.0,45730.0,45750.0,45750.0,544
2025-09-11 03:48:00,45750.0,45770.0,45750.0,45750.0,45750.0,1472
2025-09-11 03:50:00,45750.0,45750.0,45720.0,45720.0,45720.0,750
2025-09-11 03:52:00,45720.0,45730.0,45710.0,45720.0,45720.0,343
2025-09-11 03:54:00,45720.0,45740.0,45710.0,45730.0,45730.0,414
2025-09-11 03:56:00,45730.0,45740.0,45710.0,45710.0,45710.0,153
2025-09-11 03:58:00,45720.0,45740.0,45720.0,45740.0,45740.0,251
2025-09-11 04:00:00,45740.0,45750.0,45730.0,45750.0,45750.0,409
2025-09-11 04:02:00,45740.0,45740.0,45720.0,45730.0,45730.0,30
2025-09-11 04:04:00,45730.0,45740.0,45730.0,45730.0,45730.0,200
2025-09-11 04:06:00,45720.0,45730.0,45710.0,45710.0,45710.0,303
2025-09-11 04:08:00,45700.0,45720.0,45700.0,45720.0,45720.0,338
2025-09-11 04:10:00,45720.0,45720.0,45700.0,45720.0,45720.0,296
2025-09-11 04:12:00,45720.0,45720.0,45690.0,45700.0,45700.0,146
2025-09-11 04:14:00,45700.0,45720.0,45700.0,45720.0,45720.0,1169
2025-09-11 04:16:00,45710.0,45710.0,45700.0,45710.0,45710.0,244
2025-09-11 04:18:00,45690.0,45700.0,45680.0,45680.0,45680.0,71
2025-09-11 04:20:00,45680.0,45680.0,45650.0,45660.0,45660.0,1067
2025-09-11 04:22:00,45650.0,45650.0,45580.0,45590.0,45590.0,2525
2025-09-11 04:24:00,45600.0,45630.0,45580.0,45580.0,45580.0,1416
2025-09-11 04:26:00,45580.0,45580.0,45550.0,45560.0,45560.0,2983
2025-09-11 04:28:00,45550.0,45580.0,45550.0,45570.0,45570.0,205
2025-09-11 04:30:00,45570.0,45590.0,45560.0,45570.0,45570.0,252
2025-09-11 04:32:00,45570.0,45580.0,45560.0,45570.0,45570.0,410
2025-09-11 04:34:00,45560.0,45580.0,45560.0,45570.0,45570.0,508
2025-09-11 04:36:00,45580.0,45580.0,45560.0,45560.0,45560.0,1283
2025-09-11 04:38:00,45580.0,45580.0,45560.0,45570.0,45570.0,64
2025-09-11 04:40:00,45570.0,45570.0,45570.0,45570.0,45570.0,6
2025-09-11 04:42:00,45570.0,45570.0,45550.0,45560.0,45560.0,1845
2025-09-11 04:44:00,45560.0,45570.0,45560.0,45570.0,45570.0,308
2025-09-11 04:46:00,45560.0,45560.0,45560.0,45560.0,45560.0,223
2025-09-11 04:48:00,45570.0,45570.0,45530.0,45530.0,45530.0,265
2025-09-11 04:50:00,45540.0,45540.0,45530.0,45530.0,45530.0,138
2025-09-11 04:52:00,45530.0,45530.0,45450.0,45470.0,45470.0,10493
2025-09-11 04:54:00,45460.0,45500.0,45450.0,45490.0,45490.0,1238
2025-09-11 04:56:00,45490.0,45490.0,45480.0,45480.0,45480.0,1441
2025-09-11 04:58:00,45490.0,45490.0,45470.0,45470.0,45470.0,697
2025-09-11 05:00:00,45470.0,45490.0,45460.0,45480.0,45480.0,252
2025-09-11 05:02:00,45470.0,45480.0,45470.0,45480.0,45480.0,37
2025-09-11 05:04:00,45480.0,45500.0,45470.0,45500.0,45500.0,926
2025-09-11 05:06:00,45500.0,45520.0,45490.0,45490.0,45490.0,1193
2025-09-11 05:08:00,45500.0,45530.0,45500.0,45520.0,45520.0,258
2025-09-11 05:10:00,45510.0,45510.0,45500.0,45510.0,45510.0,85
2025-09-11 05:12:00,45510.0,45560.0,45490.0,45500.0,45500.0,3257
2025-09-11 05:14:00,45490.0,45490.0,45370.0,45390.0,45390.0,20821
2025-09-11 05:16:00,45390.0,45490.0,45360.0,45480.0,45480.0,3424
2025-09-11 05:18:00,45470.0,45490.0,45460.0,45490.0,45490.0,375
2025-09-11 05:20:00,45490.0,45510.0,45470.0,45470.0,45470.0,796
2025-09-11 05:22:00,45460.0,45500.0,45460.0,45500.0,45500.0,245
2025-09-11 05:24:00,45510.0,45530.0,45510.0,45520.0,45520.0,269
2025-09-11 05:26:00,45530.0,45530.0,45520.0,45530.0,45530.0,144
2025-09-11 05:28:00,45510.0,45530.0,45500.0,45520.0,45520.0,48
2025-09-11 05:30:00,45530.0,45540.0,45530.0,45540.0,45540.0,353
2025-09-11 05:32:00,45550.0,45580.0,45540.0,45570.0,45570.0,4979
2025-09-11 05:34:00,45580.0,45620.0,45580.0,45600.0,45600.0,3043
2025-09-11 05:36:00,45600.0,45600.0,45590.0,45600.0,45600.0,519
2025-09-11 05:38:00,45610.0,45630.0,45600.0,45630.0,45630.0,741
2025-09-11 05:40:00,45630.0,45630.0,45620.0,45620.0,45620.0,280
2025-09-11 05:42:00,45630.0,45630.0,45610.0,45630.0,45630.0,72
2025-09-11 05:44:00,45620.0,45630.0,45610.0,45610.0,45610.0,560
2025-09-11 05:46:00,45620.0,45630.0,45590.0,45620.0,45620.0,802
2025-09-11 05:48:00,45620.0,45620.0,45600.0,45600.0,45600.0,173
2025-09-11 05:50:00,45600.0,45610.0,45570.0,45570.0,45570.0,713
2025-09-11 05:52:00,45580.0,45580.0,45570.0,45580.0,45580.0,45
2025-09-11 05:54:00,45570.0,45600.0,45570.0,45600.0,45600.0,321
2025-09-11 05:56:00,45600.0,45640.0,45600.0,45640.0,45640.0,338
2025-09-11 05:58:00,45630.0,45660.0,45630.0,45660.0,45660.0,520
2025-09-11 06:00:00,45660.0,45670.0,45660.0,45670.0,45670.0,301
2025-09-11 06:02:00,45670.0,45700.0,45670.0,45700.0,45700.0,1567
2025-09-11 06:04:00,45700.0,45730.0,45700.0,45730.0,45730.0,1983
2025-09-11 06:06:00,45740.0,45740.0,45700.0,45710.0,45710.0,487
2025-09-11 06:08:00,45710.0,45710.0,45700.0,45710.0,45710.0,407
2025-09-11 06:10:00,45710.0,45730.0,45710.0,45720.0,45720.0,1575
2025-09-11 06:12:00,45720.0,45750.0,45720.0,45750.0,45750.0,3037
2025-09-11 06:14:00,45730.0,45730.0,45710.0,45720.0,45720.0,742
2025-09-11 06:16:00,45730.0,45730.0,45710.0,45720.0,45720.0,1336
2025-09-11 06:18:00,45720.0,45740.0,45720.0,45730.0,45730.0,711
2025-09-11 06:20:00,45720.0,45750.0,45720.0,45730.0,45730.0,1202
2025-09-11 06:22:00,45740.0,45740.0,45730.0,45740.0,45740.0,1489
2025-09-11 06:24:00,45740.0,45750.0,45730.0,45740.0,45740.0,739
2025-09-12 00:04:00,45740.0,46200.0,45740.0,46180.0,46180.0,40664
2025-09-12 00:06:00,46170.0,46170.0,46080.0,46080.0,46080.0,4304
2025-09-12 00:08:00,46070.0,46110.0,46050.0,46090.0,46090.0,2344
2025-09-12 00:10:00,46090.0,46100.0,46060.0,46080.0,46080.0,3091
2025-09-12 00:12:00,46080.0,46080.0,45990.0,46020.0,46020.0,5149
2025-09-12 00:14:00,46020.0,46020.0,45990.0,45990.0,45990.0,2385
2025-09-12 00:16:00,45990.0,46050.0,45990.0,46050.0,46050.0,753
2025-09-12 00:18:00,46060.0,46070.0,46030.0,46060.0,46060.0,1005
2025-09-12 00:20:00,46060.0,46080.0,46030.0,46050.0,46050.0,1107
2025-09-12 00:22:00,46030.0,46090.0,46030.0,46080.0,46080.0,774
2025-09-12 00:24:00,46080.0,46140.0,46070.0,46140.0,46140.0,1206
2025-09-12 00:26:00,46140.0,46160.0,46080.0,46080.0,46080.0,1220
2025-09-12 00:28:00,46080.0,46090.0,46040.0,46090.0,46090.0,1109
2025-09-12 00:30:00,46090.0,46120.0,46070.0,46110.0,46110.0,1323
2025-09-12 00:32:00,46090.0,46120.0,46080.0,46120.0,46120.0,828
2025-09-12 00:34:00,46120.0,46190.0,46120.0,46180.0,46180.0,3395
2025-09-12 00:36:00,46180.0,46180.0,46140.0,46140.0,46140.0,13590
2025-09-12 00:38:00,46130.0,46130.0,46060.0,46120.0,46120.0,5179
2025-09-12 00:40:00,46110.0,46120.0,46080.0,46080.0,46080.0,1446
2025-09-12 00:42:00,46080.0,46080.0,46040.0,46040.0,46040.0,1567
2025-09-12 00:44:00,46050.0,46060.0,46010.0,46030.0,46030.0,2243
2025-09-12 00:46:00,46040.0,46050.0,46000.0,46000.0,46000.0,792
2025-09-12 00:48:00,46000.0,46010.0,46000.0,46010.0,46010.0,6016
2025-09-12 00:50:00,46000.0,46010.0,46000.0,46010.0,46010.0,114
2025-09-12 00:52:00,46020.0,46040.0,46010.0,46010.0,46010.0,689
2025-09-12 00:54:00,46010.0,46030.0,46000.0,46020.0,46020.0,658
2025-09-12 00:56:00,46020.0,46050.0,46020.0,46030.0,46030.0,329
2025-09-12 00:58:00,46020.0,46020.0,45990.0,45990.0,45990.0,107
2025-09-12 01:00:00,45990.0,45990.0,45940.0,45950.0,45950.0,2684
2025-09-12 01:02:00,45940.0,45980.0,45930.0,45960.0,45960.0,321
2025-09-12 01:04:00,45970.0,46010.0,45970.0,46010.0,46010.0,1147
2025-09-12 01:06:00,46010.0,46020.0,45980.0,46020.0,46020.0,95
2025-09-12 01:08:00,46030.0,46040.0,46010.0,46020.0,46020.0,656
2025-09-12 01:10:00,46010.0,46030.0,46000.0,46000.0,46000.0,476
2025-09-12 01:12:00,46000.0,46010.0,46000.0,46010.0,46010.0,768
2025-09-12 01:14:00,46010.0,46010.0,45990.0,45990.0,45990.0,272
2025-09-12 01:16:00,46000.0,46000.0,45970.0,45990.0,45990.0,335
2025-09-12 01:18:00,45980.0,45990.0,45980.0,45990.0,45990.0,1051
2025-09-12 01:20:00,46000.0,46000.0,45970.0,45980.0,45980.0,433
2025-09-12 01:22:00,45980.0,45990.0,45980.0,45990.0,45990.0,19
2025-09-12 01:24:00,45980.0,45990.0,45970.0,45970.0,45970.0,513
2025-09-12 01:26:00,45980.0,46000.0,45980.0,45980.0,45980.0,346
2025-09-12 01:28:00,45970.0,45990.0,45970.0,45980.0,45980.0,173
2025-09-12 01:30:00,45990.0,46000.0,45970.0,45970.0,45970.0,152
2025-09-12 01:32:00,45980.0,45980.0,45930.0,45950.0,45950.0,671
2025-09-12 01:34:00,45950.0,46000.0,45940.0,45990.0,45990.0,425
2025-09-12 01:36:00,46000.0,46000.0,45980.0,45990.0,45990.0,462
2025-09-12 01:38:00,45990.0,46020.0,45990.0,46020.0,46020.0,1605
2025-09-12 01:40:00,46010.0,46020.0,46010.0,46020.0,46020.0,155
2025-09-12 01:42:00,46020.0,46040.0,46010.0,46040.0,46040.0,595
2025-09-12 01:44:00,46040.0,46040.0,46000.0,46030.0,46030.0,215
2025-09-12 01:46:00,46030.0,46040.0,46030.0,46040.0,46040.0,4
2025-09-12 01:48:00,46050.0,46050.0,46040.0,46050.0,46050.0,142
2025-09-12 01:50:00,46040.0,46050.0,46040.0,46050.0,46050.0,55
2025-09-12 01:52:00,46050.0,46050.0,46050.0,46050.0,46050.0,10
2025-09-12 01:54:00,46030.0,46030.0,46010.0,46010.0,46010.0,14
2025-09-12 01:56:00,46020.0,46030.0,46020.0,46030.0,46030.0,361
2025-09-12 01:58:00,46030.0,46030.0,46020.0,46030.0,46030.0,202
2025-09-12 02:00:00,46030.0,46030.0,46020.0,46020.0,46020.0,65
2025-09-12 02:02:00,46010.0,46020.0,45990.0,45990.0,45990.0,331
2025-09-12 02:04:00,46000.0,46000.0,46000.0,46000.0,46000.0,132
2025-09-12 02:06:00,45990.0,45990.0,45960.0,45990.0,45990.0,563
2025-09-12 02:08:00,46000.0,46010.0,46000.0,46000.0,46000.0,130
2025-09-12 02:10:00,46010.0,46010.0,46000.0,46000.0,46000.0,40
2025-09-12 02:12:00,46010.0,46040.0,46010.0,46040.0,46040.0,295
2025-09-12 02:14:00,46040.0,46040.0,46040.0,46040.0,46040.0,20
2025-09-12 02:16:00,46040.0,46040.0,46020.0,46030.0,46030.0,94
2025-09-12 02:18:00,46040.0,46060.0,46030.0,46060.0,46060.0,1967
2025-09-12 02:20:00,46060.0,46080.0,46060.0,46080.0,46080.0,423
2025-09-12 02:22:00,46090.0,46100.0,46090.0,46100.0,46100.0,438
2025-09-12 02:24:00,46100.0,46110.0,46100.0,46110.0,46110.0,354
2025-09-12 02:26:00,46100.0,46110.0,46080.0,46090.0,46090.0,1392
2025-09-12 02:28:00,46090.0,46090.0,46080.0,46080.0,46080.0,437
2025-09-12 02:30:00,46090.0,46090.0,46090.0,46090.0,46090.0,764
2025-09-12 03:30:00,46110.0,46160.0,46110.0,46160.0,46160.0,4943
2025-09-12 03:32:00,46150.0,46150.0,46140.0,46140.0,46140.0,1243
2025-09-12 03:34:00,46140.0,46140.0,46120.0,46120.0,46120.0,496
2025-09-12 03:36:00,46110.0,46130.0,46100.0,46100.0,46100.0,1157
2025-09-12 03:38:00,46120.0,46120.0,46090.0,46090.0,46090.0,3451
2025-09-12 03:40:00,46080.0,46120.0,46080.0,46120.0,46120.0,532
2025-09-12 03:42:00,46120.0,46130.0,46110.0,46120.0,46120.0,40
2025-09-12 03:44:00,46120.0,46120.0,46110.0,46110.0,46110.0,2993
2025-09-12 03:46:00,46120.0,46120.0,46110.0,46110.0,46110.0,240
2025-09-12 03:48:00,46100.0,46100.0,46080.0,46080.0,46080.0,277
2025-09-12 03:50:00,46080.0,46100.0,46080.0,46090.0,46090.0,205
2025-09-12 03:52:00,46090.0,46090.0,46080.0,46090.0,46090.0,13
2025-09-12 03:54:00,46090.0,46090.0,46090.0,46090.0,46090.0,9
2025-09-12 03:56:00,46090.0,46120.0,46090.0,46120.0,46120.0,743
2025-09-12 03:58:00,46130.0,46140.0,46120.0,46140.0,46140.0,397
2025-09-12 04:00:00,46140.0,46180.0,46140.0,46180.0,46180.0,3057
2025-09-12 04:02:00,46180.0,46180.0,46170.0,46180.0,46180.0,123
2025-09-12 04:04:00,46170.0,46180.0,46160.0,46170.0,46170.0,888
2025-09-12 04:06:00,46160.0,46170.0,46160.0,46170.0,46170.0,331
2025-09-12 04:08:00,46170.0,46200.0,46170.0,46200.0,46200.0,528
2025-09-12 04:10:00,46190.0,46190.0,46170.0,46170.0,46170.0,100
2025-09-12 04:12:00,46180.0,46190.0,46180.0,46190.0,46190.0,99
2025-09-12 04:14:00,46200.0,46200.0,46190.0,46200.0,46200.0,572
2025-09-12 04:16:00,46200.0,46200.0,46200.0,46200.0,46200.0,185
2025-09-12 04:18:00,46200.0,46210.0,46190.0,46210.0,46210.0,2027
2025-09-12 04:20:00,46210.0,46250.0,46200.0,46230.0,46230.0,4300
2025-09-12 04:22:00,46230.0,46230.0,46200.0,46230.0,46230.0,3650
2025-09-12 04:24:00,46220.0,46240.0,46210.0,46210.0,46210.0,2622
2025-09-12 04:26:00,46210.0,46220.0,46200.0,46210.0,46210.0,1168
2025-09-12 04:28:00,46210.0,46230.0,46200.0,46230.0,46230.0,3103
2025-09-12 04:30:00,46230.0,46240.0,46230.0,46230.0,46230.0,79
2025-09-12 04:32:00,46230.0,46240.0,46220.0,46220.0,46220.0,2146
2025-09-12 04:34:00,46220.0,46220.0,46190.0,46200.0,46200.0,957
2025-09-12 04:36:00,46200.0,46200.0,46180.0,46190.0,46190.0,329
2025-09-12 04:38:00,46190.0,46190.0,46160.0,46190.0,46190.0,384
2025-09-12 04:40:00,46180.0,46230.0,46180.0,46230.0,46230.0,1941
2025-09-12 04:42:00,46230.0,46240.0,46230.0,46240.0,46240.0,2959
2025-09-12 04:44:00,46240.0,46240.0,46220.0,46220.0,46220.0,1823
2025-09-12 04:46:00,46220.0,46230.0,46220.0,46220.0,46220.0,2017
2025-09-12 04:48:00,46220.0,46220.0,46210.0,46210.0,46210.0,44
2025-09-12 04:50:00,46200.0,46210.0,46200.0,46200.0,46200.0,1100
2025-09-12 04:52:00,46200.0,46210.0,46190.0,46210.0,46210.0,89
2025-09-12 04:54:00,46210.0,46210.0,46200.0,46210.0,46210.0,247
2025-09-12 04:56:00,46210.0,46210.0,46160.0,46160.0,46160.0,1067
2025-09-12 04:58:00,46160.0,46180.0,46150.0,46150.0,46150.0,555
2025-09-12 05:00:00,46170.0,46180.0,46160.0,46170.0,46170.0,249
2025-09-12 05:02:00,46180.0,46180.0,46170.0,46180.0,46180.0,1068
2025-09-12 05:04:00,46180.0,46190.0,46180.0,46190.0,46190.0,384
2025-09-12 05:06:00,46190.0,46190.0,46170.0,46170.0,46170.0,165
2025-09-12 05:08:00,46170.0,46180.0,46160.0,46180.0,46180.0,761
2025-09-12 05:10:00,46180.0,46180.0,46150.0,46160.0,46160.0,1122
2025-09-12 05:12:00,46170.0,46170.0,46160.0,46160.0,46160.0,153
2025-09-12 05:14:00,46170.0,46170.0,46150.0,46150.0,46150.0,296
2025-09-12 05:16:00,46150.0,46180.0,46150.0,46180.0,46180.0,293
2025-09-12 05:18:00,46170.0,46190.0,46170.0,46190.0,46190.0,4239
2025-09-12 05:20:00,46180.0,46200.0,46180.0,46200.0,46200.0,102
2025-09-12 05:22:00,46190.0,46210.0,46190.0,46210.0,46210.0,2413
2025-09-12 05:24:00,46210.0,46210.0,46210.0,46210.0,46210.0,3230
2025-09-12 05:26:00,46200.0,46200.0,46200.0,46200.0,46200.0,188
2025-09-12 05:28:00,46200.0,46220.0,46200.0,46220.0,46220.0,531
2025-09-12 05:30:00,46220.0,46230.0,46220.0,46220.0,46220.0,469
2025-09-12 05:32:00,46220.0,46230.0,46220.0,46220.0,46220.0,2548
2025-09-12 05:34:00,46230.0,46230.0,46220.0,46220.0,46220.0,2183
2025-09-12 05:36:00,46220.0,46220.0,46200.0,46220.0,46220.0,163
2025-09-12 05:38:00,46210.0,46220.0,46210.0,46210.0,46210.0,121
2025-09-12 05:40:00,46200.0,46220.0,46170.0,46170.0,46170.0,528
2025-09-12 05:42:00,46180.0,46180.0,46170.0,46170.0,46170.0,1360
2025-09-12 05:44:00,46160.0,46170.0,46150.0,46170.0,46170.0,224
2025-09-12 05:46:00,46180.0,46180.0,46170.0,46180.0,46180.0,384
2025-09-12 05:48:00,46180.0,46200.0,46180.0,46200.0,46200.0,608
2025-09-12 05:50:00,46210.0,46210.0,46190.0,46190.0,46190.0,241
2025-09-12 05:52:00,46200.0,46200.0,46150.0,46160.0,46160.0,579
2025-09-12 05:54:00,46160.0,46180.0,46160.0,46180.0,46180.0,444
2025-09-12 05:56:00,46170.0,46190.0,46170.0,46170.0,46170.0,335
2025-09-12 05:58:00,46170.0,46200.0,46170.0,46190.0,46190.0,535
2025-09-12 06:00:00,46200.0,46200.0,46170.0,46170.0,46170.0,782
2025-09-12 06:02:00,46170.0,46190.0,46160.0,46190.0,46190.0,1411
2025-09-12 06:04:00,46190.0,46200.0,46180.0,46190.0,46190.0,237
2025-09-12 06:06:00,46190.0,46190.0,46160.0,46170.0,46170.0,34
2025-09-12 06:08:00,46160.0,46170.0,46160.0,46160.0,46160.0,183
2025-09-12 06:10:00,46160.0,46170.0,46150.0,46150.0,46150.0,450
2025-09-12 06:12:00,46150.0,46160.0,46140.0,46140.0,46140.0,559
2025-09-12 06:14:00,46140.0,46150.0,46130.0,46150.0,46150.0,791
2025-09-12 06:16:00,46140.0,46170.0,46140.0,46170.0,46170.0,1861
2025-09-12 06:18:00,46170.0,46200.0,46170.0,46180.0,46180.0,805
2025-09-12 06:20:00,46190.0,46200.0,46150.0,46160.0,46160.0,1511
2025-09-12 06:22:00,46160.0,46160.0,46130.0,46130.0,46130.0,2440
2025-09-12 06:24:00,46130.0,46140.0,46120.0,46120.0,46120.0,135
2025-09-16 00:44:00,46070.0,46090.0,46070.0,46090.0,46090.0,0
2025-09-16 00:46:00,46090.0,46130.0,46090.0,46130.0,46130.0,1565
2025-09-16 00:48:00,46110.0,46110.0,46080.0,46090.0,46090.0,545
2025-09-16 00:50:00,46100.0,46100.0,46050.0,46070.0,46070.0,710
2025-09-16 00:52:00,46070.0,46070.0,46060.0,46060.0,46060.0,830
2025-09-16 00:54:00,46060.0,46080.0,46040.0,46080.0,46080.0,1567
2025-09-16 00:56:00,46080.0,46080.0,46060.0,46070.0,46070.0,165
2025-09-16 00:58:00,46070.0,46090.0,46050.0,46050.0,46050.0,434
2025-09-16 01:00:00,46040.0,46040.0,46000.0,46020.0,46020.0,2659
2025-09-16 01:02:00,46030.0,46040.0,46020.0,46040.0,46040.0,578
2025-09-16 01:04:00,46050.0,46130.0,46050.0,46120.0,46120.0,1801
2025-09-16 01:06:00,46120.0,46130.0,46120.0,46130.0,46130.0,244
2025-09-16 01:40:00,46310.0,46310.0,46270.0,46280.0,46280.0,20156
2025-09-16 01:42:00,46290.0,46300.0,46280.0,46300.0,46300.0,452
2025-09-16 01:44:00,46300.0,46300.0,46270.0,46270.0,46270.0,465
2025-09-16 01:46:00,46270.0,46270.0,46220.0,46220.0,46220.0,5383
2025-09-16 01:48:00,46250.0,46290.0,46250.0,46280.0,46280.0,1775
2025-09-16 01:50:00,46290.0,46320.0,46280.0,46320.0,46320.0,2453
2025-09-16 01:52:00,46310.0,46310.0,46260.0,46260.0,46260.0,663
2025-09-16 01:54:00,46270.0,46330.0,46270.0,46330.0,46330.0,2080
2025-09-16 01:56:00,46320.0,46330.0,46320.0,46320.0,46320.0,522
2025-09-16 01:58:00,46320.0,46330.0,46310.0,46310.0,46310.0,11690
2025-09-16 02:00:00,46310.0,46340.0,46300.0,46310.0,46310.0,3619
2025-09-16 02:02:00,46320.0,46350.0,46320.0,46330.0,46330.0,2933
2025-09-16 02:04:00,46330.0,46340.0,46330.0,46340.0,46340.0,624
2025-09-16 02:06:00,46320.0,46340.0,46320.0,46330.0,46330.0,664
2025-09-16 02:08:00,46340.0,46350.0,46340.0,46340.0,46340.0,2636
2025-09-16 02:10:00,46330.0,46360.0,46330.0,46360.0,46360.0,2021
2025-09-16 02:12:00,46360.0,46360.0,46350.0,46350.0,46350.0,1944
2025-09-16 02:14:00,46350.0,46360.0,46340.0,46360.0,46360.0,5890
2025-09-16 02:16:00,46360.0,46360.0,46340.0,46340.0,46340.0,3562
2025-09-16 02:18:00,46330.0,46340.0,46310.0,46310.0,46310.0,2237
2025-09-16 02:20:00,46310.0,46320.0,46300.0,46300.0,46300.0,3620
2025-09-16 02:22:00,46310.0,46320.0,46290.0,46310.0,46310.0,2104
2025-09-16 02:24:00,46290.0,46300.0,46280.0,46280.0,46280.0,2335
2025-09-16 02:26:00,46290.0,46320.0,46290.0,46320.0,46320.0,2006
2025-09-16 02:28:00,46300.0,46310.0,46290.0,46300.0,46300.0,1975
2025-09-16 02:30:00,46290.0,46290.0,46290.0,46290.0,46290.0,909
2025-09-16 03:30:00,46430.0,46460.0,46420.0,46440.0,46440.0,8622
2025-09-16 03:32:00,46440.0,46440.0,46400.0,46420.0,46420.0,1605
2025-09-16 03:34:00,46420.0,46430.0,46410.0,46410.0,46410.0,934
2025-09-16 03:36:00,46410.0,46450.0,46410.0,46450.0,46450.0,2989
2025-09-16 03:38:00,46430.0,46430.0,46400.0,46400.0,46400.0,1250
2025-09-16 03:40:00,46400.0,46420.0,46390.0,46410.0,46410.0,1381
2025-09-16 03:42:00,46400.0,46410.0,46400.0,46400.0,46400.0,693
2025-09-16 03:44:00,46400.0,46400.0,46360.0,46360.0,46360.0,1145
2025-09-16 03:46:00,46370.0,46390.0,46360.0,46370.0,46370.0,659
2025-09-16 03:48:00,46370.0,46370.0,46320.0,46320.0,46320.0,950
2025-09-16 03:50:00,46300.0,46310.0,46270.0,46280.0,46280.0,1179
2025-09-16 03:52:00,46280.0,46310.0,46280.0,46310.0,46310.0,646
2025-09-16 03:54:00,46320.0,46320.0,46300.0,46300.0,46300.0,68
2025-09-16 03:56:00,46290.0,46290.0,46260.0,46290.0,46290.0,1782
2025-09-16 03:58:00,46280.0,46290.0,46280.0,46290.0,46290.0,248
2025-09-16 04:00:00,46290.0,46310.0,46290.0,46310.0,46310.0,460
2025-09-16 04:02:00,46290.0,46300.0,46270.0,46280.0,46280.0,303
2025-09-16 04:04:00,46280.0,46290.0,46260.0,46270.0,46270.0,668
2025-09-16 04:06:00,46280.0,46300.0,46270.0,46300.0,46300.0,10982
2025-09-16 04:08:00,46300.0,46320.0,46300.0,46300.0,46300.0,739
2025-09-16 04:10:00,46300.0,46310.0,46300.0,46300.0,46300.0,909
2025-09-16 04:12:00,46300.0,46310.0,46290.0,46300.0,46300.0,2346
2025-09-16 04:14:00,46280.0,46300.0,46280.0,46300.0,46300.0,1283
2025-09-16 04:16:00,46290.0,46310.0,46290.0,46290.0,46290.0,2548
2025-09-16 04:18:00,46290.0,46330.0,46280.0,46330.0,46330.0,2484
2025-09-16 04:20:00,46340.0,46370.0,46330.0,46370.0,46370.0,1831
2025-09-16 04:22:00,46370.0,46400.0,46370.0,46400.0,46400.0,2042
2025-09-16 04:24:00,46390.0,46400.0,46380.0,46400.0,46400.0,1001
2025-09-16 04:26:00,46390.0,46390.0,46360.0,46360.0,46360.0,935
2025-09-16 04:28:00,46370.0,46390.0,46370.0,46390.0,46390.0,2840
2025-09-16 04:30:00,46370.0,46380.0,46360.0,46370.0,46370.0,904
2025-09-16 04:32:00,46370.0,46370.0,46350.0,46350.0,46350.0,1017
2025-09-16 04:34:00,46350.0,46400.0,46350.0,46390.0,46390.0,1881
2025-09-16 04:36:00,46380.0,46400.0,46380.0,46380.0,46380.0,1171
2025-09-16 04:38:00,46380.0,46390.0,46370.0,46390.0,46390.0,1262
2025-09-16 04:40:00,46390.0,46390.0,46380.0,46390.0,46390.0,1088
2025-09-16 04:42:00,46390.0,46400.0,46390.0,46400.0,46400.0,1285
2025-09-16 04:44:00,46400.0,46400.0,46380.0,46380.0,46380.0,1132
2025-09-16 04:46:00,46390.0,46400.0,46380.0,46400.0,46400.0,1726
2025-09-16 04:54:00,46420.0,46420.0,46420.0,46420.0,46420.0,5550
2025-09-16 04:56:00,46410.0,46420.0,46410.0,46410.0,46410.0,1059
2025-09-16 04:58:00,46410.0,46420.0,46410.0,46410.0,46410.0,196
2025-09-16 05:16:00,46420.0,46420.0,46400.0,46400.0,46400.0,5661
2025-09-16 05:18:00,46400.0,46410.0,46390.0,46390.0,46390.0,188
2025-09-16 05:20:00,46390.0,46400.0,46380.0,46390.0,46390.0,579
2025-09-16 05:22:00,46380.0,46400.0,46380.0,46400.0,46400.0,768
2025-09-16 05:24:00,46400.0,46400.0,46380.0,46390.0,46390.0,537
2025-09-16 05:26:00,46380.0,46400.0,46380.0,46400.0,46400.0,1299
2025-09-16 05:28:00,46400.0,46400.0,46400.0,46400.0,46400.0,200
2025-09-16 05:30:00,46380.0,46390.0,46370.0,46390.0,46390.0,665
2025-09-16 05:32:00,46380.0,46380.0,46370.0,46370.0,46370.0,264
2025-09-16 05:34:00,46360.0,46370.0,46350.0,46360.0,46360.0,805
2025-09-16 05:36:00,46370.0,46370.0,46360.0,46370.0,46370.0,577
2025-09-16 05:38:00,46360.0,46380.0,46360.0,46370.0,46370.0,463
2025-09-16 05:40:00,46370.0,46380.0,46350.0,46360.0,46360.0,354
2025-09-16 05:42:00,46370.0,46370.0,46360.0,46360.0,46360.0,456
2025-09-16 05:44:00,46360.0,46370.0,46360.0,46360.0,46360.0,537
2025-09-16 05:46:00,46360.0,46370.0,46350.0,46360.0,46360.0,997
2025-09-16 05:50:00,46360.0,46380.0,46360.0,46380.0,46380.0,2640
2025-09-16 05:52:00,46380.0,46390.0,46380.0,46390.0,46390.0,794
2025-09-16 05:54:00,46390.0,46390.0,46360.0,46360.0,46360.0,238
2025-09-16 05:56:00,46360.0,46380.0,46360.0,46380.0,46380.0,2488
2025-09-16 05:58:00,46390.0,46390.0,46380.0,46380.0,46380.0,506
2025-09-16 06:00:00,46390.0,46410.0,46390.0,46400.0,46400.0,779
2025-09-16 06:02:00,46360.0,46400.0,46360.0,46390.0,46390.0,2797
2025-09-16 06:04:00,46360.0,46370.0,46350.0,46350.0,46350.0,383
2025-09-16 06:08:00,46340.0,46340.0,46320.0,46320.0,46320.0,908
2025-09-16 06:10:00,46320.0,46320.0,46280.0,46290.0,46290.0,1813
2025-09-16 06:12:00,46280.0,46290.0,46270.0,46270.0,46270.0,301010
2025-09-16 06:14:00,46280.0,46280.0,46260.0,46270.0,46270.0,837
2025-09-16 06:16:00,46270.0,46270.0,46240.0,46240.0,46240.0,866
2025-09-16 06:18:00,46240.0,46260.0,46240.0,46260.0,46260.0,1822
2025-09-16 06:20:00,46260.0,46280.0,46250.0,46270.0,46270.0,1280
2025-09-16 06:22:00,46260.0,46270.0,46250.0,46270.0,46270.0,3285
2025-09-16 06:24:00,46280.0,46280.0,46250.0,46260.0,46260.0,323
2025-09-17 00:04:00,46150.0,46210.0,46150.0,46170.0,46170.0,12405
2025-09-17 00:06:00,46160.0,46200.0,46120.0,46120.0,46120.0,3086
2025-09-17 00:08:00,46120.0,46140.0,46090.0,46140.0,46140.0,3981
2025-09-17 00:10:00,46130.0,46140.0,46110.0,46110.0,46110.0,1395
2025-09-17 00:12:00,46100.0,46100.0,46030.0,46050.0,46050.0,2066
2025-09-17 00:14:00,46040.0,46090.0,46020.0,46020.0,46020.0,1152
2025-09-17 00:16:00,46020.0,46050.0,45990.0,46000.0,46000.0,5454
2025-09-17 00:18:00,46000.0,46010.0,45980.0,46000.0,46000.0,1716
2025-09-17 00:20:00,46030.0,46050.0,46020.0,46030.0,46030.0,982
2025-09-17 00:22:00,46020.0,46040.0,46020.0,46030.0,46030.0,553
2025-09-17 00:24:00,46030.0,46040.0,46010.0,46010.0,46010.0,449
2025-09-17 00:26:00,46020.0,46060.0,46010.0,46050.0,46050.0,624
2025-09-17 00:28:00,46040.0,46040.0,46010.0,46020.0,46020.0,801
2025-09-17 00:30:00,46020.0,46030.0,46000.0,46000.0,46000.0,374
2025-09-17 00:32:00,46000.0,46050.0,46000.0,46050.0,46050.0,690
2025-09-17 00:34:00,46040.0,46040.0,46010.0,46010.0,46010.0,742
2025-09-17 00:36:00,46020.0,46030.0,46000.0,46000.0,46000.0,500
2025-09-17 00:38:00,46000.0,46010.0,45990.0,46010.0,46010.0,178
2025-09-17 00:40:00,46020.0,46030.0,46010.0,46020.0,46020.0,347
2025-09-17 00:42:00,46010.0,46050.0,46010.0,46040.0,46040.0,256
2025-09-17 00:44:00,46030.0,46090.0,46030.0,46090.0,46090.0,2663
2025-09-17 00:46:00,46080.0,46090.0,46080.0,46080.0,46080.0,2287
2025-09-17 00:48:00,46090.0,46130.0,46090.0,46130.0,46130.0,665
2025-09-17 00:50:00,46130.0,46140.0,46110.0,46110.0,46110.0,3027
2025-09-17 00:52:00,46110.0,46150.0,46100.0,46150.0,46150.0,569
2025-09-17 00:54:00,46140.0,46170.0,46140.0,46140.0,46140.0,2553
2025-09-17 00:56:00,46150.0,46190.0,46150.0,46160.0,46160.0,1966
2025-09-17 00:58:00,46150.0,46170.0,46150.0,46160.0,46160.0,1067
2025-09-17 01:00:00,46170.0,46250.0,46170.0,46240.0,46240.0,3914
2025-09-17 01:02:00,46240.0,46250.0,46220.0,46230.0,46230.0,158
2025-09-17 01:04:00,46220.0,46240.0,46220.0,46220.0,46220.0,486
2025-09-17 01:06:00,46230.0,46250.0,46230.0,46240.0,46240.0,140
2025-09-17 01:08:00,46230.0,46230.0,46220.0,46220.0,46220.0,1147
2025-09-17 01:10:00,46210.0,46220.0,46190.0,46220.0,46220.0,570
2025-09-17 01:12:00,46220.0,46240.0,46220.0,46240.0,46240.0,1385
2025-09-17 01:14:00,46230.0,46230.0,46200.0,46210.0,46210.0,610
2025-09-17 01:16:00,46210.0,46230.0,46210.0,46230.0,46230.0,274
2025-09-17 01:18:00,46240.0,46270.0,46240.0,46270.0,46270.0,965
2025-09-17 01:20:00,46280.0,46280.0,46260.0,46280.0,46280.0,520
2025-09-17 01:22:00,46290.0,46310.0,46290.0,46300.0,46300.0,597
2025-09-17 01:24:00,46310.0,46330.0,46300.0,46330.0,46330.0,300
2025-09-17 01:26:00,46340.0,46350.0,46320.0,46340.0,46340.0,1591
2025-09-17 01:28:00,46350.0,46350.0,46340.0,46340.0,46340.0,732
2025-09-17 01:30:00,46330.0,46330.0,46310.0,46310.0,46310.0,559
2025-09-17 01:32:00,46310.0,46320.0,46310.0,46310.0,46310.0,1223
2025-09-17 01:34:00,46320.0,46340.0,46320.0,46340.0,46340.0,456
2025-09-17 01:36:00,46350.0,46360.0,46350.0,46350.0,46350.0,1525
2025-09-17 01:38:00,46340.0,46370.0,46340.0,46350.0,46350.0,259
2025-09-17 01:40:00,46360.0,46380.0,46360.0,46360.0,46360.0,97
2025-09-17 01:42:00,46360.0,46370.0,46340.0,46350.0,46350.0,414
2025-09-17 01:44:00,46370.0,46370.0,46370.0,46370.0,46370.0,221
2025-09-17 01:46:00,46370.0,46370.0,46370.0,46370.0,46370.0,59
2025-09-17 01:48:00,46380.0,46410.0,46380.0,46410.0,46410.0,1941
2025-09-17 01:50:00,46420.0,46430.0,46400.0,46410.0,46410.0,389
2025-09-17 01:52:00,46410.0,46410.0,46400.0,46410.0,46410.0,1391
2025-09-17 01:54:00,46410.0,46410.0,46390.0,46390.0,46390.0,416
2025-09-17 01:56:00,46390.0,46390.0,46360.0,46380.0,46380.0,2277
2025-09-17 01:58:00,46380.0,46380.0,46360.0,46360.0,46360.0,280
2025-09-17 02:00:00,46360.0,46370.0,46360.0,46370.0,46370.0,381
2025-09-17 02:02:00,46380.0,46390.0,46380.0,46380.0,46380.0,337
2025-09-17 02:04:00,46390.0,46390.0,46370.0,46370.0,46370.0,264
2025-09-17 02:06:00,46350.0,46380.0,46350.0,46370.0,46370.0,267
2025-09-17 02:08:00,46360.0,46380.0,46360.0,46380.0,46380.0,427
2025-09-17 02:10:00,46380.0,46380.0,46380.0,46380.0,46380.0,483
2025-09-17 02:12:00,46390.0,46400.0,46380.0,46400.0,46400.0,1667
2025-09-17 02:14:00,46400.0,46420.0,46400.0,46410.0,46410.0,366
2025-09-17 02:16:00,46410.0,46410.0,46380.0,46380.0,46380.0,733
2025-09-17 02:18:00,46370.0,46380.0,46360.0,46360.0,46360.0,259
2025-09-17 02:20:00,46360.0,46370.0,46350.0,46350.0,46350.0,375
2025-09-17 02:22:00,46340.0,46360.0,46340.0,46360.0,46360.0,316
2025-09-17 02:24:00,46370.0,46380.0,46370.0,46370.0,46370.0,170
2025-09-17 02:26:00,46370.0,46390.0,46370.0,46390.0,46390.0,541
2025-09-17 02:28:00,46390.0,46390.0,46380.0,46380.0,46380.0,337
2025-09-17 02:30:00,46400.0,46400.0,46400.0,46400.0,46400.0,1261
2025-09-17 03:30:00,46330.0,46330.0,46290.0,46320.0,46320.0,1604
2025-09-17 03:32:00,46330.0,46380.0,46330.0,46370.0,46370.0,530
2025-09-17 03:34:00,46360.0,46380.0,46350.0,46380.0,46380.0,243
2025-09-17 03:36:00,46370.0,46380.0,46360.0,46380.0,46380.0,158
2025-09-17 03:38:00,46380.0,46390.0,46370.0,46370.0,46370.0,2400
2025-09-17 03:40:00,46370.0,46390.0,46370.0,46390.0,46390.0,308
2025-09-17 03:42:00,46370.0,46390.0,46370.0,46390.0,46390.0,52
2025-09-17 03:44:00,46370.0,46390.0,46350.0,46390.0,46390.0,1831
2025-09-17 03:46:00,46370.0,46380.0,46370.0,46370.0,46370.0,153
2025-09-17 03:48:00,46370.0,46370.0,46350.0,46350.0,46350.0,171
2025-09-17 03:50:00,46360.0,46360.0,46360.0,46360.0,46360.0,502
2025-09-17 03:52:00,46360.0,46360.0,46350.0,46360.0,46360.0,353
2025-09-17 03:54:00,46360.0,46380.0,46360.0,46380.0,46380.0,441
2025-09-17 03:56:00,46380.0,46400.0,46380.0,46390.0,46390.0,699
2025-09-17 03:58:00,46400.0,46400.0,46390.0,46390.0,46390.0,97
2025-09-17 04:00:00,46390.0,46390.0,46340.0,46340.0,46340.0,251
2025-09-17 04:02:00,46340.0,46340.0,46330.0,46340.0,46340.0,1292
2025-09-17 04:04:00,46330.0,46330.0,46310.0,46310.0,46310.0,636
2025-09-17 04:06:00,46310.0,46320.0,46290.0,46300.0,46300.0,148
2025-09-17 04:08:00,46320.0,46320.0,46300.0,46300.0,46300.0,476
2025-09-17 04:10:00,46300.0,46320.0,46280.0,46280.0,46280.0,160
2025-09-17 04:12:00,46280.0,46280.0,46240.0,46250.0,46250.0,488
2025-09-17 04:14:00,46260.0,46260.0,46220.0,46220.0,46220.0,347
2025-09-17 04:16:00,46220.0,46230.0,46210.0,46230.0,46230.0,117
2025-09-17 04:18:00,46230.0,46260.0,46230.0,46250.0,46250.0,361
2025-09-17 04:20:00,46260.0,46280.0,46260.0,46270.0,46270.0,505
2025-09-17 04:22:00,46260.0,46260.0,46240.0,46240.0,46240.0,151
2025-09-17 04:24:00,46240.0,46240.0,46220.0,46220.0,46220.0,854
2025-09-17 04:26:00,46210.0,46220.0,46210.0,46210.0,46210.0,28
2025-09-17 04:28:00,46210.0,46220.0,46210.0,46210.0,46210.0,348
2025-09-17 04:30:00,46200.0,46210.0,46190.0,46200.0,46200.0,1195
2025-09-17 04:32:00,46200.0,46220.0,46200.0,46220.0,46220.0,592
2025-09-17 04:34:00,46220.0,46230.0,46210.0,46220.0,46220.0,321
2025-09-17 04:36:00,46230.0,46260.0,46230.0,46240.0,46240.0,550
2025-09-17 04:38:00,46260.0,46270.0,46260.0,46270.0,46270.0,204
2025-09-17 04:40:00,46270.0,46290.0,46270.0,46290.0,46290.0,307
2025-09-17 04:42:00,46300.0,46310.0,46290.0,46290.0,46290.0,275
2025-09-17 04:44:00,46290.0,46300.0,46270.0,46270.0,46270.0,5552
2025-09-17 04:46:00,46260.0,46260.0,46260.0,46260.0,46260.0,41
2025-09-17 04:48:00,46250.0,46250.0,46240.0,46240.0,46240.0,500
2025-09-17 04:50:00,46250.0,46250.0,46250.0,46250.0,46250.0,80
2025-09-17 04:52:00,46260.0,46260.0,46250.0,46260.0,46260.0,163
2025-09-17 04:54:00,46250.0,46250.0,46230.0,46230.0,46230.0,232
2025-09-17 04:56:00,46230.0,46240.0,46220.0,46240.0,46240.0,83
2025-09-17 04:58:00,46220.0,46220.0,46220.0,46220.0,46220.0,36
2025-09-17 05:00:00,46240.0,46240.0,46230.0,46230.0,46230.0,102
2025-09-17 05:02:00,46240.0,46240.0,46230.0,46230.0,46230.0,86
2025-09-17 05:04:00,46240.0,46240.0,46230.0,46230.0,46230.0,108
2025-09-17 05:06:00,46220.0,46220.0,46200.0,46200.0,46200.0,304
2025-09-17 05:08:00,46200.0,46210.0,46190.0,46210.0,46210.0,308
2025-09-17 05:10:00,46210.0,46210.0,46190.0,46200.0,46200.0,61
2025-09-17 05:12:00,46200.0,46210.0,46200.0,46200.0,46200.0,408
2025-09-17 05:14:00,46200.0,46200.0,46200.0,46200.0,46200.0,113
2025-09-17 05:16:00,46200.0,46200.0,46160.0,46170.0,46170.0,690
2025-09-17 05:18:00,46160.0,46160.0,46140.0,46150.0,46150.0,535
2025-09-17 05:20:00,46150.0,46180.0,46150.0,46170.0,46170.0,364
2025-09-17 05:22:00,46160.0,46160.0,46150.0,46150.0,46150.0,95
2025-09-17 05:24:00,46150.0,46150.0,46130.0,46150.0,46150.0,209
2025-09-17 05:26:00,46160.0,46160.0,46150.0,46150.0,46150.0,253
2025-09-17 05:28:00,46150.0,46160.0,46150.0,46150.0,46150.0,64
2025-09-17 05:30:00,46140.0,46140.0,46110.0,46130.0,46130.0,459
2025-09-17 05:32:00,46130.0,46140.0,46120.0,46120.0,46120.0,122
2025-09-17 05:34:00,46130.0,46130.0,46120.0,46130.0,46130.0,153
2025-09-17 05:36:00,46120.0,46130.0,46120.0,46120.0,46120.0,94
2025-09-17 05:38:00,46130.0,46150.0,46130.0,46150.0,46150.0,168
2025-09-17 05:40:00,46140.0,46160.0,46130.0,46150.0,46150.0,574
2025-09-17 05:42:00,46150.0,46160.0,46150.0,46160.0,46160.0,119
2025-09-17 05:44:00,46170.0,46180.0,46160.0,46180.0,46180.0,399
2025-09-17 05:46:00,46170.0,46180.0,46160.0,46180.0,46180.0,364
2025-09-17 05:48:00,46180.0,46210.0,46170.0,46200.0,46200.0,2171
2025-09-17 05:50:00,46210.0,46230.0,46210.0,46220.0,46220.0,671
2025-09-17 05:52:00,46220.0,46220.0,46210.0,46220.0,46220.0,891
2025-09-17 05:54:00,46210.0,46220.0,46210.0,46220.0,46220.0,1227
2025-09-17 05:56:00,46220.0,46220.0,46200.0,46220.0,46220.0,493
2025-09-17 05:58:00,46210.0,46210.0,46200.0,46200.0,46200.0,75
2025-09-17 06:00:00,46190.0,46240.0,46190.0,46240.0,46240.0,2550
2025-09-17 06:02:00,46240.0,46240.0,46230.0,46230.0,46230.0,107
2025-09-17 06:04:00,46220.0,46230.0,46220.0,46230.0,46230.0,71
2025-09-17 06:06:00,46240.0,46250.0,46230.0,46230.0,46230.0,1366
2025-09-17 06:08:00,46240.0,46240.0,46210.0,46210.0,46210.0,209
2025-09-17 06:10:00,46200.0,46230.0,46190.0,46230.0,46230.0,907
2025-09-17 06:12:00,46230.0,46250.0,46210.0,46220.0,46220.0,585
2025-09-17 06:14:00,46220.0,46240.0,46220.0,46240.0,46240.0,406
2025-09-17 06:16:00,46230.0,46230.0,46220.0,46230.0,46230.0,366
2025-09-17 06:18:00,46220.0,46230.0,46220.0,46230.0,46230.0,623
2025-09-17 06:20:00,46240.0,46250.0,46220.0,46230.0,46230.0,231
2025-09-17 06:22:00,46220.0,46220.0,46210.0,46220.0,46220.0,808
2025-09-17 06:24:00,46220.0,46230.0,46210.0,46220.0,46220.0,1306
2025-09-18 00:04:00,46290.0,46320.0,46290.0,46290.0,46290.0,0
2025-09-18 00:06:00,46290.0,46330.0,46290.0,46310.0,46310.0,3148
2025-09-18 00:08:00,46330.0,46340.0,46290.0,46330.0,46330.0,637
2025-09-18 00:10:00,46330.0,46340.0,46300.0,46320.0,46320.0,380
2025-09-18 00:12:00,46330.0,46400.0,46330.0,46400.0,46400.0,3842
2025-09-18 00:14:00,46390.0,46420.0,46380.0,46390.0,46390.0,2778
2025-09-18 00:16:00,46400.0,46420.0,46400.0,46410.0,46410.0,1003
2025-09-18 00:18:00,46410.0,46450.0,46380.0,46380.0,46380.0,1808
2025-09-18 00:20:00,46380.0,46380.0,46280.0,46290.0,46290.0,2740
2025-09-18 00:22:00,46310.0,46310.0,46230.0,46230.0,46230.0,3660
2025-09-18 00:24:00,46220.0,46280.0,46220.0,46220.0,46220.0,3699
2025-09-18 00:26:00,46210.0,46230.0,46200.0,46230.0,46230.0,370
2025-09-18 00:28:00,46250.0,46270.0,46230.0,46260.0,46260.0,883
2025-09-18 00:30:00,46260.0,46340.0,46260.0,46340.0,46340.0,2339
2025-09-18 00:32:00,46350.0,46350.0,46270.0,46300.0,46300.0,631
2025-09-18 00:34:00,46310.0,46390.0,46310.0,46380.0,46380.0,2335
2025-09-18 00:36:00,46350.0,46360.0,46340.0,46340.0,46340.0,307
2025-09-18 00:38:00,46350.0,46390.0,46350.0,46370.0,46370.0,739
2025-09-18 00:40:00,46370.0,46380.0,46370.0,46380.0,46380.0,236
2025-09-18 00:42:00,46370.0,46400.0,46370.0,46400.0,46400.0,146
2025-09-18 00:44:00,46400.0,46400.0,46400.0,46400.0,46400.0,500
2025-09-18 00:46:00,46390.0,46400.0,46320.0,46320.0,46320.0,852
2025-09-18 00:48:00,46300.0,46330.0,46300.0,46330.0,46330.0,581
2025-09-18 00:50:00,46320.0,46320.0,46290.0,46290.0,46290.0,1523
2025-09-18 00:52:00,46280.0,46290.0,46260.0,46280.0,46280.0,471
2025-09-18 00:54:00,46290.0,46300.0,46290.0,46300.0,46300.0,190
2025-09-18 00:56:00,46310.0,46330.0,46310.0,46320.0,46320.0,501
2025-09-18 00:58:00,46330.0,46370.0,46330.0,46370.0,46370.0,814
2025-09-18 01:00:00,46350.0,46380.0,46330.0,46380.0,46380.0,3179
2025-09-18 01:02:00,46380.0,46430.0,46380.0,46420.0,46420.0,3340
2025-09-18 01:04:00,46420.0,46450.0,46420.0,46450.0,46450.0,3124
2025-09-18 01:06:00,46460.0,46460.0,46420.0,46440.0,46440.0,1159
2025-09-18 01:08:00,46450.0,46480.0,46440.0,46480.0,46480.0,5596
2025-09-18 01:10:00,46480.0,46480.0,46470.0,46470.0,46470.0,809
2025-09-18 01:12:00,46470.0,46480.0,46460.0,46480.0,46480.0,1107
2025-09-18 01:14:00,46470.0,46490.0,46470.0,46470.0,46470.0,4242
2025-09-18 01:16:00,46490.0,46540.0,46490.0,46520.0,46520.0,7420
2025-09-18 01:18:00,46520.0,46520.0,46520.0,46520.0,46520.0,2748
2025-09-18 01:20:00,46510.0,46510.0,46480.0,46510.0,46510.0,169
2025-09-18 01:22:00,46500.0,46520.0,46500.0,46520.0,46520.0,156
2025-09-18 01:24:00,46530.0,46530.0,46490.0,46490.0,46490.0,390
2025-09-18 01:26:00,46490.0,46530.0,46490.0,46530.0,46530.0,1406
2025-09-18 01:28:00,46510.0,46510.0,46490.0,46490.0,46490.0,305
2025-09-18 01:30:00,46490.0,46500.0,46490.0,46500.0,46500.0,65
2025-09-18 01:32:00,46510.0,46510.0,46490.0,46490.0,46490.0,511
2025-09-18 01:34:00,46500.0,46510.0,46500.0,46500.0,46500.0,2521
2025-09-18 01:36:00,46500.0,46510.0,46490.0,46510.0,46510.0,216
2025-09-18 01:38:00,46520.0,46530.0,46500.0,46520.0,46520.0,1401
2025-09-18 01:40:00,46520.0,46540.0,46520.0,46530.0,46530.0,3175
2025-09-18 01:42:00,46530.0,46560.0,46520.0,46560.0,46560.0,1801
2025-09-18 01:44:00,46560.0,46580.0,46550.0,46580.0,46580.0,2471
2025-09-18 01:46:00,46580.0,46590.0,46580.0,46580.0,46580.0,3005
2025-09-18 01:48:00,46570.0,46580.0,46570.0,46570.0,46570.0,105
2025-09-18 01:50:00,46560.0,46560.0,46550.0,46560.0,46560.0,1162
2025-09-18 01:52:00,46560.0,46560.0,46550.0,46550.0,46550.0,1364
2025-09-18 01:54:00,46550.0,46570.0,46550.0,46570.0,46570.0,516
2025-09-18 01:56:00,46580.0,46600.0,46580.0,46590.0,46590.0,6195
2025-09-18 01:58:00,46600.0,46600.0,46570.0,46590.0,46590.0,2242
2025-09-18 02:00:00,46580.0,46590.0,46580.0,46580.0,46580.0,869
2025-09-18 02:02:00,46590.0,46620.0,46590.0,46600.0,46600.0,2337
2025-09-18 02:04:00,46600.0,46600.0,46590.0,46600.0,46600.0,80
2025-09-18 02:06:00,46600.0,46620.0,46600.0,46620.0,46620.0,310
2025-09-18 02:08:00,46620.0,46630.0,46620.0,46630.0,46630.0,217
2025-09-18 02:10:00,46620.0,46640.0,46620.0,46630.0,46630.0,894
2025-09-18 02:12:00,46630.0,46670.0,46630.0,46660.0,46660.0,1756
2025-09-18 02:14:00,46670.0,46700.0,46670.0,46680.0,46680.0,972
2025-09-18 02:16:00,46680.0,46700.0,46670.0,46670.0,46670.0,1064
2025-09-18 02:18:00,46660.0,46670.0,46650.0,46660.0,46660.0,208
2025-09-18 02:20:00,46660.0,46660.0,46650.0,46660.0,46660.0,1090
2025-09-18 02:22:00,46660.0,46670.0,46650.0,46650.0,46650.0,490
2025-09-18 02:24:00,46650.0,46670.0,46650.0,46660.0,46660.0,1354
2025-09-18 02:26:00,46660.0,46670.0,46660.0,46670.0,46670.0,232
2025-09-18 02:28:00,46670.0,46690.0,46670.0,46680.0,46680.0,413
2025-09-18 02:30:00,46690.0,46690.0,46690.0,46690.0,46690.0,880
2025-09-18 03:30:00,46750.0,46780.0,46720.0,46780.0,46780.0,6884
2025-09-18 03:32:00,46790.0,46830.0,46770.0,46820.0,46820.0,5168
2025-09-18 03:34:00,46810.0,46820.0,46760.0,46760.0,46760.0,3878
2025-09-18 03:36:00,46760.0,46780.0,46730.0,46780.0,46780.0,5094
2025-09-18 03:38:00,46780.0,46790.0,46770.0,46780.0,46780.0,1823
2025-09-18 03:40:00,46780.0,46790.0,46750.0,46790.0,46790.0,4276
2025-09-18 03:42:00,46790.0,46830.0,46780.0,46790.0,46790.0,6649
2025-09-18 03:44:00,46790.0,46790.0,46750.0,46770.0,46770.0,934
2025-09-18 03:46:00,46780.0,46810.0,46780.0,46800.0,46800.0,3095
2025-09-18 03:48:00,46800.0,46820.0,46790.0,46810.0,46810.0,2637
2025-09-18 03:50:00,46820.0,46820.0,46800.0,46800.0,46800.0,1445
2025-09-18 03:52:00,46800.0,46810.0,46790.0,46810.0,46810.0,925
2025-09-18 03:54:00,46800.0,46820.0,46800.0,46810.0,46810.0,1031
2025-09-18 03:56:00,46810.0,46810.0,46800.0,46800.0,46800.0,232
2025-09-18 03:58:00,46800.0,46800.0,46780.0,46780.0,46780.0,211
2025-09-18 04:00:00,46770.0,46780.0,46770.0,46780.0,46780.0,241
2025-09-18 04:02:00,46790.0,46810.0,46780.0,46810.0,46810.0,505
2025-09-18 04:04:00,46810.0,46810.0,46790.0,46790.0,46790.0,259
2025-09-18 04:06:00,46790.0,46800.0,46770.0,46770.0,46770.0,2316
2025-09-18 04:08:00,46770.0,46770.0,46760.0,46760.0,46760.0,297
2025-09-18 04:10:00,46760.0,46790.0,46760.0,46790.0,46790.0,1441
2025-09-18 04:12:00,46790.0,46810.0,46790.0,46790.0,46790.0,413
2025-09-18 04:14:00,46790.0,46810.0,46790.0,46790.0,46790.0,233
2025-09-18 04:16:00,46790.0,46810.0,46790.0,46810.0,46810.0,1388
2025-09-18 04:18:00,46800.0,46810.0,46800.0,46810.0,46810.0,258
2025-09-18 04:20:00,46800.0,46800.0,46790.0,46800.0,46800.0,43
2025-09-18 04:22:00,46810.0,46810.0,46780.0,46780.0,46780.0,38
2025-09-18 04:24:00,46790.0,46790.0,46790.0,46790.0,46790.0,82
2025-09-18 04:26:00,46800.0,46810.0,46800.0,46800.0,46800.0,44
2025-09-18 04:28:00,46800.0,46800.0,46800.0,46800.0,46800.0,248
2025-09-18 04:30:00,46810.0,46820.0,46780.0,46780.0,46780.0,236
2025-09-18 04:32:00,46800.0,46810.0,46790.0,46800.0,46800.0,360
2025-09-18 04:34:00,46790.0,46790.0,46760.0,46770.0,46770.0,309
2025-09-18 04:36:00,46770.0,46780.0,46760.0,46770.0,46770.0,5196
2025-09-18 04:38:00,46770.0,46810.0,46770.0,46810.0,46810.0,1290
2025-09-18 04:40:00,46810.0,46820.0,46800.0,46800.0,46800.0,1100
2025-09-18 04:42:00,46810.0,46820.0,46810.0,46820.0,46820.0,512
2025-09-18 04:44:00,46820.0,46840.0,46820.0,46830.0,46830.0,756
2025-09-18 04:46:00,46820.0,46820.0,46820.0,46820.0,46820.0,254
2025-09-18 04:48:00,46830.0,46830.0,46810.0,46810.0,46810.0,188
2025-09-18 04:50:00,46810.0,46820.0,46810.0,46810.0,46810.0,207
2025-09-18 04:52:00,46800.0,46820.0,46800.0,46820.0,46820.0,367
2025-09-18 04:54:00,46810.0,46840.0,46810.0,46840.0,46840.0,632
2025-09-18 04:56:00,46840.0,46840.0,46830.0,46830.0,46830.0,1083
2025-09-18 04:58:00,46830.0,46840.0,46820.0,46840.0,46840.0,2420
2025-09-18 05:00:00,46840.0,46850.0,46830.0,46850.0,46850.0,1291
2025-09-18 05:02:00,46860.0,46890.0,46860.0,46890.0,46890.0,3647
2025-09-18 05:04:00,46900.0,46910.0,46880.0,46890.0,46890.0,4457
2025-09-18 05:06:00,46890.0,46910.0,46890.0,46910.0,46910.0,868
2025-09-18 05:08:00,46900.0,46900.0,46860.0,46860.0,46860.0,340
2025-09-18 05:10:00,46860.0,46880.0,46860.0,46860.0,46860.0,628
2025-09-18 05:12:00,46860.0,46860.0,46850.0,46850.0,46850.0,80
2025-09-18 05:14:00,46840.0,46850.0,46830.0,46830.0,46830.0,988
2025-09-18 05:16:00,46830.0,46850.0,46830.0,46850.0,46850.0,822
2025-09-18 05:18:00,46840.0,46840.0,46820.0,46830.0,46830.0,349
2025-09-18 05:20:00,46820.0,46830.0,46790.0,46790.0,46790.0,2491
2025-09-18 05:22:00,46780.0,46820.0,46780.0,46820.0,46820.0,660
2025-09-18 05:24:00,46820.0,46820.0,46790.0,46800.0,46800.0,687
2025-09-18 05:26:00,46800.0,46800.0,46760.0,46770.0,46770.0,660
2025-09-18 05:28:00,46780.0,46780.0,46710.0,46740.0,46740.0,2891
2025-09-18 05:30:00,46740.0,46780.0,46740.0,46770.0,46770.0,506
2025-09-18 05:32:00,46770.0,46770.0,46720.0,46720.0,46720.0,1632
2025-09-18 05:34:00,46720.0,46760.0,46720.0,46740.0,46740.0,1946
2025-09-18 05:36:00,46750.0,46760.0,46740.0,46750.0,46750.0,87
2025-09-18 05:38:00,46750.0,46770.0,46750.0,46770.0,46770.0,1110
2025-09-18 05:40:00,46770.0,46780.0,46770.0,46770.0,46770.0,450
2025-09-18 05:42:00,46770.0,46770.0,46750.0,46760.0,46760.0,370
2025-09-18 05:44:00,46750.0,46750.0,46720.0,46730.0,46730.0,413
2025-09-18 05:46:00,46730.0,46740.0,46730.0,46740.0,46740.0,559
2025-09-18 05:48:00,46740.0,46740.0,46720.0,46730.0,46730.0,417
2025-09-18 05:50:00,46740.0,46750.0,46730.0,46750.0,46750.0,317
2025-09-18 05:52:00,46760.0,46760.0,46740.0,46760.0,46760.0,164
2025-09-18 05:54:00,46760.0,46760.0,46750.0,46760.0,46760.0,179
2025-09-18 05:56:00,46770.0,46770.0,46740.0,46740.0,46740.0,1267
2025-09-18 05:58:00,46740.0,46770.0,46740.0,46770.0,46770.0,236
2025-09-18 06:00:00,46760.0,46800.0,46760.0,46800.0,46800.0,1643
2025-09-18 06:02:00,46800.0,46800.0,46780.0,46800.0,46800.0,830
2025-09-18 06:04:00,46810.0,46810.0,46780.0,46790.0,46790.0,1317
2025-09-18 06:06:00,46780.0,46790.0,46770.0,46780.0,46780.0,893
2025-09-18 06:08:00,46780.0,46780.0,46740.0,46760.0,46760.0,1427
2025-09-18 06:10:00,46750.0,46750.0,46730.0,46740.0,46740.0,306
2025-09-18 06:12:00,46740.0,46750.0,46730.0,46750.0,46750.0,206
2025-09-18 06:14:00,46760.0,46760.0,46710.0,46710.0,46710.0,6000
2025-09-18 06:16:00,46720.0,46730.0,46700.0,46720.0,46720.0,1102
2025-09-18 06:18:00,46720.0,46720.0,46700.0,46710.0,46710.0,481
2025-09-18 06:20:00,46710.0,46720.0,46700.0,46710.0,46710.0,4667
2025-09-18 06:22:00,46710.0,46720.0,46690.0,46720.0,46720.0,3926
2025-09-18 06:24:00,46710.0,46730.0,46710.0,46710.0,46710.0,619
2025-09-19 00:04:00,47290.0,47300.0,47240.0,47250.0,47250.0,0
2025-09-19 00:06:00,47260.0,47280.0,47200.0,47240.0,47240.0,6396
2025-09-19 00:08:00,47230.0,47260.0,47190.0,47230.0,47230.0,9350
2025-09-19 00:10:00,47230.0,47230.0,47170.0,47200.0,47200.0,9187
2025-09-19 00:12:00,47200.0,47210.0,47160.0,47180.0,47180.0,7059
2025-09-19 00:14:00,47170.0,47180.0,47150.0,47160.0,47160.0,3889
2025-09-19 00:16:00,47170.0,47190.0,47160.0,47180.0,47180.0,3759
2025-09-19 00:18:00,47180.0,47180.0,47140.0,47160.0,47160.0,3440
2025-09-19 00:20:00,47150.0,47160.0,47110.0,47150.0,47150.0,4632
2025-09-19 00:22:00,47160.0,47170.0,47120.0,47130.0,47130.0,2009
2025-09-19 00:24:00,47130.0,47180.0,47130.0,47160.0,47160.0,2485
2025-09-19 00:26:00,47170.0,47170.0,47140.0,47170.0,47170.0,2993
2025-09-19 00:28:00,47160.0,47160.0,47140.0,47140.0,47140.0,1070
2025-09-19 00:30:00,47140.0,47150.0,47120.0,47120.0,47120.0,1563
2025-09-19 00:32:00,47130.0,47130.0,47090.0,47110.0,47110.0,3164
2025-09-19 00:34:00,47100.0,47130.0,47100.0,47100.0,47100.0,3344
2025-09-19 00:36:00,47110.0,47140.0,47110.0,47130.0,47130.0,2590
2025-09-19 00:38:00,47130.0,47140.0,47120.0,47120.0,47120.0,685
2025-09-19 00:40:00,47120.0,47130.0,47120.0,47130.0,47130.0,2858
2025-09-19 00:42:00,47110.0,47110.0,47070.0,47080.0,47080.0,2055
2025-09-19 00:44:00,47090.0,47090.0,47060.0,47060.0,47060.0,3616
2025-09-19 00:46:00,47070.0,47070.0,47050.0,47060.0,47060.0,2009
2025-09-19 00:48:00,47070.0,47070.0,47030.0,47050.0,47050.0,3035
2025-09-19 00:50:00,47040.0,47040.0,47010.0,47010.0,47010.0,6567
2025-09-19 00:52:00,47010.0,47010.0,46980.0,47010.0,47010.0,2640
2025-09-19 00:54:00,47000.0,47010.0,46990.0,47010.0,47010.0,514
2025-09-19 00:56:00,47020.0,47060.0,47020.0,47050.0,47050.0,2046
2025-09-19 00:58:00,47050.0,47050.0,47030.0,47040.0,47040.0,2654
2025-09-19 01:00:00,47040.0,47050.0,47030.0,47040.0,47040.0,6285
2025-09-19 01:02:00,47040.0,47050.0,47010.0,47030.0,47030.0,1459
2025-09-19 01:04:00,47040.0,47110.0,47040.0,47110.0,47110.0,10834
2025-09-19 01:06:00,47100.0,47110.0,47090.0,47110.0,47110.0,3068
2025-09-19 01:08:00,47110.0,47140.0,47110.0,47130.0,47130.0,8355
2025-09-19 01:10:00,47130.0,47150.0,47130.0,47140.0,47140.0,8224
2025-09-19 01:12:00,47160.0,47180.0,47160.0,47180.0,47180.0,3009
2025-09-19 01:14:00,47190.0,47210.0,47190.0,47190.0,47190.0,12644
2025-09-19 01:16:00,47180.0,47200.0,47160.0,47190.0,47190.0,1394
2025-09-19 01:18:00,47180.0,47180.0,47140.0,47160.0,47160.0,976
2025-09-19 01:20:00,47150.0,47170.0,47150.0,47160.0,47160.0,1366
2025-09-19 01:22:00,47150.0,47150.0,47140.0,47140.0,47140.0,1243
2025-09-19 01:24:00,47160.0,47160.0,47120.0,47120.0,47120.0,1443
2025-09-19 01:26:00,47120.0,47170.0,47110.0,47150.0,47150.0,649
2025-09-19 01:28:00,47130.0,47140.0,47110.0,47110.0,47110.0,9070
2025-09-19 01:30:00,47120.0,47140.0,47120.0,47140.0,47140.0,249
2025-09-19 01:32:00,47150.0,47150.0,47090.0,47090.0,47090.0,6982
2025-09-19 01:34:00,47090.0,47100.0,47080.0,47100.0,47100.0,315
2025-09-19 01:36:00,47090.0,47100.0,47080.0,47080.0,47080.0,334
2025-09-19 01:38:00,47100.0,47100.0,47060.0,47060.0,47060.0,68
2025-09-19 01:40:00,47060.0,47070.0,47040.0,47050.0,47050.0,1599
2025-09-19 01:42:00,47050.0,47070.0,47040.0,47070.0,47070.0,146
2025-09-19 01:44:00,47080.0,47080.0,47050.0,47060.0,47060.0,102
2025-09-19 01:46:00,47060.0,47070.0,47030.0,47040.0,47040.0,457
2025-09-19 01:48:00,47030.0,47040.0,47020.0,47030.0,47030.0,9390
2025-09-19 01:50:00,47030.0,47050.0,47030.0,47050.0,47050.0,4899
2025-09-19 01:52:00,47060.0,47060.0,47060.0,47060.0,47060.0,136
2025-09-19 01:54:00,47050.0,47060.0,47050.0,47060.0,47060.0,90
2025-09-19 01:56:00,47070.0,47070.0,47060.0,47070.0,47070.0,407
2025-09-19 01:58:00,47070.0,47070.0,47050.0,47060.0,47060.0,195
2025-09-19 02:00:00,47050.0,47070.0,47050.0,47050.0,47050.0,5040
2025-09-19 02:02:00,47060.0,47080.0,47060.0,47080.0,47080.0,375
2025-09-19 02:04:00,47080.0,47080.0,47030.0,47030.0,47030.0,507
2025-09-19 02:06:00,47050.0,47050.0,47020.0,47020.0,47020.0,145
2025-09-19 02:08:00,47020.0,47030.0,47020.0,47030.0,47030.0,83
2025-09-19 02:10:00,47040.0,47040.0,47020.0,47020.0,47020.0,97
2025-09-19 02:12:00,47050.0,47050.0,47040.0,47050.0,47050.0,111
2025-09-19 02:14:00,47040.0,47050.0,47040.0,47040.0,47040.0,455
2025-09-19 02:16:00,47050.0,47050.0,47050.0,47050.0,47050.0,5973
2025-09-19 02:18:00,47050.0,47060.0,47040.0,47040.0,47040.0,5040
2025-09-19 02:20:00,47040.0,47040.0,47030.0,47030.0,47030.0,4865
2025-09-19 02:22:00,47030.0,47030.0,47020.0,47020.0,47020.0,148
2025-09-19 02:24:00,47030.0,47050.0,47030.0,47050.0,47050.0,1382
2025-09-19 02:26:00,47050.0,47060.0,47050.0,47060.0,47060.0,547
2025-09-19 02:28:00,47050.0,47060.0,47040.0,47050.0,47050.0,561
2025-09-19 02:30:00,47040.0,47040.0,47040.0,47040.0,47040.0,958
2025-09-19 03:30:00,47050.0,47060.0,47020.0,47020.0,47020.0,4499
2025-09-19 03:32:00,47020.0,47020.0,46960.0,46990.0,46990.0,2264
2025-09-19 03:34:00,46980.0,46980.0,46940.0,46960.0,46960.0,1745
2025-09-19 03:36:00,46960.0,46960.0,46930.0,46960.0,46960.0,454
2025-09-19 03:38:00,46960.0,46990.0,46960.0,46990.0,46990.0,686
2025-09-19 03:40:00,46990.0,46990.0,46970.0,46970.0,46970.0,324
2025-09-19 03:42:00,46960.0,46960.0,46910.0,46930.0,46930.0,1396
2025-09-19 03:44:00,46930.0,46950.0,46920.0,46930.0,46930.0,2760
2025-09-19 03:46:00,46920.0,47030.0,46740.0,46840.0,46840.0,26916
2025-09-19 03:48:00,46810.0,46910.0,46680.0,46910.0,46910.0,18531
2025-09-19 03:50:00,46900.0,46960.0,46840.0,46960.0,46960.0,1110
2025-09-19 03:52:00,46950.0,46970.0,46900.0,46920.0,46920.0,9400
2025-09-19 03:54:00,46930.0,46940.0,46760.0,46760.0,46760.0,12003
2025-09-19 03:56:00,46750.0,46770.0,46680.0,46750.0,46750.0,15088
2025-09-19 03:58:00,46750.0,46780.0,46730.0,46780.0,46780.0,5747
2025-09-19 04:00:00,46780.0,46820.0,46540.0,46550.0,46550.0,17216
2025-09-19 04:02:00,46530.0,46560.0,46470.0,46470.0,46470.0,7429
2025-09-19 04:04:00,46470.0,46540.0,46420.0,46530.0,46530.0,38769
2025-09-19 04:06:00,46530.0,46560.0,46450.0,46450.0,46450.0,6597
2025-09-19 04:08:00,46430.0,46430.0,46280.0,46290.0,46290.0,5953
2025-09-19 04:10:00,46270.0,46270.0,46150.0,46210.0,46210.0,16302
2025-09-19 04:12:00,46200.0,46260.0,46190.0,46200.0,46200.0,3729
2025-09-19 04:14:00,46200.0,46200.0,46060.0,46070.0,46070.0,3351
2025-09-19 04:16:00,46060.0,46120.0,45980.0,46050.0,46050.0,5066
2025-09-19 04:18:00,46040.0,46040.0,45860.0,45890.0,45890.0,43073
2025-09-19 04:20:00,45910.0,46020.0,45910.0,46010.0,46010.0,4677
2025-09-19 04:22:00,46020.0,46080.0,46010.0,46040.0,46040.0,5561
2025-09-19 04:24:00,46040.0,46040.0,45940.0,45940.0,45940.0,3519
2025-09-19 04:26:00,45950.0,46250.0,45950.0,46250.0,46250.0,9847
2025-09-19 04:28:00,46260.0,46270.0,46210.0,46220.0,46220.0,2848
2025-09-19 04:30:00,46200.0,46200.0,46100.0,46200.0,46200.0,2745
2025-09-19 04:32:00,46200.0,46290.0,46180.0,46290.0,46290.0,6664
2025-09-19 04:34:00,46300.0,46330.0,46210.0,46210.0,46210.0,2201
2025-09-19 04:36:00,46220.0,46250.0,46200.0,46220.0,46220.0,13371
2025-09-19 04:38:00,46220.0,46260.0,46210.0,46230.0,46230.0,6764
2025-09-19 04:40:00,46220.0,46320.0,46220.0,46290.0,46290.0,2776
2025-09-19 04:42:00,46300.0,46300.0,46240.0,46260.0,46260.0,1453
2025-09-19 04:44:00,46270.0,46280.0,46210.0,46210.0,46210.0,2154
2025-09-19 04:46:00,46210.0,46300.0,46200.0,46270.0,46270.0,1699
2025-09-19 04:48:00,46260.0,46420.0,46260.0,46410.0,46410.0,4042
2025-09-19 04:50:00,46420.0,46430.0,46320.0,46340.0,46340.0,2223
2025-09-19 04:52:00,46320.0,46360.0,46310.0,46360.0,46360.0,1461
2025-09-19 04:54:00,46360.0,46450.0,46340.0,46420.0,46420.0,1775
2025-09-19 04:56:00,46420.0,46480.0,46410.0,46450.0,46450.0,2866
2025-09-19 04:58:00,46460.0,46460.0,46420.0,46450.0,46450.0,7960
2025-09-19 05:00:00,46450.0,46450.0,46390.0,46440.0,46440.0,2821
2025-09-19 05:02:00,46430.0,46450.0,46410.0,46420.0,46420.0,6430
2025-09-19 05:04:00,46430.0,46440.0,46410.0,46420.0,46420.0,2148
2025-09-19 05:06:00,46430.0,46500.0,46400.0,46500.0,46500.0,7978
2025-09-19 05:08:00,46500.0,46500.0,46470.0,46490.0,46490.0,1709
2025-09-19 05:10:00,46490.0,46590.0,46480.0,46590.0,46590.0,6610
2025-09-19 05:12:00,46590.0,46600.0,46510.0,46560.0,46560.0,1410
2025-09-19 05:14:00,46560.0,46590.0,46540.0,46550.0,46550.0,1220
2025-09-19 05:16:00,46560.0,46560.0,46530.0,46530.0,46530.0,5908
2025-09-19 05:18:00,46550.0,46580.0,46540.0,46570.0,46570.0,765
2025-09-19 05:20:00,46550.0,46570.0,46540.0,46550.0,46550.0,964
2025-09-19 05:22:00,46570.0,46600.0,46520.0,46540.0,46540.0,5636
2025-09-19 05:24:00,46550.0,46590.0,46550.0,46590.0,46590.0,1426
2025-09-19 05:26:00,46600.0,46600.0,46570.0,46580.0,46580.0,973
2025-09-19 05:28:00,46580.0,46580.0,46500.0,46500.0,46500.0,6480
2025-09-19 05:30:00,46490.0,46530.0,46460.0,46530.0,46530.0,1344
2025-09-19 05:32:00,46530.0,46530.0,46480.0,46500.0,46500.0,753
2025-09-19 05:34:00,46490.0,46500.0,46390.0,46390.0,46390.0,10813
2025-09-19 05:36:00,46410.0,46440.0,46410.0,46440.0,46440.0,1006
2025-09-19 05:38:00,46440.0,46490.0,46440.0,46490.0,46490.0,2152
2025-09-19 05:40:00,46500.0,46500.0,46410.0,46410.0,46410.0,747
2025-09-19 05:42:00,46400.0,46410.0,46360.0,46360.0,46360.0,1304
2025-09-19 05:44:00,46360.0,46380.0,46320.0,46370.0,46370.0,1227
2025-09-19 05:46:00,46370.0,46380.0,46320.0,46320.0,46320.0,2363
2025-09-19 05:48:00,46340.0,46370.0,46330.0,46360.0,46360.0,1798
2025-09-19 05:50:00,46360.0,46420.0,46340.0,46410.0,46410.0,2751
2025-09-19 05:52:00,46400.0,46430.0,46390.0,46410.0,46410.0,5436
2025-09-19 05:54:00,46400.0,46470.0,46400.0,46440.0,46440.0,1251
2025-09-19 05:56:00,46450.0,46470.0,46420.0,46430.0,46430.0,1173
2025-09-19 05:58:00,46440.0,46460.0,46400.0,46400.0,46400.0,492
2025-09-19 06:00:00,46400.0,46430.0,46390.0,46410.0,46410.0,12877
2025-09-19 06:02:00,46400.0,46420.0,46400.0,46420.0,46420.0,3096
2025-09-19 06:04:00,46430.0,46440.0,46400.0,46400.0,46400.0,271
2025-09-19 06:06:00,46400.0,46430.0,46390.0,46410.0,46410.0,982
2025-09-19 06:08:00,46430.0,46430.0,46380.0,46410.0,46410.0,1864
2025-09-19 06:10:00,46420.0,46430.0,46400.0,46400.0,46400.0,4781
2025-09-19 06:12:00,46410.0,46460.0,46410.0,46440.0,46440.0,1349
2025-09-19 06:14:00,46440.0,46440.0,46420.0,46430.0,46430.0,3450
2025-09-19 06:16:00,46440.0,46450.0,46410.0,46420.0,46420.0,1679
2025-09-19 06:18:00,46430.0,46440.0,46410.0,46430.0,46430.0,5646
2025-09-19 06:20:00,46430.0,46450.0,46400.0,46450.0,46450.0,3700
2025-09-19 06:22:00,46440.0,46440.0,46390.0,46410.0,46410.0,2950
2025-09-19 06:24:00,46410.0,46430.0,46410.0,46420.0,46420.0,5979
2025-09-22 00:00:00,46650.0,46720.0,46610.0,46710.0,46710.0,10089
2025-09-22 00:02:00,46700.0,46790.0,46700.0,46760.0,46760.0,2329
2025-09-22 00:04:00,46750.0,46870.0,46750.0,46870.0,46870.0,2891
2025-09-22 00:06:00,46870.0,46960.0,46870.0,46940.0,46940.0,4536
2025-09-22 00:08:00,46950.0,46980.0,46920.0,46960.0,46960.0,3155
2025-09-22 00:10:00,46950.0,47020.0,46920.0,47010.0,47010.0,3835
2025-09-22 00:12:00,47010.0,47050.0,47010.0,47010.0,47010.0,2178
2025-09-22 00:14:00,47010.0,47050.0,46990.0,47040.0,47040.0,1027
2025-09-22 00:16:00,47040.0,47090.0,47030.0,47050.0,47050.0,6594
2025-09-22 00:18:00,47070.0,47100.0,47050.0,47100.0,47100.0,1558
2025-09-22 00:20:00,47090.0,47090.0,47000.0,47020.0,47020.0,3026
2025-09-22 00:22:00,47020.0,47030.0,47000.0,47010.0,47010.0,727
2025-09-22 00:24:00,47000.0,47050.0,47000.0,47050.0,47050.0,671
2025-09-22 00:26:00,47060.0,47060.0,46970.0,46990.0,46990.0,1244
2025-09-22 00:28:00,46990.0,47050.0,46990.0,47040.0,47040.0,609
2025-09-22 00:30:00,47030.0,47030.0,46940.0,46950.0,46950.0,1671
2025-09-22 00:32:00,46950.0,46950.0,46910.0,46930.0,46930.0,382
2025-09-22 00:34:00,46920.0,46980.0,46910.0,46980.0,46980.0,1131
2025-09-22 00:36:00,46960.0,47010.0,46960.0,47010.0,47010.0,1261
2025-09-22 00:38:00,47020.0,47060.0,47000.0,47060.0,47060.0,5490
2025-09-22 00:40:00,47050.0,47080.0,47050.0,47070.0,47070.0,694
2025-09-22 00:42:00,47070.0,47090.0,47060.0,47060.0,47060.0,149
2025-09-22 00:44:00,47060.0,47060.0,47040.0,47050.0,47050.0,447
2025-09-22 00:46:00,47020.0,47020.0,46970.0,46990.0,46990.0,1807
2025-09-22 00:48:00,46980.0,46980.0,46950.0,46980.0,46980.0,8181
2025-09-22 00:50:00,46980.0,46980.0,46930.0,46930.0,46930.0,7032
2025-09-22 00:52:00,46940.0,46970.0,46900.0,46970.0,46970.0,5864
2025-09-22 00:54:00,46980.0,46980.0,46960.0,46970.0,46970.0,4374
2025-09-22 00:56:00,46980.0,46980.0,46900.0,46960.0,46960.0,9340
2025-09-22 00:58:00,46970.0,46970.0,46920.0,46930.0,46930.0,1876
2025-09-22 01:00:00,46930.0,46960.0,46900.0,46960.0,46960.0,3947
2025-09-22 01:02:00,46970.0,47030.0,46970.0,47030.0,47030.0,2133
2025-09-22 01:04:00,47040.0,47050.0,47040.0,47050.0,47050.0,7308
2025-09-22 01:06:00,47050.0,47070.0,47050.0,47050.0,47050.0,4467
2025-09-22 01:08:00,47040.0,47060.0,47030.0,47060.0,47060.0,3851
2025-09-22 01:10:00,47070.0,47110.0,47070.0,47110.0,47110.0,5805
2025-09-22 01:12:00,47100.0,47100.0,47070.0,47080.0,47080.0,1014
2025-09-22 01:14:00,47070.0,47100.0,47070.0,47080.0,47080.0,177
2025-09-22 01:16:00,47090.0,47090.0,47080.0,47080.0,47080.0,191
2025-09-22 01:18:00,47090.0,47090.0,47070.0,47080.0,47080.0,539
2025-09-22 01:20:00,47080.0,47100.0,47080.0,47090.0,47090.0,122
2025-09-22 01:22:00,47090.0,47090.0,47090.0,47090.0,47090.0,13
2025-09-22 01:24:00,47090.0,47090.0,47080.0,47080.0,47080.0,1061
2025-09-22 01:26:00,47090.0,47110.0,47080.0,47110.0,47110.0,1143
2025-09-22 01:28:00,47100.0,47100.0,47080.0,47090.0,47090.0,1271
2025-09-22 01:30:00,47090.0,47090.0,47050.0,47060.0,47060.0,3168
2025-09-22 01:32:00,47060.0,47080.0,47060.0,47080.0,47080.0,2413
2025-09-22 01:34:00,47090.0,47110.0,47090.0,47110.0,47110.0,417
2025-09-22 01:36:00,47090.0,47110.0,47090.0,47090.0,47090.0,773
2025-09-22 01:38:00,47100.0,47120.0,47100.0,47100.0,47100.0,2689
2025-09-22 01:40:00,47090.0,47090.0,47050.0,47070.0,47070.0,168
2025-09-22 01:42:00,47080.0,47080.0,47060.0,47060.0,47060.0,79
2025-09-22 01:44:00,47050.0,47080.0,47040.0,47070.0,47070.0,1200
2025-09-22 01:46:00,47070.0,47080.0,47060.0,47080.0,47080.0,3181
2025-09-22 01:48:00,47070.0,47080.0,47030.0,47030.0,47030.0,1722
2025-09-22 01:50:00,47040.0,47040.0,47020.0,47030.0,47030.0,1385
2025-09-22 01:52:00,47040.0,47060.0,47030.0,47060.0,47060.0,595
2025-09-22 01:54:00,47070.0,47070.0,47050.0,47070.0,47070.0,846
2025-09-22 01:56:00,47070.0,47080.0,47060.0,47080.0,47080.0,691
2025-09-22 01:58:00,47070.0,47070.0,47060.0,47060.0,47060.0,990
2025-09-22 02:00:00,47060.0,47090.0,47060.0,47070.0,47070.0,4770
2025-09-22 02:02:00,47070.0,47100.0,47070.0,47100.0,47100.0,7448
2025-09-22 02:04:00,47110.0,47110.0,47080.0,47080.0,47080.0,292
2025-09-22 02:06:00,47090.0,47100.0,47090.0,47100.0,47100.0,6486
2025-09-22 02:08:00,47100.0,47100.0,47070.0,47090.0,47090.0,590
2025-09-22 02:10:00,47090.0,47110.0,47090.0,47110.0,47110.0,5813
2025-09-22 02:12:00,47120.0,47150.0,47120.0,47150.0,47150.0,5603
2025-09-22 02:14:00,47140.0,47150.0,47120.0,47140.0,47140.0,1227
2025-09-22 02:16:00,47140.0,47150.0,47130.0,47150.0,47150.0,6753
2025-09-22 02:18:00,47140.0,47140.0,47120.0,47140.0,47140.0,1701
2025-09-22 02:20:00,47140.0,47140.0,47120.0,47140.0,47140.0,271
2025-09-22 02:22:00,47140.0,47150.0,47140.0,47140.0,47140.0,9
2025-09-22 02:24:00,47150.0,47160.0,47150.0,47150.0,47150.0,1255
2025-09-22 02:26:00,47150.0,47150.0,47130.0,47130.0,47130.0,55
2025-09-22 02:28:00,47130.0,47150.0,47130.0,47130.0,47130.0,351
2025-09-22 02:30:00,47150.0,47150.0,47150.0,47150.0,47150.0,1015
2025-09-22 03:30:00,47110.0,47120.0,47100.0,47120.0,47120.0,4710
2025-09-22 03:32:00,47110.0,47110.0,47080.0,47100.0,47100.0,1134
2025-09-22 03:34:00,47110.0,47120.0,47110.0,47120.0,47120.0,2607
2025-09-22 03:36:00,47120.0,47150.0,47120.0,47120.0,47120.0,3748
2025-09-22 03:38:00,47130.0,47140.0,47130.0,47140.0,47140.0,4878
2025-09-22 03:40:00,47130.0,47130.0,47100.0,47110.0,47110.0,1464
2025-09-22 03:42:00,47100.0,47100.0,47090.0,47090.0,47090.0,477
2025-09-22 03:44:00,47080.0,47110.0,47080.0,47110.0,47110.0,984
2025-09-22 03:46:00,47120.0,47120.0,47090.0,47100.0,47100.0,2193
2025-09-22 03:48:00,47100.0,47110.0,47100.0,47110.0,47110.0,481
2025-09-22 03:50:00,47110.0,47110.0,47100.0,47100.0,47100.0,96
2025-09-22 03:52:00,47110.0,47130.0,47110.0,47130.0,47130.0,1086
2025-09-22 03:54:00,47130.0,47140.0,47130.0,47140.0,47140.0,514
2025-09-22 03:56:00,47150.0,47160.0,47130.0,47140.0,47140.0,1590
2025-09-22 03:58:00,47140.0,47150.0,47140.0,47140.0,47140.0,813
2025-09-22 04:00:00,47140.0,47150.0,47140.0,47150.0,47150.0,405
2025-09-22 04:02:00,47140.0,47170.0,47140.0,47150.0,47150.0,7158
2025-09-22 04:04:00,47140.0,47150.0,47130.0,47150.0,47150.0,304
2025-09-22 04:06:00,47140.0,47140.0,47110.0,47130.0,47130.0,1448
2025-09-22 04:08:00,47120.0,47120.0,47090.0,47100.0,47100.0,3031
2025-09-22 04:10:00,47090.0,47090.0,47070.0,47080.0,47080.0,627
2025-09-22 04:12:00,47080.0,47080.0,47050.0,47060.0,47060.0,462
2025-09-22 04:14:00,47050.0,47080.0,47050.0,47080.0,47080.0,2770
2025-09-22 04:16:00,47070.0,47080.0,47070.0,47080.0,47080.0,329
2025-09-22 04:18:00,47090.0,47100.0,47090.0,47100.0,47100.0,2208
2025-09-22 04:20:00,47100.0,47100.0,47080.0,47080.0,47080.0,821
2025-09-22 04:22:00,47070.0,47070.0,47050.0,47050.0,47050.0,4980
2025-09-22 04:24:00,47060.0,47070.0,47050.0,47070.0,47070.0,918
2025-09-22 04:26:00,47070.0,47070.0,47070.0,47070.0,47070.0,313
2025-09-22 04:28:00,47070.0,47070.0,47060.0,47070.0,47070.0,241
2025-09-22 04:30:00,47060.0,47060.0,47050.0,47060.0,47060.0,780
2025-09-22 04:32:00,47060.0,47080.0,47060.0,47080.0,47080.0,63
2025-09-22 04:34:00,47080.0,47090.0,47080.0,47080.0,47080.0,1165
2025-09-22 04:36:00,47080.0,47080.0,47070.0,47070.0,47070.0,265
2025-09-22 04:38:00,47070.0,47070.0,47060.0,47070.0,47070.0,485
2025-09-22 04:40:00,47070.0,47070.0,47060.0,47060.0,47060.0,93
2025-09-22 04:42:00,47060.0,47060.0,47060.0,47060.0,47060.0,71
2025-09-22 04:44:00,47050.0,47050.0,47040.0,47040.0,47040.0,1268
2025-09-22 04:46:00,47040.0,47050.0,47040.0,47050.0,47050.0,542
2025-09-22 04:48:00,47050.0,47050.0,47020.0,47020.0,47020.0,1386
2025-09-22 04:50:00,47010.0,47020.0,46990.0,47020.0,47020.0,6734
2025-09-22 04:52:00,47030.0,47040.0,47030.0,47040.0,47040.0,726
2025-09-22 04:54:00,47040.0,47040.0,47020.0,47030.0,47030.0,373
2025-09-22 04:56:00,47030.0,47030.0,47020.0,47030.0,47030.0,115
2025-09-22 04:58:00,47030.0,47030.0,47010.0,47010.0,47010.0,225
2025-09-22 05:00:00,47020.0,47030.0,47000.0,47000.0,47000.0,4502
2025-09-22 05:02:00,47000.0,47000.0,46990.0,47000.0,47000.0,6855
2025-09-22 05:04:00,47000.0,47000.0,46990.0,47000.0,47000.0,1167
2025-09-22 05:06:00,47000.0,47000.0,46980.0,46990.0,46990.0,8330
2025-09-22 05:08:00,47000.0,47010.0,47000.0,47010.0,47010.0,267
2025-09-22 05:10:00,47010.0,47010.0,46990.0,47000.0,47000.0,259
2025-09-22 05:12:00,47010.0,47010.0,47000.0,47010.0,47010.0,352
2025-09-22 05:14:00,47010.0,47010.0,47000.0,47000.0,47000.0,407
2025-09-22 05:16:00,47010.0,47030.0,47010.0,47020.0,47020.0,1541
2025-09-22 05:18:00,47010.0,47010.0,47000.0,47000.0,47000.0,639
2025-09-22 05:20:00,46990.0,46990.0,46980.0,46990.0,46990.0,417
2025-09-22 05:22:00,46990.0,46990.0,46970.0,46970.0,46970.0,1528
2025-09-22 05:24:00,46970.0,46990.0,46970.0,46980.0,46980.0,2112
2025-09-22 05:26:00,46980.0,46980.0,46970.0,46970.0,46970.0,2099
2025-09-22 05:28:00,46970.0,46990.0,46970.0,46990.0,46990.0,526
2025-09-22 05:30:00,46980.0,46980.0,46970.0,46970.0,46970.0,330
2025-09-22 05:32:00,46970.0,46970.0,46960.0,46960.0,46960.0,580
2025-09-22 05:34:00,46950.0,46960.0,46950.0,46960.0,46960.0,1084
2025-09-22 05:36:00,46950.0,46950.0,46950.0,46950.0,46950.0,605
2025-09-22 05:38:00,46960.0,46960.0,46950.0,46960.0,46960.0,659
2025-09-22 05:40:00,46940.0,46940.0,46940.0,46940.0,46940.0,1392
2025-09-22 05:42:00,46940.0,46950.0,46930.0,46950.0,46950.0,3898
2025-09-22 05:44:00,46950.0,46950.0,46940.0,46940.0,46940.0,305
2025-09-22 05:46:00,46940.0,46970.0,46940.0,46960.0,46960.0,904
2025-09-22 05:48:00,46960.0,46960.0,46950.0,46960.0,46960.0,517
2025-09-22 05:50:00,46950.0,46950.0,46940.0,46950.0,46950.0,1513
2025-09-22 05:52:00,46950.0,46950.0,46940.0,46940.0,46940.0,6
2025-09-22 05:54:00,46950.0,46950.0,46950.0,46950.0,46950.0,704
2025-09-22 05:56:00,46960.0,46960.0,46940.0,46950.0,46950.0,424
2025-09-22 05:58:00,46960.0,46960.0,46950.0,46950.0,46950.0,35
2025-09-22 06:00:00,46940.0,46940.0,46920.0,46920.0,46920.0,895
2025-09-22 06:02:00,46920.0,46940.0,46920.0,46930.0,46930.0,287
2025-09-22 06:04:00,46930.0,46930.0,46910.0,46910.0,46910.0,1527
2025-09-22 06:06:00,46910.0,46930.0,46900.0,46900.0,46900.0,2183
2025-09-22 06:08:00,46910.0,46910.0,46900.0,46900.0,46900.0,222
2025-09-22 06:10:00,46900.0,46920.0,46900.0,46910.0,46910.0,818
2025-09-22 06:12:00,46910.0,46920.0,46910.0,46910.0,46910.0,412
2025-09-22 06:14:00,46910.0,46910.0,46900.0,46910.0,46910.0,1024
2025-09-22 06:16:00,46910.0,46930.0,46910.0,46920.0,46920.0,323
2025-09-22 06:18:00,46920.0,46920.0,46910.0,46920.0,46920.0,799
2025-09-22 06:20:00,46920.0,46940.0,46910.0,46920.0,46920.0,1048
2025-09-22 06:22:00,46930.0,46930.0,46920.0,46930.0,46930.0,4664
2025-09-22 06:24:00,46930.0,46940.0,46920.0,46940.0,46940.0,644
2025-09-24 00:04:00,46810.0,46850.0,46790.0,46790.0,46790.0,0
2025-09-24 00:06:00,46780.0,46800.0,46740.0,46750.0,46750.0,1336
2025-09-24 00:08:00,46750.0,46750.0,46710.0,46710.0,46710.0,1205
2025-09-24 00:10:00,46710.0,46780.0,46690.0,46740.0,46740.0,3078
2025-09-24 00:12:00,46740.0,46740.0,46660.0,46720.0,46720.0,3369
2025-09-24 00:14:00,46730.0,46750.0,46680.0,46680.0,46680.0,3218
2025-09-24 00:16:00,46700.0,46750.0,46700.0,46750.0,46750.0,732
2025-09-24 00:18:00,46750.0,46790.0,46730.0,46760.0,46760.0,5167
2025-09-24 00:20:00,46760.0,46820.0,46760.0,46820.0,46820.0,4142
2025-09-24 00:22:00,46800.0,46850.0,46800.0,46810.0,46810.0,755
2025-09-24 00:24:00,46820.0,46870.0,46820.0,46860.0,46860.0,1791
2025-09-24 00:26:00,46870.0,46900.0,46860.0,46890.0,46890.0,2913
2025-09-24 00:28:00,46880.0,46890.0,46860.0,46860.0,46860.0,4989
2025-09-24 00:30:00,46850.0,46880.0,46820.0,46880.0,46880.0,4322
2025-09-24 00:32:00,46880.0,46880.0,46840.0,46850.0,46850.0,1722
2025-09-24 00:34:00,46830.0,46870.0,46820.0,46870.0,46870.0,72
2025-09-24 00:36:00,46870.0,46870.0,46800.0,46800.0,46800.0,2406
2025-09-24 00:38:00,46800.0,46870.0,46800.0,46850.0,46850.0,1416
2025-09-24 00:40:00,46850.0,46860.0,46810.0,46840.0,46840.0,3166
2025-09-24 00:42:00,46850.0,46850.0,46830.0,46830.0,46830.0,230
2025-09-24 00:44:00,46830.0,46830.0,46820.0,46820.0,46820.0,288
2025-09-24 00:46:00,46810.0,46830.0,46810.0,46810.0,46810.0,169
2025-09-24 00:48:00,46800.0,46850.0,46800.0,46850.0,46850.0,2095
2025-09-24 00:50:00,46830.0,46860.0,46820.0,46860.0,46860.0,62
2025-09-24 00:52:00,46860.0,46870.0,46860.0,46870.0,46870.0,1045
2025-09-24 00:54:00,46870.0,46890.0,46870.0,46890.0,46890.0,1258
2025-09-24 00:56:00,46890.0,46890.0,46850.0,46890.0,46890.0,3259
2025-09-24 00:58:00,46860.0,46860.0,46820.0,46820.0,46820.0,384
2025-09-24 01:00:00,46810.0,46810.0,46740.0,46750.0,46750.0,4994
2025-09-24 01:02:00,46770.0,46790.0,46750.0,46790.0,46790.0,1089
2025-09-24 01:04:00,46790.0,46810.0,46790.0,46800.0,46800.0,638
2025-09-24 01:06:00,46810.0,46840.0,46810.0,46840.0,46840.0,960
2025-09-24 01:08:00,46840.0,46850.0,46820.0,46850.0,46850.0,1533
2025-09-24 01:10:00,46850.0,46860.0,46840.0,46840.0,46840.0,2399
2025-09-24 01:12:00,46830.0,46830.0,46800.0,46800.0,46800.0,716
2025-09-24 01:14:00,46800.0,46800.0,46780.0,46800.0,46800.0,262
2025-09-24 01:16:00,46790.0,46790.0,46740.0,46740.0,46740.0,3305
2025-09-24 01:18:00,46730.0,46730.0,46700.0,46700.0,46700.0,3748
2025-09-24 01:20:00,46690.0,46730.0,46680.0,46730.0,46730.0,1825
2025-09-24 01:22:00,46720.0,46740.0,46710.0,46710.0,46710.0,1129
2025-09-24 01:24:00,46710.0,46710.0,46700.0,46700.0,46700.0,493
2025-09-24 01:26:00,46720.0,46730.0,46720.0,46720.0,46720.0,36
2025-09-24 01:28:00,46720.0,46740.0,46720.0,46740.0,46740.0,546
2025-09-24 01:30:00,46750.0,46750.0,46650.0,46680.0,46680.0,3095
2025-09-24 01:32:00,46680.0,46720.0,46680.0,46720.0,46720.0,247
2025-09-24 01:34:00,46710.0,46710.0,46680.0,46700.0,46700.0,66
2025-09-24 01:36:00,46700.0,46700.0,46670.0,46680.0,46680.0,731
2025-09-24 01:38:00,46680.0,46680.0,46650.0,46660.0,46660.0,982
2025-09-24 01:40:00,46660.0,46670.0,46630.0,46630.0,46630.0,959
2025-09-24 01:42:00,46630.0,46640.0,46610.0,46610.0,46610.0,708
2025-09-24 01:44:00,46630.0,46670.0,46620.0,46670.0,46670.0,923
2025-09-24 01:46:00,46670.0,46690.0,46660.0,46690.0,46690.0,4250
2025-09-24 01:48:00,46690.0,46690.0,46680.0,46680.0,46680.0,1183
2025-09-24 01:50:00,46690.0,46700.0,46690.0,46690.0,46690.0,6503
2025-09-24 01:52:00,46680.0,46680.0,46670.0,46670.0,46670.0,1028
2025-09-24 01:54:00,46670.0,46670.0,46660.0,46670.0,46670.0,40
2025-09-24 01:56:00,46660.0,46690.0,46660.0,46690.0,46690.0,84
2025-09-24 01:58:00,46690.0,46690.0,46690.0,46690.0,46690.0,90
2025-09-24 02:00:00,46680.0,46680.0,46660.0,46670.0,46670.0,108
2025-09-24 02:02:00,46680.0,46690.0,46670.0,46670.0,46670.0,60
2025-09-24 02:04:00,46680.0,46710.0,46680.0,46690.0,46690.0,357
2025-09-24 02:06:00,46680.0,46710.0,46670.0,46710.0,46710.0,321
2025-09-24 02:08:00,46720.0,46730.0,46710.0,46720.0,46720.0,1619
2025-09-24 02:10:00,46720.0,46730.0,46720.0,46720.0,46720.0,1048
2025-09-24 02:12:00,46710.0,46710.0,46700.0,46700.0,46700.0,80
2025-09-24 02:14:00,46710.0,46710.0,46700.0,46700.0,46700.0,194
2025-09-24 02:16:00,46690.0,46700.0,46680.0,46680.0,46680.0,131
2025-09-24 02:18:00,46680.0,46680.0,46670.0,46680.0,46680.0,72
2025-09-24 02:20:00,46670.0,46700.0,46670.0,46690.0,46690.0,597
2025-09-24 02:22:00,46700.0,46710.0,46700.0,46710.0,46710.0,10
2025-09-24 02:24:00,46700.0,46710.0,46700.0,46710.0,46710.0,275
2025-09-24 02:26:00,46700.0,46710.0,46700.0,46710.0,46710.0,2115
2025-09-24 02:28:00,46720.0,46720.0,46710.0,46710.0,46710.0,882
2025-09-24 02:30:00,46700.0,46700.0,46700.0,46700.0,46700.0,959
2025-09-24 03:30:00,46710.0,46740.0,46710.0,46720.0,46720.0,2546
2025-09-24 03:32:00,46730.0,46740.0,46730.0,46740.0,46740.0,5673
2025-09-24 03:34:00,46740.0,46760.0,46730.0,46760.0,46760.0,2062
2025-09-24 03:36:00,46760.0,46790.0,46760.0,46790.0,46790.0,1619
2025-09-24 03:38:00,46790.0,46810.0,46790.0,46810.0,46810.0,3857
2025-09-24 03:40:00,46810.0,46830.0,46810.0,46830.0,46830.0,1187
2025-09-24 03:42:00,46840.0,46870.0,46840.0,46850.0,46850.0,1703
2025-09-24 03:44:00,46840.0,46870.0,46840.0,46870.0,46870.0,799
2025-09-24 03:46:00,46860.0,46890.0,46860.0,46870.0,46870.0,1775
2025-09-24 03:48:00,46860.0,46870.0,46860.0,46860.0,46860.0,121
2025-09-24 03:50:00,46860.0,46860.0,46830.0,46840.0,46840.0,654
2025-09-24 03:52:00,46840.0,46870.0,46840.0,46870.0,46870.0,663
2025-09-24 03:54:00,46870.0,46870.0,46860.0,46860.0,46860.0,78
2025-09-24 03:56:00,46870.0,46890.0,46870.0,46890.0,46890.0,455
2025-09-24 03:58:00,46890.0,46900.0,46870.0,46870.0,46870.0,556
2025-09-24 04:00:00,46880.0,46890.0,46880.0,46890.0,46890.0,1486
2025-09-24 04:02:00,46890.0,46890.0,46870.0,46870.0,46870.0,68
2025-09-24 04:04:00,46880.0,46890.0,46870.0,46890.0,46890.0,425
2025-09-24 04:06:00,46900.0,46900.0,46890.0,46890.0,46890.0,457
2025-09-24 04:08:00,46890.0,46890.0,46870.0,46870.0,46870.0,376
2025-09-24 04:10:00,46870.0,46870.0,46840.0,46860.0,46860.0,2236
2025-09-24 04:12:00,46870.0,46870.0,46850.0,46850.0,46850.0,268
2025-09-24 04:14:00,46850.0,46850.0,46840.0,46840.0,46840.0,148
2025-09-24 04:16:00,46840.0,46850.0,46840.0,46850.0,46850.0,78
2025-09-24 04:18:00,46860.0,46860.0,46840.0,46850.0,46850.0,102
2025-09-24 04:20:00,46840.0,46850.0,46840.0,46850.0,46850.0,141
2025-09-24 04:22:00,46850.0,46850.0,46840.0,46840.0,46840.0,256
2025-09-24 04:24:00,46840.0,46880.0,46840.0,46880.0,46880.0,332
2025-09-24 04:26:00,46860.0,46860.0,46850.0,46850.0,46850.0,22
2025-09-24 04:28:00,46850.0,46860.0,46850.0,46860.0,46860.0,184
2025-09-24 04:30:00,46870.0,46900.0,46870.0,46890.0,46890.0,506
2025-09-24 04:32:00,46880.0,46910.0,46880.0,46900.0,46900.0,1048
2025-09-24 04:34:00,46900.0,46900.0,46900.0,46900.0,46900.0,62
2025-09-24 04:36:00,46890.0,46890.0,46870.0,46870.0,46870.0,460
2025-09-24 04:38:00,46860.0,46870.0,46860.0,46870.0,46870.0,279
2025-09-24 04:40:00,46860.0,46870.0,46860.0,46870.0,46870.0,85
2025-09-24 04:42:00,46870.0,46880.0,46870.0,46870.0,46870.0,515
2025-09-24 04:44:00,46880.0,46880.0,46880.0,46880.0,46880.0,41
2025-09-24 04:46:00,46880.0,46910.0,46880.0,46910.0,46910.0,508
2025-09-24 04:48:00,46910.0,46910.0,46900.0,46900.0,46900.0,643
2025-09-24 04:50:00,46900.0,46910.0,46900.0,46910.0,46910.0,1298
2025-09-24 04:52:00,46920.0,46920.0,46920.0,46920.0,46920.0,287
2025-09-24 04:54:00,46920.0,46940.0,46920.0,46940.0,46940.0,418
2025-09-24 04:56:00,46930.0,46930.0,46930.0,46930.0,46930.0,259
2025-09-24 04:58:00,46930.0,46930.0,46910.0,46910.0,46910.0,1282
2025-09-24 05:00:00,46920.0,46920.0,46880.0,46880.0,46880.0,571
2025-09-24 05:02:00,46890.0,46890.0,46880.0,46880.0,46880.0,280
2025-09-24 05:04:00,46880.0,46900.0,46880.0,46900.0,46900.0,504
2025-09-24 05:06:00,46890.0,46910.0,46890.0,46910.0,46910.0,130
2025-09-24 05:08:00,46910.0,46920.0,46910.0,46920.0,46920.0,192
2025-09-24 05:10:00,46920.0,46940.0,46920.0,46940.0,46940.0,272
2025-09-24 05:12:00,46950.0,46950.0,46930.0,46930.0,46930.0,735
2025-09-24 05:14:00,46940.0,46950.0,46910.0,46910.0,46910.0,3124
2025-09-24 05:16:00,46920.0,46930.0,46920.0,46920.0,46920.0,315
2025-09-24 05:18:00,46920.0,46950.0,46920.0,46950.0,46950.0,1486
2025-09-24 05:20:00,46940.0,46940.0,46940.0,46940.0,46940.0,94
2025-09-24 05:22:00,46940.0,46950.0,46940.0,46940.0,46940.0,116
2025-09-24 05:24:00,46930.0,46930.0,46930.0,46930.0,46930.0,33
2025-09-24 05:26:00,46930.0,46930.0,46920.0,46920.0,46920.0,64
2025-09-24 05:28:00,46930.0,46930.0,46920.0,46920.0,46920.0,126
2025-09-24 05:30:00,46930.0,46930.0,46920.0,46930.0,46930.0,219
2025-09-24 05:32:00,46940.0,46940.0,46930.0,46930.0,46930.0,239
2025-09-24 05:34:00,46930.0,46950.0,46930.0,46950.0,46950.0,2775
2025-09-24 05:36:00,46960.0,46960.0,46950.0,46960.0,46960.0,283
2025-09-24 05:38:00,46950.0,46950.0,46940.0,46940.0,46940.0,345
2025-09-24 05:40:00,46940.0,46950.0,46940.0,46950.0,46950.0,160
2025-09-24 05:42:00,46960.0,46960.0,46950.0,46950.0,46950.0,148
2025-09-24 05:44:00,46940.0,46950.0,46940.0,46950.0,46950.0,1302
2025-09-24 05:46:00,46950.0,46960.0,46940.0,46940.0,46940.0,425
2025-09-24 05:48:00,46940.0,46940.0,46940.0,46940.0,46940.0,406
2025-09-24 05:50:00,46940.0,46960.0,46940.0,46960.0,46960.0,383
2025-09-24 05:52:00,46970.0,46980.0,46970.0,46980.0,46980.0,226
2025-09-24 05:54:00,46970.0,46980.0,46960.0,46960.0,46960.0,324
2025-09-24 05:56:00,46950.0,46950.0,46940.0,46940.0,46940.0,508
2025-09-24 05:58:00,46940.0,46940.0,46940.0,46940.0,46940.0,192
2025-09-24 06:00:00,46940.0,46970.0,46940.0,46970.0,46970.0,368
2025-09-24 06:02:00,46960.0,46970.0,46960.0,46960.0,46960.0,278
2025-09-24 06:04:00,46970.0,46990.0,46970.0,46990.0,46990.0,215
2025-09-24 06:06:00,47000.0,47020.0,47000.0,47010.0,47010.0,1433
2025-09-24 06:08:00,47010.0,47020.0,47010.0,47020.0,47020.0,697
2025-09-24 06:10:00,47010.0,47030.0,47010.0,47020.0,47020.0,250
2025-09-24 06:12:00,47020.0,47040.0,47020.0,47030.0,47030.0,1067
2025-09-24 06:14:00,47030.0,47040.0,47030.0,47040.0,47040.0,261
2025-09-24 06:16:00,47040.0,47060.0,47040.0,47040.0,47040.0,1377
2025-09-24 06:18:00,47050.0,47050.0,47040.0,47050.0,47050.0,373
2025-09-24 06:20:00,47050.0,47060.0,47040.0,47050.0,47050.0,416
2025-09-24 06:22:00,47050.0,47090.0,47050.0,47070.0,47070.0,2231
2025-09-24 06:24:00,47070.0,47080.0,47060.0,47070.0,47070.0,988
2025-09-25 00:04:00,47100.0,47100.0,47030.0,47030.0,47030.0,0
2025-09-25 00:06:00,47020.0,47070.0,46990.0,47070.0,47070.0,4121
2025-09-25 00:08:00,47070.0,47130.0,47070.0,47120.0,47120.0,4724
2025-09-25 00:10:00,47110.0,47150.0,47070.0,47070.0,47070.0,2421
2025-09-25 00:12:00,47060.0,47110.0,47060.0,47090.0,47090.0,1004
2025-09-25 00:14:00,47090.0,47110.0,47050.0,47070.0,47070.0,3168
2025-09-25 00:16:00,47060.0,47070.0,47000.0,47000.0,47000.0,5737
2025-09-25 00:18:00,47000.0,47050.0,46980.0,47010.0,47010.0,1778
2025-09-25 00:20:00,47010.0,47010.0,46960.0,46960.0,46960.0,983
2025-09-25 00:22:00,46960.0,46970.0,46940.0,46950.0,46950.0,4516
2025-09-25 00:24:00,46930.0,46960.0,46920.0,46950.0,46950.0,1603
2025-09-25 00:26:00,46950.0,46970.0,46940.0,46970.0,46970.0,618
2025-09-25 00:28:00,46970.0,46970.0,46900.0,46930.0,46930.0,1275
2025-09-25 00:30:00,46940.0,46950.0,46920.0,46920.0,46920.0,547
2025-09-25 00:32:00,46920.0,46930.0,46910.0,46930.0,46930.0,1822
2025-09-25 00:34:00,46930.0,46970.0,46930.0,46970.0,46970.0,1087
2025-09-25 00:36:00,46980.0,47010.0,46970.0,47000.0,47000.0,5040
2025-09-25 00:38:00,47000.0,47030.0,47000.0,47020.0,47020.0,2012
2025-09-25 00:40:00,47030.0,47060.0,47010.0,47030.0,47030.0,2066
2025-09-25 00:42:00,47040.0,47050.0,46990.0,47000.0,47000.0,2957
2025-09-25 00:44:00,47000.0,47030.0,46990.0,46990.0,46990.0,5889
2025-09-25 00:46:00,46980.0,46990.0,46950.0,46950.0,46950.0,2314
2025-09-25 00:48:00,46960.0,46960.0,46930.0,46940.0,46940.0,828
2025-09-25 00:50:00,46960.0,46970.0,46960.0,46970.0,46970.0,1019
2025-09-25 00:52:00,46980.0,47000.0,46980.0,46990.0,46990.0,1084
2025-09-25 00:54:00,46990.0,47020.0,46990.0,47000.0,47000.0,1930
2025-09-25 00:56:00,46990.0,47030.0,46980.0,47030.0,47030.0,1120
2025-09-25 00:58:00,47030.0,47030.0,46980.0,46980.0,46980.0,1362
2025-09-25 01:00:00,46980.0,47020.0,46980.0,46990.0,46990.0,1259
2025-09-25 01:02:00,46990.0,47000.0,46980.0,46980.0,46980.0,280
2025-09-25 01:04:00,46980.0,46990.0,46960.0,46960.0,46960.0,5360
2025-09-25 01:06:00,46960.0,46960.0,46930.0,46930.0,46930.0,2383
2025-09-25 01:08:00,46930.0,46960.0,46920.0,46960.0,46960.0,2132
2025-09-25 01:10:00,46970.0,46970.0,46960.0,46970.0,46970.0,411
2025-09-25 01:12:00,46970.0,47010.0,46970.0,47000.0,47000.0,1783
2025-09-25 01:14:00,47010.0,47010.0,47000.0,47010.0,47010.0,262
2025-09-25 01:16:00,47020.0,47030.0,47010.0,47010.0,47010.0,2002
2025-09-25 01:18:00,47010.0,47030.0,47010.0,47030.0,47030.0,865
2025-09-25 01:20:00,47030.0,47050.0,47030.0,47050.0,47050.0,552
2025-09-25 01:22:00,47060.0,47070.0,47040.0,47050.0,47050.0,1360
2025-09-25 01:24:00,47040.0,47070.0,47040.0,47070.0,47070.0,814
2025-09-25 01:26:00,47080.0,47100.0,47080.0,47080.0,47080.0,7494
2025-09-25 01:28:00,47090.0,47090.0,47090.0,47090.0,47090.0,233
2025-09-25 01:30:00,47100.0,47130.0,47100.0,47120.0,47120.0,915
2025-09-25 01:32:00,47130.0,47140.0,47120.0,47130.0,47130.0,725
2025-09-25 01:34:00,47120.0,47140.0,47120.0,47120.0,47120.0,345
2025-09-25 01:36:00,47120.0,47120.0,47100.0,47110.0,47110.0,417
2025-09-25 01:38:00,47120.0,47130.0,47120.0,47130.0,47130.0,605
2025-09-25 01:40:00,47120.0,47130.0,47120.0,47120.0,47120.0,1960
2025-09-25 01:42:00,47130.0,47140.0,47130.0,47130.0,47130.0,2139
2025-09-25 01:44:00,47140.0,47180.0,47140.0,47180.0,47180.0,3397
2025-09-25 01:46:00,47190.0,47220.0,47190.0,47200.0,47200.0,6183
2025-09-25 01:48:00,47200.0,47200.0,47170.0,47180.0,47180.0,203
2025-09-25 01:50:00,47180.0,47210.0,47180.0,47210.0,47210.0,885
2025-09-25 01:52:00,47200.0,47220.0,47190.0,47190.0,47190.0,1232
2025-09-25 01:54:00,47190.0,47200.0,47190.0,47200.0,47200.0,307
2025-09-25 01:56:00,47190.0,47200.0,47190.0,47200.0,47200.0,235
2025-09-25 01:58:00,47210.0,47220.0,47210.0,47210.0,47210.0,151
2025-09-25 02:00:00,47220.0,47230.0,47220.0,47230.0,47230.0,1345
2025-09-25 02:02:00,47230.0,47230.0,47170.0,47170.0,47170.0,1639
2025-09-25 02:04:00,47180.0,47180.0,47150.0,47150.0,47150.0,921
2025-09-25 02:06:00,47150.0,47160.0,47150.0,47150.0,47150.0,1582
2025-09-25 02:08:00,47160.0,47160.0,47130.0,47130.0,47130.0,1146
2025-09-25 02:10:00,47140.0,47140.0,47110.0,47140.0,47140.0,1263
2025-09-25 02:12:00,47140.0,47140.0,47110.0,47110.0,47110.0,816
2025-09-25 02:14:00,47120.0,47130.0,47110.0,47120.0,47120.0,1177
2025-09-25 02:16:00,47120.0,47120.0,47090.0,47090.0,47090.0,2808
2025-09-25 02:18:00,47090.0,47100.0,47070.0,47100.0,47100.0,1442
2025-09-25 02:20:00,47110.0,47120.0,47100.0,47120.0,47120.0,1376
2025-09-25 02:22:00,47120.0,47140.0,47120.0,47140.0,47140.0,1016
2025-09-25 02:24:00,47140.0,47160.0,47140.0,47160.0,47160.0,2657
2025-09-25 02:26:00,47160.0,47160.0,47150.0,47150.0,47150.0,921
2025-09-25 02:28:00,47150.0,47150.0,47120.0,47140.0,47140.0,821
2025-09-25 02:30:00,47140.0,47140.0,47140.0,47140.0,47140.0,968
2025-09-25 03:30:00,47130.0,47130.0,47070.0,47080.0,47080.0,3912
2025-09-25 03:32:00,47080.0,47140.0,47080.0,47140.0,47140.0,1423
2025-09-25 03:34:00,47140.0,47140.0,47130.0,47140.0,47140.0,3706
2025-09-25 03:36:00,47140.0,47150.0,47140.0,47150.0,47150.0,1608
2025-09-25 03:38:00,47140.0,47140.0,47090.0,47090.0,47090.0,1566
2025-09-25 03:40:00,47090.0,47130.0,47090.0,47130.0,47130.0,602
2025-09-25 03:42:00,47140.0,47160.0,47140.0,47150.0,47150.0,1147
2025-09-25 03:44:00,47150.0,47150.0,47120.0,47130.0,47130.0,770
2025-09-25 03:46:00,47140.0,47150.0,47140.0,47140.0,47140.0,271
2025-09-25 03:48:00,47140.0,47140.0,47120.0,47130.0,47130.0,656
2025-09-25 03:50:00,47110.0,47130.0,47110.0,47130.0,47130.0,527
2025-09-25 03:52:00,47130.0,47150.0,47130.0,47150.0,47150.0,1291
2025-09-25 03:54:00,47140.0,47150.0,47120.0,47130.0,47130.0,1094
2025-09-25 03:56:00,47140.0,47150.0,47140.0,47150.0,47150.0,170
2025-09-25 03:58:00,47140.0,47140.0,47130.0,47140.0,47140.0,1099
2025-09-25 04:00:00,47140.0,47150.0,47130.0,47130.0,47130.0,446
2025-09-25 04:02:00,47140.0,47140.0,47130.0,47140.0,47140.0,378
2025-09-25 04:04:00,47150.0,47160.0,47140.0,47160.0,47160.0,2286
2025-09-25 04:06:00,47170.0,47180.0,47160.0,47180.0,47180.0,1533
2025-09-25 04:08:00,47190.0,47200.0,47180.0,47200.0,47200.0,684
2025-09-25 04:10:00,47200.0,47200.0,47160.0,47160.0,47160.0,319
2025-09-25 04:12:00,47170.0,47170.0,47140.0,47140.0,47140.0,738
2025-09-25 04:14:00,47130.0,47160.0,47130.0,47140.0,47140.0,1888
2025-09-25 04:16:00,47140.0,47150.0,47140.0,47140.0,47140.0,1538
2025-09-25 04:18:00,47150.0,47150.0,47150.0,47150.0,47150.0,213
2025-09-25 04:20:00,47150.0,47150.0,47140.0,47140.0,47140.0,1387
2025-09-25 04:22:00,47150.0,47170.0,47150.0,47170.0,47170.0,190
2025-09-25 04:24:00,47160.0,47180.0,47160.0,47180.0,47180.0,866
2025-09-25 04:26:00,47180.0,47180.0,47160.0,47160.0,47160.0,362
2025-09-25 04:28:00,47170.0,47180.0,47170.0,47180.0,47180.0,154
2025-09-25 04:30:00,47180.0,47180.0,47170.0,47170.0,47170.0,211
2025-09-25 04:32:00,47170.0,47170.0,47160.0,47170.0,47170.0,85
2025-09-25 04:34:00,47170.0,47170.0,47140.0,47140.0,47140.0,293
2025-09-25 04:36:00,47150.0,47160.0,47150.0,47160.0,47160.0,408
2025-09-25 04:38:00,47160.0,47170.0,47160.0,47160.0,47160.0,525
2025-09-25 04:40:00,47150.0,47150.0,47140.0,47140.0,47140.0,269
2025-09-25 04:42:00,47150.0,47150.0,47120.0,47120.0,47120.0,2351
2025-09-25 04:44:00,47130.0,47130.0,47120.0,47120.0,47120.0,206
2025-09-25 04:46:00,47130.0,47130.0,47100.0,47100.0,47100.0,1152
2025-09-25 04:48:00,47100.0,47100.0,47080.0,47100.0,47100.0,767
2025-09-25 04:50:00,47090.0,47100.0,47080.0,47090.0,47090.0,212
2025-09-25 04:52:00,47090.0,47090.0,47060.0,47060.0,47060.0,933
2025-09-25 04:54:00,47060.0,47060.0,47050.0,47050.0,47050.0,897
2025-09-25 04:56:00,47050.0,47060.0,47040.0,47060.0,47060.0,1254
2025-09-25 04:58:00,47070.0,47090.0,47070.0,47090.0,47090.0,491
2025-09-25 05:00:00,47080.0,47100.0,47070.0,47080.0,47080.0,1082
2025-09-25 05:02:00,47080.0,47080.0,47060.0,47060.0,47060.0,274
2025-09-25 05:04:00,47050.0,47070.0,47050.0,47070.0,47070.0,1244
2025-09-25 05:06:00,47070.0,47080.0,47070.0,47070.0,47070.0,9056
2025-09-25 05:08:00,47070.0,47070.0,47060.0,47070.0,47070.0,813
2025-09-25 05:10:00,47070.0,47090.0,47070.0,47090.0,47090.0,1270
2025-09-25 05:12:00,47100.0,47100.0,47100.0,47100.0,47100.0,1274
2025-09-25 05:14:00,47100.0,47100.0,47100.0,47100.0,47100.0,579
2025-09-25 05:16:00,47100.0,47120.0,47100.0,47120.0,47120.0,514
2025-09-25 05:18:00,47120.0,47140.0,47120.0,47140.0,47140.0,469
2025-09-25 05:20:00,47140.0,47160.0,47140.0,47160.0,47160.0,1010
2025-09-25 05:22:00,47160.0,47160.0,47150.0,47150.0,47150.0,883
2025-09-25 05:24:00,47160.0,47160.0,47160.0,47160.0,47160.0,711
2025-09-25 05:26:00,47160.0,47170.0,47160.0,47160.0,47160.0,270
2025-09-25 05:28:00,47170.0,47180.0,47170.0,47180.0,47180.0,665
2025-09-25 05:30:00,47170.0,47170.0,47130.0,47150.0,47150.0,1110
2025-09-25 05:32:00,47160.0,47160.0,47120.0,47130.0,47130.0,1616
2025-09-25 05:34:00,47140.0,47140.0,47140.0,47140.0,47140.0,25
2025-09-25 05:36:00,47150.0,47150.0,47150.0,47150.0,47150.0,285
2025-09-25 05:38:00,47150.0,47160.0,47150.0,47150.0,47150.0,339
2025-09-25 05:40:00,47140.0,47140.0,47140.0,47140.0,47140.0,229
2025-09-25 05:42:00,47140.0,47150.0,47140.0,47140.0,47140.0,780
2025-09-25 05:44:00,47140.0,47170.0,47140.0,47170.0,47170.0,960
2025-09-25 05:46:00,47160.0,47170.0,47140.0,47150.0,47150.0,1439
2025-09-25 05:48:00,47140.0,47160.0,47140.0,47150.0,47150.0,311
2025-09-25 05:50:00,47160.0,47160.0,47150.0,47160.0,47160.0,123
2025-09-25 05:52:00,47170.0,47170.0,47150.0,47160.0,47160.0,677
2025-09-25 05:54:00,47160.0,47160.0,47160.0,47160.0,47160.0,157
2025-09-25 05:56:00,47150.0,47160.0,47150.0,47150.0,47150.0,646
2025-09-25 05:58:00,47140.0,47180.0,47140.0,47180.0,47180.0,105
2025-09-25 06:00:00,47160.0,47160.0,47140.0,47150.0,47150.0,565
2025-09-25 06:02:00,47150.0,47150.0,47130.0,47150.0,47150.0,6475
2025-09-25 06:04:00,47150.0,47170.0,47150.0,47170.0,47170.0,300
2025-09-25 06:06:00,47170.0,47170.0,47150.0,47160.0,47160.0,412
2025-09-25 06:08:00,47150.0,47170.0,47150.0,47170.0,47170.0,569
2025-09-25 06:10:00,47160.0,47180.0,47160.0,47160.0,47160.0,899
2025-09-25 06:12:00,47170.0,47180.0,47160.0,47170.0,47170.0,547
2025-09-25 06:14:00,47160.0,47170.0,47150.0,47160.0,47160.0,313
2025-09-25 06:16:00,47160.0,47170.0,47150.0,47160.0,47160.0,484
2025-09-25 06:18:00,47160.0,47160.0,47140.0,47150.0,47150.0,310
2025-09-25 06:20:00,47160.0,47190.0,47160.0,47170.0,47170.0,2240
2025-09-25 06:22:00,47170.0,47200.0,47170.0,47190.0,47190.0,1214
2025-09-25 06:24:00,47200.0,47200.0,47180.0,47190.0,47190.0,906
