Datetime,Open,High,Low,Close,Adj Close,Volume
2025-08-11 01:30:00,4.184999942779541,4.192999839782715,4.184999942779541,4.188000202178955,4.188000202178955,4217200
2025-08-11 01:32:00,4.188000202178955,4.190000057220459,4.186999797821045,4.189000129699707,4.189000129699707,8611800
2025-08-11 01:34:00,4.188000202178955,4.188000202178955,4.184999942779541,4.185999870300293,4.185999870300293,14855018
2025-08-11 01:36:00,4.186999797821045,4.189000129699707,4.185999870300293,4.188000202178955,4.188000202178955,12215500
2025-08-11 01:38:00,4.188000202178955,4.192999839782715,4.186999797821045,4.191999912261963,4.191999912261963,7883800
2025-08-11 01:40:00,4.192999839782715,4.193999767303467,4.188000202178955,4.190000057220459,4.190000057220459,12054500
2025-08-11 01:42:00,4.189000129699707,4.192999839782715,4.189000129699707,4.192999839782715,4.192999839782715,4437300
2025-08-11 01:44:00,4.192999839782715,4.192999839782715,4.190000057220459,4.190000057220459,4.190000057220459,4553700
2025-08-11 01:46:00,4.190000057220459,4.190000057220459,4.184000015258789,4.184999942779541,4.184999942779541,5943100
2025-08-11 01:48:00,4.184999942779541,4.190999984741211,4.184999942779541,4.190999984741211,4.190999984741211,11759500
2025-08-11 01:50:00,4.190999984741211,4.192999839782715,4.190000057220459,4.192999839782715,4.192999839782715,13807300
2025-08-11 01:52:00,4.192999839782715,4.199999809265137,4.192999839782715,4.198999881744385,4.198999881744385,13009400
2025-08-11 01:54:00,4.199999809265137,4.203999996185303,4.199999809265137,4.203000068664551,4.203000068664551,21690000
2025-08-11 01:56:00,4.203999996185303,4.204999923706055,4.198999881744385,4.201000213623047,4.201000213623047,11850900
2025-08-11 01:58:00,4.201000213623047,4.203000068664551,4.199999809265137,4.199999809265137,4.199999809265137,13771800
2025-08-11 02:00:00,4.201000213623047,4.203000068664551,4.197999954223633,4.198999881744385,4.198999881744385,24482300
2025-08-11 02:02:00,4.199999809265137,4.203000068664551,4.199999809265137,4.201000213623047,4.201000213623047,13164200
2025-08-11 02:04:00,4.202000141143799,4.206999778747559,4.201000213623047,4.206999778747559,4.206999778747559,24613400
2025-08-11 02:06:00,4.206999778747559,4.208000183105469,4.203000068664551,4.203999996185303,4.203999996185303,26789800
2025-08-11 02:08:00,4.203000068664551,4.203999996185303,4.197999954223633,4.198999881744385,4.198999881744385,6177100
2025-08-11 02:10:00,4.197999954223633,4.198999881744385,4.192999839782715,4.196000099182129,4.196000099182129,4168000
2025-08-11 02:12:00,4.196000099182129,4.196000099182129,4.191999912261963,4.193999767303467,4.193999767303467,3159200
2025-08-11 02:14:00,4.195000171661377,4.195000171661377,4.191999912261963,4.191999912261963,4.191999912261963,4732200
2025-08-11 02:16:00,4.192999839782715,4.193999767303467,4.191999912261963,4.192999839782715,4.192999839782715,1351400
2025-08-11 02:18:00,4.192999839782715,4.193999767303467,4.190000057220459,4.190000057220459,4.190000057220459,5135200
2025-08-11 02:20:00,4.190000057220459,4.192999839782715,4.189000129699707,4.192999839782715,4.192999839782715,1746407
2025-08-11 02:22:00,4.192999839782715,4.196000099182129,4.191999912261963,4.195000171661377,4.195000171661377,1281100
2025-08-11 02:24:00,4.195000171661377,4.197000026702881,4.195000171661377,4.196000099182129,4.196000099182129,1580500
2025-08-11 02:26:00,4.196000099182129,4.196000099182129,4.193999767303467,4.196000099182129,4.196000099182129,1417600
2025-08-11 02:28:00,4.196000099182129,4.197000026702881,4.195000171661377,4.196000099182129,4.196000099182129,2570100
2025-08-11 02:30:00,4.197000026702881,4.197000026702881,4.195000171661377,4.196000099182129,4.196000099182129,1543700
2025-08-11 02:32:00,4.196000099182129,4.197999954223633,4.195000171661377,4.197000026702881,4.197000026702881,1049800
2025-08-11 02:34:00,4.197000026702881,4.198999881744385,4.196000099182129,4.197999954223633,4.197999954223633,1588400
2025-08-11 02:36:00,4.197999954223633,4.202000141143799,4.197999954223633,4.201000213623047,4.201000213623047,5842000
2025-08-11 02:38:00,4.201000213623047,4.202000141143799,4.199999809265137,4.202000141143799,4.202000141143799,4181200
2025-08-11 02:40:00,4.202000141143799,4.204999923706055,4.202000141143799,4.204999923706055,4.204999923706055,7168700
2025-08-11 02:42:00,4.203999996185303,4.205999851226807,4.203999996185303,4.203999996185303,4.203999996185303,8700800
2025-08-11 02:44:00,4.203999996185303,4.203999996185303,4.201000213623047,4.202000141143799,4.202000141143799,3555900
2025-08-11 02:46:00,4.201000213623047,4.202000141143799,4.197999954223633,4.197999954223633,4.197999954223633,2008400
2025-08-11 02:48:00,4.197999954223633,4.199999809265137,4.197999954223633,4.197999954223633,4.197999954223633,1135200
2025-08-11 02:50:00,4.198999881744385,4.199999809265137,4.197999954223633,4.197999954223633,4.197999954223633,1446300
2025-08-11 02:52:00,4.198999881744385,4.202000141143799,4.197999954223633,4.201000213623047,4.201000213623047,1246100
2025-08-11 02:54:00,4.199999809265137,4.202000141143799,4.199999809265137,4.199999809265137,4.199999809265137,558200
2025-08-11 02:56:00,4.198999881744385,4.203000068664551,4.198999881744385,4.203000068664551,4.203000068664551,1469200
2025-08-11 02:58:00,4.203000068664551,4.203999996185303,4.202000141143799,4.203999996185303,4.203999996185303,2469300
2025-08-11 03:00:00,4.205999851226807,4.206999778747559,4.204999923706055,4.205999851226807,4.205999851226807,10349100
2025-08-11 03:02:00,4.206999778747559,4.211999893188477,4.205999851226807,4.210999965667725,4.210999965667725,28373500
2025-08-11 03:04:00,4.210999965667725,4.211999893188477,4.205999851226807,4.206999778747559,4.206999778747559,8491500
2025-08-11 03:06:00,4.206999778747559,4.206999778747559,4.205999851226807,4.205999851226807,4.205999851226807,2001300
2025-08-11 03:08:00,4.206999778747559,4.206999778747559,4.203999996185303,4.204999923706055,4.204999923706055,4406200
2025-08-11 03:10:00,4.204999923706055,4.205999851226807,4.204999923706055,4.205999851226807,4.205999851226807,3641000
2025-08-11 03:12:00,4.205999851226807,4.206999778747559,4.204999923706055,4.204999923706055,4.204999923706055,5804900
2025-08-11 03:14:00,4.204999923706055,4.206999778747559,4.204999923706055,4.206999778747559,4.206999778747559,1643100
2025-08-11 03:16:00,4.205999851226807,4.209000110626221,4.204999923706055,4.208000183105469,4.208000183105469,7161400
2025-08-11 03:18:00,4.209000110626221,4.210000038146973,4.206999778747559,4.208000183105469,4.208000183105469,2714100
2025-08-11 03:20:00,4.208000183105469,4.209000110626221,4.204999923706055,4.204999923706055,4.204999923706055,1223300
2025-08-11 03:22:00,4.205999851226807,4.208000183105469,4.205999851226807,4.208000183105469,4.208000183105469,2662100
2025-08-11 03:24:00,4.208000183105469,4.208000183105469,4.204999923706055,4.206999778747559,4.206999778747559,940100
2025-08-11 03:26:00,4.206999778747559,4.210999965667725,4.205999851226807,4.210999965667725,4.210999965667725,4772000
2025-08-11 03:28:00,4.210000038146973,4.2129998207092285,4.210000038146973,4.2129998207092285,4.2129998207092285,11389200
2025-08-11 03:30:00,4.211999893188477,4.211999893188477,4.211999893188477,4.211999893188477,4.211999893188477,6000
2025-08-11 05:00:00,4.211999893188477,4.211999893188477,4.206999778747559,4.206999778747559,4.206999778747559,6192800
2025-08-11 05:02:00,4.206999778747559,4.209000110626221,4.205999851226807,4.208000183105469,4.208000183105469,1215400
2025-08-11 05:04:00,4.206999778747559,4.211999893188477,4.205999851226807,4.211999893188477,4.211999893188477,3374600
2025-08-11 05:06:00,4.2129998207092285,4.215000152587891,4.211999893188477,4.215000152587891,4.215000152587891,11596200
2025-08-11 05:08:00,4.216000080108643,4.2170000076293945,4.214000225067139,4.2170000076293945,4.2170000076293945,6412700
2025-08-11 05:10:00,4.2170000076293945,4.2170000076293945,4.214000225067139,4.214000225067139,4.214000225067139,3380400
2025-08-11 05:12:00,4.214000225067139,4.216000080108643,4.214000225067139,4.215000152587891,4.215000152587891,4546400
2025-08-11 05:14:00,4.215000152587891,4.215000152587891,4.210000038146973,4.210000038146973,4.210000038146973,3459800
2025-08-11 05:16:00,4.210999965667725,4.211999893188477,4.209000110626221,4.209000110626221,4.209000110626221,2534600
2025-08-11 05:18:00,4.209000110626221,4.210000038146973,4.208000183105469,4.208000183105469,4.208000183105469,3406800
2025-08-11 05:20:00,4.206999778747559,4.208000183105469,4.205999851226807,4.208000183105469,4.208000183105469,1372900
2025-08-11 05:22:00,4.209000110626221,4.209000110626221,4.205999851226807,4.206999778747559,4.206999778747559,3608400
2025-08-11 05:24:00,4.206999778747559,4.209000110626221,4.205999851226807,4.208000183105469,4.208000183105469,1367800
2025-08-11 05:26:00,4.209000110626221,4.210999965667725,4.208000183105469,4.209000110626221,4.209000110626221,5370500
2025-08-11 05:28:00,4.210000038146973,4.210000038146973,4.206999778747559,4.208000183105469,4.208000183105469,1456900
2025-08-11 05:30:00,4.208000183105469,4.208000183105469,4.206999778747559,4.208000183105469,4.208000183105469,1375000
2025-08-11 05:32:00,4.206999778747559,4.210000038146973,4.206999778747559,4.208000183105469,4.208000183105469,2228200
2025-08-11 05:34:00,4.209000110626221,4.210000038146973,4.206999778747559,4.210000038146973,4.210000038146973,2233300
2025-08-11 05:36:00,4.210000038146973,4.2129998207092285,4.210000038146973,4.210000038146973,4.210000038146973,2962100
2025-08-11 05:38:00,4.210999965667725,4.211999893188477,4.210000038146973,4.210999965667725,4.210999965667725,2262900
2025-08-11 05:40:00,4.210000038146973,4.210999965667725,4.209000110626221,4.210000038146973,4.210000038146973,2173500
2025-08-11 05:42:00,4.210000038146973,4.210999965667725,4.208000183105469,4.209000110626221,4.209000110626221,611800
2025-08-11 05:44:00,4.210000038146973,4.210000038146973,4.209000110626221,4.209000110626221,4.209000110626221,1473000
2025-08-11 05:46:00,4.210000038146973,4.210000038146973,4.208000183105469,4.209000110626221,4.209000110626221,1215400
2025-08-11 05:48:00,4.208000183105469,4.210000038146973,4.208000183105469,4.210000038146973,4.210000038146973,1145200
2025-08-11 05:50:00,4.209000110626221,4.210999965667725,4.209000110626221,4.210000038146973,4.210000038146973,2933199
2025-08-11 05:52:00,4.210000038146973,4.210999965667725,4.209000110626221,4.210000038146973,4.210000038146973,1809500
2025-08-11 05:54:00,4.210999965667725,4.211999893188477,4.210000038146973,4.210000038146973,4.210000038146973,2077800
2025-08-11 05:56:00,4.210999965667725,4.2129998207092285,4.210000038146973,4.211999893188477,4.211999893188477,2115600
2025-08-11 05:58:00,4.210999965667725,4.2129998207092285,4.210999965667725,4.2129998207092285,4.2129998207092285,1586316
2025-08-11 06:00:00,4.2129998207092285,4.2179999351501465,4.2129998207092285,4.215000152587891,4.215000152587891,31059200
2025-08-11 06:02:00,4.216000080108643,4.2170000076293945,4.214000225067139,4.214000225067139,4.214000225067139,3947200
2025-08-11 06:04:00,4.214000225067139,4.216000080108643,4.210999965667725,4.210999965667725,4.210999965667725,1623200
2025-08-11 06:06:00,4.211999893188477,4.2129998207092285,4.208000183105469,4.209000110626221,4.209000110626221,3648684
2025-08-11 06:08:00,4.208000183105469,4.208000183105469,4.202000141143799,4.203000068664551,4.203000068664551,10107400
2025-08-11 06:10:00,4.203000068664551,4.204999923706055,4.202000141143799,4.203999996185303,4.203999996185303,2724300
2025-08-11 06:12:00,4.203999996185303,4.206999778747559,4.203000068664551,4.205999851226807,4.205999851226807,2273800
2025-08-11 06:14:00,4.205999851226807,4.205999851226807,4.203999996185303,4.203999996185303,4.203999996185303,1290500
2025-08-11 06:16:00,4.203999996185303,4.203999996185303,4.201000213623047,4.202000141143799,4.202000141143799,2556400
2025-08-11 06:18:00,4.201000213623047,4.203000068664551,4.199999809265137,4.202000141143799,4.202000141143799,3966200
2025-08-11 06:20:00,4.203000068664551,4.204999923706055,4.202000141143799,4.204999923706055,4.204999923706055,4375200
2025-08-11 06:22:00,4.203999996185303,4.203999996185303,4.202000141143799,4.203999996185303,4.203999996185303,1830800
2025-08-11 06:24:00,4.203999996185303,4.205999851226807,4.203000068664551,4.205999851226807,4.205999851226807,4715982
2025-08-11 06:26:00,4.204999923706055,4.206999778747559,4.204999923706055,4.204999923706055,4.204999923706055,3033100
2025-08-11 06:28:00,4.205999851226807,4.206999778747559,4.204999923706055,4.205999851226807,4.205999851226807,730700
2025-08-11 06:30:00,4.205999851226807,4.208000183105469,4.205999851226807,4.206999778747559,4.206999778747559,2730300
2025-08-11 06:32:00,4.205999851226807,4.208000183105469,4.205999851226807,4.208000183105469,4.208000183105469,1133900
2025-08-11 06:34:00,4.206999778747559,4.208000183105469,4.205999851226807,4.205999851226807,4.205999851226807,732900
2025-08-11 06:36:00,4.205999851226807,4.208000183105469,4.205999851226807,4.205999851226807,4.205999851226807,4890600
2025-08-11 06:38:00,4.206999778747559,4.206999778747559,4.203999996185303,4.203999996185303,4.203999996185303,4662200
2025-08-11 06:40:00,4.203999996185303,4.204999923706055,4.203000068664551,4.203000068664551,4.203000068664551,4115800
2025-08-11 06:42:00,4.203000068664551,4.203000068664551,4.199999809265137,4.201000213623047,4.201000213623047,14129300
2025-08-11 06:44:00,4.201000213623047,4.203000068664551,4.199999809265137,4.202000141143799,4.202000141143799,6364200
2025-08-11 06:46:00,4.202000141143799,4.204999923706055,4.202000141143799,4.204999923706055,4.204999923706055,1826800
2025-08-11 06:48:00,4.204999923706055,4.204999923706055,4.202000141143799,4.202000141143799,4.202000141143799,2081100
2025-08-11 06:50:00,4.203000068664551,4.203000068664551,4.201000213623047,4.202000141143799,4.202000141143799,3158686
2025-08-11 06:52:00,4.202000141143799,4.203999996185303,4.201000213623047,4.203999996185303,4.203999996185303,6126700
2025-08-11 06:54:00,4.202000141143799,4.203999996185303,4.202000141143799,4.202000141143799,4.202000141143799,6871300
2025-08-11 06:56:00,4.203000068664551,4.203999996185303,4.202000141143799,4.203999996185303,4.203999996185303,6305700
2025-08-11 06:58:00,4.203999996185303,4.203999996185303,4.202000141143799,4.203000068664551,4.203000068664551,11971300
2025-08-12 01:30:00,4.201000213623047,4.206999778747559,4.201000213623047,4.205999851226807,4.205999851226807,14188000
2025-08-12 01:32:00,4.205999851226807,4.208000183105469,4.203999996185303,4.204999923706055,4.204999923706055,10347200
2025-08-12 01:34:00,4.205999851226807,4.208000183105469,4.204999923706055,4.204999923706055,4.204999923706055,6184400
2025-08-12 01:36:00,4.204999923706055,4.204999923706055,4.199999809265137,4.201000213623047,4.201000213623047,7786400
2025-08-12 01:38:00,4.202000141143799,4.203999996185303,4.199999809265137,4.203999996185303,4.203999996185303,3011400
2025-08-12 01:40:00,4.203999996185303,4.208000183105469,4.203000068664551,4.208000183105469,4.208000183105469,4421900
2025-08-12 01:42:00,4.208000183105469,4.209000110626221,4.205999851226807,4.208000183105469,4.208000183105469,4823500
2025-08-12 01:44:00,4.208000183105469,4.208000183105469,4.203999996185303,4.204999923706055,4.204999923706055,4564300
2025-08-12 01:46:00,4.205999851226807,4.209000110626221,4.205999851226807,4.208000183105469,4.208000183105469,5805900
2025-08-12 01:48:00,4.208000183105469,4.214000225067139,4.208000183105469,4.214000225067139,4.214000225067139,19902000
2025-08-12 01:50:00,4.214000225067139,4.214000225067139,4.210999965667725,4.211999893188477,4.211999893188477,5464500
2025-08-12 01:52:00,4.211999893188477,4.2170000076293945,4.211999893188477,4.2170000076293945,4.2170000076293945,5650600
2025-08-12 01:54:00,4.2170000076293945,4.2170000076293945,4.215000152587891,4.2170000076293945,4.2170000076293945,3469900
2025-08-12 01:56:00,4.216000080108643,4.2179999351501465,4.2129998207092285,4.2170000076293945,4.2170000076293945,5195300
2025-08-12 01:58:00,4.2170000076293945,4.2220001220703125,4.216000080108643,4.21999979019165,4.21999979019165,12152500
2025-08-12 02:00:00,4.2220001220703125,4.2220001220703125,4.2179999351501465,4.2210001945495605,4.2210001945495605,5353100
2025-08-12 02:02:00,4.2210001945495605,4.22599983215332,4.2210001945495605,4.224999904632568,4.224999904632568,12324800
2025-08-12 02:04:00,4.224999904632568,4.22599983215332,4.2220001220703125,4.224999904632568,4.224999904632568,7208900
2025-08-12 02:06:00,4.223999977111816,4.22599983215332,4.223999977111816,4.223999977111816,4.223999977111816,5515600
2025-08-12 02:08:00,4.224999904632568,4.2270002365112305,4.223999977111816,4.2270002365112305,4.2270002365112305,7347200
2025-08-12 02:10:00,4.22599983215332,4.2270002365112305,4.2230000495910645,4.2230000495910645,4.2230000495910645,3962100
2025-08-12 02:12:00,4.2230000495910645,4.228000164031982,4.2220001220703125,4.2270002365112305,4.2270002365112305,8140000
2025-08-12 02:14:00,4.2270002365112305,4.230000019073486,4.2270002365112305,4.230000019073486,4.230000019073486,12024700
2025-08-12 02:16:00,4.230000019073486,4.230999946594238,4.228000164031982,4.228000164031982,4.228000164031982,4065000
2025-08-12 02:18:00,4.229000091552734,4.232999801635742,4.229000091552734,4.23199987411499,4.23199987411499,8396000
2025-08-12 02:20:00,4.23199987411499,4.236999988555908,4.23199987411499,4.234000205993652,4.234000205993652,9267700
2025-08-12 02:22:00,4.234000205993652,4.234000205993652,4.229000091552734,4.230000019073486,4.230000019073486,4458200
2025-08-12 02:24:00,4.229000091552734,4.23199987411499,4.22599983215332,4.22599983215332,4.22599983215332,4268600
2025-08-12 02:26:00,4.22599983215332,4.230000019073486,4.224999904632568,4.230000019073486,4.230000019073486,6332400
2025-08-12 02:28:00,4.229000091552734,4.229000091552734,4.224999904632568,4.22599983215332,4.22599983215332,5943100
2025-08-12 02:30:00,4.223999977111816,4.2270002365112305,4.223999977111816,4.22599983215332,4.22599983215332,4403800
2025-08-12 02:32:00,4.224999904632568,4.2270002365112305,4.224999904632568,4.22599983215332,4.22599983215332,2638900
2025-08-12 02:34:00,4.22599983215332,4.23199987411499,4.22599983215332,4.230999946594238,4.230999946594238,4565700
2025-08-12 02:36:00,4.23199987411499,4.234000205993652,4.230999946594238,4.230999946594238,4.230999946594238,4274700
2025-08-12 02:38:00,4.232999801635742,4.232999801635742,4.2270002365112305,4.2270002365112305,4.2270002365112305,3688300
2025-08-12 02:40:00,4.2270002365112305,4.228000164031982,4.224999904632568,4.224999904632568,4.224999904632568,3363200
2025-08-12 02:42:00,4.224999904632568,4.228000164031982,4.223999977111816,4.22599983215332,4.22599983215332,2317700
2025-08-12 02:44:00,4.22599983215332,4.22599983215332,4.2210001945495605,4.2220001220703125,4.2220001220703125,4676600
2025-08-12 02:46:00,4.2220001220703125,4.2230000495910645,4.2210001945495605,4.2210001945495605,4.2210001945495605,1174500
2025-08-12 02:48:00,4.2220001220703125,4.2230000495910645,4.21999979019165,4.21999979019165,4.21999979019165,3400800
2025-08-12 02:50:00,4.21999979019165,4.2210001945495605,4.218999862670898,4.21999979019165,4.21999979019165,3372300
2025-08-12 02:52:00,4.218999862670898,4.21999979019165,4.216000080108643,4.2170000076293945,4.2170000076293945,4121500
2025-08-12 02:54:00,4.2179999351501465,4.21999979019165,4.216000080108643,4.216000080108643,4.216000080108643,2244400
2025-08-12 02:56:00,4.216000080108643,4.216000080108643,4.210999965667725,4.2129998207092285,4.2129998207092285,5792200
2025-08-12 02:58:00,4.2129998207092285,4.215000152587891,4.210999965667725,4.2129998207092285,4.2129998207092285,3061100
2025-08-12 03:00:00,4.211999893188477,4.2170000076293945,4.211999893188477,4.216000080108643,4.216000080108643,4205100
2025-08-12 03:02:00,4.215000152587891,4.2179999351501465,4.215000152587891,4.2170000076293945,4.2170000076293945,2488400
2025-08-12 03:04:00,4.2170000076293945,4.21999979019165,4.2170000076293945,4.21999979019165,4.21999979019165,955700
2025-08-12 03:06:00,4.218999862670898,4.223999977111816,4.218999862670898,4.223999977111816,4.223999977111816,3214600
2025-08-12 03:08:00,4.224999904632568,4.224999904632568,4.2210001945495605,4.2220001220703125,4.2220001220703125,854200
2025-08-12 03:10:00,4.2230000495910645,4.228000164031982,4.2220001220703125,4.2270002365112305,4.2270002365112305,2558700
2025-08-12 03:12:00,4.228000164031982,4.228000164031982,4.224999904632568,4.224999904632568,4.224999904632568,2320000
2025-08-12 03:14:00,4.224999904632568,4.2270002365112305,4.223999977111816,4.223999977111816,4.223999977111816,1630100
2025-08-12 03:16:00,4.223999977111816,4.228000164031982,4.223999977111816,4.2270002365112305,4.2270002365112305,2748500
2025-08-12 03:18:00,4.2270002365112305,4.2270002365112305,4.223999977111816,4.223999977111816,4.223999977111816,2263600
2025-08-12 03:20:00,4.2230000495910645,4.22599983215332,4.2230000495910645,4.22599983215332,4.22599983215332,1385100
2025-08-12 03:22:00,4.22599983215332,4.22599983215332,4.2230000495910645,4.2230000495910645,4.2230000495910645,1272200
2025-08-12 03:24:00,4.2230000495910645,4.22599983215332,4.2230000495910645,4.224999904632568,4.224999904632568,1168600
2025-08-12 03:26:00,4.224999904632568,4.229000091552734,4.223999977111816,4.2270002365112305,4.2270002365112305,5621000
2025-08-12 03:28:00,4.228000164031982,4.229000091552734,4.2270002365112305,4.228000164031982,4.228000164031982,2977600
2025-08-12 03:30:00,4.229000091552734,4.229000091552734,4.229000091552734,4.229000091552734,4.229000091552734,54200
2025-08-12 05:00:00,4.228000164031982,4.230999946594238,4.228000164031982,4.230999946594238,4.230999946594238,6475900
2025-08-12 05:02:00,4.230000019073486,4.230999946594238,4.22599983215332,4.2270002365112305,4.2270002365112305,2255130
2025-08-12 05:04:00,4.2270002365112305,4.228000164031982,4.224999904632568,4.224999904632568,4.224999904632568,1743870
2025-08-12 05:06:00,4.224999904632568,4.22599983215332,4.2230000495910645,4.223999977111816,4.223999977111816,1491800
2025-08-12 05:08:00,4.223999977111816,4.2270002365112305,4.2230000495910645,4.22599983215332,4.22599983215332,2084500
2025-08-12 05:10:00,4.2270002365112305,4.229000091552734,4.224999904632568,4.228000164031982,4.228000164031982,2321400
2025-08-12 05:12:00,4.228000164031982,4.229000091552734,4.224999904632568,4.224999904632568,4.224999904632568,3510100
2025-08-12 05:14:00,4.224999904632568,4.228000164031982,4.224999904632568,4.22599983215332,4.22599983215332,3676000
2025-08-12 05:16:00,4.22599983215332,4.2270002365112305,4.224999904632568,4.22599983215332,4.22599983215332,1743300
2025-08-12 05:18:00,4.22599983215332,4.22599983215332,4.223999977111816,4.224999904632568,4.224999904632568,1768900
2025-08-12 05:20:00,4.224999904632568,4.2270002365112305,4.224999904632568,4.2270002365112305,4.2270002365112305,1137400
2025-08-12 05:22:00,4.2270002365112305,4.229000091552734,4.2270002365112305,4.2270002365112305,4.2270002365112305,2049700
2025-08-12 05:24:00,4.228000164031982,4.229000091552734,4.224999904632568,4.2270002365112305,4.2270002365112305,1602300
2025-08-12 05:26:00,4.224999904632568,4.2270002365112305,4.223999977111816,4.223999977111816,4.223999977111816,1226000
2025-08-12 05:28:00,4.223999977111816,4.223999977111816,4.2220001220703125,4.2230000495910645,4.2230000495910645,1559000
2025-08-12 05:30:00,4.2230000495910645,4.2230000495910645,4.2210001945495605,4.2220001220703125,4.2220001220703125,1946800
2025-08-12 05:32:00,4.2230000495910645,4.228000164031982,4.2230000495910645,4.22599983215332,4.22599983215332,1841200
2025-08-12 05:34:00,4.22599983215332,4.2270002365112305,4.224999904632568,4.22599983215332,4.22599983215332,1725000
2025-08-12 05:36:00,4.22599983215332,4.2270002365112305,4.224999904632568,4.22599983215332,4.22599983215332,2092700
2025-08-12 05:38:00,4.22599983215332,4.22599983215332,4.21999979019165,4.21999979019165,4.21999979019165,3130400
2025-08-12 05:40:00,4.21999979019165,4.2230000495910645,4.21999979019165,4.2230000495910645,4.2230000495910645,933200
2025-08-12 05:42:00,4.2230000495910645,4.224999904632568,4.2220001220703125,4.224999904632568,4.224999904632568,2550100
2025-08-12 05:44:00,4.224999904632568,4.2270002365112305,4.2230000495910645,4.2230000495910645,4.2230000495910645,3228400
2025-08-12 05:46:00,4.223999977111816,4.223999977111816,4.2220001220703125,4.223999977111816,4.223999977111816,1358500
2025-08-12 05:48:00,4.223999977111816,4.223999977111816,4.2220001220703125,4.2220001220703125,4.2220001220703125,1389200
2025-08-12 05:50:00,4.2220001220703125,4.223999977111816,4.2210001945495605,4.2210001945495605,4.2210001945495605,1127400
2025-08-12 05:52:00,4.2210001945495605,4.2220001220703125,4.21999979019165,4.2220001220703125,4.2220001220703125,2459400
2025-08-12 05:54:00,4.2210001945495605,4.2230000495910645,4.2210001945495605,4.2230000495910645,4.2230000495910645,1581800
2025-08-12 05:56:00,4.2230000495910645,4.223999977111816,4.2230000495910645,4.223999977111816,4.223999977111816,1079800
2025-08-12 05:58:00,4.223999977111816,4.224999904632568,4.2230000495910645,4.223999977111816,4.223999977111816,2764700
2025-08-12 06:00:00,4.223999977111816,4.228000164031982,4.223999977111816,4.228000164031982,4.228000164031982,3464400
2025-08-12 06:02:00,4.2270002365112305,4.229000091552734,4.22599983215332,4.22599983215332,4.22599983215332,2891100
2025-08-12 06:04:00,4.22599983215332,4.228000164031982,4.224999904632568,4.224999904632568,4.224999904632568,2800900
2025-08-12 06:06:00,4.224999904632568,4.2270002365112305,4.224999904632568,4.22599983215332,4.22599983215332,8480100
2025-08-12 06:08:00,4.224999904632568,4.22599983215332,4.223999977111816,4.223999977111816,4.223999977111816,2060500
2025-08-12 06:10:00,4.223999977111816,4.223999977111816,4.2220001220703125,4.2220001220703125,4.2220001220703125,3294600
2025-08-12 06:12:00,4.2220001220703125,4.224999904632568,4.2210001945495605,4.223999977111816,4.223999977111816,2184510
2025-08-12 06:14:00,4.223999977111816,4.223999977111816,4.21999979019165,4.21999979019165,4.21999979019165,7915800
2025-08-12 06:16:00,4.2210001945495605,4.2220001220703125,4.21999979019165,4.21999979019165,4.21999979019165,6535800
2025-08-12 06:18:00,4.21999979019165,4.2220001220703125,4.2179999351501465,4.2220001220703125,4.2220001220703125,1835900
2025-08-12 06:20:00,4.2220001220703125,4.224999904632568,4.2220001220703125,4.223999977111816,4.223999977111816,2387100
2025-08-12 06:22:00,4.223999977111816,4.224999904632568,4.2220001220703125,4.223999977111816,4.223999977111816,1269300
2025-08-12 06:24:00,4.223999977111816,4.224999904632568,4.2230000495910645,4.223999977111816,4.223999977111816,2377600
2025-08-12 06:26:00,4.224999904632568,4.224999904632568,4.2230000495910645,4.224999904632568,4.224999904632568,2417400
2025-08-12 06:28:00,4.223999977111816,4.2270002365112305,4.223999977111816,4.22599983215332,4.22599983215332,2623000
2025-08-12 06:30:00,4.22599983215332,4.2270002365112305,4.223999977111816,4.223999977111816,4.223999977111816,1751100
2025-08-12 06:32:00,4.223999977111816,4.22599983215332,4.2230000495910645,4.2230000495910645,4.2230000495910645,2439900
2025-08-12 06:34:00,4.2230000495910645,4.224999904632568,4.2220001220703125,4.2230000495910645,4.2230000495910645,3044700
2025-08-12 06:36:00,4.2230000495910645,4.224999904632568,4.2220001220703125,4.224999904632568,4.224999904632568,1058000
2025-08-12 06:38:00,4.223999977111816,4.224999904632568,4.223999977111816,4.223999977111816,4.223999977111816,1649200
2025-08-12 06:40:00,4.223999977111816,4.224999904632568,4.223999977111816,4.224999904632568,4.224999904632568,1581400
2025-08-12 06:42:00,4.223999977111816,4.224999904632568,4.2230000495910645,4.223999977111816,4.223999977111816,7403000
2025-08-12 06:44:00,4.223999977111816,4.22599983215332,4.223999977111816,4.223999977111816,4.223999977111816,3218500
2025-08-12 06:46:00,4.224999904632568,4.2270002365112305,4.224999904632568,4.22599983215332,4.22599983215332,8329000
2025-08-12 06:48:00,4.22599983215332,4.22599983215332,4.223999977111816,4.224999904632568,4.224999904632568,3048400
2025-08-12 06:50:00,4.224999904632568,4.224999904632568,4.2230000495910645,4.2230000495910645,4.2230000495910645,4235900
2025-08-12 06:52:00,4.223999977111816,4.223999977111816,4.2230000495910645,4.223999977111816,4.223999977111816,3453600
2025-08-12 06:54:00,4.223999977111816,4.224999904632568,4.2230000495910645,4.223999977111816,4.223999977111816,4965600
2025-08-12 06:56:00,4.223999977111816,4.22599983215332,4.2230000495910645,4.22599983215332,4.22599983215332,3631900
2025-08-12 06:58:00,4.224999904632568,4.229000091552734,4.224999904632568,4.228000164031982,4.228000164031982,9844200
2025-08-13 01:30:00,4.234000205993652,4.242000102996826,4.234000205993652,4.238999843597412,4.238999843597412,26527200
2025-08-13 01:32:00,4.238999843597412,4.239999771118164,4.235000133514404,4.235000133514404,4.235000133514404,9642200
2025-08-13 01:34:00,4.236000061035156,4.24399995803833,4.236000061035156,4.24399995803833,4.24399995803833,11050558
2025-08-13 01:36:00,4.244999885559082,4.245999813079834,4.239999771118164,4.242000102996826,4.242000102996826,8522600
2025-08-13 01:38:00,4.242000102996826,4.242000102996826,4.238999843597412,4.239999771118164,4.239999771118164,10687000
2025-08-13 01:40:00,4.241000175476074,4.243000030517578,4.239999771118164,4.242000102996826,4.242000102996826,7769900
2025-08-13 01:42:00,4.242000102996826,4.248000144958496,4.241000175476074,4.247000217437744,4.247000217437744,14169500
2025-08-13 01:44:00,4.247000217437744,4.247000217437744,4.242000102996826,4.243000030517578,4.243000030517578,7826900
2025-08-13 01:46:00,4.243000030517578,4.245999813079834,4.242000102996826,4.244999885559082,4.244999885559082,7630600
2025-08-13 01:48:00,4.244999885559082,4.245999813079834,4.238999843597412,4.239999771118164,4.239999771118164,9923800
2025-08-13 01:50:00,4.239999771118164,4.24399995803833,4.239999771118164,4.242000102996826,4.242000102996826,9789600
2025-08-13 01:52:00,4.242000102996826,4.245999813079834,4.241000175476074,4.245999813079834,4.245999813079834,7661500
2025-08-13 01:54:00,4.247000217437744,4.247000217437744,4.241000175476074,4.241000175476074,4.241000175476074,4459000
2025-08-13 01:56:00,4.241000175476074,4.241000175476074,4.23799991607666,4.238999843597412,4.238999843597412,9210800
2025-08-13 01:58:00,4.239999771118164,4.242000102996826,4.238999843597412,4.241000175476074,4.241000175476074,6312700
2025-08-13 02:00:00,4.241000175476074,4.241000175476074,4.232999801635742,4.232999801635742,4.232999801635742,10073500
2025-08-13 02:02:00,4.234000205993652,4.242000102996826,4.232999801635742,4.242000102996826,4.242000102996826,7508625
2025-08-13 02:04:00,4.241000175476074,4.24399995803833,4.241000175476074,4.24399995803833,4.24399995803833,6045100
2025-08-13 02:06:00,4.243000030517578,4.24399995803833,4.239999771118164,4.241000175476074,4.241000175476074,4728900
2025-08-13 02:08:00,4.239999771118164,4.241000175476074,4.23199987411499,4.232999801635742,4.232999801635742,6053900
2025-08-13 02:10:00,4.232999801635742,4.235000133514404,4.23199987411499,4.23199987411499,4.23199987411499,5099500
2025-08-13 02:12:00,4.23199987411499,4.232999801635742,4.230000019073486,4.230999946594238,4.230999946594238,9365800
2025-08-13 02:14:00,4.23199987411499,4.236000061035156,4.230999946594238,4.236000061035156,4.236000061035156,2891600
2025-08-13 02:16:00,4.236000061035156,4.236999988555908,4.234000205993652,4.235000133514404,4.235000133514404,3644100
2025-08-13 02:18:00,4.235000133514404,4.236000061035156,4.234000205993652,4.236000061035156,4.236000061035156,1600600
2025-08-13 02:20:00,4.235000133514404,4.238999843597412,4.235000133514404,4.238999843597412,4.238999843597412,4700800
2025-08-13 02:22:00,4.238999843597412,4.239999771118164,4.23799991607666,4.239999771118164,4.239999771118164,3524000
2025-08-13 02:24:00,4.239999771118164,4.242000102996826,4.238999843597412,4.239999771118164,4.239999771118164,5544510
2025-08-13 02:26:00,4.239999771118164,4.242000102996826,4.238999843597412,4.239999771118164,4.239999771118164,6067390
2025-08-13 02:28:00,4.239999771118164,4.242000102996826,4.238999843597412,4.238999843597412,4.238999843597412,2007200
2025-08-13 02:30:00,4.239999771118164,4.242000102996826,4.239999771118164,4.241000175476074,4.241000175476074,3578100
2025-08-13 02:32:00,4.242000102996826,4.242000102996826,4.239999771118164,4.239999771118164,4.239999771118164,2950100
2025-08-13 02:34:00,4.241000175476074,4.24399995803833,4.239999771118164,4.243000030517578,4.243000030517578,6335200
2025-08-13 02:36:00,4.24399995803833,4.248000144958496,4.24399995803833,4.247000217437744,4.247000217437744,9927700
2025-08-13 02:38:00,4.247000217437744,4.250999927520752,4.247000217437744,4.25,4.25,15652600
2025-08-13 02:40:00,4.25,4.251999855041504,4.249000072479248,4.25,4.25,8772700
2025-08-13 02:42:00,4.250999927520752,4.250999927520752,4.245999813079834,4.245999813079834,4.245999813079834,1749800
2025-08-13 02:44:00,4.247000217437744,4.250999927520752,4.247000217437744,4.248000144958496,4.248000144958496,3573000
2025-08-13 02:46:00,4.248000144958496,4.254000186920166,4.247000217437744,4.252999782562256,4.252999782562256,7858300
2025-08-13 02:48:00,4.252999782562256,4.255000114440918,4.252999782562256,4.252999782562256,4.252999782562256,5218080
2025-08-13 02:50:00,4.254000186920166,4.25600004196167,4.252999782562256,4.25600004196167,4.25600004196167,9127500
2025-08-13 02:52:00,4.255000114440918,4.255000114440918,4.249000072479248,4.25,4.25,4564300
2025-08-13 02:54:00,4.250999927520752,4.251999855041504,4.245999813079834,4.245999813079834,4.245999813079834,2941500
2025-08-13 02:56:00,4.247000217437744,4.249000072479248,4.245999813079834,4.245999813079834,4.245999813079834,3962600
2025-08-13 02:58:00,4.245999813079834,4.250999927520752,4.244999885559082,4.250999927520752,4.250999927520752,5386200
2025-08-13 03:00:00,4.250999927520752,4.250999927520752,4.249000072479248,4.25,4.25,2740400
2025-08-13 03:02:00,4.250999927520752,4.250999927520752,4.248000144958496,4.248000144958496,4.248000144958496,2176500
2025-08-13 03:04:00,4.248000144958496,4.25,4.244999885559082,4.249000072479248,4.249000072479248,3283800
2025-08-13 03:06:00,4.249000072479248,4.25600004196167,4.249000072479248,4.255000114440918,4.255000114440918,5015700
2025-08-13 03:08:00,4.255000114440918,4.257999897003174,4.255000114440918,4.25600004196167,4.25600004196167,5496600
2025-08-13 03:10:00,4.25600004196167,4.263999938964844,4.25600004196167,4.263999938964844,4.263999938964844,18516482
2025-08-13 03:12:00,4.263000011444092,4.263000011444092,4.261000156402588,4.261000156402588,4.261000156402588,7616100
2025-08-13 03:14:00,4.26200008392334,4.26800012588501,4.26200008392334,4.267000198364258,4.267000198364258,20021600
2025-08-13 03:16:00,4.26800012588501,4.26800012588501,4.264999866485596,4.267000198364258,4.267000198364258,6496600
2025-08-13 03:18:00,4.26800012588501,4.269000053405762,4.264999866485596,4.267000198364258,4.267000198364258,9850300
2025-08-13 03:20:00,4.267000198364258,4.267000198364258,4.258999824523926,4.258999824523926,4.258999824523926,8961700
2025-08-13 03:22:00,4.258999824523926,4.26200008392334,4.258999824523926,4.258999824523926,4.258999824523926,5978500
2025-08-13 03:24:00,4.260000228881836,4.261000156402588,4.258999824523926,4.260000228881836,4.260000228881836,6295100
2025-08-13 03:26:00,4.260000228881836,4.265999794006348,4.260000228881836,4.263999938964844,4.263999938964844,19101400
2025-08-13 03:28:00,4.263999938964844,4.26800012588501,4.263999938964844,4.26800012588501,4.26800012588501,4719000
2025-08-13 03:30:00,4.267000198364258,4.267000198364258,4.267000198364258,4.267000198364258,4.267000198364258,11500
2025-08-13 05:00:00,4.26800012588501,4.269000053405762,4.265999794006348,4.265999794006348,4.265999794006348,11053300
2025-08-13 05:02:00,4.265999794006348,4.269999980926514,4.265999794006348,4.26800012588501,4.26800012588501,3295500
2025-08-13 05:04:00,4.269000053405762,4.269999980926514,4.265999794006348,4.265999794006348,4.265999794006348,6156700
2025-08-13 05:06:00,4.267000198364258,4.267000198364258,4.263999938964844,4.264999866485596,4.264999866485596,9342000
2025-08-13 05:08:00,4.265999794006348,4.26800012588501,4.263999938964844,4.265999794006348,4.265999794006348,3416500
2025-08-13 05:10:00,4.265999794006348,4.265999794006348,4.263000011444092,4.263999938964844,4.263999938964844,3960300
2025-08-13 05:12:00,4.264999866485596,4.267000198364258,4.263999938964844,4.267000198364258,4.267000198364258,2298200
2025-08-13 05:14:00,4.26800012588501,4.26800012588501,4.263999938964844,4.265999794006348,4.265999794006348,3827700
2025-08-13 05:16:00,4.265999794006348,4.270999908447266,4.265999794006348,4.270999908447266,4.270999908447266,11165800
2025-08-13 05:18:00,4.270999908447266,4.271999835968018,4.26800012588501,4.269000053405762,4.269000053405762,2349500
2025-08-13 05:20:00,4.26800012588501,4.270999908447266,4.267000198364258,4.26800012588501,4.26800012588501,1606200
2025-08-13 05:22:00,4.26800012588501,4.269000053405762,4.26200008392334,4.263000011444092,4.263000011444092,3889300
2025-08-13 05:24:00,4.263000011444092,4.265999794006348,4.261000156402588,4.265999794006348,4.265999794006348,17538200
2025-08-13 05:26:00,4.264999866485596,4.265999794006348,4.263999938964844,4.263999938964844,4.263999938964844,3792300
2025-08-13 05:28:00,4.264999866485596,4.264999866485596,4.260000228881836,4.26200008392334,4.26200008392334,3252200
2025-08-13 05:30:00,4.26200008392334,4.263000011444092,4.261000156402588,4.261000156402588,4.261000156402588,5579500
2025-08-13 05:32:00,4.261000156402588,4.265999794006348,4.261000156402588,4.263999938964844,4.263999938964844,6481100
2025-08-13 05:34:00,4.264999866485596,4.264999866485596,4.26200008392334,4.263000011444092,4.263000011444092,2758500
2025-08-13 05:36:00,4.263000011444092,4.265999794006348,4.263000011444092,4.264999866485596,4.264999866485596,3478000
2025-08-13 05:38:00,4.264999866485596,4.267000198364258,4.263999938964844,4.264999866485596,4.264999866485596,7166700
2025-08-13 05:40:00,4.264999866485596,4.264999866485596,4.263000011444092,4.263999938964844,4.263999938964844,2037600
2025-08-13 05:42:00,4.263000011444092,4.265999794006348,4.263000011444092,4.264999866485596,4.264999866485596,5356000
2025-08-13 05:44:00,4.264999866485596,4.264999866485596,4.263999938964844,4.263999938964844,4.263999938964844,3583400
2025-08-13 05:46:00,4.263999938964844,4.263999938964844,4.26200008392334,4.263000011444092,4.263000011444092,5010500
2025-08-13 05:48:00,4.263000011444092,4.265999794006348,4.263000011444092,4.265999794006348,4.265999794006348,6821300
2025-08-13 05:50:00,4.264999866485596,4.265999794006348,4.263000011444092,4.263000011444092,4.263000011444092,2824400
2025-08-13 05:52:00,4.263000011444092,4.263999938964844,4.261000156402588,4.26200008392334,4.26200008392334,2075300
2025-08-13 05:54:00,4.26200008392334,4.263000011444092,4.260000228881836,4.261000156402588,4.261000156402588,1731500
2025-08-13 05:56:00,4.261000156402588,4.263000011444092,4.260000228881836,4.261000156402588,4.261000156402588,2860300
2025-08-13 05:58:00,4.261000156402588,4.261000156402588,4.260000228881836,4.261000156402588,4.261000156402588,6052600
2025-08-13 06:00:00,4.261000156402588,4.264999866485596,4.261000156402588,4.264999866485596,4.264999866485596,16722000
2025-08-13 06:02:00,4.264999866485596,4.264999866485596,4.263000011444092,4.263999938964844,4.263999938964844,2042700
2025-08-13 06:04:00,4.263999938964844,4.264999866485596,4.263000011444092,4.263999938964844,4.263999938964844,803800
2025-08-13 06:06:00,4.264999866485596,4.264999866485596,4.263000011444092,4.263000011444092,4.263000011444092,4704300
2025-08-13 06:08:00,4.263000011444092,4.265999794006348,4.26200008392334,4.264999866485596,4.264999866485596,6599000
2025-08-13 06:10:00,4.264999866485596,4.264999866485596,4.263000011444092,4.263999938964844,4.263999938964844,4386100
2025-08-13 06:12:00,4.263999938964844,4.264999866485596,4.260000228881836,4.260000228881836,4.260000228881836,3762000
2025-08-13 06:14:00,4.261000156402588,4.26200008392334,4.260000228881836,4.26200008392334,4.26200008392334,2275600
2025-08-13 06:16:00,4.26200008392334,4.263999938964844,4.26200008392334,4.263000011444092,4.263000011444092,2824300
2025-08-13 06:18:00,4.26200008392334,4.26200008392334,4.260000228881836,4.260000228881836,4.260000228881836,3494500
2025-08-13 06:20:00,4.260000228881836,4.260000228881836,4.252999782562256,4.254000186920166,4.254000186920166,6627700
2025-08-13 06:22:00,4.254000186920166,4.256999969482422,4.252999782562256,4.254000186920166,4.254000186920166,6700700
2025-08-13 06:24:00,4.255000114440918,4.256999969482422,4.254000186920166,4.25600004196167,4.25600004196167,12965900
2025-08-13 06:26:00,4.25600004196167,4.25600004196167,4.245999813079834,4.247000217437744,4.247000217437744,8547000
2025-08-13 06:28:00,4.247000217437744,4.249000072479248,4.24399995803833,4.249000072479248,4.249000072479248,6959668
2025-08-13 06:30:00,4.249000072479248,4.250999927520752,4.248000144958496,4.249000072479248,4.249000072479248,4955200
2025-08-13 06:32:00,4.249000072479248,4.250999927520752,4.248000144958496,4.249000072479248,4.249000072479248,2433400
2025-08-13 06:34:00,4.248000144958496,4.249000072479248,4.248000144958496,4.249000072479248,4.249000072479248,1779200
2025-08-13 06:36:00,4.248000144958496,4.251999855041504,4.248000144958496,4.251999855041504,4.251999855041504,4814700
2025-08-13 06:38:00,4.251999855041504,4.255000114440918,4.251999855041504,4.254000186920166,4.254000186920166,3732600
2025-08-13 06:40:00,4.254000186920166,4.256999969482422,4.254000186920166,4.255000114440918,4.255000114440918,3815200
2025-08-13 06:42:00,4.255000114440918,4.256999969482422,4.255000114440918,4.256999969482422,4.256999969482422,4602500
2025-08-13 06:44:00,4.256999969482422,4.258999824523926,4.25600004196167,4.258999824523926,4.258999824523926,5708800
2025-08-13 06:46:00,4.258999824523926,4.260000228881836,4.258999824523926,4.260000228881836,4.260000228881836,1005200
2025-08-13 06:48:00,4.258999824523926,4.260000228881836,4.256999969482422,4.257999897003174,4.257999897003174,7104900
2025-08-13 06:50:00,4.256999969482422,4.257999897003174,4.25600004196167,4.257999897003174,4.257999897003174,5724300
2025-08-13 06:52:00,4.257999897003174,4.261000156402588,4.256999969482422,4.260000228881836,4.260000228881836,5251700
2025-08-13 06:54:00,4.260000228881836,4.261000156402588,4.260000228881836,4.260000228881836,4.260000228881836,5835200
2025-08-13 06:56:00,4.260000228881836,4.263000011444092,4.258999824523926,4.263000011444092,4.263000011444092,7603400
2025-08-13 06:58:00,4.263000011444092,4.263999938964844,4.26200008392334,4.263000011444092,4.263000011444092,6352000
2025-08-14 01:30:00,4.265999794006348,4.2729997634887695,4.265999794006348,4.2729997634887695,4.2729997634887695,30600720
2025-08-14 01:32:00,4.271999835968018,4.275000095367432,4.269999980926514,4.271999835968018,4.271999835968018,13456900
2025-08-14 01:34:00,4.2729997634887695,4.275000095367432,4.270999908447266,4.2729997634887695,4.2729997634887695,10514600
2025-08-14 01:36:00,4.2729997634887695,4.27400016784668,4.270999908447266,4.271999835968018,4.271999835968018,6279500
2025-08-14 01:38:00,4.2729997634887695,4.276000022888184,4.271999835968018,4.275000095367432,4.275000095367432,7468400
2025-08-14 01:40:00,4.276000022888184,4.2779998779296875,4.276000022888184,4.2769999504089355,4.2769999504089355,8128500
2025-08-14 01:42:00,4.2779998779296875,4.2789998054504395,4.27400016784668,4.2779998779296875,4.2779998779296875,7207500
2025-08-14 01:44:00,4.2769999504089355,4.2769999504089355,4.275000095367432,4.276000022888184,4.276000022888184,6018400
2025-08-14 01:46:00,4.276000022888184,4.2789998054504395,4.276000022888184,4.2769999504089355,4.2769999504089355,9555674
2025-08-14 01:48:00,4.2769999504089355,4.2870001792907715,4.276000022888184,4.2870001792907715,4.2870001792907715,25767200
2025-08-14 01:50:00,4.2870001792907715,4.2870001792907715,4.2820000648498535,4.2820000648498535,4.2820000648498535,17979700
2025-08-14 01:52:00,4.28000020980835,4.281000137329102,4.2779998779296875,4.28000020980835,4.28000020980835,12395400
2025-08-14 01:54:00,4.28000020980835,4.284999847412109,4.28000020980835,4.283999919891357,4.283999919891357,8428800
2025-08-14 01:56:00,4.283999919891357,4.283999919891357,4.28000020980835,4.28000020980835,4.28000020980835,10403600
2025-08-14 01:58:00,4.2789998054504395,4.2820000648498535,4.2779998779296875,4.281000137329102,4.281000137329102,5703400
2025-08-14 02:00:00,4.2829999923706055,4.284999847412109,4.2820000648498535,4.284999847412109,4.284999847412109,10461600
2025-08-14 02:02:00,4.284999847412109,4.2870001792907715,4.283999919891357,4.285999774932861,4.285999774932861,6274200
2025-08-14 02:04:00,4.285999774932861,4.289000034332275,4.285999774932861,4.289000034332275,4.289000034332275,14526400
2025-08-14 02:06:00,4.289000034332275,4.289999961853027,4.288000106811523,4.289000034332275,4.289000034332275,11377400
2025-08-14 02:08:00,4.289000034332275,4.296999931335449,4.288000106811523,4.296999931335449,4.296999931335449,13662400
2025-08-14 02:10:00,4.296999931335449,4.296999931335449,4.293000221252441,4.294000148773193,4.294000148773193,10045100
2025-08-14 02:12:00,4.295000076293945,4.296999931335449,4.291999816894531,4.291999816894531,4.291999816894531,11514500
2025-08-14 02:14:00,4.293000221252441,4.293000221252441,4.289000034332275,4.291999816894531,4.291999816894531,4300900
2025-08-14 02:16:00,4.291999816894531,4.291999816894531,4.289999961853027,4.290999889373779,4.290999889373779,2908300
2025-08-14 02:18:00,4.289999961853027,4.291999816894531,4.289000034332275,4.289000034332275,4.289000034332275,3001700
2025-08-14 02:20:00,4.289000034332275,4.290999889373779,4.288000106811523,4.289000034332275,4.289000034332275,4883600
2025-08-14 02:22:00,4.289000034332275,4.293000221252441,4.288000106811523,4.293000221252441,4.293000221252441,4639500
2025-08-14 02:24:00,4.293000221252441,4.295000076293945,4.293000221252441,4.294000148773193,4.294000148773193,5089900
2025-08-14 02:26:00,4.295000076293945,4.296999931335449,4.293000221252441,4.296999931335449,4.296999931335449,4265200
2025-08-14 02:28:00,4.296000003814697,4.297999858856201,4.294000148773193,4.297999858856201,4.297999858856201,6863600
2025-08-14 02:30:00,4.297999858856201,4.298999786376953,4.296999931335449,4.298999786376953,4.298999786376953,8944000
2025-08-14 02:32:00,4.298999786376953,4.301000118255615,4.297999858856201,4.298999786376953,4.298999786376953,25769400
2025-08-14 02:34:00,4.298999786376953,4.302999973297119,4.297999858856201,4.302000045776367,4.302000045776367,12224700
2025-08-14 02:36:00,4.302000045776367,4.302000045776367,4.296999931335449,4.296999931335449,4.296999931335449,3251500
2025-08-14 02:38:00,4.296999931335449,4.296999931335449,4.290999889373779,4.293000221252441,4.293000221252441,8689200
2025-08-14 02:40:00,4.293000221252441,4.293000221252441,4.289000034332275,4.289000034332275,4.289000034332275,7343400
2025-08-14 02:42:00,4.289000034332275,4.289000034332275,4.2870001792907715,4.289000034332275,4.289000034332275,10121900
2025-08-14 02:44:00,4.288000106811523,4.289999961853027,4.285999774932861,4.285999774932861,4.285999774932861,9523400
2025-08-14 02:46:00,4.285999774932861,4.2870001792907715,4.2829999923706055,4.2829999923706055,4.2829999923706055,9792800
2025-08-14 02:48:00,4.2829999923706055,4.2829999923706055,4.2769999504089355,4.2820000648498535,4.2820000648498535,11150600
2025-08-14 02:50:00,4.281000137329102,4.288000106811523,4.281000137329102,4.2870001792907715,4.2870001792907715,11558000
2025-08-14 02:52:00,4.2870001792907715,4.289999961853027,4.285999774932861,4.288000106811523,4.288000106811523,7099500
2025-08-14 02:54:00,4.289000034332275,4.289999961853027,4.2870001792907715,4.289000034332275,4.289000034332275,5366400
2025-08-14 02:56:00,4.289000034332275,4.290999889373779,4.288000106811523,4.288000106811523,4.288000106811523,5650400
2025-08-14 02:58:00,4.288000106811523,4.289999961853027,4.288000106811523,4.289000034332275,4.289000034332275,2067000
2025-08-14 03:00:00,4.289999961853027,4.296000003814697,4.289000034332275,4.293000221252441,4.293000221252441,8452800
2025-08-14 03:02:00,4.293000221252441,4.296000003814697,4.291999816894531,4.295000076293945,4.295000076293945,3699400
2025-08-14 03:04:00,4.295000076293945,4.297999858856201,4.295000076293945,4.296999931335449,4.296999931335449,4719400
2025-08-14 03:06:00,4.297999858856201,4.298999786376953,4.296999931335449,4.296999931335449,4.296999931335449,6615800
2025-08-14 03:08:00,4.297999858856201,4.298999786376953,4.293000221252441,4.294000148773193,4.294000148773193,3473582
2025-08-14 03:10:00,4.295000076293945,4.300000190734863,4.295000076293945,4.297999858856201,4.297999858856201,3278300
2025-08-14 03:12:00,4.297999858856201,4.298999786376953,4.295000076293945,4.295000076293945,4.295000076293945,3933800
2025-08-14 03:14:00,4.295000076293945,4.297999858856201,4.295000076293945,4.295000076293945,4.295000076293945,4928100
2025-08-14 03:16:00,4.295000076293945,4.295000076293945,4.291999816894531,4.293000221252441,4.293000221252441,6039600
2025-08-14 03:18:00,4.293000221252441,4.294000148773193,4.289999961853027,4.291999816894531,4.291999816894531,2713500
2025-08-14 03:20:00,4.290999889373779,4.291999816894531,4.289999961853027,4.290999889373779,4.290999889373779,4325100
2025-08-14 03:22:00,4.289999961853027,4.291999816894531,4.289000034332275,4.291999816894531,4.291999816894531,4339000
2025-08-14 03:24:00,4.293000221252441,4.293000221252441,4.285999774932861,4.285999774932861,4.285999774932861,3092200
2025-08-14 03:26:00,4.285999774932861,4.285999774932861,4.281000137329102,4.281000137329102,4.281000137329102,11191200
2025-08-14 03:28:00,4.2820000648498535,4.283999919891357,4.28000020980835,4.28000020980835,4.28000020980835,6229800
2025-08-14 03:30:00,4.28000020980835,4.28000020980835,4.28000020980835,4.28000020980835,4.28000020980835,8500
2025-08-14 05:00:00,4.28000020980835,4.28000020980835,4.271999835968018,4.271999835968018,4.271999835968018,8988059
2025-08-14 05:02:00,4.2729997634887695,4.2779998779296875,4.271999835968018,4.2769999504089355,4.2769999504089355,4755300
2025-08-14 05:04:00,4.2769999504089355,4.2779998779296875,4.2729997634887695,4.2729997634887695,4.2729997634887695,5682000
2025-08-14 05:06:00,4.2729997634887695,4.275000095367432,4.264999866485596,4.264999866485596,4.264999866485596,19100100
2025-08-14 05:08:00,4.265999794006348,4.26800012588501,4.263000011444092,4.264999866485596,4.264999866485596,15540300
2025-08-14 05:10:00,4.265999794006348,4.267000198364258,4.263000011444092,4.267000198364258,4.267000198364258,10710500
2025-08-14 05:12:00,4.267000198364258,4.26800012588501,4.263999938964844,4.264999866485596,4.264999866485596,8368000
2025-08-14 05:14:00,4.265999794006348,4.265999794006348,4.263000011444092,4.263000011444092,4.263000011444092,6947300
2025-08-14 05:16:00,4.263000011444092,4.263000011444092,4.257999897003174,4.26200008392334,4.26200008392334,14910800
2025-08-14 05:18:00,4.261000156402588,4.263000011444092,4.260000228881836,4.260000228881836,4.260000228881836,4853500
2025-08-14 05:20:00,4.261000156402588,4.26200008392334,4.258999824523926,4.258999824523926,4.258999824523926,11118800
2025-08-14 05:22:00,4.257999897003174,4.258999824523926,4.251999855041504,4.252999782562256,4.252999782562256,14313400
2025-08-14 05:24:00,4.252999782562256,4.254000186920166,4.248000144958496,4.249000072479248,4.249000072479248,11918000
2025-08-14 05:26:00,4.249000072479248,4.256999969482422,4.249000072479248,4.255000114440918,4.255000114440918,8428500
2025-08-14 05:28:00,4.25600004196167,4.258999824523926,4.252999782562256,4.256999969482422,4.256999969482422,4377700
2025-08-14 05:30:00,4.256999969482422,4.260000228881836,4.25600004196167,4.260000228881836,4.260000228881836,8480600
2025-08-14 05:32:00,4.261000156402588,4.263000011444092,4.261000156402588,4.26200008392334,4.26200008392334,6022200
2025-08-14 05:34:00,4.26200008392334,4.263000011444092,4.260000228881836,4.26200008392334,4.26200008392334,2787400
2025-08-14 05:36:00,4.26200008392334,4.26800012588501,4.26200008392334,4.26800012588501,4.26800012588501,8535700
2025-08-14 05:38:00,4.26800012588501,4.26800012588501,4.265999794006348,4.265999794006348,4.265999794006348,2850000
2025-08-14 05:40:00,4.265999794006348,4.269999980926514,4.265999794006348,4.269000053405762,4.269000053405762,7352400
2025-08-14 05:42:00,4.26800012588501,4.26800012588501,4.26200008392334,4.264999866485596,4.264999866485596,2738400
2025-08-14 05:44:00,4.264999866485596,4.270999908447266,4.263999938964844,4.26800012588501,4.26800012588501,3805200
2025-08-14 05:46:00,4.267000198364258,4.270999908447266,4.267000198364258,4.270999908447266,4.270999908447266,4048400
2025-08-14 05:48:00,4.270999908447266,4.271999835968018,4.269000053405762,4.269999980926514,4.269999980926514,1324700
2025-08-14 05:50:00,4.270999908447266,4.271999835968018,4.269999980926514,4.270999908447266,4.270999908447266,3542200
2025-08-14 05:52:00,4.270999908447266,4.2729997634887695,4.26800012588501,4.269999980926514,4.269999980926514,2471500
2025-08-14 05:54:00,4.269999980926514,4.2729997634887695,4.26800012588501,4.271999835968018,4.271999835968018,1804323
2025-08-14 05:56:00,4.271999835968018,4.271999835968018,4.265999794006348,4.26800012588501,4.26800012588501,1637500
2025-08-14 05:58:00,4.26800012588501,4.270999908447266,4.26800012588501,4.269000053405762,4.269000053405762,1595000
2025-08-14 06:00:00,4.269999980926514,4.276000022888184,4.269999980926514,4.276000022888184,4.276000022888184,4850000
2025-08-14 06:02:00,4.2769999504089355,4.2789998054504395,4.276000022888184,4.2769999504089355,4.2769999504089355,2058400
2025-08-14 06:04:00,4.2769999504089355,4.28000020980835,4.275000095367432,4.28000020980835,4.28000020980835,4382400
2025-08-14 06:06:00,4.2789998054504395,4.28000020980835,4.2779998779296875,4.28000020980835,4.28000020980835,4177100
2025-08-14 06:08:00,4.2789998054504395,4.28000020980835,4.276000022888184,4.2769999504089355,4.2769999504089355,1943700
2025-08-14 06:10:00,4.2769999504089355,4.2779998779296875,4.276000022888184,4.276000022888184,4.276000022888184,1929700
2025-08-14 06:12:00,4.2769999504089355,4.2769999504089355,4.269000053405762,4.270999908447266,4.270999908447266,2766000
2025-08-14 06:14:00,4.269999980926514,4.2729997634887695,4.269000053405762,4.270999908447266,4.270999908447266,4398400
2025-08-14 06:16:00,4.270999908447266,4.27400016784668,4.269999980926514,4.2729997634887695,4.2729997634887695,2478200
2025-08-14 06:18:00,4.271999835968018,4.276000022888184,4.270999908447266,4.270999908447266,4.270999908447266,1618600
2025-08-14 06:20:00,4.271999835968018,4.27400016784668,4.269999980926514,4.269999980926514,4.269999980926514,2458200
2025-08-14 06:22:00,4.269999980926514,4.27400016784668,4.269999980926514,4.2729997634887695,4.2729997634887695,1196921
2025-08-14 06:24:00,4.2729997634887695,4.2769999504089355,4.2729997634887695,4.275000095367432,4.275000095367432,3569400
2025-08-14 06:26:00,4.275000095367432,4.276000022888184,4.27400016784668,4.27400016784668,4.27400016784668,2557500
2025-08-14 06:28:00,4.275000095367432,4.275000095367432,4.271999835968018,4.27400016784668,4.27400016784668,1146900
2025-08-14 06:30:00,4.275000095367432,4.276000022888184,4.27400016784668,4.27400016784668,4.27400016784668,2482000
2025-08-14 06:32:00,4.275000095367432,4.275000095367432,4.270999908447266,4.2729997634887695,4.2729997634887695,4972200
2025-08-14 06:34:00,4.271999835968018,4.2729997634887695,4.269999980926514,4.269999980926514,4.269999980926514,8976500
2025-08-14 06:36:00,4.269999980926514,4.269999980926514,4.267000198364258,4.26800012588501,4.26800012588501,2700000
2025-08-14 06:38:00,4.26800012588501,4.271999835968018,4.267000198364258,4.269000053405762,4.269000053405762,2670200
2025-08-14 06:40:00,4.269000053405762,4.270999908447266,4.26800012588501,4.269999980926514,4.269999980926514,1419700
2025-08-14 06:42:00,4.270999908447266,4.270999908447266,4.263000011444092,4.263999938964844,4.263999938964844,6969100
2025-08-14 06:44:00,4.264999866485596,4.264999866485596,4.261000156402588,4.26200008392334,4.26200008392334,6494300
2025-08-14 06:46:00,4.261000156402588,4.26200008392334,4.258999824523926,4.258999824523926,4.258999824523926,4905600
2025-08-14 06:48:00,4.258999824523926,4.263000011444092,4.258999824523926,4.26200008392334,4.26200008392334,4639800
2025-08-14 06:50:00,4.26200008392334,4.26200008392334,4.256999969482422,4.258999824523926,4.258999824523926,4719000
2025-08-14 06:52:00,4.258999824523926,4.258999824523926,4.25600004196167,4.25600004196167,4.25600004196167,11596600
2025-08-14 06:54:00,4.256999969482422,4.256999969482422,4.252999782562256,4.252999782562256,4.252999782562256,32490600
2025-08-14 06:56:00,4.255000114440918,4.25600004196167,4.252999782562256,4.25600004196167,4.25600004196167,27631700
2025-08-14 06:58:00,4.25600004196167,4.256999969482422,4.255000114440918,4.25600004196167,4.25600004196167,5388400
2025-08-15 01:30:00,4.243000030517578,4.247000217437744,4.239999771118164,4.243000030517578,4.243000030517578,34938000
2025-08-15 01:32:00,4.243000030517578,4.247000217437744,4.243000030517578,4.245999813079834,4.245999813079834,10436800
2025-08-15 01:34:00,4.247000217437744,4.25,4.247000217437744,4.248000144958496,4.248000144958496,11402800
2025-08-15 01:36:00,4.247000217437744,4.250999927520752,4.247000217437744,4.249000072479248,4.249000072479248,11100500
2025-08-15 01:38:00,4.249000072479248,4.252999782562256,4.249000072479248,4.25,4.25,8173900
2025-08-15 01:40:00,4.25,4.255000114440918,4.25,4.255000114440918,4.255000114440918,6840500
2025-08-15 01:42:00,4.255000114440918,4.25600004196167,4.252999782562256,4.252999782562256,4.252999782562256,8377400
2025-08-15 01:44:00,4.254000186920166,4.25600004196167,4.252999782562256,4.255000114440918,4.255000114440918,5239800
2025-08-15 01:46:00,4.255000114440918,4.258999824523926,4.255000114440918,4.257999897003174,4.257999897003174,8487600
2025-08-15 01:48:00,4.258999824523926,4.265999794006348,4.258999824523926,4.265999794006348,4.265999794006348,23712800
2025-08-15 01:50:00,4.265999794006348,4.267000198364258,4.26200008392334,4.263000011444092,4.263000011444092,5834400
2025-08-15 01:52:00,4.263000011444092,4.26800012588501,4.263000011444092,4.264999866485596,4.264999866485596,10792546
2025-08-15 01:54:00,4.264999866485596,4.267000198364258,4.26200008392334,4.26200008392334,4.26200008392334,7921100
2025-08-15 01:56:00,4.26200008392334,4.264999866485596,4.261000156402588,4.26200008392334,4.26200008392334,4812800
2025-08-15 01:58:00,4.26200008392334,4.264999866485596,4.258999824523926,4.263000011444092,4.263000011444092,9784200
2025-08-15 02:00:00,4.263999938964844,4.264999866485596,4.261000156402588,4.263000011444092,4.263000011444092,7825300
2025-08-15 02:02:00,4.263999938964844,4.264999866485596,4.257999897003174,4.258999824523926,4.258999824523926,6822000
2025-08-15 02:04:00,4.258999824523926,4.261000156402588,4.256999969482422,4.258999824523926,4.258999824523926,9070600
2025-08-15 02:06:00,4.260000228881836,4.260000228881836,4.256999969482422,4.257999897003174,4.257999897003174,7011400
2025-08-15 02:08:00,4.257999897003174,4.26200008392334,4.257999897003174,4.26200008392334,4.26200008392334,3448100
2025-08-15 02:10:00,4.26200008392334,4.267000198364258,4.261000156402588,4.267000198364258,4.267000198364258,3685360
2025-08-15 02:12:00,4.267000198364258,4.269999980926514,4.264999866485596,4.269999980926514,4.269999980926514,6974800
2025-08-15 02:14:00,4.269999980926514,4.2729997634887695,4.269999980926514,4.271999835968018,4.271999835968018,12508300
2025-08-15 02:16:00,4.271999835968018,4.271999835968018,4.267000198364258,4.26800012588501,4.26800012588501,3534500
2025-08-15 02:18:00,4.269000053405762,4.2729997634887695,4.267000198364258,4.26800012588501,4.26800012588501,7101500
2025-08-15 02:20:00,4.26800012588501,4.269000053405762,4.263999938964844,4.263999938964844,4.263999938964844,5394300
2025-08-15 02:22:00,4.263000011444092,4.263999938964844,4.258999824523926,4.261000156402588,4.261000156402588,20333400
2025-08-15 02:24:00,4.260000228881836,4.261000156402588,4.258999824523926,4.258999824523926,4.258999824523926,4342300
2025-08-15 02:26:00,4.260000228881836,4.261000156402588,4.257999897003174,4.257999897003174,4.257999897003174,13179600
2025-08-15 02:28:00,4.256999969482422,4.257999897003174,4.254000186920166,4.25600004196167,4.25600004196167,14913400
2025-08-15 02:30:00,4.255000114440918,4.256999969482422,4.251999855041504,4.256999969482422,4.256999969482422,18781200
2025-08-15 02:32:00,4.257999897003174,4.260000228881836,4.256999969482422,4.260000228881836,4.260000228881836,18463900
2025-08-15 02:34:00,4.261000156402588,4.26200008392334,4.258999824523926,4.261000156402588,4.261000156402588,11631100
2025-08-15 02:36:00,4.260000228881836,4.263999938964844,4.260000228881836,4.261000156402588,4.261000156402588,14064110
2025-08-15 02:38:00,4.26200008392334,4.263000011444092,4.261000156402588,4.263000011444092,4.263000011444092,8370500
2025-08-15 02:40:00,4.263000011444092,4.265999794006348,4.261000156402588,4.265999794006348,4.265999794006348,9759400
2025-08-15 02:42:00,4.264999866485596,4.265999794006348,4.263000011444092,4.263000011444092,4.263000011444092,6236700
2025-08-15 02:44:00,4.263999938964844,4.265999794006348,4.263000011444092,4.264999866485596,4.264999866485596,3523600
2025-08-15 02:46:00,4.263999938964844,4.265999794006348,4.26200008392334,4.263000011444092,4.263000011444092,4397000
2025-08-15 02:48:00,4.263999938964844,4.265999794006348,4.263000011444092,4.264999866485596,4.264999866485596,5662100
2025-08-15 02:50:00,4.263999938964844,4.265999794006348,4.263000011444092,4.263999938964844,4.263999938964844,3921600
2025-08-15 02:52:00,4.264999866485596,4.264999866485596,4.261000156402588,4.264999866485596,4.264999866485596,4717700
2025-08-15 02:54:00,4.264999866485596,4.26800012588501,4.263999938964844,4.26800012588501,4.26800012588501,5621000
2025-08-15 02:56:00,4.267000198364258,4.269000053405762,4.264999866485596,4.267000198364258,4.267000198364258,6608700
2025-08-15 02:58:00,4.265999794006348,4.267000198364258,4.263999938964844,4.264999866485596,4.264999866485596,7403622
2025-08-15 03:00:00,4.263999938964844,4.265999794006348,4.263000011444092,4.263999938964844,4.263999938964844,2040900
2025-08-15 03:02:00,4.263999938964844,4.267000198364258,4.263999938964844,4.263999938964844,4.263999938964844,1764600
2025-08-15 03:04:00,4.263999938964844,4.264999866485596,4.263999938964844,4.264999866485596,4.264999866485596,1654600
2025-08-15 03:06:00,4.263999938964844,4.263999938964844,4.261000156402588,4.26200008392334,4.26200008392334,2086400
2025-08-15 03:08:00,4.26200008392334,4.26200008392334,4.256999969482422,4.257999897003174,4.257999897003174,4521700
2025-08-15 03:10:00,4.256999969482422,4.258999824523926,4.256999969482422,4.257999897003174,4.257999897003174,1359700
2025-08-15 03:12:00,4.256999969482422,4.260000228881836,4.25600004196167,4.25600004196167,4.25600004196167,6823826
2025-08-15 03:14:00,4.25600004196167,4.260000228881836,4.25600004196167,4.260000228881836,4.260000228881836,4220800
2025-08-15 03:16:00,4.261000156402588,4.26200008392334,4.260000228881836,4.261000156402588,4.261000156402588,3762300
2025-08-15 03:18:00,4.26200008392334,4.264999866485596,4.26200008392334,4.264999866485596,4.264999866485596,7833600
2025-08-15 03:20:00,4.263999938964844,4.265999794006348,4.263000011444092,4.263999938964844,4.263999938964844,6738100
2025-08-15 03:22:00,4.263999938964844,4.270999908447266,4.263999938964844,4.270999908447266,4.270999908447266,13304729
2025-08-15 03:24:00,4.270999908447266,4.27400016784668,4.269000053405762,4.271999835968018,4.271999835968018,7582700
2025-08-15 03:26:00,4.271999835968018,4.275000095367432,4.270999908447266,4.275000095367432,4.275000095367432,9389200
2025-08-15 03:28:00,4.27400016784668,4.28000020980835,4.27400016784668,4.28000020980835,4.28000020980835,8316600
2025-08-15 03:30:00,4.2789998054504395,4.2789998054504395,4.2789998054504395,4.2789998054504395,4.2789998054504395,322200
2025-08-15 05:00:00,4.28000020980835,4.288000106811523,4.28000020980835,4.2870001792907715,4.2870001792907715,21597500
2025-08-15 05:02:00,4.285999774932861,4.288000106811523,4.283999919891357,4.288000106811523,4.288000106811523,8821800
2025-08-15 05:04:00,4.288000106811523,4.288000106811523,4.284999847412109,4.288000106811523,4.288000106811523,8133500
2025-08-15 05:06:00,4.288000106811523,4.293000221252441,4.288000106811523,4.291999816894531,4.291999816894531,12304200
2025-08-15 05:08:00,4.290999889373779,4.290999889373779,4.285999774932861,4.2870001792907715,4.2870001792907715,6192700
2025-08-15 05:10:00,4.2870001792907715,4.289000034332275,4.284999847412109,4.2870001792907715,4.2870001792907715,9246700
2025-08-15 05:12:00,4.288000106811523,4.288000106811523,4.284999847412109,4.284999847412109,4.284999847412109,5246500
2025-08-15 05:14:00,4.285999774932861,4.293000221252441,4.284999847412109,4.293000221252441,4.293000221252441,9241800
2025-08-15 05:16:00,4.293000221252441,4.293000221252441,4.288000106811523,4.289999961853027,4.289999961853027,4945000
2025-08-15 05:18:00,4.289999961853027,4.295000076293945,4.289000034332275,4.294000148773193,4.294000148773193,7308375
2025-08-15 05:20:00,4.294000148773193,4.295000076293945,4.293000221252441,4.294000148773193,4.294000148773193,4751700
2025-08-15 05:22:00,4.294000148773193,4.301000118255615,4.293000221252441,4.300000190734863,4.300000190734863,23381000
2025-08-15 05:24:00,4.298999786376953,4.298999786376953,4.291999816894531,4.296000003814697,4.296000003814697,19677000
2025-08-15 05:26:00,4.296999931335449,4.298999786376953,4.294000148773193,4.295000076293945,4.295000076293945,9668300
2025-08-15 05:28:00,4.295000076293945,4.296000003814697,4.293000221252441,4.296000003814697,4.296000003814697,6917700
2025-08-15 05:30:00,4.295000076293945,4.296000003814697,4.290999889373779,4.290999889373779,4.290999889373779,7854100
2025-08-15 05:32:00,4.289999961853027,4.294000148773193,4.289000034332275,4.294000148773193,4.294000148773193,18793300
2025-08-15 05:34:00,4.294000148773193,4.296999931335449,4.294000148773193,4.294000148773193,4.294000148773193,6475400
2025-08-15 05:36:00,4.294000148773193,4.296999931335449,4.294000148773193,4.295000076293945,4.295000076293945,3611000
2025-08-15 05:38:00,4.296000003814697,4.296000003814697,4.290999889373779,4.291999816894531,4.291999816894531,3198700
2025-08-15 05:40:00,4.293000221252441,4.297999858856201,4.291999816894531,4.296999931335449,4.296999931335449,5405700
2025-08-15 05:42:00,4.296999931335449,4.296999931335449,4.291999816894531,4.295000076293945,4.295000076293945,3359400
2025-08-15 05:44:00,4.294000148773193,4.295000076293945,4.293000221252441,4.293000221252441,4.293000221252441,4134100
2025-08-15 05:46:00,4.293000221252441,4.296000003814697,4.291999816894531,4.296000003814697,4.296000003814697,5906400
2025-08-15 05:48:00,4.296000003814697,4.301000118255615,4.296000003814697,4.301000118255615,4.301000118255615,25942500
2025-08-15 05:50:00,4.301000118255615,4.301000118255615,4.295000076293945,4.296000003814697,4.296000003814697,8191300
2025-08-15 05:52:00,4.296000003814697,4.296999931335449,4.294000148773193,4.294000148773193,4.294000148773193,3614800
2025-08-15 05:54:00,4.295000076293945,4.296000003814697,4.291999816894531,4.291999816894531,4.291999816894531,2966800
2025-08-15 05:56:00,4.291999816894531,4.293000221252441,4.289999961853027,4.291999816894531,4.291999816894531,4028400
2025-08-15 05:58:00,4.291999816894531,4.293000221252441,4.289999961853027,4.291999816894531,4.291999816894531,3174600
2025-08-15 06:00:00,4.291999816894531,4.296999931335449,4.291999816894531,4.296999931335449,4.296999931335449,15462957
2025-08-15 06:02:00,4.296999931335449,4.296999931335449,4.294000148773193,4.295000076293945,4.295000076293945,3719400
2025-08-15 06:04:00,4.295000076293945,4.295000076293945,4.291999816894531,4.293000221252441,4.293000221252441,2468900
2025-08-15 06:06:00,4.291999816894531,4.291999816894531,4.288000106811523,4.288000106811523,4.288000106811523,7629600
2025-08-15 06:08:00,4.288000106811523,4.293000221252441,4.288000106811523,4.290999889373779,4.290999889373779,6347900
2025-08-15 06:10:00,4.291999816894531,4.291999816894531,4.290999889373779,4.290999889373779,4.290999889373779,4727500
2025-08-15 06:12:00,4.290999889373779,4.295000076293945,4.290999889373779,4.294000148773193,4.294000148773193,3516400
2025-08-15 06:14:00,4.295000076293945,4.296000003814697,4.293000221252441,4.294000148773193,4.294000148773193,3007000
2025-08-15 06:16:00,4.294000148773193,4.295000076293945,4.291999816894531,4.293000221252441,4.293000221252441,1021300
2025-08-15 06:18:00,4.291999816894531,4.293000221252441,4.289999961853027,4.289999961853027,4.289999961853027,2391200
2025-08-15 06:20:00,4.289999961853027,4.293000221252441,4.289999961853027,4.290999889373779,4.290999889373779,3616600
2025-08-15 06:22:00,4.290999889373779,4.291999816894531,4.289999961853027,4.289999961853027,4.289999961853027,3694000
2025-08-15 06:24:00,4.289999961853027,4.289999961853027,4.288000106811523,4.288000106811523,4.288000106811523,2886300
2025-08-15 06:26:00,4.288000106811523,4.288000106811523,4.28000020980835,4.2829999923706055,4.2829999923706055,16174300
2025-08-15 06:28:00,4.2829999923706055,4.285999774932861,4.2829999923706055,4.283999919891357,4.283999919891357,21786600
2025-08-15 06:30:00,4.283999919891357,4.2870001792907715,4.2829999923706055,4.285999774932861,4.285999774932861,8766700
2025-08-15 06:32:00,4.285999774932861,4.288000106811523,4.283999919891357,4.284999847412109,4.284999847412109,13935820
2025-08-15 06:34:00,4.284999847412109,4.289000034332275,4.2829999923706055,4.289000034332275,4.289000034332275,7473481
2025-08-15 06:36:00,4.289000034332275,4.291999816894531,4.289000034332275,4.289999961853027,4.289999961853027,5066920
2025-08-15 06:38:00,4.289999961853027,4.290999889373779,4.289000034332275,4.290999889373779,4.290999889373779,5629201
2025-08-15 06:40:00,4.290999889373779,4.295000076293945,4.289999961853027,4.295000076293945,4.295000076293945,15143200
2025-08-15 06:42:00,4.294000148773193,4.296999931335449,4.294000148773193,4.296000003814697,4.296000003814697,21079500
2025-08-15 06:44:00,4.296000003814697,4.296000003814697,4.294000148773193,4.296000003814697,4.296000003814697,14792100
2025-08-15 06:46:00,4.296000003814697,4.296999931335449,4.295000076293945,4.296000003814697,4.296000003814697,18013700
2025-08-15 06:48:00,4.296000003814697,4.296000003814697,4.294000148773193,4.294000148773193,4.294000148773193,17514800
2025-08-15 06:50:00,4.294000148773193,4.295000076293945,4.293000221252441,4.293000221252441,4.293000221252441,16907700
2025-08-15 06:52:00,4.293000221252441,4.294000148773193,4.291999816894531,4.293000221252441,4.293000221252441,24981700
2025-08-15 06:54:00,4.293000221252441,4.293000221252441,4.290999889373779,4.291999816894531,4.291999816894531,9801400
2025-08-15 06:56:00,4.291999816894531,4.294000148773193,4.290999889373779,4.293000221252441,4.293000221252441,14279500
2025-08-15 06:58:00,4.293000221252441,4.295000076293945,4.291999816894531,4.295000076293945,4.295000076293945,11023800
2025-08-18 01:30:00,4.300000190734863,4.303999900817871,4.297999858856201,4.301000118255615,4.301000118255615,17834900
2025-08-18 01:32:00,4.300000190734863,4.303999900817871,4.296999931335449,4.296999931335449,4.296999931335449,28777200
2025-08-18 01:34:00,4.296999931335449,4.302999973297119,4.296000003814697,4.297999858856201,4.297999858856201,21025700
2025-08-18 01:36:00,4.296999931335449,4.296999931335449,4.289000034332275,4.289999961853027,4.289999961853027,15413800
2025-08-18 01:38:00,4.289999961853027,4.291999816894531,4.285999774932861,4.289000034332275,4.289000034332275,20947500
2025-08-18 01:40:00,4.288000106811523,4.289999961853027,4.284999847412109,4.289000034332275,4.289000034332275,19200500
2025-08-18 01:42:00,4.289000034332275,4.291999816894531,4.288000106811523,4.291999816894531,4.291999816894531,11430400
2025-08-18 01:44:00,4.291999816894531,4.293000221252441,4.289000034332275,4.293000221252441,4.293000221252441,9680400
2025-08-18 01:46:00,4.293000221252441,4.300000190734863,4.293000221252441,4.298999786376953,4.298999786376953,11360400
2025-08-18 01:48:00,4.298999786376953,4.302999973297119,4.298999786376953,4.301000118255615,4.301000118255615,22229900
2025-08-18 01:50:00,4.300000190734863,4.302999973297119,4.296999931335449,4.302999973297119,4.302999973297119,15429700
2025-08-18 01:52:00,4.302999973297119,4.307000160217285,4.302000045776367,4.307000160217285,4.307000160217285,16721300
2025-08-18 01:54:00,4.306000232696533,4.308000087738037,4.303999900817871,4.304999828338623,4.304999828338623,8634400
2025-08-18 01:56:00,4.304999828338623,4.308000087738037,4.304999828338623,4.308000087738037,4.308000087738037,16716300
2025-08-18 01:58:00,4.308000087738037,4.313000202178955,4.308000087738037,4.309999942779541,4.309999942779541,11695900
2025-08-18 02:00:00,4.310999870300293,4.310999870300293,4.307000160217285,4.308000087738037,4.308000087738037,8091300
2025-08-18 02:02:00,4.309000015258789,4.310999870300293,4.308000087738037,4.310999870300293,4.310999870300293,6434000
2025-08-18 02:04:00,4.309999942779541,4.313000202178955,4.309999942779541,4.311999797821045,4.311999797821045,8283200
2025-08-18 02:06:00,4.311999797821045,4.314000129699707,4.309999942779541,4.311999797821045,4.311999797821045,14294700
2025-08-18 02:08:00,4.313000202178955,4.315999984741211,4.311999797821045,4.315000057220459,4.315000057220459,13182000
2025-08-18 02:10:00,4.315000057220459,4.320000171661377,4.315000057220459,4.318999767303467,4.318999767303467,18964400
2025-08-18 02:12:00,4.318999767303467,4.324999809265137,4.318999767303467,4.323999881744385,4.323999881744385,9951500
2025-08-18 02:14:00,4.323999881744385,4.323999881744385,4.320000171661377,4.323999881744385,4.323999881744385,11011100
2025-08-18 02:16:00,4.323999881744385,4.323999881744385,4.317999839782715,4.322000026702881,4.322000026702881,8145200
2025-08-18 02:18:00,4.322000026702881,4.322999954223633,4.318999767303467,4.320000171661377,4.320000171661377,5099700
2025-08-18 02:20:00,4.318999767303467,4.320000171661377,4.315999984741211,4.317999839782715,4.317999839782715,4244500
2025-08-18 02:22:00,4.317999839782715,4.320000171661377,4.316999912261963,4.317999839782715,4.317999839782715,4155600
2025-08-18 02:24:00,4.317999839782715,4.321000099182129,4.315000057220459,4.321000099182129,4.321000099182129,5410635
2025-08-18 02:26:00,4.321000099182129,4.323999881744385,4.320000171661377,4.323999881744385,4.323999881744385,7258800
2025-08-18 02:28:00,4.322999954223633,4.324999809265137,4.321000099182129,4.324999809265137,4.324999809265137,4397000
2025-08-18 02:30:00,4.323999881744385,4.323999881744385,4.320000171661377,4.321000099182129,4.321000099182129,2940600
2025-08-18 02:32:00,4.321000099182129,4.322999954223633,4.320000171661377,4.322999954223633,4.322999954223633,5032500
2025-08-18 02:34:00,4.322999954223633,4.329999923706055,4.322999954223633,4.328999996185303,4.328999996185303,12221300
2025-08-18 02:36:00,4.327000141143799,4.329999923706055,4.324999809265137,4.326000213623047,4.326000213623047,4101200
2025-08-18 02:38:00,4.326000213623047,4.328999996185303,4.326000213623047,4.328999996185303,4.328999996185303,4274200
2025-08-18 02:40:00,4.328999996185303,4.331999778747559,4.327000141143799,4.327000141143799,4.327000141143799,9319600
2025-08-18 02:42:00,4.327000141143799,4.331999778747559,4.327000141143799,4.331999778747559,4.331999778747559,3860000
2025-08-18 02:44:00,4.329999923706055,4.333000183105469,4.328999996185303,4.333000183105469,4.333000183105469,6158000
2025-08-18 02:46:00,4.333000183105469,4.333000183105469,4.324999809265137,4.324999809265137,4.324999809265137,3099800
2025-08-18 02:48:00,4.326000213623047,4.327000141143799,4.322999954223633,4.324999809265137,4.324999809265137,5267600
2025-08-18 02:50:00,4.324999809265137,4.326000213623047,4.322999954223633,4.322999954223633,4.322999954223633,2085900
2025-08-18 02:52:00,4.323999881744385,4.327000141143799,4.322999954223633,4.326000213623047,4.326000213623047,3465232
2025-08-18 02:54:00,4.327000141143799,4.334000110626221,4.327000141143799,4.334000110626221,4.334000110626221,6296400
2025-08-18 02:56:00,4.333000183105469,4.335999965667725,4.333000183105469,4.335999965667725,4.335999965667725,6472300
2025-08-18 02:58:00,4.335999965667725,4.3379998207092285,4.334000110626221,4.335999965667725,4.335999965667725,3951900
2025-08-18 03:00:00,4.336999893188477,4.3379998207092285,4.335999965667725,4.336999893188477,4.336999893188477,4058900
2025-08-18 03:02:00,4.336999893188477,4.341000080108643,4.335999965667725,4.336999893188477,4.336999893188477,9013100
2025-08-18 03:04:00,4.336999893188477,4.336999893188477,4.335000038146973,4.335000038146973,4.335000038146973,7863000
2025-08-18 03:06:00,4.335000038146973,4.3379998207092285,4.331999778747559,4.336999893188477,4.336999893188477,2726200
2025-08-18 03:08:00,4.336999893188477,4.3379998207092285,4.335000038146973,4.336999893188477,4.336999893188477,3881400
2025-08-18 03:10:00,4.336999893188477,4.3379998207092285,4.335000038146973,4.335999965667725,4.335999965667725,4226000
2025-08-18 03:12:00,4.3379998207092285,4.339000225067139,4.335000038146973,4.339000225067139,4.339000225067139,4652200
2025-08-18 03:14:00,4.339000225067139,4.348999977111816,4.3379998207092285,4.348999977111816,4.348999977111816,11095200
2025-08-18 03:16:00,4.3480000495910645,4.35099983215332,4.34499979019165,4.349999904632568,4.349999904632568,10608100
2025-08-18 03:18:00,4.349999904632568,4.3520002365112305,4.3470001220703125,4.3470001220703125,4.3470001220703125,4239300
2025-08-18 03:20:00,4.3460001945495605,4.3470001220703125,4.340000152587891,4.340000152587891,4.340000152587891,2843300
2025-08-18 03:22:00,4.341000080108643,4.3480000495910645,4.340000152587891,4.34499979019165,4.34499979019165,6170500
2025-08-18 03:24:00,4.3460001945495605,4.3520002365112305,4.3460001945495605,4.35099983215332,4.35099983215332,7867600
2025-08-18 03:26:00,4.3520002365112305,4.355000019073486,4.3520002365112305,4.355000019073486,4.355000019073486,7934900
2025-08-18 03:28:00,4.355000019073486,4.355000019073486,4.35099983215332,4.353000164031982,4.353000164031982,5184600
2025-08-18 03:30:00,4.353000164031982,4.353000164031982,4.353000164031982,4.353000164031982,4.353000164031982,100
2025-08-18 05:00:00,4.353000164031982,4.359000205993652,4.3520002365112305,4.359000205993652,4.359000205993652,17344800
2025-08-18 05:02:00,4.357999801635742,4.359000205993652,4.355999946594238,4.35699987411499,4.35699987411499,7095700
2025-08-18 05:04:00,4.35699987411499,4.359000205993652,4.353000164031982,4.359000205993652,4.359000205993652,4224900
2025-08-18 05:06:00,4.357999801635742,4.360000133514404,4.3520002365112305,4.353000164031982,4.353000164031982,5871500
2025-08-18 05:08:00,4.3520002365112305,4.355000019073486,4.3520002365112305,4.353000164031982,4.353000164031982,2963900
2025-08-18 05:10:00,4.354000091552734,4.355000019073486,4.35099983215332,4.355000019073486,4.355000019073486,4655900
2025-08-18 05:12:00,4.354000091552734,4.35699987411499,4.3520002365112305,4.353000164031982,4.353000164031982,4680564
2025-08-18 05:14:00,4.353000164031982,4.353000164031982,4.34499979019165,4.34499979019165,4.34499979019165,7837700
2025-08-18 05:16:00,4.34499979019165,4.349999904632568,4.34499979019165,4.349999904632568,4.349999904632568,3350800
2025-08-18 05:18:00,4.348999977111816,4.348999977111816,4.343999862670898,4.3460001945495605,4.3460001945495605,3831100
2025-08-18 05:20:00,4.3460001945495605,4.3480000495910645,4.3429999351501465,4.3429999351501465,4.3429999351501465,5579800
2025-08-18 05:22:00,4.3429999351501465,4.34499979019165,4.340000152587891,4.3429999351501465,4.3429999351501465,5674600
2025-08-18 05:24:00,4.3429999351501465,4.3429999351501465,4.336999893188477,4.3379998207092285,4.3379998207092285,7056300
2025-08-18 05:26:00,4.335000038146973,4.336999893188477,4.334000110626221,4.334000110626221,4.334000110626221,7675000
2025-08-18 05:28:00,4.334000110626221,4.339000225067139,4.333000183105469,4.339000225067139,4.339000225067139,4532200
2025-08-18 05:30:00,4.340000152587891,4.34499979019165,4.336999893188477,4.343999862670898,4.343999862670898,17826373
2025-08-18 05:32:00,4.343999862670898,4.343999862670898,4.341000080108643,4.3420000076293945,4.3420000076293945,24428800
2025-08-18 05:34:00,4.3420000076293945,4.343999862670898,4.340000152587891,4.3429999351501465,4.3429999351501465,2481600
2025-08-18 05:36:00,4.341000080108643,4.3420000076293945,4.3379998207092285,4.339000225067139,4.339000225067139,4038800
2025-08-18 05:38:00,4.339000225067139,4.340000152587891,4.3379998207092285,4.3379998207092285,4.3379998207092285,1921300
2025-08-18 05:40:00,4.339000225067139,4.34499979019165,4.339000225067139,4.343999862670898,4.343999862670898,2304300
2025-08-18 05:42:00,4.3429999351501465,4.3429999351501465,4.339000225067139,4.340000152587891,4.340000152587891,2763300
2025-08-18 05:44:00,4.340000152587891,4.340000152587891,4.335000038146973,4.339000225067139,4.339000225067139,4591600
2025-08-18 05:46:00,4.339000225067139,4.339000225067139,4.335999965667725,4.339000225067139,4.339000225067139,2241500
2025-08-18 05:48:00,4.340000152587891,4.340000152587891,4.335000038146973,4.335999965667725,4.335999965667725,2970100
2025-08-18 05:50:00,4.335999965667725,4.3379998207092285,4.335000038146973,4.3379998207092285,4.3379998207092285,2677600
2025-08-18 05:52:00,4.3379998207092285,4.3379998207092285,4.334000110626221,4.335000038146973,4.335000038146973,7917500
2025-08-18 05:54:00,4.335000038146973,4.335999965667725,4.328000068664551,4.328000068664551,4.328000068664551,13497200
2025-08-18 05:56:00,4.328000068664551,4.331999778747559,4.326000213623047,4.330999851226807,4.330999851226807,8467300
2025-08-18 05:58:00,4.330999851226807,4.331999778747559,4.327000141143799,4.328000068664551,4.328000068664551,6507500
2025-08-18 06:00:00,4.327000141143799,4.333000183105469,4.327000141143799,4.333000183105469,4.333000183105469,5262300
2025-08-18 06:02:00,4.334000110626221,4.334000110626221,4.330999851226807,4.331999778747559,4.331999778747559,2900900
2025-08-18 06:04:00,4.331999778747559,4.331999778747559,4.328000068664551,4.328000068664551,4.328000068664551,3156000
2025-08-18 06:06:00,4.327000141143799,4.331999778747559,4.327000141143799,4.328999996185303,4.328999996185303,8730600
2025-08-18 06:08:00,4.328999996185303,4.328999996185303,4.321000099182129,4.322999954223633,4.322999954223633,8502800
2025-08-18 06:10:00,4.322000026702881,4.328000068664551,4.320000171661377,4.320000171661377,4.320000171661377,12812100
2025-08-18 06:12:00,4.318999767303467,4.321000099182129,4.315999984741211,4.317999839782715,4.317999839782715,9569000
2025-08-18 06:14:00,4.316999912261963,4.322000026702881,4.315999984741211,4.318999767303467,4.318999767303467,7529000
2025-08-18 06:16:00,4.317999839782715,4.321000099182129,4.313000202178955,4.313000202178955,4.313000202178955,9285700
2025-08-18 06:18:00,4.313000202178955,4.317999839782715,4.311999797821045,4.316999912261963,4.316999912261963,14194700
2025-08-18 06:20:00,4.316999912261963,4.321000099182129,4.315000057220459,4.320000171661377,4.320000171661377,6217000
2025-08-18 06:22:00,4.321000099182129,4.324999809265137,4.320000171661377,4.324999809265137,4.324999809265137,8378900
2025-08-18 06:24:00,4.324999809265137,4.328000068664551,4.323999881744385,4.327000141143799,4.327000141143799,13260299
2025-08-18 06:26:00,4.327000141143799,4.327000141143799,4.320000171661377,4.321000099182129,4.321000099182129,5540400
2025-08-18 06:28:00,4.320000171661377,4.320000171661377,4.316999912261963,4.317999839782715,4.317999839782715,12304300
2025-08-18 06:30:00,4.318999767303467,4.326000213623047,4.318999767303467,4.324999809265137,4.324999809265137,12318900
2025-08-18 06:32:00,4.323999881744385,4.326000213623047,4.322999954223633,4.326000213623047,4.326000213623047,7173600
2025-08-18 06:34:00,4.326000213623047,4.328000068664551,4.324999809265137,4.324999809265137,4.324999809265137,6561900
2025-08-18 06:36:00,4.326000213623047,4.330999851226807,4.324999809265137,4.330999851226807,4.330999851226807,7090830
2025-08-18 06:38:00,4.330999851226807,4.333000183105469,4.330999851226807,4.330999851226807,4.330999851226807,10481200
2025-08-18 06:40:00,4.330999851226807,4.334000110626221,4.330999851226807,4.331999778747559,4.331999778747559,5136400
2025-08-18 06:42:00,4.331999778747559,4.333000183105469,4.331999778747559,4.331999778747559,4.331999778747559,2871400
2025-08-18 06:44:00,4.331999778747559,4.333000183105469,4.329999923706055,4.330999851226807,4.330999851226807,9412800
2025-08-18 06:46:00,4.331999778747559,4.331999778747559,4.327000141143799,4.328999996185303,4.328999996185303,4953400
2025-08-18 06:48:00,4.328999996185303,4.328999996185303,4.324999809265137,4.324999809265137,4.324999809265137,4598700
2025-08-18 06:50:00,4.324999809265137,4.328000068664551,4.322999954223633,4.327000141143799,4.327000141143799,5622300
2025-08-18 06:52:00,4.328000068664551,4.328999996185303,4.327000141143799,4.328999996185303,4.328999996185303,5325600
2025-08-18 06:54:00,4.328999996185303,4.329999923706055,4.328000068664551,4.328000068664551,4.328000068664551,9901800
2025-08-18 06:56:00,4.328000068664551,4.328999996185303,4.327000141143799,4.328000068664551,4.328000068664551,8573700
2025-08-18 06:58:00,4.328000068664551,4.328000068664551,4.326000213623047,4.327000141143799,4.327000141143799,8287900
2025-08-19 01:30:00,4.327000141143799,4.339000225067139,4.326000213623047,4.3379998207092285,4.3379998207092285,23208500
2025-08-19 01:32:00,4.339000225067139,4.3420000076293945,4.335000038146973,4.3420000076293945,4.3420000076293945,17266900
2025-08-19 01:34:00,4.3420000076293945,4.34499979019165,4.340000152587891,4.341000080108643,4.341000080108643,12545540
2025-08-19 01:36:00,4.341000080108643,4.3470001220703125,4.341000080108643,4.3460001945495605,4.3460001945495605,13147600
2025-08-19 01:38:00,4.3460001945495605,4.3460001945495605,4.3420000076293945,4.3429999351501465,4.3429999351501465,14005900
2025-08-19 01:40:00,4.3429999351501465,4.3429999351501465,4.340000152587891,4.341000080108643,4.341000080108643,10694600
2025-08-19 01:42:00,4.3420000076293945,4.34499979019165,4.3420000076293945,4.343999862670898,4.343999862670898,19897700
2025-08-19 01:44:00,4.343999862670898,4.3460001945495605,4.3420000076293945,4.343999862670898,4.343999862670898,10148200
2025-08-19 01:46:00,4.3429999351501465,4.3429999351501465,4.336999893188477,4.336999893188477,4.336999893188477,15192300
2025-08-19 01:48:00,4.3379998207092285,4.3379998207092285,4.330999851226807,4.330999851226807,4.330999851226807,8028700
2025-08-19 01:50:00,4.330999851226807,4.335999965667725,4.330999851226807,4.335000038146973,4.335000038146973,22938200
2025-08-19 01:52:00,4.335000038146973,4.339000225067139,4.334000110626221,4.339000225067139,4.339000225067139,4110000
2025-08-19 01:54:00,4.3379998207092285,4.340000152587891,4.335999965667725,4.336999893188477,4.336999893188477,3729200
2025-08-19 01:56:00,4.336999893188477,4.340000152587891,4.335999965667725,4.3379998207092285,4.3379998207092285,10132500
2025-08-19 01:58:00,4.3379998207092285,4.340000152587891,4.331999778747559,4.331999778747559,4.331999778747559,6946200
2025-08-19 02:00:00,4.331999778747559,4.334000110626221,4.326000213623047,4.326000213623047,4.326000213623047,11595500
2025-08-19 02:02:00,4.324999809265137,4.328000068664551,4.321000099182129,4.322999954223633,4.322999954223633,11757100
2025-08-19 02:04:00,4.322999954223633,4.322999954223633,4.317999839782715,4.317999839782715,4.317999839782715,15038800
2025-08-19 02:06:00,4.317999839782715,4.322999954223633,4.316999912261963,4.322000026702881,4.322000026702881,13427600
2025-08-19 02:08:00,4.322999954223633,4.328999996185303,4.322999954223633,4.328000068664551,4.328000068664551,5881500
2025-08-19 02:10:00,4.327000141143799,4.328000068664551,4.324999809265137,4.327000141143799,4.327000141143799,11295500
2025-08-19 02:12:00,4.327000141143799,4.328999996185303,4.326000213623047,4.328000068664551,4.328000068664551,3398500
2025-08-19 02:14:00,4.328999996185303,4.328999996185303,4.324999809265137,4.326000213623047,4.326000213623047,2607300
2025-08-19 02:16:00,4.328000068664551,4.328000068664551,4.326000213623047,4.326000213623047,4.326000213623047,7399000
2025-08-19 02:18:00,4.326000213623047,4.326000213623047,4.322000026702881,4.322999954223633,4.322999954223633,5770900
2025-08-19 02:20:00,4.322000026702881,4.322999954223633,4.320000171661377,4.322000026702881,4.322000026702881,5687000
2025-08-19 02:22:00,4.322000026702881,4.322999954223633,4.320000171661377,4.321000099182129,4.321000099182129,5282600
2025-08-19 02:24:00,4.321000099182129,4.322999954223633,4.320000171661377,4.322000026702881,4.322000026702881,5644500
2025-08-19 02:26:00,4.322999954223633,4.326000213623047,4.322000026702881,4.326000213623047,4.326000213623047,2725000
2025-08-19 02:28:00,4.326000213623047,4.328000068664551,4.326000213623047,4.326000213623047,4.326000213623047,4209500
2025-08-19 02:30:00,4.326000213623047,4.328000068664551,4.324999809265137,4.326000213623047,4.326000213623047,4159600
2025-08-19 02:32:00,4.327000141143799,4.329999923706055,4.323999881744385,4.327000141143799,4.327000141143799,9827400
2025-08-19 02:34:00,4.328000068664551,4.330999851226807,4.328000068664551,4.330999851226807,4.330999851226807,7952800
2025-08-19 02:36:00,4.330999851226807,4.331999778747559,4.328999996185303,4.329999923706055,4.329999923706055,3596300
2025-08-19 02:38:00,4.329999923706055,4.330999851226807,4.328000068664551,4.329999923706055,4.329999923706055,8065600
2025-08-19 02:40:00,4.329999923706055,4.331999778747559,4.328999996185303,4.330999851226807,4.330999851226807,5604300
2025-08-19 02:42:00,4.330999851226807,4.330999851226807,4.327000141143799,4.327000141143799,4.327000141143799,13598000
2025-08-19 02:44:00,4.328000068664551,4.328999996185303,4.326000213623047,4.326000213623047,4.326000213623047,6971100
2025-08-19 02:46:00,4.327000141143799,4.328999996185303,4.323999881744385,4.326000213623047,4.326000213623047,4601500
2025-08-19 02:48:00,4.327000141143799,4.328000068664551,4.324999809265137,4.328000068664551,4.328000068664551,2237600
2025-08-19 02:50:00,4.327000141143799,4.327000141143799,4.324999809265137,4.327000141143799,4.327000141143799,5087100
2025-08-19 02:52:00,4.326000213623047,4.326000213623047,4.322999954223633,4.323999881744385,4.323999881744385,2956200
2025-08-19 02:54:00,4.323999881744385,4.323999881744385,4.322000026702881,4.323999881744385,4.323999881744385,2764100
2025-08-19 02:56:00,4.323999881744385,4.327000141143799,4.323999881744385,4.324999809265137,4.324999809265137,1086500
2025-08-19 02:58:00,4.326000213623047,4.326000213623047,4.322000026702881,4.322999954223633,4.322999954223633,926800
2025-08-19 03:00:00,4.322999954223633,4.324999809265137,4.322999954223633,4.324999809265137,4.324999809265137,2414700
2025-08-19 03:02:00,4.324999809265137,4.328000068664551,4.324999809265137,4.328000068664551,4.328000068664551,1730800
2025-08-19 03:04:00,4.328999996185303,4.328999996185303,4.326000213623047,4.327000141143799,4.327000141143799,2382500
2025-08-19 03:06:00,4.328000068664551,4.328999996185303,4.326000213623047,4.326000213623047,4.326000213623047,2978400
2025-08-19 03:08:00,4.327000141143799,4.327000141143799,4.323999881744385,4.327000141143799,4.327000141143799,13685900
2025-08-19 03:10:00,4.328000068664551,4.329999923706055,4.327000141143799,4.328999996185303,4.328999996185303,2699200
2025-08-19 03:12:00,4.329999923706055,4.331999778747559,4.328999996185303,4.331999778747559,4.331999778747559,2810900
2025-08-19 03:14:00,4.333000183105469,4.334000110626221,4.329999923706055,4.329999923706055,4.329999923706055,3313800
2025-08-19 03:16:00,4.329999923706055,4.331999778747559,4.329999923706055,4.329999923706055,4.329999923706055,1500100
2025-08-19 03:18:00,4.329999923706055,4.330999851226807,4.326000213623047,4.327000141143799,4.327000141143799,2190800
2025-08-19 03:20:00,4.327000141143799,4.329999923706055,4.326000213623047,4.328999996185303,4.328999996185303,2657400
2025-08-19 03:22:00,4.329999923706055,4.334000110626221,4.328999996185303,4.333000183105469,4.333000183105469,2113000
2025-08-19 03:24:00,4.333000183105469,4.333000183105469,4.329999923706055,4.333000183105469,4.333000183105469,1780500
2025-08-19 03:26:00,4.331999778747559,4.331999778747559,4.327000141143799,4.328000068664551,4.328000068664551,2466800
2025-08-19 03:28:00,4.327000141143799,4.328000068664551,4.324999809265137,4.324999809265137,4.324999809265137,2868700
2025-08-19 03:30:00,4.326000213623047,4.326000213623047,4.326000213623047,4.326000213623047,4.326000213623047,300
2025-08-19 05:00:00,4.326000213623047,4.329999923706055,4.326000213623047,4.327000141143799,4.327000141143799,5388465
2025-08-19 05:02:00,4.328000068664551,4.329999923706055,4.326000213623047,4.329999923706055,4.329999923706055,2214200
2025-08-19 05:04:00,4.328999996185303,4.331999778747559,4.328000068664551,4.329999923706055,4.329999923706055,2297800
2025-08-19 05:06:00,4.328999996185303,4.331999778747559,4.328999996185303,4.330999851226807,4.330999851226807,2698300
2025-08-19 05:08:00,4.331999778747559,4.334000110626221,4.330999851226807,4.330999851226807,4.330999851226807,6564800
2025-08-19 05:10:00,4.333000183105469,4.334000110626221,4.331999778747559,4.334000110626221,4.334000110626221,5876400
2025-08-19 05:12:00,4.334000110626221,4.334000110626221,4.328999996185303,4.329999923706055,4.329999923706055,3259800
2025-08-19 05:14:00,4.329999923706055,4.330999851226807,4.327000141143799,4.328000068664551,4.328000068664551,6692100
2025-08-19 05:16:00,4.327000141143799,4.330999851226807,4.326000213623047,4.326000213623047,4.326000213623047,3118000
2025-08-19 05:18:00,4.327000141143799,4.328000068664551,4.324999809265137,4.327000141143799,4.327000141143799,4929200
2025-08-19 05:20:00,4.326000213623047,4.328999996185303,4.326000213623047,4.327000141143799,4.327000141143799,1410300
2025-08-19 05:22:00,4.327000141143799,4.328000068664551,4.326000213623047,4.326000213623047,4.326000213623047,2665300
2025-08-19 05:24:00,4.324999809265137,4.327000141143799,4.324999809265137,4.324999809265137,4.324999809265137,1232800
2025-08-19 05:26:00,4.326000213623047,4.326000213623047,4.322999954223633,4.323999881744385,4.323999881744385,6255500
2025-08-19 05:28:00,4.323999881744385,4.328000068664551,4.323999881744385,4.326000213623047,4.326000213623047,3020400
2025-08-19 05:30:00,4.326000213623047,4.327000141143799,4.323999881744385,4.323999881744385,4.323999881744385,1825500
2025-08-19 05:32:00,4.323999881744385,4.323999881744385,4.320000171661377,4.320000171661377,4.320000171661377,5522100
2025-08-19 05:34:00,4.320000171661377,4.321000099182129,4.316999912261963,4.316999912261963,4.316999912261963,14213300
2025-08-19 05:36:00,4.316999912261963,4.320000171661377,4.316999912261963,4.320000171661377,4.320000171661377,5091400
2025-08-19 05:38:00,4.320000171661377,4.323999881744385,4.320000171661377,4.321000099182129,4.321000099182129,4126400
2025-08-19 05:40:00,4.322000026702881,4.322000026702881,4.318999767303467,4.322000026702881,4.322000026702881,2068500
2025-08-19 05:42:00,4.321000099182129,4.322000026702881,4.318999767303467,4.318999767303467,4.318999767303467,2372400
2025-08-19 05:44:00,4.320000171661377,4.321000099182129,4.316999912261963,4.316999912261963,4.316999912261963,6184900
2025-08-19 05:46:00,4.316999912261963,4.316999912261963,4.314000129699707,4.314000129699707,4.314000129699707,8598700
2025-08-19 05:48:00,4.315000057220459,4.317999839782715,4.314000129699707,4.315000057220459,4.315000057220459,4740900
2025-08-19 05:50:00,4.315000057220459,4.315999984741211,4.309999942779541,4.310999870300293,4.310999870300293,9766800
2025-08-19 05:52:00,4.310999870300293,4.310999870300293,4.308000087738037,4.309000015258789,4.309000015258789,10813800
2025-08-19 05:54:00,4.309000015258789,4.314000129699707,4.309000015258789,4.311999797821045,4.311999797821045,3731300
2025-08-19 05:56:00,4.311999797821045,4.311999797821045,4.309000015258789,4.309000015258789,4.309000015258789,6306400
2025-08-19 05:58:00,4.309000015258789,4.309999942779541,4.304999828338623,4.308000087738037,4.308000087738037,10454100
2025-08-19 06:00:00,4.306000232696533,4.314000129699707,4.304999828338623,4.313000202178955,4.313000202178955,7645700
2025-08-19 06:02:00,4.313000202178955,4.316999912261963,4.310999870300293,4.315999984741211,4.315999984741211,4055574
2025-08-19 06:04:00,4.316999912261963,4.318999767303467,4.315000057220459,4.317999839782715,4.317999839782715,4099500
2025-08-19 06:06:00,4.318999767303467,4.320000171661377,4.315999984741211,4.316999912261963,4.316999912261963,4392600
2025-08-19 06:08:00,4.317999839782715,4.317999839782715,4.315000057220459,4.315000057220459,4.315000057220459,4429300
2025-08-19 06:10:00,4.315000057220459,4.315000057220459,4.310999870300293,4.311999797821045,4.311999797821045,3103400
2025-08-19 06:12:00,4.311999797821045,4.314000129699707,4.309999942779541,4.311999797821045,4.311999797821045,3695700
2025-08-19 06:14:00,4.313000202178955,4.315999984741211,4.311999797821045,4.315000057220459,4.315000057220459,2503320
2025-08-19 06:16:00,4.315000057220459,4.315000057220459,4.309999942779541,4.309999942779541,4.309999942779541,3038500
2025-08-19 06:18:00,4.310999870300293,4.311999797821045,4.309000015258789,4.309999942779541,4.309999942779541,5994200
2025-08-19 06:20:00,4.309999942779541,4.309999942779541,4.303999900817871,4.306000232696533,4.306000232696533,9245900
2025-08-19 06:22:00,4.306000232696533,4.309999942779541,4.302999973297119,4.303999900817871,4.303999900817871,6573400
2025-08-19 06:24:00,4.303999900817871,4.304999828338623,4.301000118255615,4.301000118255615,4.301000118255615,8999300
2025-08-19 06:26:00,4.301000118255615,4.302000045776367,4.297999858856201,4.298999786376953,4.298999786376953,17409800
2025-08-19 06:28:00,4.298999786376953,4.307000160217285,4.298999786376953,4.307000160217285,4.307000160217285,5826500
2025-08-19 06:30:00,4.307000160217285,4.309000015258789,4.306000232696533,4.307000160217285,4.307000160217285,5109300
2025-08-19 06:32:00,4.307000160217285,4.310999870300293,4.307000160217285,4.310999870300293,4.310999870300293,5221000
2025-08-19 06:34:00,4.311999797821045,4.314000129699707,4.309999942779541,4.314000129699707,4.314000129699707,4976772
2025-08-19 06:36:00,4.313000202178955,4.314000129699707,4.310999870300293,4.313000202178955,4.313000202178955,4216760
2025-08-19 06:38:00,4.313000202178955,4.314000129699707,4.309000015258789,4.309999942779541,4.309999942779541,8215400
2025-08-19 06:40:00,4.309999942779541,4.311999797821045,4.306000232696533,4.310999870300293,4.310999870300293,6842500
2025-08-19 06:42:00,4.310999870300293,4.314000129699707,4.309999942779541,4.314000129699707,4.314000129699707,6416400
2025-08-19 06:44:00,4.314000129699707,4.314000129699707,4.311999797821045,4.313000202178955,4.313000202178955,6784300
2025-08-19 06:46:00,4.314000129699707,4.314000129699707,4.309999942779541,4.309999942779541,4.309999942779541,7281000
2025-08-19 06:48:00,4.310999870300293,4.310999870300293,4.308000087738037,4.308000087738037,4.308000087738037,8877200
2025-08-19 06:50:00,4.308000087738037,4.308000087738037,4.304999828338623,4.306000232696533,4.306000232696533,7118000
2025-08-19 06:52:00,4.306000232696533,4.308000087738037,4.306000232696533,4.306000232696533,4.306000232696533,8649300
2025-08-19 06:54:00,4.307000160217285,4.307000160217285,4.304999828338623,4.307000160217285,4.307000160217285,3954000
2025-08-19 06:56:00,4.306000232696533,4.307000160217285,4.304999828338623,4.306000232696533,4.306000232696533,8690600
2025-08-19 06:58:00,4.306000232696533,4.307000160217285,4.303999900817871,4.304999828338623,4.304999828338623,6762800
2025-08-20 01:30:00,4.294000148773193,4.294000148773193,4.269000053405762,4.2729997634887695,4.2729997634887695,132908830
2025-08-20 01:32:00,4.27400016784668,4.2829999923706055,4.2729997634887695,4.2829999923706055,4.2829999923706055,58906000
2025-08-20 01:34:00,4.2829999923706055,4.284999847412109,4.281000137329102,4.284999847412109,4.284999847412109,60092800
2025-08-20 01:36:00,4.283999919891357,4.2870001792907715,4.2829999923706055,4.2870001792907715,4.2870001792907715,46670369
2025-08-20 01:38:00,4.2870001792907715,4.289000034332275,4.283999919891357,4.288000106811523,4.288000106811523,31541700
2025-08-20 01:40:00,4.2870001792907715,4.295000076293945,4.284999847412109,4.295000076293945,4.295000076293945,14785200
2025-08-20 01:42:00,4.295000076293945,4.296999931335449,4.293000221252441,4.296000003814697,4.296000003814697,21735900
2025-08-20 01:44:00,4.296000003814697,4.298999786376953,4.294000148773193,4.297999858856201,4.297999858856201,44109400
2025-08-20 01:46:00,4.297999858856201,4.307000160217285,4.297999858856201,4.306000232696533,4.306000232696533,31504400
2025-08-20 01:48:00,4.307000160217285,4.308000087738037,4.304999828338623,4.306000232696533,4.306000232696533,27374500
2025-08-20 01:50:00,4.304999828338623,4.310999870300293,4.304999828338623,4.309999942779541,4.309999942779541,12224500
2025-08-20 01:52:00,4.310999870300293,4.314000129699707,4.309000015258789,4.311999797821045,4.311999797821045,14432700
2025-08-20 01:54:00,4.311999797821045,4.314000129699707,4.309000015258789,4.309000015258789,4.309000015258789,13432100
2025-08-20 01:56:00,4.309000015258789,4.310999870300293,4.309000015258789,4.310999870300293,4.310999870300293,11193600
2025-08-20 01:58:00,4.310999870300293,4.315000057220459,4.310999870300293,4.313000202178955,4.313000202178955,5522000
2025-08-20 02:00:00,4.311999797821045,4.313000202178955,4.309000015258789,4.309000015258789,4.309000015258789,7215200
2025-08-20 02:02:00,4.309000015258789,4.311999797821045,4.304999828338623,4.309999942779541,4.309999942779541,6643800
2025-08-20 02:04:00,4.309999942779541,4.309999942779541,4.306000232696533,4.307000160217285,4.307000160217285,8855200
2025-08-20 02:06:00,4.307000160217285,4.307000160217285,4.302999973297119,4.304999828338623,4.304999828338623,18774000
2025-08-20 02:08:00,4.304999828338623,4.307000160217285,4.303999900817871,4.307000160217285,4.307000160217285,8464000
2025-08-20 02:10:00,4.306000232696533,4.307000160217285,4.303999900817871,4.307000160217285,4.307000160217285,7483500
2025-08-20 02:12:00,4.308000087738037,4.310999870300293,4.306000232696533,4.309000015258789,4.309000015258789,3591200
2025-08-20 02:14:00,4.309999942779541,4.309999942779541,4.307000160217285,4.308000087738037,4.308000087738037,2671500
2025-08-20 02:16:00,4.309000015258789,4.310999870300293,4.306000232696533,4.310999870300293,4.310999870300293,3116200
2025-08-20 02:18:00,4.311999797821045,4.313000202178955,4.309999942779541,4.309999942779541,4.309999942779541,6813400
2025-08-20 02:20:00,4.309999942779541,4.309999942779541,4.308000087738037,4.309999942779541,4.309999942779541,2178000
2025-08-20 02:22:00,4.310999870300293,4.310999870300293,4.307000160217285,4.309000015258789,4.309000015258789,1996600
2025-08-20 02:24:00,4.309000015258789,4.309999942779541,4.307000160217285,4.308000087738037,4.308000087738037,2638000
2025-08-20 02:26:00,4.308000087738037,4.311999797821045,4.308000087738037,4.310999870300293,4.310999870300293,5445900
2025-08-20 02:28:00,4.310999870300293,4.315999984741211,4.310999870300293,4.315000057220459,4.315000057220459,4584400
2025-08-20 02:30:00,4.315999984741211,4.320000171661377,4.315999984741211,4.318999767303467,4.318999767303467,12511500
2025-08-20 02:32:00,4.320000171661377,4.322000026702881,4.318999767303467,4.322000026702881,4.322000026702881,7741342
2025-08-20 02:34:00,4.321000099182129,4.322000026702881,4.320000171661377,4.320000171661377,4.320000171661377,2564500
2025-08-20 02:36:00,4.320000171661377,4.323999881744385,4.320000171661377,4.322999954223633,4.322999954223633,7428200
2025-08-20 02:38:00,4.322999954223633,4.323999881744385,4.320000171661377,4.322000026702881,4.322000026702881,6657600
2025-08-20 02:40:00,4.322999954223633,4.324999809265137,4.320000171661377,4.323999881744385,4.323999881744385,5837700
2025-08-20 02:42:00,4.323999881744385,4.324999809265137,4.322999954223633,4.322999954223633,4.322999954223633,6742600
2025-08-20 02:44:00,4.322999954223633,4.324999809265137,4.322999954223633,4.322999954223633,4.322999954223633,4094400
2025-08-20 02:46:00,4.322999954223633,4.324999809265137,4.322000026702881,4.323999881744385,4.323999881744385,5820500
2025-08-20 02:48:00,4.323999881744385,4.326000213623047,4.322999954223633,4.323999881744385,4.323999881744385,6225800
2025-08-20 02:50:00,4.323999881744385,4.324999809265137,4.320000171661377,4.320000171661377,4.320000171661377,2384900
2025-08-20 02:52:00,4.321000099182129,4.322000026702881,4.315999984741211,4.315999984741211,4.315999984741211,8398000
2025-08-20 02:54:00,4.315999984741211,4.316999912261963,4.315999984741211,4.316999912261963,4.316999912261963,7732500
2025-08-20 02:56:00,4.316999912261963,4.316999912261963,4.311999797821045,4.314000129699707,4.314000129699707,6261800
2025-08-20 02:58:00,4.314000129699707,4.315000057220459,4.309999942779541,4.309999942779541,4.309999942779541,9755100
2025-08-20 03:00:00,4.310999870300293,4.311999797821045,4.307000160217285,4.307000160217285,4.307000160217285,13650000
2025-08-20 03:02:00,4.307000160217285,4.309000015258789,4.303999900817871,4.307000160217285,4.307000160217285,10121592
2025-08-20 03:04:00,4.307000160217285,4.311999797821045,4.307000160217285,4.311999797821045,4.311999797821045,10360927
2025-08-20 03:06:00,4.310999870300293,4.311999797821045,4.307000160217285,4.307000160217285,4.307000160217285,7675946
2025-08-20 03:08:00,4.307000160217285,4.308000087738037,4.306000232696533,4.307000160217285,4.307000160217285,6484295
2025-08-20 03:10:00,4.308000087738037,4.309000015258789,4.304999828338623,4.304999828338623,4.304999828338623,4996868
2025-08-20 03:12:00,4.304999828338623,4.308000087738037,4.304999828338623,4.307000160217285,4.307000160217285,4462999
2025-08-20 03:14:00,4.307000160217285,4.308000087738037,4.303999900817871,4.303999900817871,4.303999900817871,8323883
2025-08-20 03:16:00,4.304999828338623,4.304999828338623,4.297999858856201,4.297999858856201,4.297999858856201,24090101
2025-08-20 03:18:00,4.298999786376953,4.302000045776367,4.297999858856201,4.301000118255615,4.301000118255615,6320062
2025-08-20 03:20:00,4.301000118255615,4.303999900817871,4.300000190734863,4.302000045776367,4.302000045776367,2556427
2025-08-20 03:22:00,4.302000045776367,4.302999973297119,4.297999858856201,4.297999858856201,4.297999858856201,3727051
2025-08-20 03:24:00,4.297999858856201,4.297999858856201,4.289000034332275,4.289999961853027,4.289999961853027,52207800
2025-08-20 03:26:00,4.288000106811523,4.296000003814697,4.2870001792907715,4.296000003814697,4.296000003814697,25471269
2025-08-20 03:28:00,4.296000003814697,4.302000045776367,4.296000003814697,4.300000190734863,4.300000190734863,10206424
2025-08-20 03:30:00,4.300000190734863,4.300000190734863,4.300000190734863,4.300000190734863,4.300000190734863,1500
2025-08-20 05:00:00,4.301000118255615,4.302999973297119,4.298999786376953,4.302000045776367,4.302000045776367,8695727
2025-08-20 05:02:00,4.301000118255615,4.301000118255615,4.297999858856201,4.298999786376953,4.298999786376953,19185183
2025-08-20 05:04:00,4.298999786376953,4.300000190734863,4.298999786376953,4.298999786376953,4.298999786376953,6630959
2025-08-20 05:06:00,4.297999858856201,4.298999786376953,4.296000003814697,4.296999931335449,4.296999931335449,9349194
2025-08-20 05:08:00,4.296999931335449,4.297999858856201,4.296000003814697,4.296999931335449,4.296999931335449,7296162
2025-08-20 05:10:00,4.296999931335449,4.306000232696533,4.296999931335449,4.304999828338623,4.304999828338623,6788129
2025-08-20 05:12:00,4.304999828338623,4.306000232696533,4.303999900817871,4.303999900817871,4.303999900817871,9368630
2025-08-20 05:14:00,4.303999900817871,4.304999828338623,4.300000190734863,4.302000045776367,4.302000045776367,12147668
2025-08-20 05:16:00,4.300000190734863,4.302999973297119,4.300000190734863,4.302999973297119,4.302999973297119,5594022
2025-08-20 05:18:00,4.302999973297119,4.304999828338623,4.302999973297119,4.303999900817871,4.303999900817871,3278858
2025-08-20 05:20:00,4.303999900817871,4.308000087738037,4.303999900817871,4.308000087738037,4.308000087738037,6613481
2025-08-20 05:22:00,4.308000087738037,4.309000015258789,4.307000160217285,4.309000015258789,4.309000015258789,3902514
2025-08-20 05:24:00,4.308000087738037,4.309999942779541,4.307000160217285,4.308000087738037,4.308000087738037,7459773
2025-08-20 05:26:00,4.308000087738037,4.309000015258789,4.306000232696533,4.308000087738037,4.308000087738037,2591300
2025-08-20 05:28:00,4.309000015258789,4.314000129699707,4.308000087738037,4.314000129699707,4.314000129699707,7107601
2025-08-20 05:30:00,4.313000202178955,4.314000129699707,4.311999797821045,4.313000202178955,4.313000202178955,6836100
2025-08-20 05:32:00,4.314000129699707,4.314000129699707,4.311999797821045,4.313000202178955,4.313000202178955,8114834
2025-08-20 05:34:00,4.313000202178955,4.318999767303467,4.313000202178955,4.317999839782715,4.317999839782715,10070700
2025-08-20 05:36:00,4.318999767303467,4.318999767303467,4.316999912261963,4.318999767303467,4.318999767303467,4520200
2025-08-20 05:38:00,4.318999767303467,4.320000171661377,4.316999912261963,4.320000171661377,4.320000171661377,6541100
2025-08-20 05:40:00,4.321000099182129,4.322000026702881,4.318999767303467,4.320000171661377,4.320000171661377,7077100
2025-08-20 05:42:00,4.320000171661377,4.322000026702881,4.316999912261963,4.317999839782715,4.317999839782715,3999200
2025-08-20 05:44:00,4.317999839782715,4.317999839782715,4.315000057220459,4.317999839782715,4.317999839782715,4698000
2025-08-20 05:46:00,4.317999839782715,4.318999767303467,4.316999912261963,4.317999839782715,4.317999839782715,2245300
2025-08-20 05:48:00,4.317999839782715,4.322000026702881,4.317999839782715,4.320000171661377,4.320000171661377,4229300
2025-08-20 05:50:00,4.318999767303467,4.322000026702881,4.318999767303467,4.322000026702881,4.322000026702881,2343400
2025-08-20 05:52:00,4.321000099182129,4.322000026702881,4.320000171661377,4.321000099182129,4.321000099182129,2070800
2025-08-20 05:54:00,4.321000099182129,4.322999954223633,4.316999912261963,4.317999839782715,4.317999839782715,4305400
2025-08-20 05:56:00,4.317999839782715,4.322999954223633,4.317999839782715,4.322000026702881,4.322000026702881,2454500
2025-08-20 05:58:00,4.322000026702881,4.324999809265137,4.321000099182129,4.323999881744385,4.323999881744385,6013100
2025-08-20 06:00:00,4.324999809265137,4.328999996185303,4.324999809265137,4.328999996185303,4.328999996185303,9747500
2025-08-20 06:02:00,4.328000068664551,4.330999851226807,4.327000141143799,4.330999851226807,4.330999851226807,9493000
2025-08-20 06:04:00,4.331999778747559,4.334000110626221,4.331999778747559,4.331999778747559,4.331999778747559,6085400
2025-08-20 06:06:00,4.331999778747559,4.335000038146973,4.329999923706055,4.331999778747559,4.331999778747559,9853396
2025-08-20 06:08:00,4.331999778747559,4.335999965667725,4.329999923706055,4.329999923706055,4.329999923706055,13138003
2025-08-20 06:10:00,4.331999778747559,4.3379998207092285,4.331999778747559,4.336999893188477,4.336999893188477,8040363
2025-08-20 06:12:00,4.3379998207092285,4.3379998207092285,4.335999965667725,4.336999893188477,4.336999893188477,5067405
2025-08-20 06:14:00,4.336999893188477,4.340000152587891,4.335000038146973,4.339000225067139,4.339000225067139,12750379
2025-08-20 06:16:00,4.341000080108643,4.343999862670898,4.336999893188477,4.336999893188477,4.336999893188477,7743998
2025-08-20 06:18:00,4.336999893188477,4.3429999351501465,4.336999893188477,4.340000152587891,4.340000152587891,6833288
2025-08-20 06:20:00,4.341000080108643,4.3429999351501465,4.3379998207092285,4.3379998207092285,4.3379998207092285,5176611
2025-08-20 06:22:00,4.3379998207092285,4.3420000076293945,4.335999965667725,4.341000080108643,4.341000080108643,13222694
2025-08-20 06:24:00,4.3420000076293945,4.3420000076293945,4.340000152587891,4.340000152587891,4.340000152587891,3568371
2025-08-20 06:26:00,4.340000152587891,4.3429999351501465,4.336999893188477,4.341000080108643,4.341000080108643,5191204
2025-08-20 06:28:00,4.3420000076293945,4.343999862670898,4.341000080108643,4.343999862670898,4.343999862670898,7254864
2025-08-20 06:30:00,4.3429999351501465,4.3460001945495605,4.3429999351501465,4.34499979019165,4.34499979019165,7676462
2025-08-20 06:32:00,4.34499979019165,4.3460001945495605,4.3420000076293945,4.34499979019165,4.34499979019165,4231784
2025-08-20 06:34:00,4.34499979019165,4.34499979019165,4.340000152587891,4.340000152587891,4.340000152587891,4360100
2025-08-20 06:36:00,4.340000152587891,4.3460001945495605,4.339000225067139,4.3460001945495605,4.3460001945495605,4824400
2025-08-20 06:38:00,4.3460001945495605,4.3470001220703125,4.34499979019165,4.3460001945495605,4.3460001945495605,2967000
2025-08-20 06:40:00,4.34499979019165,4.34499979019165,4.3429999351501465,4.34499979019165,4.34499979019165,3187600
2025-08-20 06:42:00,4.34499979019165,4.3460001945495605,4.3429999351501465,4.3460001945495605,4.3460001945495605,6197000
2025-08-20 06:44:00,4.3470001220703125,4.3520002365112305,4.3460001945495605,4.3520002365112305,4.3520002365112305,18988448
2025-08-20 06:46:00,4.35099983215332,4.355999946594238,4.35099983215332,4.354000091552734,4.354000091552734,14145700
2025-08-20 06:48:00,4.354000091552734,4.359000205993652,4.354000091552734,4.35699987411499,4.35699987411499,9960200
2025-08-20 06:50:00,4.357999801635742,4.357999801635742,4.355999946594238,4.355999946594238,4.355999946594238,7339100
2025-08-20 06:52:00,4.35699987411499,4.359000205993652,4.355999946594238,4.359000205993652,4.359000205993652,10785973
2025-08-20 06:54:00,4.360000133514404,4.360000133514404,4.357999801635742,4.360000133514404,4.360000133514404,17892500
2025-08-20 06:56:00,4.360000133514404,4.364999771118164,4.360000133514404,4.363999843597412,4.363999843597412,25529200
2025-08-20 06:58:00,4.363999843597412,4.364999771118164,4.36299991607666,4.363999843597412,4.363999843597412,17900500
2025-08-21 01:30:00,4.36899995803833,4.377999782562256,4.368000030517578,4.374000072479248,4.374000072479248,43897502
2025-08-21 01:32:00,4.375,4.379000186920166,4.372000217437744,4.379000186920166,4.379000186920166,16229500
2025-08-21 01:34:00,4.377999782562256,4.380000114440918,4.375,4.379000186920166,4.379000186920166,21793758
2025-08-21 01:36:00,4.379000186920166,4.386000156402588,4.376999855041504,4.385000228881836,4.385000228881836,20698880
2025-08-21 01:38:00,4.385000228881836,4.386000156402588,4.380000114440918,4.386000156402588,4.386000156402588,13872496
2025-08-21 01:40:00,4.38700008392334,4.38700008392334,4.380000114440918,4.381999969482422,4.381999969482422,14502288
2025-08-21 01:42:00,4.381999969482422,4.385000228881836,4.377999782562256,4.379000186920166,4.379000186920166,8090500
2025-08-21 01:44:00,4.377999782562256,4.380000114440918,4.375,4.379000186920166,4.379000186920166,9293600
2025-08-21 01:46:00,4.377999782562256,4.385000228881836,4.376999855041504,4.382999897003174,4.382999897003174,12219200
2025-08-21 01:48:00,4.381999969482422,4.382999897003174,4.374000072479248,4.374000072479248,4.374000072479248,7906200
2025-08-21 01:50:00,4.374000072479248,4.375,4.369999885559082,4.370999813079834,4.370999813079834,12415100
2025-08-21 01:52:00,4.370999813079834,4.375,4.370999813079834,4.370999813079834,4.370999813079834,4867000
2025-08-21 01:54:00,4.370999813079834,4.370999813079834,4.364999771118164,4.366000175476074,4.366000175476074,10005036
2025-08-21 01:56:00,4.366000175476074,4.368000030517578,4.363999843597412,4.363999843597412,4.363999843597412,6294100
2025-08-21 01:58:00,4.363999843597412,4.363999843597412,4.359000205993652,4.360000133514404,4.360000133514404,14223100
2025-08-21 02:00:00,4.360000133514404,4.368000030517578,4.360000133514404,4.368000030517578,4.368000030517578,4370212
2025-08-21 02:02:00,4.368000030517578,4.369999885559082,4.366000175476074,4.36899995803833,4.36899995803833,13001900
2025-08-21 02:04:00,4.367000102996826,4.370999813079834,4.364999771118164,4.370999813079834,4.370999813079834,12559000
2025-08-21 02:06:00,4.369999885559082,4.375,4.369999885559082,4.373000144958496,4.373000144958496,8626500
2025-08-21 02:08:00,4.373000144958496,4.376999855041504,4.373000144958496,4.375999927520752,4.375999927520752,13739200
2025-08-21 02:10:00,4.375999927520752,4.377999782562256,4.374000072479248,4.376999855041504,4.376999855041504,8908900
2025-08-21 02:12:00,4.375999927520752,4.379000186920166,4.374000072479248,4.376999855041504,4.376999855041504,15984300
2025-08-21 02:14:00,4.377999782562256,4.377999782562256,4.370999813079834,4.373000144958496,4.373000144958496,14417963
2025-08-21 02:16:00,4.374000072479248,4.374000072479248,4.36899995803833,4.370999813079834,4.370999813079834,12455981
2025-08-21 02:18:00,4.370999813079834,4.373000144958496,4.370999813079834,4.373000144958496,4.373000144958496,4803300
2025-08-21 02:20:00,4.373000144958496,4.377999782562256,4.372000217437744,4.377999782562256,4.377999782562256,7871800
2025-08-21 02:22:00,4.377999782562256,4.380000114440918,4.376999855041504,4.380000114440918,4.380000114440918,5932900
2025-08-21 02:24:00,4.380000114440918,4.381999969482422,4.379000186920166,4.381999969482422,4.381999969482422,8147200
2025-08-21 02:26:00,4.381999969482422,4.385000228881836,4.381999969482422,4.383999824523926,4.383999824523926,8176200
2025-08-21 02:28:00,4.385000228881836,4.386000156402588,4.383999824523926,4.385000228881836,4.385000228881836,12340800
2025-08-21 02:30:00,4.385000228881836,4.388999938964844,4.382999897003174,4.388000011444092,4.388000011444092,16208400
2025-08-21 02:32:00,4.388999938964844,4.389999866485596,4.386000156402588,4.388999938964844,4.388999938964844,16161348
2025-08-21 02:34:00,4.388000011444092,4.389999866485596,4.386000156402588,4.389999866485596,4.389999866485596,11067500
2025-08-21 02:36:00,4.389999866485596,4.389999866485596,4.383999824523926,4.386000156402588,4.386000156402588,21095000
2025-08-21 02:38:00,4.38700008392334,4.388000011444092,4.385000228881836,4.388000011444092,4.388000011444092,8782500
2025-08-21 02:40:00,4.38700008392334,4.388000011444092,4.381999969482422,4.381999969482422,4.381999969482422,8282000
2025-08-21 02:42:00,4.383999824523926,4.38700008392334,4.382999897003174,4.382999897003174,4.382999897003174,4419400
2025-08-21 02:44:00,4.382999897003174,4.38700008392334,4.382999897003174,4.38700008392334,4.38700008392334,2488701
2025-08-21 02:46:00,4.38700008392334,4.389999866485596,4.385000228881836,4.389999866485596,4.389999866485596,5685900
2025-08-21 02:48:00,4.388999938964844,4.389999866485596,4.382999897003174,4.383999824523926,4.383999824523926,3946599
2025-08-21 02:50:00,4.383999824523926,4.388999938964844,4.383999824523926,4.388999938964844,4.388999938964844,1922900
2025-08-21 02:52:00,4.388999938964844,4.39300012588501,4.388000011444092,4.39300012588501,4.39300012588501,5770600
2025-08-21 02:54:00,4.392000198364258,4.392000198364258,4.388999938964844,4.388999938964844,4.388999938964844,2273400
2025-08-21 02:56:00,4.390999794006348,4.392000198364258,4.388999938964844,4.392000198364258,4.392000198364258,3655300
2025-08-21 02:58:00,4.392000198364258,4.392000198364258,4.38700008392334,4.388000011444092,4.388000011444092,9573900
2025-08-21 03:00:00,4.388999938964844,4.389999866485596,4.38700008392334,4.388000011444092,4.388000011444092,6826100
2025-08-21 03:02:00,4.388000011444092,4.392000198364258,4.388000011444092,4.390999794006348,4.390999794006348,4913300
2025-08-21 03:04:00,4.390999794006348,4.390999794006348,4.388999938964844,4.390999794006348,4.390999794006348,7309600
2025-08-21 03:06:00,4.388999938964844,4.392000198364258,4.382999897003174,4.382999897003174,4.382999897003174,6022100
2025-08-21 03:08:00,4.382999897003174,4.386000156402588,4.382999897003174,4.382999897003174,4.382999897003174,2827200
2025-08-21 03:10:00,4.383999824523926,4.389999866485596,4.382999897003174,4.388000011444092,4.388000011444092,1904884
2025-08-21 03:12:00,4.388000011444092,4.388000011444092,4.382999897003174,4.382999897003174,4.382999897003174,1953200
2025-08-21 03:14:00,4.382999897003174,4.38700008392334,4.381999969482422,4.383999824523926,4.383999824523926,3714000
2025-08-21 03:16:00,4.382999897003174,4.385000228881836,4.379000186920166,4.38100004196167,4.38100004196167,8203300
2025-08-21 03:18:00,4.38100004196167,4.38100004196167,4.377999782562256,4.379000186920166,4.379000186920166,3424000
2025-08-21 03:20:00,4.379000186920166,4.379000186920166,4.374000072479248,4.376999855041504,4.376999855041504,15509500
2025-08-21 03:22:00,4.376999855041504,4.383999824523926,4.375999927520752,4.383999824523926,4.383999824523926,4449000
2025-08-21 03:24:00,4.382999897003174,4.386000156402588,4.381999969482422,4.386000156402588,4.386000156402588,1268000
2025-08-21 03:26:00,4.386000156402588,4.390999794006348,4.386000156402588,4.386000156402588,4.386000156402588,4074200
2025-08-21 03:28:00,4.38700008392334,4.388000011444092,4.386000156402588,4.38700008392334,4.38700008392334,2176000
2025-08-21 03:30:00,4.38700008392334,4.38700008392334,4.38700008392334,4.38700008392334,4.38700008392334,20500
2025-08-21 05:00:00,4.388000011444092,4.388000011444092,4.383999824523926,4.383999824523926,4.383999824523926,6504200
2025-08-21 05:02:00,4.383999824523926,4.385000228881836,4.382999897003174,4.383999824523926,4.383999824523926,10685394
2025-08-21 05:04:00,4.383999824523926,4.38700008392334,4.382999897003174,4.386000156402588,4.386000156402588,4911279
2025-08-21 05:06:00,4.386000156402588,4.38700008392334,4.38100004196167,4.382999897003174,4.382999897003174,7193100
2025-08-21 05:08:00,4.382999897003174,4.383999824523926,4.381999969482422,4.382999897003174,4.382999897003174,3738500
2025-08-21 05:10:00,4.383999824523926,4.38700008392334,4.383999824523926,4.383999824523926,4.383999824523926,1397500
2025-08-21 05:12:00,4.383999824523926,4.385000228881836,4.382999897003174,4.383999824523926,4.383999824523926,5871600
2025-08-21 05:14:00,4.385000228881836,4.385000228881836,4.381999969482422,4.382999897003174,4.382999897003174,6062500
2025-08-21 05:16:00,4.382999897003174,4.386000156402588,4.382999897003174,4.385000228881836,4.385000228881836,772900
2025-08-21 05:18:00,4.385000228881836,4.388999938964844,4.385000228881836,4.388999938964844,4.388999938964844,3828419
2025-08-21 05:20:00,4.388000011444092,4.389999866485596,4.388000011444092,4.388999938964844,4.388999938964844,3139700
2025-08-21 05:22:00,4.389999866485596,4.392000198364258,4.389999866485596,4.390999794006348,4.390999794006348,4612380
2025-08-21 05:24:00,4.392000198364258,4.394000053405762,4.392000198364258,4.39300012588501,4.39300012588501,4181400
2025-08-21 05:26:00,4.392000198364258,4.39300012588501,4.388000011444092,4.388000011444092,4.388000011444092,1851700
2025-08-21 05:28:00,4.388999938964844,4.388999938964844,4.38700008392334,4.388000011444092,4.388000011444092,896000
2025-08-21 05:30:00,4.388000011444092,4.390999794006348,4.38700008392334,4.38700008392334,4.38700008392334,3283400
2025-08-21 05:32:00,4.386000156402588,4.386000156402588,4.383999824523926,4.386000156402588,4.386000156402588,2662400
2025-08-21 05:34:00,4.385000228881836,4.386000156402588,4.385000228881836,4.386000156402588,4.386000156402588,903200
2025-08-21 05:36:00,4.385000228881836,4.38700008392334,4.385000228881836,4.386000156402588,4.386000156402588,925900
2025-08-21 05:38:00,4.386000156402588,4.38700008392334,4.385000228881836,4.386000156402588,4.386000156402588,1413700
2025-08-21 05:40:00,4.385000228881836,4.38700008392334,4.380000114440918,4.381999969482422,4.381999969482422,5800000
2025-08-21 05:42:00,4.381999969482422,4.388999938964844,4.381999969482422,4.38700008392334,4.38700008392334,2519200
2025-08-21 05:44:00,4.38700008392334,4.388000011444092,4.38700008392334,4.38700008392334,4.38700008392334,1459700
2025-08-21 05:46:00,4.38700008392334,4.388999938964844,4.386000156402588,4.38700008392334,4.38700008392334,2959300
2025-08-21 05:48:00,4.38700008392334,4.388000011444092,4.381999969482422,4.381999969482422,4.381999969482422,2921700
2025-08-21 05:50:00,4.38100004196167,4.382999897003174,4.379000186920166,4.381999969482422,4.381999969482422,16738900
2025-08-21 05:52:00,4.38100004196167,4.38100004196167,4.379000186920166,4.380000114440918,4.380000114440918,2957000
2025-08-21 05:54:00,4.380000114440918,4.381999969482422,4.380000114440918,4.380000114440918,4.380000114440918,6123700
2025-08-21 05:56:00,4.380000114440918,4.381999969482422,4.380000114440918,4.380000114440918,4.380000114440918,11864800
2025-08-21 05:58:00,4.380000114440918,4.385000228881836,4.380000114440918,4.385000228881836,4.385000228881836,3167600
2025-08-21 06:00:00,4.385000228881836,4.385000228881836,4.38100004196167,4.38100004196167,4.38100004196167,3136000
2025-08-21 06:02:00,4.380000114440918,4.380000114440918,4.376999855041504,4.377999782562256,4.377999782562256,8332400
2025-08-21 06:04:00,4.377999782562256,4.38100004196167,4.377999782562256,4.380000114440918,4.380000114440918,4801400
2025-08-21 06:06:00,4.379000186920166,4.386000156402588,4.379000186920166,4.381999969482422,4.381999969482422,8260800
2025-08-21 06:08:00,4.381999969482422,4.381999969482422,4.376999855041504,4.377999782562256,4.377999782562256,3758600
2025-08-21 06:10:00,4.376999855041504,4.380000114440918,4.376999855041504,4.379000186920166,4.379000186920166,1574500
2025-08-21 06:12:00,4.379000186920166,4.379000186920166,4.375999927520752,4.376999855041504,4.376999855041504,4799600
2025-08-21 06:14:00,4.376999855041504,4.379000186920166,4.375999927520752,4.379000186920166,4.379000186920166,3136900
2025-08-21 06:16:00,4.379000186920166,4.38100004196167,4.377999782562256,4.380000114440918,4.380000114440918,22572800
2025-08-21 06:18:00,4.38100004196167,4.381999969482422,4.379000186920166,4.380000114440918,4.380000114440918,5858900
2025-08-21 06:20:00,4.38100004196167,4.38100004196167,4.370999813079834,4.370999813079834,4.370999813079834,11271500
2025-08-21 06:22:00,4.369999885559082,4.374000072479248,4.369999885559082,4.372000217437744,4.372000217437744,5013000
2025-08-21 06:24:00,4.369999885559082,4.369999885559082,4.366000175476074,4.367000102996826,4.367000102996826,7827800
2025-08-21 06:26:00,4.366000175476074,4.36899995803833,4.36299991607666,4.36899995803833,4.36899995803833,8604700
2025-08-21 06:28:00,4.369999885559082,4.375,4.369999885559082,4.375,4.375,5937200
2025-08-21 06:30:00,4.375,4.375999927520752,4.373000144958496,4.374000072479248,4.374000072479248,7855500
2025-08-21 06:32:00,4.373000144958496,4.375,4.368000030517578,4.36899995803833,4.36899995803833,9379300
2025-08-21 06:34:00,4.368000030517578,4.368000030517578,4.361000061035156,4.36299991607666,4.36299991607666,8038126
2025-08-21 06:36:00,4.36299991607666,4.36899995803833,4.361999988555908,4.36299991607666,4.36299991607666,6874522
2025-08-21 06:38:00,4.361999988555908,4.364999771118164,4.361000061035156,4.364999771118164,4.364999771118164,7084800
2025-08-21 06:40:00,4.366000175476074,4.370999813079834,4.36299991607666,4.368000030517578,4.368000030517578,8811400
2025-08-21 06:42:00,4.36899995803833,4.36899995803833,4.366000175476074,4.367000102996826,4.367000102996826,9694900
2025-08-21 06:44:00,4.366000175476074,4.367000102996826,4.363999843597412,4.363999843597412,4.363999843597412,4630800
2025-08-21 06:46:00,4.364999771118164,4.36899995803833,4.364999771118164,4.36899995803833,4.36899995803833,4734200
2025-08-21 06:48:00,4.368000030517578,4.36899995803833,4.368000030517578,4.36899995803833,4.36899995803833,3484600
2025-08-21 06:50:00,4.36899995803833,4.369999885559082,4.368000030517578,4.369999885559082,4.369999885559082,8094500
2025-08-21 06:52:00,4.36899995803833,4.375,4.36899995803833,4.375,4.375,7246600
2025-08-21 06:54:00,4.375,4.375999927520752,4.374000072479248,4.375,4.375,9340400
2025-08-21 06:56:00,4.375999927520752,4.376999855041504,4.375,4.375999927520752,4.375999927520752,11572100
2025-08-21 06:58:00,4.377999782562256,4.379000186920166,4.376999855041504,4.377999782562256,4.377999782562256,6354400
2025-08-22 01:30:00,4.374000072479248,4.386000156402588,4.374000072479248,4.385000228881836,4.385000228881836,23562196
2025-08-22 01:32:00,4.385000228881836,4.388000011444092,4.385000228881836,4.386000156402588,4.386000156402588,14582400
2025-08-22 01:34:00,4.386000156402588,4.394000053405762,4.386000156402588,4.390999794006348,4.390999794006348,15305024
2025-08-22 01:36:00,4.389999866485596,4.39900016784668,4.389999866485596,4.39900016784668,4.39900016784668,19010300
2025-08-22 01:38:00,4.39900016784668,4.400000095367432,4.396999835968018,4.396999835968018,4.396999835968018,18617800
2025-08-22 01:40:00,4.3979997634887695,4.400000095367432,4.39300012588501,4.394999980926514,4.394999980926514,23810500
2025-08-22 01:42:00,4.395999908447266,4.3979997634887695,4.39300012588501,4.3979997634887695,4.3979997634887695,36310600
2025-08-22 01:44:00,4.3979997634887695,4.4039998054504395,4.3979997634887695,4.4029998779296875,4.4029998779296875,21500200
2025-08-22 01:46:00,4.4029998779296875,4.40500020980835,4.400000095367432,4.400000095367432,4.400000095367432,23956000
2025-08-22 01:48:00,4.400000095367432,4.4029998779296875,4.39900016784668,4.400000095367432,4.400000095367432,17788300
2025-08-22 01:50:00,4.401000022888184,4.401000022888184,4.396999835968018,4.39900016784668,4.39900016784668,11785200
2025-08-22 01:52:00,4.39900016784668,4.401000022888184,4.3979997634887695,4.401000022888184,4.401000022888184,23053900
2025-08-22 01:54:00,4.4019999504089355,4.4019999504089355,4.396999835968018,4.396999835968018,4.396999835968018,12851700
2025-08-22 01:56:00,4.39900016784668,4.400000095367432,4.396999835968018,4.400000095367432,4.400000095367432,14284800
2025-08-22 01:58:00,4.400000095367432,4.4019999504089355,4.3979997634887695,4.4019999504089355,4.4019999504089355,9305300
2025-08-22 02:00:00,4.4029998779296875,4.4039998054504395,4.394999980926514,4.395999908447266,4.395999908447266,10030200
2025-08-22 02:02:00,4.395999908447266,4.40500020980835,4.395999908447266,4.40500020980835,4.40500020980835,15242900
2025-08-22 02:04:00,4.40500020980835,4.40500020980835,4.400000095367432,4.4019999504089355,4.4019999504089355,9175400
2025-08-22 02:06:00,4.4029998779296875,4.4039998054504395,4.400000095367432,4.4029998779296875,4.4029998779296875,7519600
2025-08-22 02:08:00,4.4019999504089355,4.4029998779296875,4.395999908447266,4.395999908447266,4.395999908447266,6080500
2025-08-22 02:10:00,4.395999908447266,4.395999908447266,4.390999794006348,4.39300012588501,4.39300012588501,9279500
2025-08-22 02:12:00,4.394000053405762,4.396999835968018,4.394000053405762,4.395999908447266,4.395999908447266,9884000
2025-08-22 02:14:00,4.396999835968018,4.39900016784668,4.394999980926514,4.3979997634887695,4.3979997634887695,6901200
2025-08-22 02:16:00,4.396999835968018,4.4019999504089355,4.395999908447266,4.4019999504089355,4.4019999504089355,14136900
2025-08-22 02:18:00,4.400000095367432,4.4039998054504395,4.400000095367432,4.4039998054504395,4.4039998054504395,8572300
2025-08-22 02:20:00,4.4029998779296875,4.4070000648498535,4.4029998779296875,4.40500020980835,4.40500020980835,9817300
2025-08-22 02:22:00,4.40500020980835,4.40500020980835,4.4019999504089355,4.4029998779296875,4.4029998779296875,3954300
2025-08-22 02:24:00,4.4039998054504395,4.406000137329102,4.4029998779296875,4.40500020980835,4.40500020980835,4844400
2025-08-22 02:26:00,4.40500020980835,4.4070000648498535,4.40500020980835,4.40500020980835,4.40500020980835,9303200
2025-08-22 02:28:00,4.40500020980835,4.406000137329102,4.401000022888184,4.406000137329102,4.406000137329102,3976400
2025-08-22 02:30:00,4.406000137329102,4.410999774932861,4.406000137329102,4.410999774932861,4.410999774932861,10928700
2025-08-22 02:32:00,4.410999774932861,4.413000106811523,4.409999847412109,4.4120001792907715,4.4120001792907715,6729000
2025-08-22 02:34:00,4.4120001792907715,4.413000106811523,4.406000137329102,4.4079999923706055,4.4079999923706055,4024900
2025-08-22 02:36:00,4.4079999923706055,4.409999847412109,4.40500020980835,4.408999919891357,4.408999919891357,4722000
2025-08-22 02:38:00,4.408999919891357,4.409999847412109,4.4070000648498535,4.408999919891357,4.408999919891357,4116800
2025-08-22 02:40:00,4.4070000648498535,4.410999774932861,4.4070000648498535,4.409999847412109,4.409999847412109,4149700
2025-08-22 02:42:00,4.409999847412109,4.409999847412109,4.406000137329102,4.4070000648498535,4.4070000648498535,3154200
2025-08-22 02:44:00,4.406000137329102,4.4120001792907715,4.406000137329102,4.4120001792907715,4.4120001792907715,2518700
2025-08-22 02:46:00,4.410999774932861,4.416999816894531,4.410999774932861,4.416999816894531,4.416999816894531,8494500
2025-08-22 02:48:00,4.416999816894531,4.416999816894531,4.4120001792907715,4.414999961853027,4.414999961853027,4208000
2025-08-22 02:50:00,4.414999961853027,4.420000076293945,4.414999961853027,4.419000148773193,4.419000148773193,9144700
2025-08-22 02:52:00,4.419000148773193,4.423999786376953,4.419000148773193,4.423999786376953,4.423999786376953,12259600
2025-08-22 02:54:00,4.422999858856201,4.425000190734863,4.421000003814697,4.421999931335449,4.421999931335449,8365500
2025-08-22 02:56:00,4.421000003814697,4.422999858856201,4.421000003814697,4.421999931335449,4.421999931335449,10806800
2025-08-22 02:58:00,4.421999931335449,4.426000118255615,4.421000003814697,4.421000003814697,4.421000003814697,5729422
2025-08-22 03:00:00,4.421000003814697,4.422999858856201,4.419000148773193,4.419000148773193,4.419000148773193,5217800
2025-08-22 03:02:00,4.419000148773193,4.420000076293945,4.414999961853027,4.415999889373779,4.415999889373779,7111700
2025-08-22 03:04:00,4.415999889373779,4.416999816894531,4.414000034332275,4.415999889373779,4.415999889373779,4535600
2025-08-22 03:06:00,4.415999889373779,4.425000190734863,4.415999889373779,4.425000190734863,4.425000190734863,7037674
2025-08-22 03:08:00,4.426000118255615,4.428999900817871,4.423999786376953,4.427000045776367,4.427000045776367,9008300
2025-08-22 03:10:00,4.426000118255615,4.429999828338623,4.425000190734863,4.428999900817871,4.428999900817871,8173900
2025-08-22 03:12:00,4.428999900817871,4.428999900817871,4.423999786376953,4.426000118255615,4.426000118255615,3062100
2025-08-22 03:14:00,4.426000118255615,4.427999973297119,4.425000190734863,4.427999973297119,4.427999973297119,4810208
2025-08-22 03:16:00,4.427999973297119,4.429999828338623,4.427000045776367,4.429999828338623,4.429999828338623,6003900
2025-08-22 03:18:00,4.429999828338623,4.431000232696533,4.427999973297119,4.427999973297119,4.427999973297119,3262700
2025-08-22 03:20:00,4.427000045776367,4.427999973297119,4.422999858856201,4.426000118255615,4.426000118255615,7592800
2025-08-22 03:22:00,4.426000118255615,4.431000232696533,4.426000118255615,4.427000045776367,4.427000045776367,9560700
2025-08-22 03:24:00,4.427000045776367,4.427000045776367,4.421000003814697,4.421000003814697,4.421000003814697,6551900
2025-08-22 03:26:00,4.421000003814697,4.425000190734863,4.418000221252441,4.425000190734863,4.425000190734863,5554400
2025-08-22 03:28:00,4.426000118255615,4.428999900817871,4.425000190734863,4.427999973297119,4.427999973297119,6580600
2025-08-22 03:30:00,4.428999900817871,4.428999900817871,4.428999900817871,4.428999900817871,4.428999900817871,14400
2025-08-22 05:00:00,4.428999900817871,4.432000160217285,4.428999900817871,4.428999900817871,4.428999900817871,10309200
2025-08-22 05:02:00,4.428999900817871,4.429999828338623,4.426000118255615,4.426000118255615,4.426000118255615,4063500
2025-08-22 05:04:00,4.426000118255615,4.431000232696533,4.426000118255615,4.428999900817871,4.428999900817871,3235300
2025-08-22 05:06:00,4.428999900817871,4.433000087738037,4.428999900817871,4.432000160217285,4.432000160217285,6942200
2025-08-22 05:08:00,4.432000160217285,4.432000160217285,4.428999900817871,4.429999828338623,4.429999828338623,3862000
2025-08-22 05:10:00,4.429999828338623,4.433000087738037,4.429999828338623,4.431000232696533,4.431000232696533,6532000
2025-08-22 05:12:00,4.432000160217285,4.433000087738037,4.429999828338623,4.432000160217285,4.432000160217285,6435000
2025-08-22 05:14:00,4.432000160217285,4.435999870300293,4.432000160217285,4.435999870300293,4.435999870300293,9454800
2025-08-22 05:16:00,4.434999942779541,4.435999870300293,4.431000232696533,4.431000232696533,4.431000232696533,4629300
2025-08-22 05:18:00,4.431000232696533,4.433000087738037,4.425000190734863,4.427000045776367,4.427000045776367,8611600
2025-08-22 05:20:00,4.425000190734863,4.426000118255615,4.421999931335449,4.426000118255615,4.426000118255615,12393400
2025-08-22 05:22:00,4.426000118255615,4.428999900817871,4.425000190734863,4.425000190734863,4.425000190734863,3963700
2025-08-22 05:24:00,4.425000190734863,4.427999973297119,4.423999786376953,4.427999973297119,4.427999973297119,2950734
2025-08-22 05:26:00,4.427999973297119,4.433000087738037,4.425000190734863,4.433000087738037,4.433000087738037,3319400
2025-08-22 05:28:00,4.432000160217285,4.434999942779541,4.432000160217285,4.433000087738037,4.433000087738037,3671719
2025-08-22 05:30:00,4.433000087738037,4.434999942779541,4.432000160217285,4.434000015258789,4.434000015258789,4803200
2025-08-22 05:32:00,4.434000015258789,4.434999942779541,4.433000087738037,4.434000015258789,4.434000015258789,3926400
2025-08-22 05:34:00,4.434000015258789,4.434999942779541,4.433000087738037,4.434000015258789,4.434000015258789,3760700
2025-08-22 05:36:00,4.433000087738037,4.433000087738037,4.427999973297119,4.429999828338623,4.429999828338623,3681740
2025-08-22 05:38:00,4.429999828338623,4.434999942779541,4.429999828338623,4.434999942779541,4.434999942779541,2916300
2025-08-22 05:40:00,4.434000015258789,4.439000129699707,4.434000015258789,4.438000202178955,4.438000202178955,10994618
2025-08-22 05:42:00,4.439000129699707,4.443999767303467,4.439000129699707,4.442999839782715,4.442999839782715,14434000
2025-08-22 05:44:00,4.442999839782715,4.447999954223633,4.442999839782715,4.447999954223633,4.447999954223633,6997300
2025-08-22 05:46:00,4.447000026702881,4.447999954223633,4.446000099182129,4.447000026702881,4.447000026702881,6729600
2025-08-22 05:48:00,4.447000026702881,4.449999809265137,4.443999767303467,4.448999881744385,4.448999881744385,9080100
2025-08-22 05:50:00,4.448999881744385,4.453000068664551,4.448999881744385,4.452000141143799,4.452000141143799,17471874
2025-08-22 05:52:00,4.452000141143799,4.452000141143799,4.445000171661377,4.446000099182129,4.446000099182129,7854800
2025-08-22 05:54:00,4.447000026702881,4.448999881744385,4.443999767303467,4.443999767303467,4.443999767303467,7645500
2025-08-22 05:56:00,4.443999767303467,4.445000171661377,4.441999912261963,4.441999912261963,4.441999912261963,5161400
2025-08-22 05:58:00,4.442999839782715,4.446000099182129,4.440000057220459,4.446000099182129,4.446000099182129,5641400
2025-08-22 06:00:00,4.447000026702881,4.453999996185303,4.447000026702881,4.452000141143799,4.452000141143799,14529600
2025-08-22 06:02:00,4.451000213623047,4.453999996185303,4.449999809265137,4.453000068664551,4.453000068664551,5397900
2025-08-22 06:04:00,4.453999996185303,4.455999851226807,4.451000213623047,4.454999923706055,4.454999923706055,8498600
2025-08-22 06:06:00,4.455999851226807,4.458000183105469,4.453999996185303,4.455999851226807,4.455999851226807,19865300
2025-08-22 06:08:00,4.456999778747559,4.458000183105469,4.453000068664551,4.455999851226807,4.455999851226807,10991700
2025-08-22 06:10:00,4.455999851226807,4.458000183105469,4.454999923706055,4.456999778747559,4.456999778747559,14359500
2025-08-22 06:12:00,4.455999851226807,4.458000183105469,4.454999923706055,4.455999851226807,4.455999851226807,14961700
2025-08-22 06:14:00,4.455999851226807,4.455999851226807,4.449999809265137,4.451000213623047,4.451000213623047,8211400
2025-08-22 06:16:00,4.451000213623047,4.455999851226807,4.451000213623047,4.453999996185303,4.453999996185303,18855300
2025-08-22 06:18:00,4.453999996185303,4.454999923706055,4.453000068664551,4.453000068664551,4.453000068664551,12281100
2025-08-22 06:20:00,4.453000068664551,4.453000068664551,4.448999881744385,4.448999881744385,4.448999881744385,6179000
2025-08-22 06:22:00,4.448999881744385,4.454999923706055,4.447999954223633,4.453999996185303,4.453999996185303,16431200
2025-08-22 06:24:00,4.454999923706055,4.459000110626221,4.454999923706055,4.456999778747559,4.456999778747559,16955600
2025-08-22 06:26:00,4.456999778747559,4.459000110626221,4.455999851226807,4.458000183105469,4.458000183105469,12452100
2025-08-22 06:28:00,4.458000183105469,4.465000152587891,4.458000183105469,4.465000152587891,4.465000152587891,19540400
2025-08-22 06:30:00,4.465000152587891,4.465000152587891,4.461999893188477,4.4629998207092285,4.4629998207092285,10580900
2025-08-22 06:32:00,4.4629998207092285,4.465000152587891,4.460999965667725,4.464000225067139,4.464000225067139,14493500
2025-08-22 06:34:00,4.465000152587891,4.4679999351501465,4.465000152587891,4.4679999351501465,4.4679999351501465,33420600
2025-08-22 06:36:00,4.4679999351501465,4.4679999351501465,4.464000225067139,4.464000225067139,4.464000225067139,10167500
2025-08-22 06:38:00,4.464000225067139,4.4679999351501465,4.464000225067139,4.466000080108643,4.466000080108643,31780600
2025-08-22 06:40:00,4.4670000076293945,4.4670000076293945,4.461999893188477,4.464000225067139,4.464000225067139,13618500
2025-08-22 06:42:00,4.464000225067139,4.4670000076293945,4.464000225067139,4.4670000076293945,4.4670000076293945,16230000
2025-08-22 06:44:00,4.466000080108643,4.4670000076293945,4.465000152587891,4.466000080108643,4.466000080108643,15018700
2025-08-22 06:46:00,4.466000080108643,4.46999979019165,4.464000225067139,4.46999979019165,4.46999979019165,31817200
2025-08-22 06:48:00,4.46999979019165,4.4730000495910645,4.468999862670898,4.4730000495910645,4.4730000495910645,48632999
2025-08-22 06:50:00,4.4730000495910645,4.473999977111816,4.4720001220703125,4.4730000495910645,4.4730000495910645,40672500
2025-08-22 06:52:00,4.473999977111816,4.473999977111816,4.4730000495910645,4.473999977111816,4.473999977111816,25619912
2025-08-22 06:54:00,4.473999977111816,4.47599983215332,4.473999977111816,4.473999977111816,4.473999977111816,29806600
2025-08-22 06:56:00,4.4730000495910645,4.47599983215332,4.4730000495910645,4.47599983215332,4.47599983215332,14000900
2025-08-22 06:58:00,4.4770002365112305,4.482999801635742,4.47599983215332,4.482999801635742,4.482999801635742,15347700
2025-08-25 01:30:00,4.504000186920166,4.5229997634887695,4.501999855041504,4.5229997634887695,4.5229997634887695,15629800
2025-08-25 01:32:00,4.52400016784668,4.534999847412109,4.521999835968018,4.534999847412109,4.534999847412109,30418400
2025-08-25 01:34:00,4.5370001792907715,4.539000034332275,4.533999919891357,4.535999774932861,4.535999774932861,41424900
2025-08-25 01:36:00,4.534999847412109,4.534999847412109,4.517000198364258,4.520999908447266,4.520999908447266,29955800
2025-08-25 01:38:00,4.519999980926514,4.519999980926514,4.51200008392334,4.517000198364258,4.517000198364258,21043000
2025-08-25 01:40:00,4.517000198364258,4.52400016784668,4.515999794006348,4.520999908447266,4.520999908447266,25971270
2025-08-25 01:42:00,4.520999908447266,4.5229997634887695,4.51800012588501,4.5229997634887695,4.5229997634887695,30193782
2025-08-25 01:44:00,4.520999908447266,4.520999908447266,4.513999938964844,4.513999938964844,4.513999938964844,19512800
2025-08-25 01:46:00,4.513999938964844,4.513999938964844,4.5,4.5,4.5,34296800
2025-08-25 01:48:00,4.5,4.511000156402588,4.499000072479248,4.507999897003174,4.507999897003174,16809400
2025-08-25 01:50:00,4.507999897003174,4.51200008392334,4.50600004196167,4.508999824523926,4.508999824523926,14620200
2025-08-25 01:52:00,4.508999824523926,4.51200008392334,4.502999782562256,4.510000228881836,4.510000228881836,15701900
2025-08-25 01:54:00,4.508999824523926,4.51200008392334,4.507999897003174,4.508999824523926,4.508999824523926,12450300
2025-08-25 01:56:00,4.508999824523926,4.508999824523926,4.504000186920166,4.504000186920166,4.504000186920166,17722000
2025-08-25 01:58:00,4.502999782562256,4.513999938964844,4.501999855041504,4.513000011444092,4.513000011444092,11722900
2025-08-25 02:00:00,4.513000011444092,4.5229997634887695,4.51200008392334,4.5229997634887695,4.5229997634887695,12972700
2025-08-25 02:02:00,4.52400016784668,4.5279998779296875,4.52400016784668,4.5279998779296875,4.5279998779296875,14784500
2025-08-25 02:04:00,4.53000020980835,4.531000137329102,4.52400016784668,4.52400016784668,4.52400016784668,23075400
2025-08-25 02:06:00,4.52400016784668,4.5279998779296875,4.5229997634887695,4.525000095367432,4.525000095367432,19805000
2025-08-25 02:08:00,4.52400016784668,4.526000022888184,4.520999908447266,4.525000095367432,4.525000095367432,9188600
2025-08-25 02:10:00,4.525000095367432,4.5269999504089355,4.5229997634887695,4.52400016784668,4.52400016784668,9726400
2025-08-25 02:12:00,4.52400016784668,4.53000020980835,4.52400016784668,4.5289998054504395,4.5289998054504395,8105600
2025-08-25 02:14:00,4.5289998054504395,4.533999919891357,4.5289998054504395,4.531000137329102,4.531000137329102,14979600
2025-08-25 02:16:00,4.531000137329102,4.531000137329102,4.526000022888184,4.5279998779296875,4.5279998779296875,7844399
2025-08-25 02:18:00,4.5289998054504395,4.539000034332275,4.5289998054504395,4.539000034332275,4.539000034332275,21359274
2025-08-25 02:20:00,4.539999961853027,4.545000076293945,4.539999961853027,4.541999816894531,4.541999816894531,22038200
2025-08-25 02:22:00,4.540999889373779,4.543000221252441,4.538000106811523,4.538000106811523,4.538000106811523,9273100
2025-08-25 02:24:00,4.538000106811523,4.541999816894531,4.535999774932861,4.540999889373779,4.540999889373779,14320600
2025-08-25 02:26:00,4.541999816894531,4.545000076293945,4.541999816894531,4.544000148773193,4.544000148773193,10498100
2025-08-25 02:28:00,4.544000148773193,4.546999931335449,4.543000221252441,4.543000221252441,4.543000221252441,8348900
2025-08-25 02:30:00,4.544000148773193,4.545000076293945,4.539999961853027,4.541999816894531,4.541999816894531,8407700
2025-08-25 02:32:00,4.543000221252441,4.543000221252441,4.5320000648498535,4.5320000648498535,4.5320000648498535,8952000
2025-08-25 02:34:00,4.5329999923706055,4.539999961853027,4.5320000648498535,4.535999774932861,4.535999774932861,9469200
2025-08-25 02:36:00,4.534999847412109,4.539999961853027,4.5329999923706055,4.535999774932861,4.535999774932861,4473000
2025-08-25 02:38:00,4.534999847412109,4.534999847412109,4.531000137329102,4.533999919891357,4.533999919891357,5541000
2025-08-25 02:40:00,4.5329999923706055,4.534999847412109,4.53000020980835,4.533999919891357,4.533999919891357,10394800
2025-08-25 02:42:00,4.5370001792907715,4.543000221252441,4.535999774932861,4.541999816894531,4.541999816894531,14323600
2025-08-25 02:44:00,4.544000148773193,4.544000148773193,4.539999961853027,4.539999961853027,4.539999961853027,6749600
2025-08-25 02:46:00,4.540999889373779,4.540999889373779,4.534999847412109,4.535999774932861,4.535999774932861,5237400
2025-08-25 02:48:00,4.5370001792907715,4.543000221252441,4.535999774932861,4.541999816894531,4.541999816894531,4879700
2025-08-25 02:50:00,4.540999889373779,4.543000221252441,4.540999889373779,4.541999816894531,4.541999816894531,4705600
2025-08-25 02:52:00,4.541999816894531,4.547999858856201,4.541999816894531,4.547999858856201,4.547999858856201,7486600
2025-08-25 02:54:00,4.547999858856201,4.550000190734863,4.547999858856201,4.550000190734863,4.550000190734863,16686900
2025-08-25 02:56:00,4.550000190734863,4.554999828338623,4.550000190734863,4.554999828338623,4.554999828338623,16740926
2025-08-25 02:58:00,4.553999900817871,4.553999900817871,4.552000045776367,4.553999900817871,4.553999900817871,7280800
2025-08-25 03:00:00,4.553999900817871,4.561999797821045,4.553999900817871,4.560999870300293,4.560999870300293,17511074
2025-08-25 03:02:00,4.560999870300293,4.560999870300293,4.552999973297119,4.556000232696533,4.556000232696533,11630100
2025-08-25 03:04:00,4.556000232696533,4.560999870300293,4.552999973297119,4.560999870300293,4.560999870300293,9644100
2025-08-25 03:06:00,4.561999797821045,4.566999912261963,4.558000087738037,4.565000057220459,4.565000057220459,14692000
2025-08-25 03:08:00,4.565000057220459,4.568999767303467,4.563000202178955,4.566999912261963,4.566999912261963,14830600
2025-08-25 03:10:00,4.565999984741211,4.572000026702881,4.565000057220459,4.568999767303467,4.568999767303467,16448878
2025-08-25 03:12:00,4.567999839782715,4.570000171661377,4.561999797821045,4.561999797821045,4.561999797821045,15573400
2025-08-25 03:14:00,4.561999797821045,4.563000202178955,4.554999828338623,4.554999828338623,4.554999828338623,14540000
2025-08-25 03:16:00,4.554999828338623,4.557000160217285,4.546000003814697,4.546000003814697,4.546000003814697,12846700
2025-08-25 03:18:00,4.545000076293945,4.551000118255615,4.539999961853027,4.539999961853027,4.539999961853027,20006700
2025-08-25 03:20:00,4.539999961853027,4.539999961853027,4.5289998054504395,4.5289998054504395,4.5289998054504395,18366100
2025-08-25 03:22:00,4.53000020980835,4.538000106811523,4.53000020980835,4.538000106811523,4.538000106811523,13892200
2025-08-25 03:24:00,4.538000106811523,4.539999961853027,4.53000020980835,4.531000137329102,4.531000137329102,18136800
2025-08-25 03:26:00,4.53000020980835,4.53000020980835,4.51800012588501,4.526000022888184,4.526000022888184,20296900
2025-08-25 03:28:00,4.525000095367432,4.534999847412109,4.525000095367432,4.534999847412109,4.534999847412109,10961700
2025-08-25 03:30:00,4.533999919891357,4.533999919891357,4.533999919891357,4.533999919891357,4.533999919891357,70600
2025-08-25 05:00:00,4.5329999923706055,4.533999919891357,4.520999908447266,4.521999835968018,4.521999835968018,16567251
2025-08-25 05:02:00,4.520999908447266,4.521999835968018,4.513999938964844,4.513999938964844,4.513999938964844,12482300
2025-08-25 05:04:00,4.513999938964844,4.521999835968018,4.513999938964844,4.520999908447266,4.520999908447266,15773300
2025-08-25 05:06:00,4.519000053405762,4.526000022888184,4.517000198364258,4.526000022888184,4.526000022888184,6789200
2025-08-25 05:08:00,4.5279998779296875,4.5289998054504395,4.526000022888184,4.5279998779296875,4.5279998779296875,8635499
2025-08-25 05:10:00,4.5289998054504395,4.531000137329102,4.5289998054504395,4.53000020980835,4.53000020980835,6605300
2025-08-25 05:12:00,4.531000137329102,4.531000137329102,4.526000022888184,4.5289998054504395,4.5289998054504395,8586700
2025-08-25 05:14:00,4.5289998054504395,4.5289998054504395,4.517000198364258,4.519999980926514,4.519999980926514,6462900
2025-08-25 05:16:00,4.519999980926514,4.519999980926514,4.51200008392334,4.513999938964844,4.513999938964844,11528900
2025-08-25 05:18:00,4.513000011444092,4.515999794006348,4.511000156402588,4.513999938964844,4.513999938964844,9640400
2025-08-25 05:20:00,4.514999866485596,4.52400016784668,4.514999866485596,4.519000053405762,4.519000053405762,8997800
2025-08-25 05:22:00,4.519000053405762,4.519000053405762,4.511000156402588,4.51200008392334,4.51200008392334,7620300
2025-08-25 05:24:00,4.51200008392334,4.514999866485596,4.510000228881836,4.513000011444092,4.513000011444092,7546600
2025-08-25 05:26:00,4.513000011444092,4.513000011444092,4.505000114440918,4.50600004196167,4.50600004196167,12651200
2025-08-25 05:28:00,4.506999969482422,4.514999866485596,4.506999969482422,4.514999866485596,4.514999866485596,9002800
2025-08-25 05:30:00,4.514999866485596,4.514999866485596,4.50600004196167,4.513999938964844,4.513999938964844,6918400
2025-08-25 05:32:00,4.513999938964844,4.520999908447266,4.513999938964844,4.517000198364258,4.517000198364258,7096500
2025-08-25 05:34:00,4.51800012588501,4.51800012588501,4.510000228881836,4.51200008392334,4.51200008392334,4996500
2025-08-25 05:36:00,4.513000011444092,4.513000011444092,4.507999897003174,4.508999824523926,4.508999824523926,5771800
2025-08-25 05:38:00,4.508999824523926,4.511000156402588,4.506999969482422,4.511000156402588,4.511000156402588,9050200
2025-08-25 05:40:00,4.511000156402588,4.513000011444092,4.507999897003174,4.510000228881836,4.510000228881836,10698700
2025-08-25 05:42:00,4.510000228881836,4.519000053405762,4.510000228881836,4.51800012588501,4.51800012588501,4956800
2025-08-25 05:44:00,4.51800012588501,4.519000053405762,4.517000198364258,4.51800012588501,4.51800012588501,7591700
2025-08-25 05:46:00,4.51800012588501,4.519999980926514,4.513999938964844,4.519999980926514,4.519999980926514,6835500
2025-08-25 05:48:00,4.519999980926514,4.5289998054504395,4.519999980926514,4.5269999504089355,4.5269999504089355,6211600
2025-08-25 05:50:00,4.5269999504089355,4.5269999504089355,4.521999835968018,4.5229997634887695,4.5229997634887695,2893500
2025-08-25 05:52:00,4.521999835968018,4.5279998779296875,4.521999835968018,4.5279998779296875,4.5279998779296875,4330000
2025-08-25 05:54:00,4.5279998779296875,4.5289998054504395,4.526000022888184,4.526000022888184,4.526000022888184,7808400
2025-08-25 05:56:00,4.526000022888184,4.5289998054504395,4.52400016784668,4.5289998054504395,4.5289998054504395,9897800
2025-08-25 05:58:00,4.5289998054504395,4.53000020980835,4.5229997634887695,4.52400016784668,4.52400016784668,4254300
2025-08-25 06:00:00,4.525000095367432,4.5289998054504395,4.52400016784668,4.52400016784668,4.52400016784668,4613600
2025-08-25 06:02:00,4.52400016784668,4.5269999504089355,4.51800012588501,4.526000022888184,4.526000022888184,6455100
2025-08-25 06:04:00,4.525000095367432,4.526000022888184,4.520999908447266,4.520999908447266,4.520999908447266,3400000
2025-08-25 06:06:00,4.521999835968018,4.5320000648498535,4.521999835968018,4.531000137329102,4.531000137329102,9214700
2025-08-25 06:08:00,4.53000020980835,4.5320000648498535,4.53000020980835,4.531000137329102,4.531000137329102,4056000
2025-08-25 06:10:00,4.531000137329102,4.534999847412109,4.531000137329102,4.533999919891357,4.533999919891357,5746500
2025-08-25 06:12:00,4.533999919891357,4.533999919891357,4.53000020980835,4.531000137329102,4.531000137329102,3153200
2025-08-25 06:14:00,4.53000020980835,4.538000106811523,4.53000020980835,4.538000106811523,4.538000106811523,4466000
2025-08-25 06:16:00,4.538000106811523,4.539999961853027,4.538000106811523,4.539999961853027,4.539999961853027,4260000
2025-08-25 06:18:00,4.539999961853027,4.541999816894531,4.539999961853027,4.540999889373779,4.540999889373779,5218400
2025-08-25 06:20:00,4.541999816894531,4.541999816894531,4.538000106811523,4.540999889373779,4.540999889373779,4878700
2025-08-25 06:22:00,4.540999889373779,4.546999931335449,4.540999889373779,4.546000003814697,4.546000003814697,7221600
2025-08-25 06:24:00,4.546000003814697,4.547999858856201,4.546000003814697,4.546999931335449,4.546999931335449,8284100
2025-08-25 06:26:00,4.546999931335449,4.548999786376953,4.545000076293945,4.547999858856201,4.547999858856201,6167800
2025-08-25 06:28:00,4.547999858856201,4.557000160217285,4.547999858856201,4.557000160217285,4.557000160217285,25811100
2025-08-25 06:30:00,4.557000160217285,4.559999942779541,4.557000160217285,4.558000087738037,4.558000087738037,16814200
2025-08-25 06:32:00,4.558000087738037,4.559000015258789,4.551000118255615,4.552999973297119,4.552999973297119,9750700
2025-08-25 06:34:00,4.552999973297119,4.552999973297119,4.545000076293945,4.552999973297119,4.552999973297119,8862100
2025-08-25 06:36:00,4.552999973297119,4.553999900817871,4.546999931335449,4.548999786376953,4.548999786376953,7734300
2025-08-25 06:38:00,4.548999786376953,4.556000232696533,4.548999786376953,4.556000232696533,4.556000232696533,15109622
2025-08-25 06:40:00,4.556000232696533,4.556000232696533,4.550000190734863,4.551000118255615,4.551000118255615,6331900
2025-08-25 06:42:00,4.552000045776367,4.552000045776367,4.541999816894531,4.541999816894531,4.541999816894531,8617200
2025-08-25 06:44:00,4.541999816894531,4.550000190734863,4.540999889373779,4.547999858856201,4.547999858856201,10137200
2025-08-25 06:46:00,4.547999858856201,4.552999973297119,4.547999858856201,4.550000190734863,4.550000190734863,8288300
2025-08-25 06:48:00,4.550000190734863,4.551000118255615,4.546000003814697,4.546999931335449,4.546999931335449,9068500
2025-08-25 06:50:00,4.547999858856201,4.548999786376953,4.544000148773193,4.547999858856201,4.547999858856201,16841700
2025-08-25 06:52:00,4.547999858856201,4.556000232696533,4.547999858856201,4.556000232696533,4.556000232696533,9743014
2025-08-25 06:54:00,4.556000232696533,4.559999942779541,4.554999828338623,4.559000015258789,4.559000015258789,12624774
2025-08-25 06:56:00,4.558000087738037,4.564000129699707,4.558000087738037,4.563000202178955,4.563000202178955,10189724
2025-08-25 06:58:00,4.563000202178955,4.565999984741211,4.563000202178955,4.565000057220459,4.565000057220459,15389500
2025-08-26 01:30:00,4.552999973297119,4.552999973297119,4.5320000648498535,4.540999889373779,4.540999889373779,52458800
2025-08-26 01:32:00,4.541999816894531,4.548999786376953,4.540999889373779,4.540999889373779,4.540999889373779,31255100
2025-08-26 01:34:00,4.539000034332275,4.539999961853027,4.533999919891357,4.533999919891357,4.533999919891357,40923700
2025-08-26 01:36:00,4.5320000648498535,4.533999919891357,4.53000020980835,4.531000137329102,4.531000137329102,34506100
2025-08-26 01:38:00,4.531000137329102,4.535999774932861,4.5289998054504395,4.5320000648498535,4.5320000648498535,30542040
2025-08-26 01:40:00,4.5320000648498535,4.533999919891357,4.5279998779296875,4.5329999923706055,4.5329999923706055,17607174
2025-08-26 01:42:00,4.5329999923706055,4.539000034332275,4.5329999923706055,4.538000106811523,4.538000106811523,15012800
2025-08-26 01:44:00,4.539000034332275,4.540999889373779,4.534999847412109,4.538000106811523,4.538000106811523,17863900
2025-08-26 01:46:00,4.539000034332275,4.544000148773193,4.539000034332275,4.541999816894531,4.541999816894531,11666600
2025-08-26 01:48:00,4.540999889373779,4.543000221252441,4.539999961853027,4.539999961853027,4.539999961853027,8574700
2025-08-26 01:50:00,4.539999961853027,4.544000148773193,4.539999961853027,4.544000148773193,4.544000148773193,10272800
2025-08-26 01:52:00,4.543000221252441,4.546000003814697,4.543000221252441,4.546000003814697,4.546000003814697,11704100
2025-08-26 01:54:00,4.546000003814697,4.552999973297119,4.546000003814697,4.551000118255615,4.551000118255615,14634100
2025-08-26 01:56:00,4.552000045776367,4.552999973297119,4.547999858856201,4.547999858856201,4.547999858856201,11290700
2025-08-26 01:58:00,4.546000003814697,4.546999931335449,4.543000221252441,4.544000148773193,4.544000148773193,6782300
2025-08-26 02:00:00,4.545000076293945,4.548999786376953,4.544000148773193,4.544000148773193,4.544000148773193,6902700
2025-08-26 02:02:00,4.545000076293945,4.550000190734863,4.544000148773193,4.548999786376953,4.548999786376953,6520500
2025-08-26 02:04:00,4.548999786376953,4.554999828338623,4.548999786376953,4.554999828338623,4.554999828338623,8504500
2025-08-26 02:06:00,4.553999900817871,4.554999828338623,4.551000118255615,4.552000045776367,4.552000045776367,6496400
2025-08-26 02:08:00,4.552000045776367,4.553999900817871,4.551000118255615,4.553999900817871,4.553999900817871,7582700
2025-08-26 02:10:00,4.553999900817871,4.554999828338623,4.552999973297119,4.554999828338623,4.554999828338623,9634200
2025-08-26 02:12:00,4.553999900817871,4.553999900817871,4.546999931335449,4.546999931335449,4.546999931335449,9401500
2025-08-26 02:14:00,4.547999858856201,4.551000118255615,4.546999931335449,4.546999931335449,4.546999931335449,7232100
2025-08-26 02:16:00,4.546999931335449,4.550000190734863,4.546000003814697,4.546000003814697,4.546000003814697,5184400
2025-08-26 02:18:00,4.546000003814697,4.550000190734863,4.544000148773193,4.546999931335449,4.546999931335449,7475000
2025-08-26 02:20:00,4.547999858856201,4.547999858856201,4.541999816894531,4.541999816894531,4.541999816894531,8393700
2025-08-26 02:22:00,4.541999816894531,4.545000076293945,4.540999889373779,4.544000148773193,4.544000148773193,8039500
2025-08-26 02:24:00,4.544000148773193,4.545000076293945,4.540999889373779,4.540999889373779,4.540999889373779,6996700
2025-08-26 02:26:00,4.540999889373779,4.540999889373779,4.535999774932861,4.539999961853027,4.539999961853027,10244000
2025-08-26 02:28:00,4.540999889373779,4.544000148773193,4.540999889373779,4.540999889373779,4.540999889373779,6353600
2025-08-26 02:30:00,4.540999889373779,4.541999816894531,4.539000034332275,4.539999961853027,4.539999961853027,9100100
2025-08-26 02:32:00,4.539999961853027,4.539999961853027,4.5329999923706055,4.539000034332275,4.539000034332275,15843844
2025-08-26 02:34:00,4.539000034332275,4.541999816894531,4.538000106811523,4.539999961853027,4.539999961853027,14177200
2025-08-26 02:36:00,4.540999889373779,4.541999816894531,4.539000034332275,4.541999816894531,4.541999816894531,17056800
2025-08-26 02:38:00,4.541999816894531,4.541999816894531,4.5370001792907715,4.539000034332275,4.539000034332275,5687700
2025-08-26 02:40:00,4.538000106811523,4.543000221252441,4.5370001792907715,4.543000221252441,4.543000221252441,6719200
2025-08-26 02:42:00,4.543000221252441,4.546000003814697,4.540999889373779,4.546000003814697,4.546000003814697,4305900
2025-08-26 02:44:00,4.545000076293945,4.546000003814697,4.544000148773193,4.545000076293945,4.545000076293945,5642900
2025-08-26 02:46:00,4.545000076293945,4.546999931335449,4.545000076293945,4.546000003814697,4.546000003814697,5126800
2025-08-26 02:48:00,4.546000003814697,4.550000190734863,4.546000003814697,4.547999858856201,4.547999858856201,5399000
2025-08-26 02:50:00,4.548999786376953,4.553999900817871,4.547999858856201,4.553999900817871,4.553999900817871,4867000
2025-08-26 02:52:00,4.552999973297119,4.553999900817871,4.550000190734863,4.550000190734863,4.550000190734863,6886500
2025-08-26 02:54:00,4.550000190734863,4.552000045776367,4.547999858856201,4.551000118255615,4.551000118255615,3976226
2025-08-26 02:56:00,4.550000190734863,4.550000190734863,4.543000221252441,4.546999931335449,4.546999931335449,10918300
2025-08-26 02:58:00,4.546999931335449,4.550000190734863,4.545000076293945,4.547999858856201,4.547999858856201,4424300
2025-08-26 03:00:00,4.550000190734863,4.550000190734863,4.544000148773193,4.544000148773193,4.544000148773193,6493000
2025-08-26 03:02:00,4.544000148773193,4.548999786376953,4.543000221252441,4.547999858856201,4.547999858856201,6446400
2025-08-26 03:04:00,4.548999786376953,4.548999786376953,4.544000148773193,4.546000003814697,4.546000003814697,3990300
2025-08-26 03:06:00,4.546999931335449,4.550000190734863,4.545000076293945,4.548999786376953,4.548999786376953,4318500
2025-08-26 03:08:00,4.548999786376953,4.552999973297119,4.548999786376953,4.552000045776367,4.552000045776367,5413200
2025-08-26 03:10:00,4.551000118255615,4.551000118255615,4.543000221252441,4.545000076293945,4.545000076293945,7199100
2025-08-26 03:12:00,4.544000148773193,4.548999786376953,4.544000148773193,4.548999786376953,4.548999786376953,3927973
2025-08-26 03:14:00,4.548999786376953,4.554999828338623,4.548999786376953,4.554999828338623,4.554999828338623,6439379
2025-08-26 03:16:00,4.553999900817871,4.561999797821045,4.552999973297119,4.560999870300293,4.560999870300293,13307800
2025-08-26 03:18:00,4.559999942779541,4.566999912261963,4.559999942779541,4.564000129699707,4.564000129699707,14995000
2025-08-26 03:20:00,4.564000129699707,4.570000171661377,4.564000129699707,4.565999984741211,4.565999984741211,22174000
2025-08-26 03:22:00,4.566999912261963,4.568999767303467,4.564000129699707,4.564000129699707,4.564000129699707,9148200
2025-08-26 03:24:00,4.564000129699707,4.571000099182129,4.561999797821045,4.567999839782715,4.567999839782715,9700778
2025-08-26 03:26:00,4.565999984741211,4.570000171661377,4.564000129699707,4.568999767303467,4.568999767303467,11357800
2025-08-26 03:28:00,4.567999839782715,4.571000099182129,4.565000057220459,4.568999767303467,4.568999767303467,8642824
2025-08-26 03:30:00,4.567999839782715,4.567999839782715,4.567999839782715,4.567999839782715,4.567999839782715,57200
2025-08-26 05:00:00,4.567999839782715,4.567999839782715,4.559000015258789,4.559999942779541,4.559999942779541,11923100
2025-08-26 05:02:00,4.559999942779541,4.560999870300293,4.559000015258789,4.560999870300293,4.560999870300293,4841200
2025-08-26 05:04:00,4.560999870300293,4.563000202178955,4.554999828338623,4.554999828338623,4.554999828338623,4584100
2025-08-26 05:06:00,4.554999828338623,4.560999870300293,4.554999828338623,4.560999870300293,4.560999870300293,6209900
2025-08-26 05:08:00,4.559999942779541,4.560999870300293,4.556000232696533,4.557000160217285,4.557000160217285,6271500
2025-08-26 05:10:00,4.556000232696533,4.557000160217285,4.553999900817871,4.556000232696533,4.556000232696533,4869908
2025-08-26 05:12:00,4.556000232696533,4.559000015258789,4.556000232696533,4.557000160217285,4.557000160217285,5405900
2025-08-26 05:14:00,4.556000232696533,4.556000232696533,4.552999973297119,4.552999973297119,4.552999973297119,5890700
2025-08-26 05:16:00,4.553999900817871,4.558000087738037,4.552999973297119,4.556000232696533,4.556000232696533,4122600
2025-08-26 05:18:00,4.556000232696533,4.557000160217285,4.554999828338623,4.556000232696533,4.556000232696533,2526000
2025-08-26 05:20:00,4.556000232696533,4.556000232696533,4.552000045776367,4.552000045776367,4.552000045776367,5053100
2025-08-26 05:22:00,4.552000045776367,4.552999973297119,4.551000118255615,4.552000045776367,4.552000045776367,5207600
2025-08-26 05:24:00,4.552000045776367,4.558000087738037,4.552000045776367,4.557000160217285,4.557000160217285,3114100
2025-08-26 05:26:00,4.558000087738037,4.559000015258789,4.556000232696533,4.557000160217285,4.557000160217285,4534700
2025-08-26 05:28:00,4.556000232696533,4.559000015258789,4.556000232696533,4.556000232696533,4.556000232696533,4885800
2025-08-26 05:30:00,4.557000160217285,4.558000087738037,4.552999973297119,4.554999828338623,4.554999828338623,4894200
2025-08-26 05:32:00,4.554999828338623,4.554999828338623,4.552999973297119,4.553999900817871,4.553999900817871,4569700
2025-08-26 05:34:00,4.553999900817871,4.553999900817871,4.551000118255615,4.551000118255615,4.551000118255615,5458600
2025-08-26 05:36:00,4.551000118255615,4.554999828338623,4.551000118255615,4.552999973297119,4.552999973297119,6792700
2025-08-26 05:38:00,4.552999973297119,4.553999900817871,4.551000118255615,4.552999973297119,4.552999973297119,3893300
2025-08-26 05:40:00,4.553999900817871,4.553999900817871,4.552000045776367,4.553999900817871,4.553999900817871,5085100
2025-08-26 05:42:00,4.554999828338623,4.559000015258789,4.553999900817871,4.558000087738037,4.558000087738037,8904400
2025-08-26 05:44:00,4.558000087738037,4.559000015258789,4.554999828338623,4.559000015258789,4.559000015258789,4545800
2025-08-26 05:46:00,4.558000087738037,4.560999870300293,4.558000087738037,4.559000015258789,4.559000015258789,5680300
2025-08-26 05:48:00,4.558000087738037,4.560999870300293,4.557000160217285,4.559999942779541,4.559999942779541,6100900
2025-08-26 05:50:00,4.559999942779541,4.561999797821045,4.559000015258789,4.559999942779541,4.559999942779541,6896900
2025-08-26 05:52:00,4.560999870300293,4.563000202178955,4.560999870300293,4.561999797821045,4.561999797821045,5904700
2025-08-26 05:54:00,4.561999797821045,4.567999839782715,4.561999797821045,4.567999839782715,4.567999839782715,7190300
2025-08-26 05:56:00,4.567999839782715,4.567999839782715,4.564000129699707,4.565000057220459,4.565000057220459,8308000
2025-08-26 05:58:00,4.565000057220459,4.565999984741211,4.563000202178955,4.565000057220459,4.565000057220459,5875600
2025-08-26 06:00:00,4.565999984741211,4.565999984741211,4.559999942779541,4.559999942779541,4.559999942779541,5657700
2025-08-26 06:02:00,4.559999942779541,4.566999912261963,4.559999942779541,4.565999984741211,4.565999984741211,5010900
2025-08-26 06:04:00,4.565999984741211,4.570000171661377,4.565000057220459,4.568999767303467,4.568999767303467,7831400
2025-08-26 06:06:00,4.568999767303467,4.570000171661377,4.565999984741211,4.565999984741211,4.565999984741211,6587900
2025-08-26 06:08:00,4.565999984741211,4.566999912261963,4.564000129699707,4.565999984741211,4.565999984741211,3988200
2025-08-26 06:10:00,4.565999984741211,4.565999984741211,4.559999942779541,4.560999870300293,4.560999870300293,7149600
2025-08-26 06:12:00,4.559999942779541,4.564000129699707,4.558000087738037,4.561999797821045,4.561999797821045,10510200
2025-08-26 06:14:00,4.561999797821045,4.565000057220459,4.561999797821045,4.565000057220459,4.565000057220459,6393000
2025-08-26 06:16:00,4.565999984741211,4.565999984741211,4.564000129699707,4.564000129699707,4.564000129699707,7148200
2025-08-26 06:18:00,4.565000057220459,4.565000057220459,4.559999942779541,4.559999942779541,4.559999942779541,5220300
2025-08-26 06:20:00,4.559999942779541,4.559999942779541,4.556000232696533,4.558000087738037,4.558000087738037,9914000
2025-08-26 06:22:00,4.557000160217285,4.557000160217285,4.553999900817871,4.553999900817871,4.553999900817871,7785800
2025-08-26 06:24:00,4.553999900817871,4.556000232696533,4.552999973297119,4.554999828338623,4.554999828338623,6752500
2025-08-26 06:26:00,4.553999900817871,4.559000015258789,4.552999973297119,4.559000015258789,4.559000015258789,6266400
2025-08-26 06:28:00,4.559000015258789,4.559999942779541,4.559000015258789,4.559000015258789,4.559000015258789,3952900
2025-08-26 06:30:00,4.559999942779541,4.559999942779541,4.552999973297119,4.554999828338623,4.554999828338623,10028100
2025-08-26 06:32:00,4.553999900817871,4.558000087738037,4.552999973297119,4.558000087738037,4.558000087738037,4530100
2025-08-26 06:34:00,4.557000160217285,4.558000087738037,4.556000232696533,4.556000232696533,4.556000232696533,4535300
2025-08-26 06:36:00,4.556000232696533,4.557000160217285,4.554999828338623,4.554999828338623,4.554999828338623,5675200
2025-08-26 06:38:00,4.553999900817871,4.554999828338623,4.551000118255615,4.553999900817871,4.553999900817871,9103700
2025-08-26 06:40:00,4.553999900817871,4.553999900817871,4.546999931335449,4.546999931335449,4.546999931335449,17881600
2025-08-26 06:42:00,4.546999931335449,4.550000190734863,4.546000003814697,4.548999786376953,4.548999786376953,11465500
2025-08-26 06:44:00,4.550000190734863,4.550000190734863,4.545000076293945,4.546000003814697,4.546000003814697,13169900
2025-08-26 06:46:00,4.545000076293945,4.546000003814697,4.539000034332275,4.541999816894531,4.541999816894531,18399700
2025-08-26 06:48:00,4.541999816894531,4.541999816894531,4.534999847412109,4.534999847412109,4.534999847412109,16793000
2025-08-26 06:50:00,4.534999847412109,4.540999889373779,4.533999919891357,4.540999889373779,4.540999889373779,13716900
2025-08-26 06:52:00,4.539999961853027,4.544000148773193,4.539999961853027,4.544000148773193,4.544000148773193,12283800
2025-08-26 06:54:00,4.545000076293945,4.545000076293945,4.541999816894531,4.544000148773193,4.544000148773193,6784200
2025-08-26 06:56:00,4.543000221252441,4.545000076293945,4.543000221252441,4.545000076293945,4.545000076293945,8205500
2025-08-26 06:58:00,4.545000076293945,4.545000076293945,4.540999889373779,4.540999889373779,4.540999889373779,3650300
2025-08-27 01:30:00,4.545000076293945,4.550000190734863,4.541999816894531,4.546999931335449,4.546999931335449,28723300
2025-08-27 01:32:00,4.546000003814697,4.557000160217285,4.546000003814697,4.556000232696533,4.556000232696533,20698400
2025-08-27 01:34:00,4.556000232696533,4.557000160217285,4.551000118255615,4.551000118255615,4.551000118255615,13055000
2025-08-27 01:36:00,4.550000190734863,4.556000232696533,4.550000190734863,4.556000232696533,4.556000232696533,17926522
2025-08-27 01:38:00,4.554999828338623,4.554999828338623,4.551000118255615,4.553999900817871,4.553999900817871,19234500
2025-08-27 01:40:00,4.554999828338623,4.560999870300293,4.553999900817871,4.559000015258789,4.559000015258789,24096410
2025-08-27 01:42:00,4.559999942779541,4.560999870300293,4.554999828338623,4.557000160217285,4.557000160217285,22606500
2025-08-27 01:44:00,4.556000232696533,4.557000160217285,4.548999786376953,4.548999786376953,4.548999786376953,9697400
2025-08-27 01:46:00,4.550000190734863,4.553999900817871,4.550000190734863,4.552000045776367,4.552000045776367,10209200
2025-08-27 01:48:00,4.552000045776367,4.552999973297119,4.546000003814697,4.552999973297119,4.552999973297119,11876600
2025-08-27 01:50:00,4.552000045776367,4.552000045776367,4.543000221252441,4.544000148773193,4.544000148773193,9608600
2025-08-27 01:52:00,4.544000148773193,4.545000076293945,4.541999816894531,4.543000221252441,4.543000221252441,8813700
2025-08-27 01:54:00,4.543000221252441,4.546000003814697,4.540999889373779,4.545000076293945,4.545000076293945,11052100
2025-08-27 01:56:00,4.545000076293945,4.546000003814697,4.534999847412109,4.534999847412109,4.534999847412109,11435000
2025-08-27 01:58:00,4.534999847412109,4.541999816894531,4.534999847412109,4.541999816894531,4.541999816894531,11600600
2025-08-27 02:00:00,4.540999889373779,4.546000003814697,4.540999889373779,4.544000148773193,4.544000148773193,14139400
2025-08-27 02:02:00,4.545000076293945,4.547999858856201,4.543000221252441,4.545000076293945,4.545000076293945,7640044
2025-08-27 02:04:00,4.545000076293945,4.547999858856201,4.545000076293945,4.546999931335449,4.546999931335449,4409100
2025-08-27 02:06:00,4.546999931335449,4.550000190734863,4.546000003814697,4.548999786376953,4.548999786376953,8397900
2025-08-27 02:08:00,4.548999786376953,4.556000232696533,4.548999786376953,4.556000232696533,4.556000232696533,6905600
2025-08-27 02:10:00,4.556000232696533,4.557000160217285,4.552999973297119,4.553999900817871,4.553999900817871,7112600
2025-08-27 02:12:00,4.554999828338623,4.559000015258789,4.554999828338623,4.558000087738037,4.558000087738037,13861600
2025-08-27 02:14:00,4.558000087738037,4.559999942779541,4.556000232696533,4.556000232696533,4.556000232696533,20090500
2025-08-27 02:16:00,4.557000160217285,4.563000202178955,4.554999828338623,4.563000202178955,4.563000202178955,11871700
2025-08-27 02:18:00,4.563000202178955,4.563000202178955,4.559999942779541,4.563000202178955,4.563000202178955,10433936
2025-08-27 02:20:00,4.563000202178955,4.565000057220459,4.559999942779541,4.561999797821045,4.561999797821045,11364700
2025-08-27 02:22:00,4.560999870300293,4.561999797821045,4.559000015258789,4.561999797821045,4.561999797821045,4578500
2025-08-27 02:24:00,4.563000202178955,4.565000057220459,4.560999870300293,4.565000057220459,4.565000057220459,15333300
2025-08-27 02:26:00,4.565000057220459,4.565000057220459,4.561999797821045,4.563000202178955,4.563000202178955,4831900
2025-08-27 02:28:00,4.560999870300293,4.563000202178955,4.559000015258789,4.559000015258789,4.559000015258789,4955400
2025-08-27 02:30:00,4.559000015258789,4.564000129699707,4.559000015258789,4.563000202178955,4.563000202178955,6240300
2025-08-27 02:32:00,4.563000202178955,4.564000129699707,4.559000015258789,4.559000015258789,4.559000015258789,9442700
2025-08-27 02:34:00,4.559999942779541,4.559999942779541,4.556000232696533,4.558000087738037,4.558000087738037,4097300
2025-08-27 02:36:00,4.558000087738037,4.559999942779541,4.556000232696533,4.559999942779541,4.559999942779541,5575000
2025-08-27 02:38:00,4.559000015258789,4.560999870300293,4.559000015258789,4.559000015258789,4.559000015258789,4441300
2025-08-27 02:40:00,4.559000015258789,4.559000015258789,4.553999900817871,4.556000232696533,4.556000232696533,3237500
2025-08-27 02:42:00,4.554999828338623,4.557000160217285,4.552000045776367,4.552000045776367,4.552000045776367,6435000
2025-08-27 02:44:00,4.552999973297119,4.554999828338623,4.552000045776367,4.552999973297119,4.552999973297119,3931300
2025-08-27 02:46:00,4.552999973297119,4.559999942779541,4.552999973297119,4.558000087738037,4.558000087738037,4634200
2025-08-27 02:48:00,4.559000015258789,4.559999942779541,4.558000087738037,4.559999942779541,4.559999942779541,3457200
2025-08-27 02:50:00,4.559999942779541,4.563000202178955,4.559000015258789,4.561999797821045,4.561999797821045,2883200
2025-08-27 02:52:00,4.561999797821045,4.563000202178955,4.560999870300293,4.561999797821045,4.561999797821045,2463300
2025-08-27 02:54:00,4.561999797821045,4.561999797821045,4.556000232696533,4.559999942779541,4.559999942779541,6165100
2025-08-27 02:56:00,4.559999942779541,4.563000202178955,4.559999942779541,4.563000202178955,4.563000202178955,3868000
2025-08-27 02:58:00,4.563000202178955,4.563000202178955,4.560999870300293,4.563000202178955,4.563000202178955,3737800
2025-08-27 03:00:00,4.563000202178955,4.565000057220459,4.561999797821045,4.564000129699707,4.564000129699707,4410300
2025-08-27 03:02:00,4.564000129699707,4.564000129699707,4.560999870300293,4.564000129699707,4.564000129699707,4163800
2025-08-27 03:04:00,4.563000202178955,4.565999984741211,4.561999797821045,4.565999984741211,4.565999984741211,6092400
2025-08-27 03:06:00,4.564000129699707,4.565999984741211,4.561999797821045,4.564000129699707,4.564000129699707,5263800
2025-08-27 03:08:00,4.564000129699707,4.566999912261963,4.563000202178955,4.566999912261963,4.566999912261963,6614900
2025-08-27 03:10:00,4.566999912261963,4.570000171661377,4.565999984741211,4.570000171661377,4.570000171661377,13285500
2025-08-27 03:12:00,4.570000171661377,4.572000026702881,4.567999839782715,4.571000099182129,4.571000099182129,7286500
2025-08-27 03:14:00,4.571000099182129,4.573999881744385,4.571000099182129,4.572999954223633,4.572999954223633,10609200
2025-08-27 03:16:00,4.572000026702881,4.572000026702881,4.568999767303467,4.571000099182129,4.571000099182129,6362200
2025-08-27 03:18:00,4.572000026702881,4.578000068664551,4.571000099182129,4.576000213623047,4.576000213623047,10434800
2025-08-27 03:20:00,4.573999881744385,4.574999809265137,4.570000171661377,4.570000171661377,4.570000171661377,5924600
2025-08-27 03:22:00,4.570000171661377,4.573999881744385,4.566999912261963,4.566999912261963,4.566999912261963,5136100
2025-08-27 03:24:00,4.566999912261963,4.573999881744385,4.565999984741211,4.572999954223633,4.572999954223633,5057012
2025-08-27 03:26:00,4.572999954223633,4.573999881744385,4.570000171661377,4.572000026702881,4.572000026702881,6901500
2025-08-27 03:28:00,4.572999954223633,4.573999881744385,4.570000171661377,4.572000026702881,4.572000026702881,10705400
2025-08-27 03:30:00,4.572999954223633,4.572999954223633,4.572999954223633,4.572999954223633,4.572999954223633,21500
2025-08-27 05:00:00,4.572999954223633,4.574999809265137,4.571000099182129,4.572999954223633,4.572999954223633,22975200
2025-08-27 05:02:00,4.573999881744385,4.580999851226807,4.573999881744385,4.580999851226807,4.580999851226807,13515745
2025-08-27 05:04:00,4.580999851226807,4.585000038146973,4.578999996185303,4.579999923706055,4.579999923706055,8885600
2025-08-27 05:06:00,4.578999996185303,4.578999996185303,4.573999881744385,4.576000213623047,4.576000213623047,6904100
2025-08-27 05:08:00,4.576000213623047,4.576000213623047,4.567999839782715,4.567999839782715,4.567999839782715,9561400
2025-08-27 05:10:00,4.568999767303467,4.568999767303467,4.565000057220459,4.565000057220459,4.565000057220459,11760400
2025-08-27 05:12:00,4.565000057220459,4.567999839782715,4.560999870300293,4.560999870300293,4.560999870300293,9316600
2025-08-27 05:14:00,4.561999797821045,4.566999912261963,4.561999797821045,4.566999912261963,4.566999912261963,11543900
2025-08-27 05:16:00,4.565999984741211,4.566999912261963,4.564000129699707,4.565999984741211,4.565999984741211,7634100
2025-08-27 05:18:00,4.565999984741211,4.566999912261963,4.561999797821045,4.564000129699707,4.564000129699707,10746800
2025-08-27 05:20:00,4.565000057220459,4.573999881744385,4.565000057220459,4.572999954223633,4.572999954223633,8992400
2025-08-27 05:22:00,4.572999954223633,4.572999954223633,4.568999767303467,4.570000171661377,4.570000171661377,4737700
2025-08-27 05:24:00,4.568999767303467,4.573999881744385,4.568999767303467,4.572999954223633,4.572999954223633,6700400
2025-08-27 05:26:00,4.572999954223633,4.573999881744385,4.572000026702881,4.572999954223633,4.572999954223633,3842900
2025-08-27 05:28:00,4.572999954223633,4.572999954223633,4.565999984741211,4.567999839782715,4.567999839782715,5980100
2025-08-27 05:30:00,4.567999839782715,4.567999839782715,4.559000015258789,4.559000015258789,4.559000015258789,8442200
2025-08-27 05:32:00,4.559000015258789,4.559999942779541,4.552000045776367,4.553999900817871,4.553999900817871,13925000
2025-08-27 05:34:00,4.554999828338623,4.560999870300293,4.553999900817871,4.559999942779541,4.559999942779541,6355500
2025-08-27 05:36:00,4.559999942779541,4.559999942779541,4.556000232696533,4.557000160217285,4.557000160217285,6997600
2025-08-27 05:38:00,4.558000087738037,4.558000087738037,4.551000118255615,4.551000118255615,4.551000118255615,12173600
2025-08-27 05:40:00,4.552000045776367,4.557000160217285,4.550000190734863,4.557000160217285,4.557000160217285,10528700
2025-08-27 05:42:00,4.557000160217285,4.558000087738037,4.551000118255615,4.551000118255615,4.551000118255615,2812200
2025-08-27 05:44:00,4.551000118255615,4.551000118255615,4.543000221252441,4.544000148773193,4.544000148773193,11960000
2025-08-27 05:46:00,4.544000148773193,4.546999931335449,4.541999816894531,4.541999816894531,4.541999816894531,11454000
2025-08-27 05:48:00,4.541999816894531,4.546999931335449,4.540999889373779,4.546000003814697,4.546000003814697,8644900
2025-08-27 05:50:00,4.546000003814697,4.547999858856201,4.543000221252441,4.546000003814697,4.546000003814697,7397200
2025-08-27 05:52:00,4.546000003814697,4.546000003814697,4.540999889373779,4.540999889373779,4.540999889373779,6031100
2025-08-27 05:54:00,4.539999961853027,4.539999961853027,4.5279998779296875,4.5279998779296875,4.5279998779296875,26035900
2025-08-27 05:56:00,4.5269999504089355,4.5329999923706055,4.52400016784668,4.526000022888184,4.526000022888184,15578800
2025-08-27 05:58:00,4.525000095367432,4.526000022888184,4.517000198364258,4.52400016784668,4.52400016784668,19429100
2025-08-27 06:00:00,4.5229997634887695,4.533999919891357,4.5229997634887695,4.5329999923706055,4.5329999923706055,11153000
2025-08-27 06:02:00,4.5329999923706055,4.538000106811523,4.5320000648498535,4.538000106811523,4.538000106811523,12918800
2025-08-27 06:04:00,4.5370001792907715,4.540999889373779,4.535999774932861,4.538000106811523,4.538000106811523,10704700
2025-08-27 06:06:00,4.538000106811523,4.541999816894531,4.538000106811523,4.541999816894531,4.541999816894531,8416200
2025-08-27 06:08:00,4.541999816894531,4.541999816894531,4.539000034332275,4.539000034332275,4.539000034332275,6926600
2025-08-27 06:10:00,4.539999961853027,4.539999961853027,4.531000137329102,4.5320000648498535,4.5320000648498535,10217600
2025-08-27 06:12:00,4.531000137329102,4.541999816894531,4.531000137329102,4.539000034332275,4.539000034332275,7902500
2025-08-27 06:14:00,4.539000034332275,4.539000034332275,4.535999774932861,4.5370001792907715,4.5370001792907715,4536000
2025-08-27 06:16:00,4.5370001792907715,4.5370001792907715,4.5279998779296875,4.5279998779296875,4.5279998779296875,8215700
2025-08-27 06:18:00,4.5289998054504395,4.5289998054504395,4.520999908447266,4.520999908447266,4.520999908447266,17235500
2025-08-27 06:20:00,4.520999908447266,4.520999908447266,4.515999794006348,4.51800012588501,4.51800012588501,20499000
2025-08-27 06:22:00,4.51800012588501,4.520999908447266,4.51200008392334,4.520999908447266,4.520999908447266,22740000
2025-08-27 06:24:00,4.520999908447266,4.5229997634887695,4.507999897003174,4.507999897003174,4.507999897003174,23579601
2025-08-27 06:26:00,4.507999897003174,4.517000198364258,4.507999897003174,4.511000156402588,4.511000156402588,16398100
2025-08-27 06:28:00,4.511000156402588,4.511000156402588,4.502999782562256,4.502999782562256,4.502999782562256,19200800
2025-08-27 06:30:00,4.501999855041504,4.51200008392334,4.491000175476074,4.51200008392334,4.51200008392334,45598864
2025-08-27 06:32:00,4.510000228881836,4.519999980926514,4.510000228881836,4.519000053405762,4.519000053405762,20438000
2025-08-27 06:34:00,4.51800012588501,4.525000095367432,4.51800012588501,4.520999908447266,4.520999908447266,10268600
2025-08-27 06:36:00,4.520999908447266,4.520999908447266,4.508999824523926,4.513000011444092,4.513000011444092,13372500
2025-08-27 06:38:00,4.513000011444092,4.514999866485596,4.505000114440918,4.505000114440918,4.505000114440918,17310600
2025-08-27 06:40:00,4.505000114440918,4.507999897003174,4.498000144958496,4.507999897003174,4.507999897003174,11403800
2025-08-27 06:42:00,4.50600004196167,4.50600004196167,4.49399995803833,4.49399995803833,4.49399995803833,13769900
2025-08-27 06:44:00,4.493000030517578,4.500999927520752,4.493000030517578,4.495999813079834,4.495999813079834,15481300
2025-08-27 06:46:00,4.494999885559082,4.494999885559082,4.488999843597412,4.488999843597412,4.488999843597412,12013100
2025-08-27 06:48:00,4.48799991607666,4.495999813079834,4.48799991607666,4.494999885559082,4.494999885559082,44410700
2025-08-27 06:50:00,4.495999813079834,4.495999813079834,4.486999988555908,4.48799991607666,4.48799991607666,16053319
2025-08-27 06:52:00,4.488999843597412,4.491000175476074,4.486999988555908,4.486999988555908,4.486999988555908,22533381
2025-08-27 06:54:00,4.486000061035156,4.486000061035156,4.47599983215332,4.47599983215332,4.47599983215332,40850400
2025-08-27 06:56:00,4.4770002365112305,4.4770002365112305,4.473999977111816,4.47599983215332,4.47599983215332,31606700
2025-08-27 06:58:00,4.474999904632568,4.47599983215332,4.473999977111816,4.47599983215332,4.47599983215332,30476170
2025-08-28 01:30:00,4.46999979019165,4.484000205993652,4.4679999351501465,4.48199987411499,4.48199987411499,47386045
2025-08-28 01:32:00,4.482999801635742,4.492000102996826,4.482999801635742,4.486000061035156,4.486000061035156,16228026
2025-08-28 01:34:00,4.486000061035156,4.491000175476074,4.480000019073486,4.480000019073486,4.480000019073486,21015300
2025-08-28 01:36:00,4.480000019073486,4.486999988555908,4.480000019073486,4.486999988555908,4.486999988555908,19112100
2025-08-28 01:38:00,4.486999988555908,4.48799991607666,4.47599983215332,4.47599983215332,4.47599983215332,14918500
2025-08-28 01:40:00,4.4770002365112305,4.479000091552734,4.46999979019165,4.479000091552734,4.479000091552734,26241900
2025-08-28 01:42:00,4.479000091552734,4.488999843597412,4.479000091552734,4.48799991607666,4.48799991607666,12541874
2025-08-28 01:44:00,4.486000061035156,4.48799991607666,4.48199987411499,4.485000133514404,4.485000133514404,15681500
2025-08-28 01:46:00,4.485000133514404,4.486999988555908,4.482999801635742,4.486999988555908,4.486999988555908,8148300
2025-08-28 01:48:00,4.486999988555908,4.49399995803833,4.486999988555908,4.49399995803833,4.49399995803833,17193500
2025-08-28 01:50:00,4.493000030517578,4.49399995803833,4.48799991607666,4.48799991607666,4.48799991607666,24867800
2025-08-28 01:52:00,4.486999988555908,4.48799991607666,4.484000205993652,4.485000133514404,4.485000133514404,14084300
2025-08-28 01:54:00,4.486000061035156,4.486999988555908,4.48199987411499,4.486000061035156,4.486000061035156,14089700
2025-08-28 01:56:00,4.486000061035156,4.486000061035156,4.478000164031982,4.479000091552734,4.479000091552734,22151600
2025-08-28 01:58:00,4.479000091552734,4.480000019073486,4.47599983215332,4.478000164031982,4.478000164031982,14527600
2025-08-28 02:00:00,4.4770002365112305,4.48799991607666,4.4770002365112305,4.486999988555908,4.486999988555908,12811100
2025-08-28 02:02:00,4.486999988555908,4.488999843597412,4.479000091552734,4.48199987411499,4.48199987411499,26522700
2025-08-28 02:04:00,4.48199987411499,4.48199987411499,4.4770002365112305,4.479000091552734,4.479000091552734,15525000
2025-08-28 02:06:00,4.479000091552734,4.486000061035156,4.47599983215332,4.486000061035156,4.486000061035156,8207100
2025-08-28 02:08:00,4.486000061035156,4.492000102996826,4.485000133514404,4.491000175476074,4.491000175476074,14151000
2025-08-28 02:10:00,4.491000175476074,4.497000217437744,4.491000175476074,4.494999885559082,4.494999885559082,18873500
2025-08-28 02:12:00,4.494999885559082,4.497000217437744,4.493000030517578,4.495999813079834,4.495999813079834,11271700
2025-08-28 02:14:00,4.495999813079834,4.498000144958496,4.493000030517578,4.498000144958496,4.498000144958496,11559400
2025-08-28 02:16:00,4.497000217437744,4.5,4.493000030517578,4.498000144958496,4.498000144958496,17995400
2025-08-28 02:18:00,4.497000217437744,4.5,4.495999813079834,4.499000072479248,4.499000072479248,12142700
2025-08-28 02:20:00,4.499000072479248,4.500999927520752,4.497000217437744,4.500999927520752,4.500999927520752,14119100
2025-08-28 02:22:00,4.5,4.502999782562256,4.497000217437744,4.499000072479248,4.499000072479248,8451500
2025-08-28 02:24:00,4.5,4.504000186920166,4.5,4.501999855041504,4.501999855041504,6373999
2025-08-28 02:26:00,4.501999855041504,4.508999824523926,4.5,4.507999897003174,4.507999897003174,8049300
2025-08-28 02:28:00,4.507999897003174,4.511000156402588,4.506999969482422,4.508999824523926,4.508999824523926,11556300
2025-08-28 02:30:00,4.510000228881836,4.51200008392334,4.510000228881836,4.511000156402588,4.511000156402588,5957300
2025-08-28 02:32:00,4.511000156402588,4.513000011444092,4.508999824523926,4.511000156402588,4.511000156402588,10370600
2025-08-28 02:34:00,4.510000228881836,4.51800012588501,4.510000228881836,4.51800012588501,4.51800012588501,8941000
2025-08-28 02:36:00,4.517000198364258,4.521999835968018,4.517000198364258,4.521999835968018,4.521999835968018,10544700
2025-08-28 02:38:00,4.520999908447266,4.520999908447266,4.517000198364258,4.517000198364258,4.517000198364258,13048000
2025-08-28 02:40:00,4.517000198364258,4.52400016784668,4.517000198364258,4.5229997634887695,4.5229997634887695,12837700
2025-08-28 02:42:00,4.5229997634887695,4.5279998779296875,4.521999835968018,4.5269999504089355,4.5269999504089355,12273100
2025-08-28 02:44:00,4.5269999504089355,4.531000137329102,4.5269999504089355,4.53000020980835,4.53000020980835,7924800
2025-08-28 02:46:00,4.53000020980835,4.5320000648498535,4.525000095367432,4.5320000648498535,4.5320000648498535,12427800
2025-08-28 02:48:00,4.5320000648498535,4.534999847412109,4.5320000648498535,4.533999919891357,4.533999919891357,13677000
2025-08-28 02:50:00,4.533999919891357,4.533999919891357,4.53000020980835,4.5329999923706055,4.5329999923706055,7960300
2025-08-28 02:52:00,4.5329999923706055,4.533999919891357,4.5279998779296875,4.5279998779296875,4.5279998779296875,6805400
2025-08-28 02:54:00,4.5289998054504395,4.53000020980835,4.52400016784668,4.525000095367432,4.525000095367432,7730200
2025-08-28 02:56:00,4.52400016784668,4.5269999504089355,4.521999835968018,4.5229997634887695,4.5229997634887695,9397000
2025-08-28 02:58:00,4.521999835968018,4.526000022888184,4.519000053405762,4.521999835968018,4.521999835968018,11961900
2025-08-28 03:00:00,4.521999835968018,4.526000022888184,4.519999980926514,4.5229997634887695,4.5229997634887695,7678900
2025-08-28 03:02:00,4.5229997634887695,4.5229997634887695,4.514999866485596,4.51800012588501,4.51800012588501,6617700
2025-08-28 03:04:00,4.51800012588501,4.519000053405762,4.513000011444092,4.517000198364258,4.517000198364258,6531900
2025-08-28 03:06:00,4.51800012588501,4.5229997634887695,4.514999866485596,4.521999835968018,4.521999835968018,6991100
2025-08-28 03:08:00,4.521999835968018,4.52400016784668,4.519999980926514,4.5229997634887695,4.5229997634887695,5840900
2025-08-28 03:10:00,4.5229997634887695,4.5229997634887695,4.515999794006348,4.521999835968018,4.521999835968018,4748000
2025-08-28 03:12:00,4.521999835968018,4.5289998054504395,4.521999835968018,4.5269999504089355,4.5269999504089355,5076500
2025-08-28 03:14:00,4.5279998779296875,4.53000020980835,4.51800012588501,4.51800012588501,4.51800012588501,6370400
2025-08-28 03:16:00,4.519000053405762,4.519000053405762,4.511000156402588,4.511000156402588,4.511000156402588,8420900
2025-08-28 03:18:00,4.508999824523926,4.513999938964844,4.50600004196167,4.510000228881836,4.510000228881836,11253400
2025-08-28 03:20:00,4.508999824523926,4.51200008392334,4.501999855041504,4.501999855041504,4.501999855041504,5572031
2025-08-28 03:22:00,4.501999855041504,4.50600004196167,4.497000217437744,4.5,4.5,8464800
2025-08-28 03:24:00,4.500999927520752,4.501999855041504,4.495999813079834,4.501999855041504,4.501999855041504,8498200
2025-08-28 03:26:00,4.501999855041504,4.50600004196167,4.500999927520752,4.500999927520752,4.500999927520752,4611700
2025-08-28 03:28:00,4.500999927520752,4.510000228881836,4.500999927520752,4.510000228881836,4.510000228881836,3649200
2025-08-28 03:30:00,4.510000228881836,4.510000228881836,4.510000228881836,4.510000228881836,4.510000228881836,5700
2025-08-28 05:00:00,4.508999824523926,4.510000228881836,4.501999855041504,4.501999855041504,4.501999855041504,10069028
2025-08-28 05:02:00,4.502999782562256,4.504000186920166,4.49399995803833,4.49399995803833,4.49399995803833,6880000
2025-08-28 05:04:00,4.49399995803833,4.495999813079834,4.493000030517578,4.49399995803833,4.49399995803833,4470300
2025-08-28 05:06:00,4.495999813079834,4.502999782562256,4.495999813079834,4.500999927520752,4.500999927520752,4352900
2025-08-28 05:08:00,4.500999927520752,4.507999897003174,4.500999927520752,4.507999897003174,4.507999897003174,6732600
2025-08-28 05:10:00,4.508999824523926,4.511000156402588,4.505000114440918,4.50600004196167,4.50600004196167,5494800
2025-08-28 05:12:00,4.50600004196167,4.506999969482422,4.498000144958496,4.499000072479248,4.499000072479248,3951300
2025-08-28 05:14:00,4.499000072479248,4.50600004196167,4.498000144958496,4.50600004196167,4.50600004196167,5086200
2025-08-28 05:16:00,4.506999969482422,4.508999824523926,4.500999927520752,4.500999927520752,4.500999927520752,4162300
2025-08-28 05:18:00,4.500999927520752,4.500999927520752,4.49399995803833,4.49399995803833,4.49399995803833,5348800
2025-08-28 05:20:00,4.494999885559082,4.494999885559082,4.489999771118164,4.491000175476074,4.491000175476074,7955670
2025-08-28 05:22:00,4.489999771118164,4.489999771118164,4.485000133514404,4.485000133514404,4.485000133514404,10552100
2025-08-28 05:24:00,4.485000133514404,4.485000133514404,4.479000091552734,4.479000091552734,4.479000091552734,12799900
2025-08-28 05:26:00,4.480000019073486,4.485000133514404,4.4720001220703125,4.474999904632568,4.474999904632568,20873692
2025-08-28 05:28:00,4.474999904632568,4.47599983215332,4.46999979019165,4.4720001220703125,4.4720001220703125,15517100
2025-08-28 05:30:00,4.4720001220703125,4.4770002365112305,4.4670000076293945,4.468999862670898,4.468999862670898,15301900
2025-08-28 05:32:00,4.46999979019165,4.46999979019165,4.454999923706055,4.460000038146973,4.460000038146973,20416900
2025-08-28 05:34:00,4.459000110626221,4.468999862670898,4.453000068664551,4.468999862670898,4.468999862670898,24773900
2025-08-28 05:36:00,4.46999979019165,4.473999977111816,4.465000152587891,4.473999977111816,4.473999977111816,14093700
2025-08-28 05:38:00,4.473999977111816,4.47599983215332,4.4710001945495605,4.474999904632568,4.474999904632568,6706200
2025-08-28 05:40:00,4.474999904632568,4.47599983215332,4.4670000076293945,4.468999862670898,4.468999862670898,10582900
2025-08-28 05:42:00,4.468999862670898,4.479000091552734,4.465000152587891,4.478000164031982,4.478000164031982,7921565
2025-08-28 05:44:00,4.479000091552734,4.488999843597412,4.479000091552734,4.486999988555908,4.486999988555908,6229800
2025-08-28 05:46:00,4.486999988555908,4.489999771118164,4.486999988555908,4.488999843597412,4.488999843597412,6538300
2025-08-28 05:48:00,4.488999843597412,4.494999885559082,4.488999843597412,4.493000030517578,4.493000030517578,6103400
2025-08-28 05:50:00,4.492000102996826,4.493000030517578,4.489999771118164,4.491000175476074,4.491000175476074,4978800
2025-08-28 05:52:00,4.492000102996826,4.492000102996826,4.482999801635742,4.482999801635742,4.482999801635742,5093700
2025-08-28 05:54:00,4.482999801635742,4.494999885559082,4.482999801635742,4.493000030517578,4.493000030517578,6140900
2025-08-28 05:56:00,4.493000030517578,4.49399995803833,4.48799991607666,4.49399995803833,4.49399995803833,3981700
2025-08-28 05:58:00,4.493000030517578,4.49399995803833,4.48799991607666,4.489999771118164,4.489999771118164,3317500
2025-08-28 06:00:00,4.489999771118164,4.501999855041504,4.489999771118164,4.500999927520752,4.500999927520752,11750900
2025-08-28 06:02:00,4.500999927520752,4.505000114440918,4.5,4.500999927520752,4.500999927520752,5583000
2025-08-28 06:04:00,4.500999927520752,4.510000228881836,4.5,4.510000228881836,4.510000228881836,3699200
2025-08-28 06:06:00,4.508999824523926,4.511000156402588,4.50600004196167,4.508999824523926,4.508999824523926,5606300
2025-08-28 06:08:00,4.507999897003174,4.510000228881836,4.506999969482422,4.507999897003174,4.507999897003174,4866100
2025-08-28 06:10:00,4.507999897003174,4.51200008392334,4.504000186920166,4.505000114440918,4.505000114440918,7877500
2025-08-28 06:12:00,4.506999969482422,4.519999980926514,4.506999969482422,4.519000053405762,4.519000053405762,15588400
2025-08-28 06:14:00,4.519999980926514,4.519999980926514,4.517000198364258,4.519000053405762,4.519000053405762,4372400
2025-08-28 06:16:00,4.519999980926514,4.526000022888184,4.51800012588501,4.526000022888184,4.526000022888184,10924100
2025-08-28 06:18:00,4.525000095367432,4.5269999504089355,4.5229997634887695,4.526000022888184,4.526000022888184,5175300
2025-08-28 06:20:00,4.525000095367432,4.526000022888184,4.520999908447266,4.521999835968018,4.521999835968018,4578400
2025-08-28 06:22:00,4.520999908447266,4.52400016784668,4.513000011444092,4.514999866485596,4.514999866485596,6812900
2025-08-28 06:24:00,4.513000011444092,4.514999866485596,4.508999824523926,4.51200008392334,4.51200008392334,5475200
2025-08-28 06:26:00,4.510000228881836,4.5229997634887695,4.510000228881836,4.51800012588501,4.51800012588501,7985300
2025-08-28 06:28:00,4.515999794006348,4.51800012588501,4.513999938964844,4.51800012588501,4.51800012588501,2651500
2025-08-28 06:30:00,4.51800012588501,4.519999980926514,4.514999866485596,4.515999794006348,4.515999794006348,4446900
2025-08-28 06:32:00,4.51800012588501,4.52400016784668,4.517000198364258,4.521999835968018,4.521999835968018,6473000
2025-08-28 06:34:00,4.5229997634887695,4.526000022888184,4.521999835968018,4.526000022888184,4.526000022888184,5093200
2025-08-28 06:36:00,4.526000022888184,4.5289998054504395,4.526000022888184,4.5279998779296875,4.5279998779296875,9650600
2025-08-28 06:38:00,4.5289998054504395,4.533999919891357,4.5289998054504395,4.531000137329102,4.531000137329102,13233300
2025-08-28 06:40:00,4.531000137329102,4.538000106811523,4.531000137329102,4.538000106811523,4.538000106811523,13717900
2025-08-28 06:42:00,4.538000106811523,4.539999961853027,4.538000106811523,4.539000034332275,4.539000034332275,9734400
2025-08-28 06:44:00,4.538000106811523,4.539000034332275,4.535999774932861,4.538000106811523,4.538000106811523,9154700
2025-08-28 06:46:00,4.538000106811523,4.546000003814697,4.538000106811523,4.546000003814697,4.546000003814697,13414000
2025-08-28 06:48:00,4.546000003814697,4.551000118255615,4.546000003814697,4.548999786376953,4.548999786376953,13531464
2025-08-28 06:50:00,4.548999786376953,4.550000190734863,4.545000076293945,4.546999931335449,4.546999931335449,16569036
2025-08-28 06:52:00,4.547999858856201,4.552999973297119,4.547999858856201,4.552000045776367,4.552000045776367,10384564
2025-08-28 06:54:00,4.552999973297119,4.553999900817871,4.552000045776367,4.553999900817871,4.553999900817871,12244100
2025-08-28 06:56:00,4.553999900817871,4.557000160217285,4.552999973297119,4.556000232696533,4.556000232696533,13752200
2025-08-28 06:58:00,4.557000160217285,4.560999870300293,4.556000232696533,4.560999870300293,4.560999870300293,17607700
2025-08-29 01:30:00,4.546000003814697,4.552999973297119,4.540999889373779,4.552000045776367,4.552000045776367,52977800
2025-08-29 01:32:00,4.552000045776367,4.558000087738037,4.551000118255615,4.558000087738037,4.558000087738037,58969975
2025-08-29 01:34:00,4.558000087738037,4.565999984741211,4.558000087738037,4.565999984741211,4.565999984741211,59099500
2025-08-29 01:36:00,4.564000129699707,4.567999839782715,4.561999797821045,4.565999984741211,4.565999984741211,44435200
2025-08-29 01:38:00,4.564000129699707,4.564000129699707,4.556000232696533,4.560999870300293,4.560999870300293,35267400
2025-08-29 01:40:00,4.559999942779541,4.565999984741211,4.559999942779541,4.561999797821045,4.561999797821045,30047300
2025-08-29 01:42:00,4.560999870300293,4.563000202178955,4.554999828338623,4.559999942779541,4.559999942779541,27130300
2025-08-29 01:44:00,4.559000015258789,4.559000015258789,4.553999900817871,4.559000015258789,4.559000015258789,19099300
2025-08-29 01:46:00,4.560999870300293,4.565000057220459,4.559000015258789,4.560999870300293,4.560999870300293,31859700
2025-08-29 01:48:00,4.560999870300293,4.571000099182129,4.560999870300293,4.570000171661377,4.570000171661377,32523200
2025-08-29 01:50:00,4.568999767303467,4.576000213623047,4.568999767303467,4.574999809265137,4.574999809265137,44043000
2025-08-29 01:52:00,4.574999809265137,4.577000141143799,4.572000026702881,4.576000213623047,4.576000213623047,30784600
2025-08-29 01:54:00,4.576000213623047,4.579999923706055,4.574999809265137,4.576000213623047,4.576000213623047,31045200
2025-08-29 01:56:00,4.574999809265137,4.580999851226807,4.574999809265137,4.578000068664551,4.578000068664551,15594852
2025-08-29 01:58:00,4.578000068664551,4.583000183105469,4.576000213623047,4.581999778747559,4.581999778747559,16366700
2025-08-29 02:00:00,4.581999778747559,4.585999965667725,4.581999778747559,4.583000183105469,4.583000183105469,12978700
2025-08-29 02:02:00,4.579999923706055,4.583000183105469,4.574999809265137,4.579999923706055,4.579999923706055,10555865
2025-08-29 02:04:00,4.580999851226807,4.583000183105469,4.578999996185303,4.579999923706055,4.579999923706055,8562330
2025-08-29 02:06:00,4.578999996185303,4.584000110626221,4.577000141143799,4.581999778747559,4.581999778747559,12523500
2025-08-29 02:08:00,4.583000183105469,4.583000183105469,4.578000068664551,4.580999851226807,4.580999851226807,7683000
2025-08-29 02:10:00,4.579999923706055,4.584000110626221,4.574999809265137,4.584000110626221,4.584000110626221,10506400
2025-08-29 02:12:00,4.584000110626221,4.585999965667725,4.583000183105469,4.585999965667725,4.585999965667725,7750500
2025-08-29 02:14:00,4.585999965667725,4.593999862670898,4.585999965667725,4.5929999351501465,4.5929999351501465,12910000
2025-08-29 02:16:00,4.5929999351501465,4.5929999351501465,4.586999893188477,4.5879998207092285,4.5879998207092285,5996500
2025-08-29 02:18:00,4.5879998207092285,4.590000152587891,4.584000110626221,4.586999893188477,4.586999893188477,6240200
2025-08-29 02:20:00,4.5879998207092285,4.5929999351501465,4.5879998207092285,4.5920000076293945,4.5920000076293945,7018800
2025-08-29 02:22:00,4.5929999351501465,4.598999977111816,4.5929999351501465,4.5980000495910645,4.5980000495910645,13024800
2025-08-29 02:24:00,4.5970001220703125,4.605000019073486,4.5970001220703125,4.605000019073486,4.605000019073486,16217000
2025-08-29 02:26:00,4.604000091552734,4.60699987411499,4.599999904632568,4.6020002365112305,4.6020002365112305,12542400
2025-08-29 02:28:00,4.60099983215332,4.60099983215332,4.5970001220703125,4.598999977111816,4.598999977111816,7506800
2025-08-29 02:30:00,4.598999977111816,4.599999904632568,4.5960001945495605,4.5960001945495605,4.5960001945495605,4505378
2025-08-29 02:32:00,4.5970001220703125,4.598999977111816,4.591000080108643,4.598999977111816,4.598999977111816,8430000
2025-08-29 02:34:00,4.598999977111816,4.598999977111816,4.5929999351501465,4.59499979019165,4.59499979019165,4764600
2025-08-29 02:36:00,4.5960001945495605,4.5980000495910645,4.5960001945495605,4.5970001220703125,4.5970001220703125,10703400
2025-08-29 02:38:00,4.5980000495910645,4.6020002365112305,4.59499979019165,4.6020002365112305,4.6020002365112305,6710200
2025-08-29 02:40:00,4.6020002365112305,4.603000164031982,4.599999904632568,4.60099983215332,4.60099983215332,5821100
2025-08-29 02:42:00,4.60099983215332,4.60699987411499,4.60099983215332,4.605999946594238,4.605999946594238,7415200
2025-08-29 02:44:00,4.605999946594238,4.60699987411499,4.598999977111816,4.598999977111816,4.598999977111816,6482600
2025-08-29 02:46:00,4.60099983215332,4.610000133514404,4.60099983215332,4.607999801635742,4.607999801635742,8214200
2025-08-29 02:48:00,4.609000205993652,4.61299991607666,4.609000205993652,4.61299991607666,4.61299991607666,6770100
2025-08-29 02:50:00,4.611999988555908,4.61299991607666,4.610000133514404,4.611000061035156,4.611000061035156,5402800
2025-08-29 02:52:00,4.611999988555908,4.61299991607666,4.599999904632568,4.599999904632568,4.599999904632568,4586600
2025-08-29 02:54:00,4.599999904632568,4.609000205993652,4.599999904632568,4.604000091552734,4.604000091552734,6294800
2025-08-29 02:56:00,4.604000091552734,4.610000133514404,4.60099983215332,4.60099983215332,4.60099983215332,6336300
2025-08-29 02:58:00,4.60099983215332,4.60099983215332,4.589000225067139,4.5920000076293945,4.5920000076293945,8730200
2025-08-29 03:00:00,4.5920000076293945,4.593999862670898,4.5879998207092285,4.593999862670898,4.593999862670898,5294300
2025-08-29 03:02:00,4.593999862670898,4.604000091552734,4.5920000076293945,4.603000164031982,4.603000164031982,6064400
2025-08-29 03:04:00,4.603000164031982,4.603000164031982,4.5960001945495605,4.5960001945495605,4.5960001945495605,2718100
2025-08-29 03:06:00,4.5970001220703125,4.599999904632568,4.5970001220703125,4.598999977111816,4.598999977111816,1449900
2025-08-29 03:08:00,4.598999977111816,4.599999904632568,4.5879998207092285,4.5879998207092285,4.5879998207092285,3989000
2025-08-29 03:10:00,4.589000225067139,4.5970001220703125,4.5879998207092285,4.589000225067139,4.589000225067139,4162100
2025-08-29 03:12:00,4.5879998207092285,4.5879998207092285,4.579999923706055,4.581999778747559,4.581999778747559,6828700
2025-08-29 03:14:00,4.581999778747559,4.585999965667725,4.578999996185303,4.579999923706055,4.579999923706055,6652300
2025-08-29 03:16:00,4.579999923706055,4.579999923706055,4.566999912261963,4.574999809265137,4.574999809265137,16981300
2025-08-29 03:18:00,4.577000141143799,4.590000152587891,4.577000141143799,4.590000152587891,4.590000152587891,4856200
2025-08-29 03:20:00,4.590000152587891,4.5920000076293945,4.584000110626221,4.585000038146973,4.585000038146973,3090500
2025-08-29 03:22:00,4.584000110626221,4.589000225067139,4.578000068664551,4.589000225067139,4.589000225067139,3481000
2025-08-29 03:24:00,4.5879998207092285,4.589000225067139,4.574999809265137,4.578999996185303,4.578999996185303,3534400
2025-08-29 03:26:00,4.579999923706055,4.581999778747559,4.574999809265137,4.580999851226807,4.580999851226807,5041400
2025-08-29 03:28:00,4.580999851226807,4.585000038146973,4.578999996185303,4.585000038146973,4.585000038146973,2881900
2025-08-29 03:30:00,4.584000110626221,4.584000110626221,4.584000110626221,4.584000110626221,4.584000110626221,2800
2025-08-29 05:00:00,4.585000038146973,4.591000080108643,4.583000183105469,4.590000152587891,4.590000152587891,9276900
2025-08-29 05:02:00,4.590000152587891,4.590000152587891,4.584000110626221,4.585000038146973,4.585000038146973,6740000
2025-08-29 05:04:00,4.585000038146973,4.5960001945495605,4.584000110626221,4.5960001945495605,4.5960001945495605,3773400
2025-08-29 05:06:00,4.59499979019165,4.5980000495910645,4.593999862670898,4.5980000495910645,4.5980000495910645,3165019
2025-08-29 05:08:00,4.5980000495910645,4.603000164031982,4.5980000495910645,4.6020002365112305,4.6020002365112305,5620500
2025-08-29 05:10:00,4.6020002365112305,4.603000164031982,4.5980000495910645,4.60099983215332,4.60099983215332,4505600
2025-08-29 05:12:00,4.60099983215332,4.6020002365112305,4.598999977111816,4.598999977111816,4.598999977111816,4682700
2025-08-29 05:14:00,4.598999977111816,4.604000091552734,4.5960001945495605,4.6020002365112305,4.6020002365112305,6112000
2025-08-29 05:16:00,4.60099983215332,4.60099983215332,4.59499979019165,4.59499979019165,4.59499979019165,2854700
2025-08-29 05:18:00,4.59499979019165,4.5960001945495605,4.583000183105469,4.583000183105469,4.583000183105469,4439500
2025-08-29 05:20:00,4.583000183105469,4.586999893188477,4.577000141143799,4.577000141143799,4.577000141143799,6326800
2025-08-29 05:22:00,4.576000213623047,4.579999923706055,4.572999954223633,4.573999881744385,4.573999881744385,7042700
2025-08-29 05:24:00,4.573999881744385,4.577000141143799,4.571000099182129,4.577000141143799,4.577000141143799,13547200
2025-08-29 05:26:00,4.574999809265137,4.576000213623047,4.567999839782715,4.568999767303467,4.568999767303467,9644600
2025-08-29 05:28:00,4.568999767303467,4.574999809265137,4.568999767303467,4.574999809265137,4.574999809265137,7044400
2025-08-29 05:30:00,4.576000213623047,4.578000068664551,4.574999809265137,4.577000141143799,4.577000141143799,5112300
2025-08-29 05:32:00,4.577000141143799,4.577000141143799,4.571000099182129,4.572000026702881,4.572000026702881,5556900
2025-08-29 05:34:00,4.572999954223633,4.584000110626221,4.572999954223633,4.580999851226807,4.580999851226807,6806267
2025-08-29 05:36:00,4.580999851226807,4.580999851226807,4.576000213623047,4.578999996185303,4.578999996185303,2890300
2025-08-29 05:38:00,4.579999923706055,4.585999965667725,4.578999996185303,4.585999965667725,4.585999965667725,6145904
2025-08-29 05:40:00,4.585000038146973,4.590000152587891,4.585000038146973,4.585999965667725,4.585999965667725,3969200
2025-08-29 05:42:00,4.585000038146973,4.586999893188477,4.577000141143799,4.577000141143799,4.577000141143799,3724331
2025-08-29 05:44:00,4.578000068664551,4.578999996185303,4.574999809265137,4.574999809265137,4.574999809265137,3272691
2025-08-29 05:46:00,4.574999809265137,4.574999809265137,4.572999954223633,4.572999954223633,4.572999954223633,4091700
2025-08-29 05:48:00,4.574999809265137,4.580999851226807,4.574999809265137,4.578000068664551,4.578000068664551,3535200
2025-08-29 05:50:00,4.578000068664551,4.585999965667725,4.578000068664551,4.585999965667725,4.585999965667725,4882100
2025-08-29 05:52:00,4.584000110626221,4.589000225067139,4.584000110626221,4.585999965667725,4.585999965667725,3128500
2025-08-29 05:54:00,4.585999965667725,4.5920000076293945,4.585999965667725,4.5920000076293945,4.5920000076293945,4093400
2025-08-29 05:56:00,4.5929999351501465,4.603000164031982,4.5929999351501465,4.60099983215332,4.60099983215332,12452400
2025-08-29 05:58:00,4.60099983215332,4.604000091552734,4.599999904632568,4.604000091552734,4.604000091552734,10029200
2025-08-29 06:00:00,4.604000091552734,4.607999801635742,4.604000091552734,4.604000091552734,4.604000091552734,14259800
2025-08-29 06:02:00,4.605000019073486,4.605000019073486,4.598999977111816,4.6020002365112305,4.6020002365112305,7146400
2025-08-29 06:04:00,4.60099983215332,4.60099983215332,4.5920000076293945,4.593999862670898,4.593999862670898,5737400
2025-08-29 06:06:00,4.593999862670898,4.60099983215332,4.5920000076293945,4.5960001945495605,4.5960001945495605,6373600
2025-08-29 06:08:00,4.5960001945495605,4.5970001220703125,4.589000225067139,4.590000152587891,4.590000152587891,5983700
2025-08-29 06:10:00,4.589000225067139,4.5929999351501465,4.585000038146973,4.585000038146973,4.585000038146973,8467100
2025-08-29 06:12:00,4.585999965667725,4.590000152587891,4.583000183105469,4.590000152587891,4.590000152587891,3321100
2025-08-29 06:14:00,4.591000080108643,4.59499979019165,4.590000152587891,4.590000152587891,4.590000152587891,5513943
2025-08-29 06:16:00,4.590000152587891,4.5920000076293945,4.586999893188477,4.5920000076293945,4.5920000076293945,7573000
2025-08-29 06:18:00,4.590000152587891,4.5929999351501465,4.589000225067139,4.590000152587891,4.590000152587891,3680100
2025-08-29 06:20:00,4.591000080108643,4.5929999351501465,4.585999965667725,4.5879998207092285,4.5879998207092285,4199500
2025-08-29 06:22:00,4.5879998207092285,4.5920000076293945,4.586999893188477,4.590000152587891,4.590000152587891,4650700
2025-08-29 06:24:00,4.590000152587891,4.590000152587891,4.585999965667725,4.586999893188477,4.586999893188477,3393000
2025-08-29 06:26:00,4.586999893188477,4.590000152587891,4.585999965667725,4.590000152587891,4.590000152587891,8347500
2025-08-29 06:28:00,4.589000225067139,4.5929999351501465,4.585999965667725,4.5929999351501465,4.5929999351501465,9937700
2025-08-29 06:30:00,4.593999862670898,4.599999904632568,4.593999862670898,4.598999977111816,4.598999977111816,9574600
2025-08-29 06:32:00,4.599999904632568,4.599999904632568,4.589000225067139,4.5920000076293945,4.5920000076293945,6527500
2025-08-29 06:34:00,4.5920000076293945,4.593999862670898,4.5879998207092285,4.589000225067139,4.589000225067139,3341700
2025-08-29 06:36:00,4.589000225067139,4.5960001945495605,4.589000225067139,4.5929999351501465,4.5929999351501465,5636900
2025-08-29 06:38:00,4.5920000076293945,4.5960001945495605,4.5920000076293945,4.593999862670898,4.593999862670898,3231000
2025-08-29 06:40:00,4.593999862670898,4.599999904632568,4.5920000076293945,4.599999904632568,4.599999904632568,4559200
2025-08-29 06:42:00,4.599999904632568,4.6020002365112305,4.598999977111816,4.598999977111816,4.598999977111816,4470000
2025-08-29 06:44:00,4.598999977111816,4.605000019073486,4.598999977111816,4.605000019073486,4.605000019073486,11671100
2025-08-29 06:46:00,4.604000091552734,4.609000205993652,4.604000091552734,4.60699987411499,4.60699987411499,23965900
2025-08-29 06:48:00,4.605999946594238,4.60699987411499,4.6020002365112305,4.6020002365112305,4.6020002365112305,11029600
2025-08-29 06:50:00,4.6020002365112305,4.603000164031982,4.599999904632568,4.6020002365112305,4.6020002365112305,26007800
2025-08-29 06:52:00,4.603000164031982,4.604000091552734,4.6020002365112305,4.603000164031982,4.603000164031982,38018100
2025-08-29 06:54:00,4.603000164031982,4.603000164031982,4.5980000495910645,4.599999904632568,4.599999904632568,35085300
2025-08-29 06:56:00,4.598999977111816,4.603000164031982,4.598999977111816,4.6020002365112305,4.6020002365112305,27296809
2025-08-29 06:58:00,4.6020002365112305,4.6020002365112305,4.599999904632568,4.6020002365112305,4.6020002365112305,12132200
2025-09-01 01:30:00,4.607999801635742,4.61899995803833,4.607999801635742,4.61899995803833,4.61899995803833,17664900
2025-09-01 01:32:00,4.617000102996826,4.61899995803833,4.607999801635742,4.611000061035156,4.611000061035156,25148126
2025-09-01 01:34:00,4.607999801635742,4.617000102996826,4.604000091552734,4.604000091552734,4.604000091552734,21795100
2025-09-01 01:36:00,4.603000164031982,4.607999801635742,4.60099983215332,4.60099983215332,4.60099983215332,35486137
2025-09-01 01:38:00,4.603000164031982,4.609000205993652,4.599999904632568,4.603000164031982,4.603000164031982,17118400
2025-09-01 01:40:00,4.60099983215332,4.603000164031982,4.5970001220703125,4.599999904632568,4.599999904632568,17887920
2025-09-01 01:42:00,4.598999977111816,4.599999904632568,4.59499979019165,4.59499979019165,4.59499979019165,16506500
2025-09-01 01:44:00,4.5960001945495605,4.5980000495910645,4.593999862670898,4.5960001945495605,4.5960001945495605,8679600
2025-09-01 01:46:00,4.5960001945495605,4.5960001945495605,4.5879998207092285,4.5920000076293945,4.5920000076293945,24356100
2025-09-01 01:48:00,4.5929999351501465,4.5960001945495605,4.590000152587891,4.590000152587891,4.590000152587891,10141900
2025-09-01 01:50:00,4.591000080108643,4.591000080108643,4.583000183105469,4.5879998207092285,4.5879998207092285,17234495
2025-09-01 01:52:00,4.586999893188477,4.590000152587891,4.583000183105469,4.5879998207092285,4.5879998207092285,10547600
2025-09-01 01:54:00,4.589000225067139,4.5920000076293945,4.583000183105469,4.585000038146973,4.585000038146973,11550100
2025-09-01 01:56:00,4.585000038146973,4.593999862670898,4.584000110626221,4.591000080108643,4.591000080108643,8002400
2025-09-01 01:58:00,4.591000080108643,4.5960001945495605,4.5879998207092285,4.591000080108643,4.591000080108643,9756600
2025-09-01 02:00:00,4.590000152587891,4.59499979019165,4.589000225067139,4.593999862670898,4.593999862670898,8200520
2025-09-01 02:02:00,4.5929999351501465,4.5960001945495605,4.586999893188477,4.5879998207092285,4.5879998207092285,10639200
2025-09-01 02:04:00,4.586999893188477,4.5929999351501465,4.585999965667725,4.590000152587891,4.590000152587891,5276600
2025-09-01 02:06:00,4.590000152587891,4.598999977111816,4.590000152587891,4.5980000495910645,4.5980000495910645,7540878
2025-09-01 02:08:00,4.5980000495910645,4.603000164031982,4.5960001945495605,4.60099983215332,4.60099983215332,8122700
2025-09-01 02:10:00,4.6020002365112305,4.603000164031982,4.599999904632568,4.603000164031982,4.603000164031982,7708400
2025-09-01 02:12:00,4.603000164031982,4.603000164031982,4.598999977111816,4.603000164031982,4.603000164031982,9163800
2025-09-01 02:14:00,4.603000164031982,4.605999946594238,4.599999904632568,4.6020002365112305,4.6020002365112305,6098200
2025-09-01 02:16:00,4.6020002365112305,4.603000164031982,4.60099983215332,4.60099983215332,4.60099983215332,5695700
2025-09-01 02:18:00,4.6020002365112305,4.6020002365112305,4.593999862670898,4.593999862670898,4.593999862670898,7889100
2025-09-01 02:20:00,4.59499979019165,4.598999977111816,4.59499979019165,4.5970001220703125,4.5970001220703125,5882500
2025-09-01 02:22:00,4.5970001220703125,4.599999904632568,4.5960001945495605,4.599999904632568,4.599999904632568,4804700
2025-09-01 02:24:00,4.599999904632568,4.6020002365112305,4.5980000495910645,4.599999904632568,4.599999904632568,6506500
2025-09-01 02:26:00,4.599999904632568,4.599999904632568,4.59499979019165,4.5970001220703125,4.5970001220703125,2749300
2025-09-01 02:28:00,4.5970001220703125,4.5970001220703125,4.590000152587891,4.590000152587891,4.590000152587891,6733600
2025-09-01 02:30:00,4.590000152587891,4.5920000076293945,4.586999893188477,4.5920000076293945,4.5920000076293945,9695170
2025-09-01 02:32:00,4.5920000076293945,4.593999862670898,4.589000225067139,4.5920000076293945,4.5920000076293945,5693800
2025-09-01 02:34:00,4.591000080108643,4.5920000076293945,4.5879998207092285,4.589000225067139,4.589000225067139,6296500
2025-09-01 02:36:00,4.589000225067139,4.5960001945495605,4.5879998207092285,4.593999862670898,4.593999862670898,5267800
2025-09-01 02:38:00,4.59499979019165,4.5970001220703125,4.5920000076293945,4.5960001945495605,4.5960001945495605,4709500
2025-09-01 02:40:00,4.59499979019165,4.598999977111816,4.59499979019165,4.5970001220703125,4.5970001220703125,4700600
2025-09-01 02:42:00,4.5970001220703125,4.598999977111816,4.5960001945495605,4.5980000495910645,4.5980000495910645,5711900
2025-09-01 02:44:00,4.5980000495910645,4.599999904632568,4.5980000495910645,4.598999977111816,4.598999977111816,3921800
2025-09-01 02:46:00,4.599999904632568,4.603000164031982,4.598999977111816,4.603000164031982,4.603000164031982,4349600
2025-09-01 02:48:00,4.603000164031982,4.605999946594238,4.603000164031982,4.603000164031982,4.603000164031982,5899600
2025-09-01 02:50:00,4.605000019073486,4.605000019073486,4.598999977111816,4.599999904632568,4.599999904632568,3616000
2025-09-01 02:52:00,4.599999904632568,4.60099983215332,4.598999977111816,4.60099983215332,4.60099983215332,4087900
2025-09-01 02:54:00,4.599999904632568,4.6020002365112305,4.5980000495910645,4.60099983215332,4.60099983215332,4845366
2025-09-01 02:56:00,4.60099983215332,4.60099983215332,4.59499979019165,4.5960001945495605,4.5960001945495605,3531300
2025-09-01 02:58:00,4.5960001945495605,4.60099983215332,4.59499979019165,4.598999977111816,4.598999977111816,2397700
2025-09-01 03:00:00,4.5980000495910645,4.599999904632568,4.5960001945495605,4.5980000495910645,4.5980000495910645,5324000
2025-09-01 03:02:00,4.5980000495910645,4.6020002365112305,4.593999862670898,4.599999904632568,4.599999904632568,6930800
2025-09-01 03:04:00,4.599999904632568,4.6020002365112305,4.599999904632568,4.6020002365112305,4.6020002365112305,7802200
2025-09-01 03:06:00,4.599999904632568,4.603000164031982,4.598999977111816,4.60099983215332,4.60099983215332,8975800
2025-09-01 03:08:00,4.599999904632568,4.599999904632568,4.5929999351501465,4.5970001220703125,4.5970001220703125,4422800
2025-09-01 03:10:00,4.5970001220703125,4.598999977111816,4.5970001220703125,4.598999977111816,4.598999977111816,3437100
2025-09-01 03:12:00,4.598999977111816,4.605000019073486,4.5980000495910645,4.603000164031982,4.603000164031982,7514825
2025-09-01 03:14:00,4.604000091552734,4.604000091552734,4.60099983215332,4.60099983215332,4.60099983215332,3787575
2025-09-01 03:16:00,4.599999904632568,4.599999904632568,4.5970001220703125,4.598999977111816,4.598999977111816,4520800
2025-09-01 03:18:00,4.598999977111816,4.603000164031982,4.598999977111816,4.6020002365112305,4.6020002365112305,1992500
2025-09-01 03:20:00,4.603000164031982,4.605999946594238,4.6020002365112305,4.605999946594238,4.605999946594238,5563600
2025-09-01 03:22:00,4.605000019073486,4.605999946594238,4.603000164031982,4.603000164031982,4.603000164031982,4878500
2025-09-01 03:24:00,4.603000164031982,4.603000164031982,4.589000225067139,4.589000225067139,4.589000225067139,12822300
2025-09-01 03:26:00,4.586999893188477,4.5879998207092285,4.583000183105469,4.584000110626221,4.584000110626221,28015500
2025-09-01 03:28:00,4.585000038146973,4.585000038146973,4.580999851226807,4.581999778747559,4.581999778747559,26785900
2025-09-01 03:30:00,4.583000183105469,4.583000183105469,4.583000183105469,4.583000183105469,4.583000183105469,2000
2025-09-01 05:00:00,4.583000183105469,4.591000080108643,4.583000183105469,4.589000225067139,4.589000225067139,24079200
2025-09-01 05:02:00,4.590000152587891,4.593999862670898,4.589000225067139,4.593999862670898,4.593999862670898,8269100
2025-09-01 05:04:00,4.593999862670898,4.599999904632568,4.593999862670898,4.598999977111816,4.598999977111816,6957200
2025-09-01 05:06:00,4.598999977111816,4.599999904632568,4.5920000076293945,4.5920000076293945,4.5920000076293945,10610020
2025-09-01 05:08:00,4.5920000076293945,4.59499979019165,4.590000152587891,4.593999862670898,4.593999862670898,13182600
2025-09-01 05:10:00,4.5929999351501465,4.5929999351501465,4.5879998207092285,4.5920000076293945,4.5920000076293945,5077900
2025-09-01 05:12:00,4.5920000076293945,4.5980000495910645,4.591000080108643,4.5960001945495605,4.5960001945495605,4860578
2025-09-01 05:14:00,4.5970001220703125,4.598999977111816,4.593999862670898,4.59499979019165,4.59499979019165,11214300
2025-09-01 05:16:00,4.59499979019165,4.5980000495910645,4.59499979019165,4.5960001945495605,4.5960001945495605,6846900
2025-09-01 05:18:00,4.5970001220703125,4.598999977111816,4.5970001220703125,4.5970001220703125,4.5970001220703125,10604100
2025-09-01 05:20:00,4.5980000495910645,4.599999904632568,4.5980000495910645,4.598999977111816,4.598999977111816,17971000
2025-09-01 05:22:00,4.598999977111816,4.598999977111816,4.5960001945495605,4.598999977111816,4.598999977111816,7381800
2025-09-01 05:24:00,4.598999977111816,4.6020002365112305,4.5980000495910645,4.6020002365112305,4.6020002365112305,9591700
2025-09-01 05:26:00,4.60099983215332,4.605000019073486,4.60099983215332,4.605000019073486,4.605000019073486,8398400
2025-09-01 05:28:00,4.605000019073486,4.605000019073486,4.603000164031982,4.605000019073486,4.605000019073486,5572500
2025-09-01 05:30:00,4.604000091552734,4.605000019073486,4.60099983215332,4.605000019073486,4.605000019073486,10216800
2025-09-01 05:32:00,4.605999946594238,4.607999801635742,4.60099983215332,4.604000091552734,4.604000091552734,8744300
2025-09-01 05:34:00,4.604000091552734,4.607999801635742,4.603000164031982,4.607999801635742,4.607999801635742,8723019
2025-09-01 05:36:00,4.607999801635742,4.607999801635742,4.605999946594238,4.607999801635742,4.607999801635742,12343681
2025-09-01 05:38:00,4.605999946594238,4.611000061035156,4.605000019073486,4.610000133514404,4.610000133514404,15517643
2025-09-01 05:40:00,4.611000061035156,4.611999988555908,4.607999801635742,4.607999801635742,4.607999801635742,8176500
2025-09-01 05:42:00,4.607999801635742,4.607999801635742,4.603000164031982,4.604000091552734,4.604000091552734,9901400
2025-09-01 05:44:00,4.603000164031982,4.603000164031982,4.5980000495910645,4.5980000495910645,4.5980000495910645,17192300
2025-09-01 05:46:00,4.5980000495910645,4.598999977111816,4.593999862670898,4.593999862670898,4.593999862670898,12543700
2025-09-01 05:48:00,4.593999862670898,4.60099983215332,4.5929999351501465,4.60099983215332,4.60099983215332,9421700
2025-09-01 05:50:00,4.60099983215332,4.6020002365112305,4.598999977111816,4.6020002365112305,4.6020002365112305,10302500
2025-09-01 05:52:00,4.6020002365112305,4.605999946594238,4.6020002365112305,4.605000019073486,4.605000019073486,14720200
2025-09-01 05:54:00,4.605000019073486,4.607999801635742,4.604000091552734,4.607999801635742,4.607999801635742,5667400
2025-09-01 05:56:00,4.607999801635742,4.607999801635742,4.604000091552734,4.60699987411499,4.60699987411499,4755400
2025-09-01 05:58:00,4.60699987411499,4.611000061035156,4.604000091552734,4.611000061035156,4.611000061035156,14153500
2025-09-01 06:00:00,4.611999988555908,4.614999771118164,4.609000205993652,4.611000061035156,4.611000061035156,10194400
2025-09-01 06:02:00,4.611000061035156,4.611000061035156,4.607999801635742,4.609000205993652,4.609000205993652,8805400
2025-09-01 06:04:00,4.607999801635742,4.611000061035156,4.60699987411499,4.60699987411499,4.60699987411499,6403700
2025-09-01 06:06:00,4.607999801635742,4.610000133514404,4.60699987411499,4.610000133514404,4.610000133514404,10515700
2025-09-01 06:08:00,4.610000133514404,4.613999843597412,4.610000133514404,4.61299991607666,4.61299991607666,14464700
2025-09-01 06:10:00,4.613999843597412,4.614999771118164,4.611999988555908,4.61299991607666,4.61299991607666,16230400
2025-09-01 06:12:00,4.61299991607666,4.614999771118164,4.61299991607666,4.61299991607666,4.61299991607666,13155700
2025-09-01 06:14:00,4.611000061035156,4.616000175476074,4.611000061035156,4.61299991607666,4.61299991607666,11687446
2025-09-01 06:16:00,4.613999843597412,4.614999771118164,4.611999988555908,4.61299991607666,4.61299991607666,2627200
2025-09-01 06:18:00,4.611999988555908,4.616000175476074,4.611000061035156,4.616000175476074,4.616000175476074,4991400
2025-09-01 06:20:00,4.613999843597412,4.617000102996826,4.611999988555908,4.614999771118164,4.614999771118164,6139800
2025-09-01 06:22:00,4.614999771118164,4.622000217437744,4.614999771118164,4.622000217437744,4.622000217437744,12508000
2025-09-01 06:24:00,4.623000144958496,4.623000144958496,4.618000030517578,4.619999885559082,4.619999885559082,6868400
2025-09-01 06:26:00,4.61899995803833,4.620999813079834,4.616000175476074,4.61899995803833,4.61899995803833,4668700
2025-09-01 06:28:00,4.61899995803833,4.622000217437744,4.61899995803833,4.622000217437744,4.622000217437744,3342600
2025-09-01 06:30:00,4.622000217437744,4.622000217437744,4.616000175476074,4.618000030517578,4.618000030517578,6895200
2025-09-01 06:32:00,4.618000030517578,4.619999885559082,4.618000030517578,4.618000030517578,4.618000030517578,6503700
2025-09-01 06:34:00,4.61899995803833,4.619999885559082,4.613999843597412,4.614999771118164,4.614999771118164,4710100
2025-09-01 06:36:00,4.614999771118164,4.618000030517578,4.613999843597412,4.618000030517578,4.618000030517578,5484200
2025-09-01 06:38:00,4.618000030517578,4.622000217437744,4.618000030517578,4.620999813079834,4.620999813079834,5458000
2025-09-01 06:40:00,4.620999813079834,4.622000217437744,4.616000175476074,4.617000102996826,4.617000102996826,7525000
2025-09-01 06:42:00,4.616000175476074,4.618000030517578,4.614999771118164,4.614999771118164,4.614999771118164,5823400
2025-09-01 06:44:00,4.616000175476074,4.616000175476074,4.611000061035156,4.611999988555908,4.611999988555908,13394300
2025-09-01 06:46:00,4.611999988555908,4.613999843597412,4.610000133514404,4.61299991607666,4.61299991607666,13392000
2025-09-01 06:48:00,4.61299991607666,4.614999771118164,4.611000061035156,4.614999771118164,4.614999771118164,4630000
2025-09-01 06:50:00,4.614999771118164,4.616000175476074,4.61299991607666,4.616000175476074,4.616000175476074,7301100
2025-09-01 06:52:00,4.614999771118164,4.616000175476074,4.613999843597412,4.614999771118164,4.614999771118164,9755800
2025-09-01 06:54:00,4.613999843597412,4.617000102996826,4.613999843597412,4.616000175476074,4.616000175476074,22861000
2025-09-01 06:56:00,4.616000175476074,4.618000030517578,4.614999771118164,4.617000102996826,4.617000102996826,18204400
2025-09-01 06:58:00,4.618000030517578,4.618000030517578,4.616000175476074,4.616000175476074,4.616000175476074,31494000
2025-09-02 01:30:00,4.614999771118164,4.620999813079834,4.610000133514404,4.619999885559082,4.619999885559082,18473772
2025-09-02 01:32:00,4.620999813079834,4.626999855041504,4.61899995803833,4.624000072479248,4.624000072479248,27742678
2025-09-02 01:34:00,4.622000217437744,4.629000186920166,4.622000217437744,4.625999927520752,4.625999927520752,24190800
2025-09-02 01:36:00,4.625,4.626999855041504,4.619999885559082,4.626999855041504,4.626999855041504,14334544
2025-09-02 01:38:00,4.626999855041504,4.627999782562256,4.619999885559082,4.626999855041504,4.626999855041504,13226352
2025-09-02 01:40:00,4.626999855041504,4.63700008392334,4.626999855041504,4.636000156402588,4.636000156402588,27932620
2025-09-02 01:42:00,4.635000228881836,4.635000228881836,4.629000186920166,4.63100004196167,4.63100004196167,5390800
2025-09-02 01:44:00,4.63100004196167,4.638000011444092,4.630000114440918,4.638000011444092,4.638000011444092,15051200
2025-09-02 01:46:00,4.639999866485596,4.642000198364258,4.635000228881836,4.635000228881836,4.635000228881836,13210200
2025-09-02 01:48:00,4.635000228881836,4.63700008392334,4.632999897003174,4.632999897003174,4.632999897003174,6670800
2025-09-02 01:50:00,4.632999897003174,4.632999897003174,4.620999813079834,4.620999813079834,4.620999813079834,11725443
2025-09-02 01:52:00,4.620999813079834,4.622000217437744,4.614999771118164,4.617000102996826,4.617000102996826,23119000
2025-09-02 01:54:00,4.616000175476074,4.620999813079834,4.616000175476074,4.619999885559082,4.619999885559082,12876800
2025-09-02 01:56:00,4.61899995803833,4.619999885559082,4.613999843597412,4.618000030517578,4.618000030517578,14589900
2025-09-02 01:58:00,4.616000175476074,4.619999885559082,4.613999843597412,4.618000030517578,4.618000030517578,8842800
2025-09-02 02:00:00,4.617000102996826,4.617000102996826,4.605999946594238,4.605999946594238,4.605999946594238,19111100
2025-09-02 02:02:00,4.60699987411499,4.617000102996826,4.60699987411499,4.610000133514404,4.610000133514404,12254000
2025-09-02 02:04:00,4.610000133514404,4.61299991607666,4.60699987411499,4.610000133514404,4.610000133514404,9908300
2025-09-02 02:06:00,4.610000133514404,4.613999843597412,4.60699987411499,4.613999843597412,4.613999843597412,11137900
2025-09-02 02:08:00,4.61299991607666,4.618000030517578,4.611999988555908,4.617000102996826,4.617000102996826,22849500
2025-09-02 02:10:00,4.617000102996826,4.617000102996826,4.611999988555908,4.614999771118164,4.614999771118164,17443900
2025-09-02 02:12:00,4.614999771118164,4.614999771118164,4.607999801635742,4.607999801635742,4.607999801635742,9945200
2025-09-02 02:14:00,4.60699987411499,4.60699987411499,4.59499979019165,4.5960001945495605,4.5960001945495605,27518200
2025-09-02 02:16:00,4.5960001945495605,4.604000091552734,4.59499979019165,4.6020002365112305,4.6020002365112305,16868600
2025-09-02 02:18:00,4.60099983215332,4.609000205993652,4.60099983215332,4.607999801635742,4.607999801635742,8127225
2025-09-02 02:20:00,4.60699987411499,4.616000175476074,4.605999946594238,4.614999771118164,4.614999771118164,5648300
2025-09-02 02:22:00,4.614999771118164,4.61899995803833,4.614999771118164,4.618000030517578,4.618000030517578,7757200
2025-09-02 02:24:00,4.618000030517578,4.623000144958496,4.618000030517578,4.622000217437744,4.622000217437744,6705300
2025-09-02 02:26:00,4.622000217437744,4.626999855041504,4.622000217437744,4.623000144958496,4.623000144958496,11276800
2025-09-02 02:28:00,4.624000072479248,4.625999927520752,4.623000144958496,4.625999927520752,4.625999927520752,10260800
2025-09-02 02:30:00,4.626999855041504,4.627999782562256,4.617000102996826,4.618000030517578,4.618000030517578,5242252
2025-09-02 02:32:00,4.618000030517578,4.622000217437744,4.614999771118164,4.618000030517578,4.618000030517578,4281100
2025-09-02 02:34:00,4.616000175476074,4.61899995803833,4.61299991607666,4.613999843597412,4.613999843597412,7767600
2025-09-02 02:36:00,4.61299991607666,4.613999843597412,4.610000133514404,4.61299991607666,4.61299991607666,10016400
2025-09-02 02:38:00,4.61299991607666,4.617000102996826,4.610000133514404,4.610000133514404,4.610000133514404,5365000
2025-09-02 02:40:00,4.609000205993652,4.610000133514404,4.60699987411499,4.60699987411499,4.60699987411499,3421600
2025-09-02 02:42:00,4.605999946594238,4.607999801635742,4.604000091552734,4.605000019073486,4.605000019073486,5848500
2025-09-02 02:44:00,4.605999946594238,4.605999946594238,4.599999904632568,4.60099983215332,4.60099983215332,10905700
2025-09-02 02:46:00,4.60099983215332,4.609000205993652,4.60099983215332,4.607999801635742,4.607999801635742,3873800
2025-09-02 02:48:00,4.607999801635742,4.609000205993652,4.598999977111816,4.598999977111816,4.598999977111816,9056600
2025-09-02 02:50:00,4.598999977111816,4.6020002365112305,4.5980000495910645,4.598999977111816,4.598999977111816,5408100
2025-09-02 02:52:00,4.598999977111816,4.607999801635742,4.598999977111816,4.607999801635742,4.607999801635742,2603400
2025-09-02 02:54:00,4.609000205993652,4.609000205993652,4.5960001945495605,4.5960001945495605,4.5960001945495605,7072700
2025-09-02 02:56:00,4.59499979019165,4.59499979019165,4.580999851226807,4.580999851226807,4.580999851226807,20648300
2025-09-02 02:58:00,4.581999778747559,4.589000225067139,4.580999851226807,4.580999851226807,4.580999851226807,15709000
2025-09-02 03:00:00,4.580999851226807,4.585000038146973,4.573999881744385,4.574999809265137,4.574999809265137,14807900
2025-09-02 03:02:00,4.573999881744385,4.579999923706055,4.566999912261963,4.579999923706055,4.579999923706055,13311600
2025-09-02 03:04:00,4.579999923706055,4.585999965667725,4.579999923706055,4.585000038146973,4.585000038146973,11963400
2025-09-02 03:06:00,4.585000038146973,4.586999893188477,4.580999851226807,4.585999965667725,4.585999965667725,4404200
2025-09-02 03:08:00,4.585000038146973,4.585000038146973,4.578999996185303,4.578999996185303,4.578999996185303,4934500
2025-09-02 03:10:00,4.578999996185303,4.581999778747559,4.574999809265137,4.581999778747559,4.581999778747559,4878100
2025-09-02 03:12:00,4.583000183105469,4.584000110626221,4.578999996185303,4.578999996185303,4.578999996185303,3509700
2025-09-02 03:14:00,4.578000068664551,4.578999996185303,4.566999912261963,4.566999912261963,4.566999912261963,8698400
2025-09-02 03:16:00,4.567999839782715,4.571000099182129,4.565999984741211,4.566999912261963,4.566999912261963,4452100
2025-09-02 03:18:00,4.566999912261963,4.573999881744385,4.566999912261963,4.572000026702881,4.572000026702881,5412900
2025-09-02 03:20:00,4.572999954223633,4.586999893188477,4.572999954223633,4.586999893188477,4.586999893188477,5358500
2025-09-02 03:22:00,4.586999893188477,4.59499979019165,4.586999893188477,4.59499979019165,4.59499979019165,3793000
2025-09-02 03:24:00,4.59499979019165,4.5970001220703125,4.5929999351501465,4.5929999351501465,4.5929999351501465,3744100
2025-09-02 03:26:00,4.593999862670898,4.593999862670898,4.585000038146973,4.586999893188477,4.586999893188477,5374800
2025-09-02 03:28:00,4.585999965667725,4.585999965667725,4.576000213623047,4.578000068664551,4.578000068664551,3986300
2025-09-02 03:30:00,4.577000141143799,4.577000141143799,4.577000141143799,4.577000141143799,4.577000141143799,59900
2025-09-02 05:00:00,4.577000141143799,4.577000141143799,4.566999912261963,4.568999767303467,4.568999767303467,11270400
2025-09-02 05:02:00,4.567999839782715,4.578999996185303,4.567999839782715,4.578999996185303,4.578999996185303,7911400
2025-09-02 05:04:00,4.579999923706055,4.589000225067139,4.579999923706055,4.585999965667725,4.585999965667725,7263100
2025-09-02 05:06:00,4.586999893188477,4.5879998207092285,4.583000183105469,4.585999965667725,4.585999965667725,3117200
2025-09-02 05:08:00,4.585999965667725,4.585999965667725,4.574999809265137,4.576000213623047,4.576000213623047,4349500
2025-09-02 05:10:00,4.577000141143799,4.577000141143799,4.571000099182129,4.572000026702881,4.572000026702881,4914600
2025-09-02 05:12:00,4.572000026702881,4.572999954223633,4.560999870300293,4.560999870300293,4.560999870300293,14828900
2025-09-02 05:14:00,4.561999797821045,4.561999797821045,4.558000087738037,4.558000087738037,4.558000087738037,11114300
2025-09-02 05:16:00,4.558000087738037,4.563000202178955,4.557000160217285,4.561999797821045,4.561999797821045,9839000
2025-09-02 05:18:00,4.563000202178955,4.563000202178955,4.554999828338623,4.554999828338623,4.554999828338623,10919100
2025-09-02 05:20:00,4.554999828338623,4.558000087738037,4.553999900817871,4.554999828338623,4.554999828338623,12577600
2025-09-02 05:22:00,4.553999900817871,4.554999828338623,4.551000118255615,4.553999900817871,4.553999900817871,7411800
2025-09-02 05:24:00,4.553999900817871,4.556000232696533,4.551000118255615,4.552000045776367,4.552000045776367,9619200
2025-09-02 05:26:00,4.552000045776367,4.557000160217285,4.551000118255615,4.554999828338623,4.554999828338623,7642500
2025-09-02 05:28:00,4.554999828338623,4.558000087738037,4.552999973297119,4.557000160217285,4.557000160217285,7430600
2025-09-02 05:30:00,4.557000160217285,4.566999912261963,4.557000160217285,4.566999912261963,4.566999912261963,6774000
2025-09-02 05:32:00,4.566999912261963,4.572999954223633,4.565999984741211,4.572999954223633,4.572999954223633,5876900
2025-09-02 05:34:00,4.572000026702881,4.580999851226807,4.572000026702881,4.580999851226807,4.580999851226807,5518100
2025-09-02 05:36:00,4.580999851226807,4.581999778747559,4.578999996185303,4.581999778747559,4.581999778747559,6246000
2025-09-02 05:38:00,4.584000110626221,4.586999893188477,4.583000183105469,4.585000038146973,4.585000038146973,5725800
2025-09-02 05:40:00,4.585000038146973,4.5920000076293945,4.585000038146973,4.5920000076293945,4.5920000076293945,7258200
2025-09-02 05:42:00,4.5929999351501465,4.598999977111816,4.5929999351501465,4.5970001220703125,4.5970001220703125,8253900
2025-09-02 05:44:00,4.5970001220703125,4.598999977111816,4.589000225067139,4.598999977111816,4.598999977111816,4127200
2025-09-02 05:46:00,4.598999977111816,4.598999977111816,4.593999862670898,4.5960001945495605,4.5960001945495605,4701700
2025-09-02 05:48:00,4.5960001945495605,4.603000164031982,4.5960001945495605,4.5970001220703125,4.5970001220703125,7784900
2025-09-02 05:50:00,4.5980000495910645,4.5980000495910645,4.585999965667725,4.5879998207092285,4.5879998207092285,3443000
2025-09-02 05:52:00,4.5879998207092285,4.5920000076293945,4.585000038146973,4.585000038146973,4.585000038146973,7135700
2025-09-02 05:54:00,4.585000038146973,4.5879998207092285,4.584000110626221,4.5879998207092285,4.5879998207092285,3954700
2025-09-02 05:56:00,4.589000225067139,4.5929999351501465,4.584000110626221,4.586999893188477,4.586999893188477,2238300
2025-09-02 05:58:00,4.585999965667725,4.586999893188477,4.579999923706055,4.579999923706055,4.579999923706055,4916200
2025-09-02 06:00:00,4.580999851226807,4.584000110626221,4.579999923706055,4.584000110626221,4.584000110626221,2298300
2025-09-02 06:02:00,4.584000110626221,4.5970001220703125,4.584000110626221,4.591000080108643,4.591000080108643,9737600
2025-09-02 06:04:00,4.590000152587891,4.590000152587891,4.584000110626221,4.584000110626221,4.584000110626221,2303200
2025-09-02 06:06:00,4.584000110626221,4.584000110626221,4.572999954223633,4.574999809265137,4.574999809265137,6529200
2025-09-02 06:08:00,4.574999809265137,4.581999778747559,4.573999881744385,4.579999923706055,4.579999923706055,3148000
2025-09-02 06:10:00,4.579999923706055,4.584000110626221,4.578999996185303,4.584000110626221,4.584000110626221,1425700
2025-09-02 06:12:00,4.583000183105469,4.583000183105469,4.577000141143799,4.578000068664551,4.578000068664551,2130100
2025-09-02 06:14:00,4.578000068664551,4.578000068664551,4.573999881744385,4.573999881744385,4.573999881744385,6072200
2025-09-02 06:16:00,4.572999954223633,4.573999881744385,4.568999767303467,4.570000171661377,4.570000171661377,4906200
2025-09-02 06:18:00,4.571000099182129,4.574999809265137,4.570000171661377,4.572000026702881,4.572000026702881,2969600
2025-09-02 06:20:00,4.572000026702881,4.579999923706055,4.571000099182129,4.578999996185303,4.578999996185303,1982200
2025-09-02 06:22:00,4.579999923706055,4.580999851226807,4.572000026702881,4.572000026702881,4.572000026702881,3127300
2025-09-02 06:24:00,4.571000099182129,4.577000141143799,4.571000099182129,4.574999809265137,4.574999809265137,2054600
2025-09-02 06:26:00,4.574999809265137,4.576000213623047,4.570000171661377,4.570000171661377,4.570000171661377,4062200
2025-09-02 06:28:00,4.570000171661377,4.571000099182129,4.565000057220459,4.570000171661377,4.570000171661377,6361200
2025-09-02 06:30:00,4.570000171661377,4.580999851226807,4.566999912261963,4.580999851226807,4.580999851226807,4808500
2025-09-02 06:32:00,4.581999778747559,4.585000038146973,4.578999996185303,4.578999996185303,4.578999996185303,5039900
2025-09-02 06:34:00,4.578000068664551,4.579999923706055,4.568999767303467,4.571000099182129,4.571000099182129,2748400
2025-09-02 06:36:00,4.572000026702881,4.572000026702881,4.570000171661377,4.571000099182129,4.571000099182129,3037600
2025-09-02 06:38:00,4.571000099182129,4.578999996185303,4.571000099182129,4.572000026702881,4.572000026702881,3103300
2025-09-02 06:40:00,4.571000099182129,4.572000026702881,4.566999912261963,4.568999767303467,4.568999767303467,6175800
2025-09-02 06:42:00,4.568999767303467,4.568999767303467,4.565000057220459,4.566999912261963,4.566999912261963,6389660
2025-09-02 06:44:00,4.565999984741211,4.567999839782715,4.564000129699707,4.565999984741211,4.565999984741211,8008600
2025-09-02 06:46:00,4.566999912261963,4.572000026702881,4.565999984741211,4.572000026702881,4.572000026702881,6993000
2025-09-02 06:48:00,4.572000026702881,4.576000213623047,4.572000026702881,4.576000213623047,4.576000213623047,6093600
2025-09-02 06:50:00,4.578999996185303,4.583000183105469,4.577000141143799,4.581999778747559,4.581999778747559,10530630
2025-09-02 06:52:00,4.583000183105469,4.585000038146973,4.581999778747559,4.584000110626221,4.584000110626221,7290600
2025-09-02 06:54:00,4.585000038146973,4.586999893188477,4.584000110626221,4.586999893188477,4.586999893188477,6021200
2025-09-02 06:56:00,4.586999893188477,4.5879998207092285,4.583000183105469,4.5879998207092285,4.5879998207092285,8930200
2025-09-02 06:58:00,4.5879998207092285,4.5920000076293945,4.586999893188477,4.591000080108643,4.591000080108643,10812800
2025-09-03 01:30:00,4.5980000495910645,4.609000205993652,4.5980000495910645,4.5980000495910645,4.5980000495910645,33900972
2025-09-03 01:32:00,4.599999904632568,4.604000091552734,4.5960001945495605,4.5970001220703125,4.5970001220703125,13292600
2025-09-03 01:34:00,4.5970001220703125,4.598999977111816,4.5920000076293945,4.5920000076293945,4.5920000076293945,9822800
2025-09-03 01:36:00,4.5920000076293945,4.5920000076293945,4.584000110626221,4.584000110626221,4.584000110626221,10053100
2025-09-03 01:38:00,4.584000110626221,4.584000110626221,4.577000141143799,4.584000110626221,4.584000110626221,15039900
2025-09-03 01:40:00,4.583000183105469,4.5920000076293945,4.583000183105469,4.590000152587891,4.590000152587891,7490700
2025-09-03 01:42:00,4.589000225067139,4.593999862670898,4.589000225067139,4.591000080108643,4.591000080108643,6270800
2025-09-03 01:44:00,4.591000080108643,4.593999862670898,4.590000152587891,4.593999862670898,4.593999862670898,5597200
2025-09-03 01:46:00,4.59499979019165,4.5960001945495605,4.590000152587891,4.591000080108643,4.591000080108643,9596700
2025-09-03 01:48:00,4.591000080108643,4.59499979019165,4.5879998207092285,4.589000225067139,4.589000225067139,11890500
2025-09-03 01:50:00,4.5879998207092285,4.5879998207092285,4.584000110626221,4.585000038146973,4.585000038146973,7301100
2025-09-03 01:52:00,4.585000038146973,4.590000152587891,4.583000183105469,4.5879998207092285,4.5879998207092285,6299000
2025-09-03 01:54:00,4.586999893188477,4.586999893188477,4.579999923706055,4.580999851226807,4.580999851226807,4683000
2025-09-03 01:56:00,4.580999851226807,4.583000183105469,4.578999996185303,4.580999851226807,4.580999851226807,7205800
2025-09-03 01:58:00,4.579999923706055,4.579999923706055,4.572000026702881,4.573999881744385,4.573999881744385,12988800
2025-09-03 02:00:00,4.572000026702881,4.577000141143799,4.565999984741211,4.565999984741211,4.565999984741211,16450200
2025-09-03 02:02:00,4.565999984741211,4.565999984741211,4.560999870300293,4.561999797821045,4.561999797821045,12062600
2025-09-03 02:04:00,4.563000202178955,4.565000057220459,4.560999870300293,4.563000202178955,4.563000202178955,11109300
2025-09-03 02:06:00,4.561999797821045,4.563000202178955,4.556000232696533,4.557000160217285,4.557000160217285,16465400
2025-09-03 02:08:00,4.557000160217285,4.559999942779541,4.557000160217285,4.559000015258789,4.559000015258789,12137600
2025-09-03 02:10:00,4.559000015258789,4.564000129699707,4.558000087738037,4.561999797821045,4.561999797821045,8572800
2025-09-03 02:12:00,4.563000202178955,4.566999912261963,4.559999942779541,4.560999870300293,4.560999870300293,11417700
2025-09-03 02:14:00,4.559999942779541,4.560999870300293,4.553999900817871,4.554999828338623,4.554999828338623,11670900
2025-09-03 02:16:00,4.557000160217285,4.563000202178955,4.556000232696533,4.563000202178955,4.563000202178955,12447000
2025-09-03 02:18:00,4.561999797821045,4.565000057220459,4.560999870300293,4.564000129699707,4.564000129699707,10487100
2025-09-03 02:20:00,4.565000057220459,4.572000026702881,4.565000057220459,4.570000171661377,4.570000171661377,9152900
2025-09-03 02:22:00,4.571000099182129,4.573999881744385,4.571000099182129,4.571000099182129,4.571000099182129,10514500
2025-09-03 02:24:00,4.572000026702881,4.572999954223633,4.564000129699707,4.565000057220459,4.565000057220459,7146300
2025-09-03 02:26:00,4.563000202178955,4.565999984741211,4.559999942779541,4.561999797821045,4.561999797821045,9849400
2025-09-03 02:28:00,4.561999797821045,4.567999839782715,4.560999870300293,4.563000202178955,4.563000202178955,12275400
2025-09-03 02:30:00,4.561999797821045,4.565999984741211,4.554999828338623,4.554999828338623,4.554999828338623,8075700
2025-09-03 02:32:00,4.554999828338623,4.554999828338623,4.540999889373779,4.540999889373779,4.540999889373779,17647800
2025-09-03 02:34:00,4.539999961853027,4.543000221252441,4.539000034332275,4.541999816894531,4.541999816894531,17041900
2025-09-03 02:36:00,4.543000221252441,4.553999900817871,4.543000221252441,4.553999900817871,4.553999900817871,12637400
2025-09-03 02:38:00,4.553999900817871,4.561999797821045,4.553999900817871,4.561999797821045,4.561999797821045,14535800
2025-09-03 02:40:00,4.561999797821045,4.571000099182129,4.558000087738037,4.570000171661377,4.570000171661377,14216500
2025-09-03 02:42:00,4.571000099182129,4.577000141143799,4.571000099182129,4.574999809265137,4.574999809265137,12969400
2025-09-03 02:44:00,4.573999881744385,4.581999778747559,4.573999881744385,4.581999778747559,4.581999778747559,12487400
2025-09-03 02:46:00,4.583000183105469,4.584000110626221,4.579999923706055,4.583000183105469,4.583000183105469,9415192
2025-09-03 02:48:00,4.584000110626221,4.590000152587891,4.583000183105469,4.5879998207092285,4.5879998207092285,6593776
2025-09-03 02:50:00,4.5879998207092285,4.589000225067139,4.583000183105469,4.5879998207092285,4.5879998207092285,8176225
2025-09-03 02:52:00,4.5879998207092285,4.5879998207092285,4.583000183105469,4.586999893188477,4.586999893188477,4479600
2025-09-03 02:54:00,4.586999893188477,4.586999893188477,4.573999881744385,4.573999881744385,4.573999881744385,2555800
2025-09-03 02:56:00,4.573999881744385,4.577000141143799,4.572000026702881,4.572999954223633,4.572999954223633,3935500
2025-09-03 02:58:00,4.572000026702881,4.578999996185303,4.572000026702881,4.572000026702881,4.572000026702881,2378900
2025-09-03 03:00:00,4.572000026702881,4.573999881744385,4.570000171661377,4.572999954223633,4.572999954223633,2486496
2025-09-03 03:02:00,4.572000026702881,4.574999809265137,4.565999984741211,4.565999984741211,4.565999984741211,2997104
2025-09-03 03:04:00,4.565000057220459,4.565000057220459,4.559000015258789,4.559999942779541,4.559999942779541,5261800
2025-09-03 03:06:00,4.559000015258789,4.565999984741211,4.559000015258789,4.561999797821045,4.561999797821045,2938400
2025-09-03 03:08:00,4.561999797821045,4.561999797821045,4.558000087738037,4.559000015258789,4.559000015258789,2140300
2025-09-03 03:10:00,4.558000087738037,4.558000087738037,4.551000118255615,4.552999973297119,4.552999973297119,4573500
2025-09-03 03:12:00,4.552999973297119,4.552999973297119,4.550000190734863,4.551000118255615,4.551000118255615,5038600
2025-09-03 03:14:00,4.552000045776367,4.559000015258789,4.551000118255615,4.557000160217285,4.557000160217285,5074600
2025-09-03 03:16:00,4.556000232696533,4.556000232696533,4.550000190734863,4.552000045776367,4.552000045776367,4890800
2025-09-03 03:18:00,4.551000118255615,4.558000087738037,4.551000118255615,4.556000232696533,4.556000232696533,3925000
2025-09-03 03:20:00,4.554999828338623,4.554999828338623,4.550000190734863,4.551000118255615,4.551000118255615,4593300
2025-09-03 03:22:00,4.551000118255615,4.552000045776367,4.546999931335449,4.552000045776367,4.552000045776367,5557700
2025-09-03 03:24:00,4.551000118255615,4.551000118255615,4.546999931335449,4.547999858856201,4.547999858856201,3944400
2025-09-03 03:26:00,4.546999931335449,4.547999858856201,4.540999889373779,4.543000221252441,4.543000221252441,6429800
2025-09-03 03:28:00,4.544000148773193,4.544000148773193,4.5370001792907715,4.539000034332275,4.539000034332275,12655500
2025-09-03 03:30:00,4.539999961853027,4.539999961853027,4.539999961853027,4.539999961853027,4.539999961853027,13300
2025-09-03 05:00:00,4.539999961853027,4.550000190734863,4.538000106811523,4.547999858856201,4.547999858856201,12745800
2025-09-03 05:02:00,4.548999786376953,4.553999900817871,4.540999889373779,4.543000221252441,4.543000221252441,6269500
2025-09-03 05:04:00,4.540999889373779,4.545000076293945,4.535999774932861,4.5370001792907715,4.5370001792907715,8304700
2025-09-03 05:06:00,4.5370001792907715,4.546000003814697,4.5370001792907715,4.545000076293945,4.545000076293945,4481700
2025-09-03 05:08:00,4.546000003814697,4.547999858856201,4.539999961853027,4.545000076293945,4.545000076293945,6270300
2025-09-03 05:10:00,4.545000076293945,4.546000003814697,4.541999816894531,4.545000076293945,4.545000076293945,2497600
2025-09-03 05:12:00,4.545000076293945,4.546999931335449,4.539999961853027,4.546999931335449,4.546999931335449,2461000
2025-09-03 05:14:00,4.546999931335449,4.551000118255615,4.546999931335449,4.548999786376953,4.548999786376953,2369800
2025-09-03 05:16:00,4.550000190734863,4.552000045776367,4.546000003814697,4.546000003814697,4.546000003814697,5480500
2025-09-03 05:18:00,4.546999931335449,4.546999931335449,4.541999816894531,4.544000148773193,4.544000148773193,1890100
2025-09-03 05:20:00,4.544000148773193,4.547999858856201,4.543000221252441,4.546999931335449,4.546999931335449,2286500
2025-09-03 05:22:00,4.546999931335449,4.547999858856201,4.546000003814697,4.546999931335449,4.546999931335449,1742400
2025-09-03 05:24:00,4.546999931335449,4.552000045776367,4.546999931335449,4.546999931335449,4.546999931335449,2497200
2025-09-03 05:26:00,4.546000003814697,4.546000003814697,4.539999961853027,4.541999816894531,4.541999816894531,3733100
2025-09-03 05:28:00,4.541999816894531,4.546999931335449,4.541999816894531,4.545000076293945,4.545000076293945,1756600
2025-09-03 05:30:00,4.546000003814697,4.546000003814697,4.539999961853027,4.539999961853027,4.539999961853027,2357500
2025-09-03 05:32:00,4.539999961853027,4.540999889373779,4.538000106811523,4.539000034332275,4.539000034332275,3314700
2025-09-03 05:34:00,4.539000034332275,4.539000034332275,4.534999847412109,4.535999774932861,4.535999774932861,7503500
2025-09-03 05:36:00,4.535999774932861,4.5370001792907715,4.531000137329102,4.5320000648498535,4.5320000648498535,11891400
2025-09-03 05:38:00,4.5320000648498535,4.5320000648498535,4.5289998054504395,4.5289998054504395,4.5289998054504395,8770000
2025-09-03 05:40:00,4.5289998054504395,4.5320000648498535,4.526000022888184,4.5320000648498535,4.5320000648498535,8127600
2025-09-03 05:42:00,4.5320000648498535,4.541999816894531,4.5320000648498535,4.538000106811523,4.538000106811523,6073600
2025-09-03 05:44:00,4.5370001792907715,4.5370001792907715,4.526000022888184,4.5269999504089355,4.5269999504089355,4442400
2025-09-03 05:46:00,4.526000022888184,4.526000022888184,4.519999980926514,4.521999835968018,4.521999835968018,10887300
2025-09-03 05:48:00,4.521999835968018,4.521999835968018,4.519999980926514,4.521999835968018,4.521999835968018,7664301
2025-09-03 05:50:00,4.521999835968018,4.5289998054504395,4.521999835968018,4.52400016784668,4.52400016784668,3935400
2025-09-03 05:52:00,4.52400016784668,4.5289998054504395,4.52400016784668,4.5279998779296875,4.5279998779296875,3519400
2025-09-03 05:54:00,4.5289998054504395,4.533999919891357,4.5279998779296875,4.531000137329102,4.531000137329102,5625000
2025-09-03 05:56:00,4.53000020980835,4.531000137329102,4.521999835968018,4.525000095367432,4.525000095367432,6855600
2025-09-03 05:58:00,4.525000095367432,4.5320000648498535,4.525000095367432,4.531000137329102,4.531000137329102,3270300
2025-09-03 06:00:00,4.531000137329102,4.5320000648498535,4.526000022888184,4.526000022888184,4.526000022888184,4380500
2025-09-03 06:02:00,4.5269999504089355,4.534999847412109,4.5269999504089355,4.534999847412109,4.534999847412109,6373900
2025-09-03 06:04:00,4.535999774932861,4.541999816894531,4.535999774932861,4.540999889373779,4.540999889373779,5723900
2025-09-03 06:06:00,4.541999816894531,4.546999931335449,4.539999961853027,4.546000003814697,4.546000003814697,7627200
2025-09-03 06:08:00,4.546000003814697,4.551000118255615,4.546000003814697,4.550000190734863,4.550000190734863,6033500
2025-09-03 06:10:00,4.550000190734863,4.551000118255615,4.544000148773193,4.550000190734863,4.550000190734863,5291300
2025-09-03 06:12:00,4.551000118255615,4.557000160217285,4.551000118255615,4.554999828338623,4.554999828338623,6031700
2025-09-03 06:14:00,4.554999828338623,4.559999942779541,4.550000190734863,4.550000190734863,4.550000190734863,6225000
2025-09-03 06:16:00,4.550000190734863,4.553999900817871,4.543000221252441,4.552000045776367,4.552000045776367,6375900
2025-09-03 06:18:00,4.552999973297119,4.552999973297119,4.543000221252441,4.544000148773193,4.544000148773193,4487000
2025-09-03 06:20:00,4.545000076293945,4.554999828338623,4.544000148773193,4.554999828338623,4.554999828338623,3952628
2025-09-03 06:22:00,4.552999973297119,4.557000160217285,4.552000045776367,4.552000045776367,4.552000045776367,4276813
2025-09-03 06:24:00,4.552999973297119,4.556000232696533,4.547999858856201,4.547999858856201,4.547999858856201,4216200
2025-09-03 06:26:00,4.547999858856201,4.556000232696533,4.547999858856201,4.554999828338623,4.554999828338623,3980500
2025-09-03 06:28:00,4.556000232696533,4.556000232696533,4.547999858856201,4.553999900817871,4.553999900817871,4370000
2025-09-03 06:30:00,4.552999973297119,4.559000015258789,4.552999973297119,4.559000015258789,4.559000015258789,4998800
2025-09-03 06:32:00,4.558000087738037,4.559000015258789,4.553999900817871,4.554999828338623,4.554999828338623,3485200
2025-09-03 06:34:00,4.553999900817871,4.558000087738037,4.552000045776367,4.552000045776367,4.552000045776367,4900700
2025-09-03 06:36:00,4.552999973297119,4.552999973297119,4.545000076293945,4.546000003814697,4.546000003814697,4817900
2025-09-03 06:38:00,4.546000003814697,4.548999786376953,4.541999816894531,4.541999816894531,4.541999816894531,6266000
2025-09-03 06:40:00,4.541999816894531,4.543000221252441,4.538000106811523,4.538000106811523,4.538000106811523,7256600
2025-09-03 06:42:00,4.538000106811523,4.538000106811523,4.53000020980835,4.53000020980835,4.53000020980835,8688700
2025-09-03 06:44:00,4.531000137329102,4.535999774932861,4.531000137329102,4.5329999923706055,4.5329999923706055,8216673
2025-09-03 06:46:00,4.533999919891357,4.533999919891357,4.5289998054504395,4.5289998054504395,4.5289998054504395,8119100
2025-09-03 06:48:00,4.53000020980835,4.531000137329102,4.520999908447266,4.520999908447266,4.520999908447266,8353100
2025-09-03 06:50:00,4.520999908447266,4.525000095367432,4.519999980926514,4.525000095367432,4.525000095367432,12015800
2025-09-03 06:52:00,4.526000022888184,4.5289998054504395,4.526000022888184,4.5269999504089355,4.5269999504089355,14061100
2025-09-03 06:54:00,4.526000022888184,4.538000106811523,4.526000022888184,4.538000106811523,4.538000106811523,12358592
2025-09-03 06:56:00,4.539000034332275,4.543000221252441,4.538000106811523,4.543000221252441,4.543000221252441,12284200
2025-09-03 06:58:00,4.541999816894531,4.550000190734863,4.541999816894531,4.546999931335449,4.546999931335449,11783600
2025-09-04 01:30:00,4.547999858856201,4.552000045776367,4.546999931335449,4.546999931335449,4.546999931335449,25634784
2025-09-04 01:32:00,4.546000003814697,4.553999900817871,4.546000003814697,4.551000118255615,4.551000118255615,10830373
2025-09-04 01:34:00,4.551000118255615,4.553999900817871,4.547999858856201,4.547999858856201,4.547999858856201,12765400
2025-09-04 01:36:00,4.547999858856201,4.551000118255615,4.546999931335449,4.547999858856201,4.547999858856201,11585600
2025-09-04 01:38:00,4.547999858856201,4.548999786376953,4.539999961853027,4.541999816894531,4.541999816894531,11639511
2025-09-04 01:40:00,4.543000221252441,4.547999858856201,4.540999889373779,4.540999889373779,4.540999889373779,10072100
2025-09-04 01:42:00,4.540999889373779,4.540999889373779,4.531000137329102,4.531000137329102,4.531000137329102,16524000
2025-09-04 01:44:00,4.531000137329102,4.5329999923706055,4.526000022888184,4.53000020980835,4.53000020980835,19392887
2025-09-04 01:46:00,4.5320000648498535,4.533999919891357,4.5279998779296875,4.5279998779296875,4.5279998779296875,11972100
2025-09-04 01:48:00,4.5269999504089355,4.5279998779296875,4.517000198364258,4.51800012588501,4.51800012588501,19650500
2025-09-04 01:50:00,4.517000198364258,4.517000198364258,4.508999824523926,4.508999824523926,4.508999824523926,25125800
2025-09-04 01:52:00,4.508999824523926,4.513999938964844,4.507999897003174,4.511000156402588,4.511000156402588,18309300
2025-09-04 01:54:00,4.51200008392334,4.51200008392334,4.505000114440918,4.510000228881836,4.510000228881836,17820200
2025-09-04 01:56:00,4.510000228881836,4.517000198364258,4.508999824523926,4.510000228881836,4.510000228881836,11469700
2025-09-04 01:58:00,4.508999824523926,4.510000228881836,4.502999782562256,4.502999782562256,4.502999782562256,14436100
2025-09-04 02:00:00,4.502999782562256,4.502999782562256,4.495999813079834,4.497000217437744,4.497000217437744,21510600
2025-09-04 02:02:00,4.497000217437744,4.505000114440918,4.497000217437744,4.502999782562256,4.502999782562256,21221400
2025-09-04 02:04:00,4.501999855041504,4.504000186920166,4.492000102996826,4.494999885559082,4.494999885559082,18102200
2025-09-04 02:06:00,4.494999885559082,4.494999885559082,4.486000061035156,4.486000061035156,4.486000061035156,32147300
2025-09-04 02:08:00,4.486000061035156,4.48799991607666,4.4770002365112305,4.478000164031982,4.478000164031982,34829500
2025-09-04 02:10:00,4.478000164031982,4.486000061035156,4.4730000495910645,4.486000061035156,4.486000061035156,50583600
2025-09-04 02:12:00,4.486999988555908,4.491000175476074,4.485000133514404,4.486999988555908,4.486999988555908,30160600
2025-09-04 02:14:00,4.486000061035156,4.491000175476074,4.482999801635742,4.488999843597412,4.488999843597412,14285300
2025-09-04 02:16:00,4.488999843597412,4.493000030517578,4.488999843597412,4.492000102996826,4.492000102996826,11320600
2025-09-04 02:18:00,4.492000102996826,4.492000102996826,4.488999843597412,4.491000175476074,4.491000175476074,6910700
2025-09-04 02:20:00,4.492000102996826,4.493000030517578,4.486000061035156,4.486000061035156,4.486000061035156,6895200
2025-09-04 02:22:00,4.486000061035156,4.488999843597412,4.48199987411499,4.48199987411499,4.48199987411499,6963800
2025-09-04 02:24:00,4.482999801635742,4.488999843597412,4.480000019073486,4.48799991607666,4.48799991607666,12239200
2025-09-04 02:26:00,4.486999988555908,4.48799991607666,4.480000019073486,4.480000019073486,4.480000019073486,6779200
2025-09-04 02:28:00,4.480999946594238,4.48199987411499,4.4770002365112305,4.480000019073486,4.480000019073486,5959000
2025-09-04 02:30:00,4.480000019073486,4.480000019073486,4.47599983215332,4.47599983215332,4.47599983215332,6639800
2025-09-04 02:32:00,4.47599983215332,4.48199987411499,4.47599983215332,4.4770002365112305,4.4770002365112305,8927600
2025-09-04 02:34:00,4.4770002365112305,4.4770002365112305,4.468999862670898,4.468999862670898,4.468999862670898,18422801
2025-09-04 02:36:00,4.46999979019165,4.4710001945495605,4.465000152587891,4.465000152587891,4.465000152587891,18411300
2025-09-04 02:38:00,4.466000080108643,4.466000080108643,4.455999851226807,4.458000183105469,4.458000183105469,28983500
2025-09-04 02:40:00,4.458000183105469,4.4670000076293945,4.458000183105469,4.4670000076293945,4.4670000076293945,31709603
2025-09-04 02:42:00,4.4670000076293945,4.4670000076293945,4.458000183105469,4.460999965667725,4.460999965667725,12447297
2025-09-04 02:44:00,4.460999965667725,4.461999893188477,4.456999778747559,4.458000183105469,4.458000183105469,11098500
2025-09-04 02:46:00,4.458000183105469,4.460000038146973,4.455999851226807,4.456999778747559,4.456999778747559,11683800
2025-09-04 02:48:00,4.455999851226807,4.455999851226807,4.447000026702881,4.447000026702881,4.447000026702881,20245200
2025-09-04 02:50:00,4.447999954223633,4.447999954223633,4.443999767303467,4.443999767303467,4.443999767303467,28049803
2025-09-04 02:52:00,4.443999767303467,4.448999881744385,4.434999942779541,4.448999881744385,4.448999881744385,32904700
2025-09-04 02:54:00,4.448999881744385,4.456999778747559,4.446000099182129,4.456999778747559,4.456999778747559,21635100
2025-09-04 02:56:00,4.456999778747559,4.460000038146973,4.455999851226807,4.460000038146973,4.460000038146973,10505500
2025-09-04 02:58:00,4.459000110626221,4.460000038146973,4.453000068664551,4.455999851226807,4.455999851226807,7971400
2025-09-04 03:00:00,4.456999778747559,4.4679999351501465,4.456999778747559,4.4679999351501465,4.4679999351501465,11844000
2025-09-04 03:02:00,4.4679999351501465,4.4679999351501465,4.464000225067139,4.464000225067139,4.464000225067139,5934700
2025-09-04 03:04:00,4.464000225067139,4.466000080108643,4.455999851226807,4.455999851226807,4.455999851226807,7106300
2025-09-04 03:06:00,4.456999778747559,4.460000038146973,4.452000141143799,4.452000141143799,4.452000141143799,6520000
2025-09-04 03:08:00,4.452000141143799,4.456999778747559,4.449999809265137,4.456999778747559,4.456999778747559,5741200
2025-09-04 03:10:00,4.456999778747559,4.4629998207092285,4.451000213623047,4.451000213623047,4.451000213623047,6505100
2025-09-04 03:12:00,4.448999881744385,4.449999809265137,4.443999767303467,4.447999954223633,4.447999954223633,11886800
2025-09-04 03:14:00,4.447000026702881,4.447999954223633,4.445000171661377,4.446000099182129,4.446000099182129,3932900
2025-09-04 03:16:00,4.447000026702881,4.447000026702881,4.438000202178955,4.440999984741211,4.440999984741211,8066400
2025-09-04 03:18:00,4.440999984741211,4.453000068664551,4.440999984741211,4.449999809265137,4.449999809265137,4339600
2025-09-04 03:20:00,4.451000213623047,4.452000141143799,4.445000171661377,4.448999881744385,4.448999881744385,7101700
2025-09-04 03:22:00,4.448999881744385,4.453000068664551,4.445000171661377,4.446000099182129,4.446000099182129,3200800
2025-09-04 03:24:00,4.446000099182129,4.447000026702881,4.435999870300293,4.440000057220459,4.440000057220459,9153600
2025-09-04 03:26:00,4.440000057220459,4.440999984741211,4.433000087738037,4.433000087738037,4.433000087738037,11241100
2025-09-04 03:28:00,4.434000015258789,4.445000171661377,4.433000087738037,4.445000171661377,4.445000171661377,5196700
2025-09-04 03:30:00,4.446000099182129,4.446000099182129,4.446000099182129,4.446000099182129,4.446000099182129,321800
2025-09-04 05:00:00,4.447000026702881,4.455999851226807,4.440000057220459,4.455999851226807,4.455999851226807,19860700
2025-09-04 05:02:00,4.454999923706055,4.455999851226807,4.445000171661377,4.445000171661377,4.445000171661377,9126200
2025-09-04 05:04:00,4.445000171661377,4.447000026702881,4.440000057220459,4.440000057220459,4.440000057220459,4385000
2025-09-04 05:06:00,4.440000057220459,4.456999778747559,4.438000202178955,4.456999778747559,4.456999778747559,5272900
2025-09-04 05:08:00,4.456999778747559,4.4629998207092285,4.455999851226807,4.4629998207092285,4.4629998207092285,8927800
2025-09-04 05:10:00,4.4629998207092285,4.464000225067139,4.461999893188477,4.464000225067139,4.464000225067139,7669600
2025-09-04 05:12:00,4.464000225067139,4.4730000495910645,4.464000225067139,4.4720001220703125,4.4720001220703125,11734900
2025-09-04 05:14:00,4.4710001945495605,4.473999977111816,4.468999862670898,4.46999979019165,4.46999979019165,10054500
2025-09-04 05:16:00,4.468999862670898,4.473999977111816,4.464000225067139,4.4670000076293945,4.4670000076293945,7700200
2025-09-04 05:18:00,4.468999862670898,4.468999862670898,4.458000183105469,4.458000183105469,4.458000183105469,6321600
2025-09-04 05:20:00,4.460000038146973,4.460999965667725,4.459000110626221,4.460000038146973,4.460000038146973,3094000
2025-09-04 05:22:00,4.459000110626221,4.459000110626221,4.453000068664551,4.453000068664551,4.453000068664551,5939700
2025-09-04 05:24:00,4.453000068664551,4.460000038146973,4.453000068664551,4.460000038146973,4.460000038146973,3791500
2025-09-04 05:26:00,4.460999965667725,4.468999862670898,4.460000038146973,4.468999862670898,4.468999862670898,2768000
2025-09-04 05:28:00,4.4679999351501465,4.4679999351501465,4.459000110626221,4.460000038146973,4.460000038146973,2596400
2025-09-04 05:30:00,4.459000110626221,4.460999965667725,4.453000068664551,4.453000068664551,4.453000068664551,4726000
2025-09-04 05:32:00,4.453000068664551,4.453000068664551,4.448999881744385,4.448999881744385,4.448999881744385,5098700
2025-09-04 05:34:00,4.448999881744385,4.454999923706055,4.447999954223633,4.453000068664551,4.453000068664551,3158100
2025-09-04 05:36:00,4.453000068664551,4.454999923706055,4.447000026702881,4.449999809265137,4.449999809265137,3085700
2025-09-04 05:38:00,4.448999881744385,4.451000213623047,4.447999954223633,4.449999809265137,4.449999809265137,2619400
2025-09-04 05:40:00,4.449999809265137,4.449999809265137,4.445000171661377,4.446000099182129,4.446000099182129,5193400
2025-09-04 05:42:00,4.445000171661377,4.447999954223633,4.442999839782715,4.443999767303467,4.443999767303467,4436300
2025-09-04 05:44:00,4.443999767303467,4.453000068664551,4.442999839782715,4.447999954223633,4.447999954223633,4350400
2025-09-04 05:46:00,4.447999954223633,4.454999923706055,4.447999954223633,4.453999996185303,4.453999996185303,4378900
2025-09-04 05:48:00,4.453000068664551,4.453000068664551,4.443999767303467,4.446000099182129,4.446000099182129,6096400
2025-09-04 05:50:00,4.445000171661377,4.459000110626221,4.445000171661377,4.456999778747559,4.456999778747559,4725400
2025-09-04 05:52:00,4.458000183105469,4.460000038146973,4.454999923706055,4.459000110626221,4.459000110626221,4028700
2025-09-04 05:54:00,4.459000110626221,4.4670000076293945,4.458000183105469,4.4670000076293945,4.4670000076293945,5635900
2025-09-04 05:56:00,4.4670000076293945,4.46999979019165,4.4629998207092285,4.466000080108643,4.466000080108643,6791200
2025-09-04 05:58:00,4.466000080108643,4.466000080108643,4.455999851226807,4.455999851226807,4.455999851226807,3943800
2025-09-04 06:00:00,4.455999851226807,4.456999778747559,4.449999809265137,4.449999809265137,4.449999809265137,6610800
2025-09-04 06:02:00,4.451000213623047,4.453000068664551,4.447999954223633,4.449999809265137,4.449999809265137,4255000
2025-09-04 06:04:00,4.449999809265137,4.449999809265137,4.445000171661377,4.446000099182129,4.446000099182129,5331700
2025-09-04 06:06:00,4.446000099182129,4.447999954223633,4.443999767303467,4.445000171661377,4.445000171661377,5856700
2025-09-04 06:08:00,4.445000171661377,4.448999881744385,4.445000171661377,4.447999954223633,4.447999954223633,4681300
2025-09-04 06:10:00,4.447999954223633,4.447999954223633,4.436999797821045,4.436999797821045,4.436999797821045,10705700
2025-09-04 06:12:00,4.439000129699707,4.439000129699707,4.433000087738037,4.436999797821045,4.436999797821045,9420300
2025-09-04 06:14:00,4.435999870300293,4.436999797821045,4.433000087738037,4.434000015258789,4.434000015258789,11313600
2025-09-04 06:16:00,4.434000015258789,4.440000057220459,4.433000087738037,4.440000057220459,4.440000057220459,7927100
2025-09-04 06:18:00,4.440000057220459,4.440000057220459,4.435999870300293,4.439000129699707,4.439000129699707,8328000
2025-09-04 06:20:00,4.439000129699707,4.440999984741211,4.433000087738037,4.433000087738037,4.433000087738037,13068700
2025-09-04 06:22:00,4.433000087738037,4.433000087738037,4.429999828338623,4.432000160217285,4.432000160217285,17771600
2025-09-04 06:24:00,4.432000160217285,4.435999870300293,4.429999828338623,4.431000232696533,4.431000232696533,19838300
2025-09-04 06:26:00,4.431000232696533,4.432000160217285,4.425000190734863,4.426000118255615,4.426000118255615,13038000
2025-09-04 06:28:00,4.426000118255615,4.442999839782715,4.426000118255615,4.440000057220459,4.440000057220459,12728500
2025-09-04 06:30:00,4.440000057220459,4.440000057220459,4.432000160217285,4.433000087738037,4.433000087738037,7824200
2025-09-04 06:32:00,4.433000087738037,4.433000087738037,4.427000045776367,4.427000045776367,4.427000045776367,12837700
2025-09-04 06:34:00,4.427000045776367,4.427000045776367,4.420000076293945,4.422999858856201,4.422999858856201,17216800
2025-09-04 06:36:00,4.421999931335449,4.421999931335449,4.416999816894531,4.416999816894531,4.416999816894531,18902900
2025-09-04 06:38:00,4.416999816894531,4.438000202178955,4.415999889373779,4.438000202178955,4.438000202178955,14511300
2025-09-04 06:40:00,4.438000202178955,4.449999809265137,4.435999870300293,4.449999809265137,4.449999809265137,16973600
2025-09-04 06:42:00,4.449999809265137,4.461999893188477,4.449999809265137,4.460999965667725,4.460999965667725,12407100
2025-09-04 06:44:00,4.464000225067139,4.4720001220703125,4.461999893188477,4.464000225067139,4.464000225067139,28637400
2025-09-04 06:46:00,4.4629998207092285,4.465000152587891,4.455999851226807,4.465000152587891,4.465000152587891,13110400
2025-09-04 06:48:00,4.4670000076293945,4.468999862670898,4.464000225067139,4.4670000076293945,4.4670000076293945,10053600
2025-09-04 06:50:00,4.4679999351501465,4.468999862670898,4.465000152587891,4.465000152587891,4.465000152587891,10823600
2025-09-04 06:52:00,4.465000152587891,4.465000152587891,4.453999996185303,4.453999996185303,4.453999996185303,8567400
2025-09-04 06:54:00,4.454999923706055,4.456999778747559,4.451000213623047,4.454999923706055,4.454999923706055,8515574
2025-09-04 06:56:00,4.455999851226807,4.456999778747559,4.452000141143799,4.455999851226807,4.455999851226807,8996100
2025-09-04 06:58:00,4.455999851226807,4.458000183105469,4.454999923706055,4.455999851226807,4.455999851226807,7844000
2025-09-05 01:30:00,4.452000141143799,4.456999778747559,4.451000213623047,4.451000213623047,4.451000213623047,29332000
2025-09-05 01:32:00,4.452000141143799,4.453999996185303,4.449999809265137,4.449999809265137,4.449999809265137,14268300
2025-09-05 01:34:00,4.449999809265137,4.449999809265137,4.442999839782715,4.443999767303467,4.443999767303467,14422700
2025-09-05 01:36:00,4.446000099182129,4.449999809265137,4.443999767303467,4.447000026702881,4.447000026702881,13948300
2025-09-05 01:38:00,4.447000026702881,4.454999923706055,4.446000099182129,4.454999923706055,4.454999923706055,12994200
2025-09-05 01:40:00,4.453000068664551,4.456999778747559,4.452000141143799,4.456999778747559,4.456999778747559,11335900
2025-09-05 01:42:00,4.456999778747559,4.460000038146973,4.454999923706055,4.456999778747559,4.456999778747559,11564900
2025-09-05 01:44:00,4.458000183105469,4.460999965667725,4.452000141143799,4.460999965667725,4.460999965667725,9633900
2025-09-05 01:46:00,4.461999893188477,4.4670000076293945,4.461999893188477,4.4629998207092285,4.4629998207092285,13712800
2025-09-05 01:48:00,4.464000225067139,4.468999862670898,4.461999893188477,4.468999862670898,4.468999862670898,8690300
2025-09-05 01:50:00,4.4670000076293945,4.468999862670898,4.460000038146973,4.461999893188477,4.461999893188477,11213374
2025-09-05 01:52:00,4.461999893188477,4.46999979019165,4.460999965667725,4.46999979019165,4.46999979019165,9518500
2025-09-05 01:54:00,4.4720001220703125,4.474999904632568,4.4710001945495605,4.473999977111816,4.473999977111816,14587800
2025-09-05 01:56:00,4.473999977111816,4.47599983215332,4.473999977111816,4.474999904632568,4.474999904632568,10342602
2025-09-05 01:58:00,4.474999904632568,4.482999801635742,4.4730000495910645,4.482999801635742,4.482999801635742,14672693
2025-09-05 02:00:00,4.48199987411499,4.484000205993652,4.479000091552734,4.479000091552734,4.479000091552734,11709800
2025-09-05 02:02:00,4.479000091552734,4.480999946594238,4.478000164031982,4.480000019073486,4.480000019073486,10798600
2025-09-05 02:04:00,4.480999946594238,4.485000133514404,4.480999946594238,4.482999801635742,4.482999801635742,9712900
2025-09-05 02:06:00,4.484000205993652,4.485000133514404,4.480999946594238,4.480999946594238,4.480999946594238,6050700
2025-09-05 02:08:00,4.480000019073486,4.480000019073486,4.4730000495910645,4.4770002365112305,4.4770002365112305,5574536
2025-09-05 02:10:00,4.4770002365112305,4.479000091552734,4.474999904632568,4.474999904632568,4.474999904632568,4294000
2025-09-05 02:12:00,4.473999977111816,4.473999977111816,4.4710001945495605,4.4720001220703125,4.4720001220703125,6008900
2025-09-05 02:14:00,4.4720001220703125,4.473999977111816,4.46999979019165,4.4720001220703125,4.4720001220703125,5136900
2025-09-05 02:16:00,4.4720001220703125,4.4730000495910645,4.46999979019165,4.4720001220703125,4.4720001220703125,3149100
2025-09-05 02:18:00,4.4720001220703125,4.479000091552734,4.4720001220703125,4.473999977111816,4.473999977111816,4426900
2025-09-05 02:20:00,4.473999977111816,4.4770002365112305,4.4710001945495605,4.4770002365112305,4.4770002365112305,6982727
2025-09-05 02:22:00,4.4770002365112305,4.480000019073486,4.4770002365112305,4.480000019073486,4.480000019073486,3219500
2025-09-05 02:24:00,4.480000019073486,4.480999946594238,4.478000164031982,4.480000019073486,4.480000019073486,5500100
2025-09-05 02:26:00,4.480000019073486,4.482999801635742,4.479000091552734,4.482999801635742,4.482999801635742,6399700
2025-09-05 02:28:00,4.484000205993652,4.48799991607666,4.484000205993652,4.486000061035156,4.486000061035156,9872200
2025-09-05 02:30:00,4.486000061035156,4.486000061035156,4.480999946594238,4.485000133514404,4.485000133514404,4355600
2025-09-05 02:32:00,4.485000133514404,4.486999988555908,4.484000205993652,4.486000061035156,4.486000061035156,7961600
2025-09-05 02:34:00,4.486000061035156,4.48799991607666,4.48199987411499,4.486999988555908,4.486999988555908,6022600
2025-09-05 02:36:00,4.48799991607666,4.48799991607666,4.480000019073486,4.480000019073486,4.480000019073486,5330100
2025-09-05 02:38:00,4.480000019073486,4.48799991607666,4.479000091552734,4.486999988555908,4.486999988555908,7178300
2025-09-05 02:40:00,4.486000061035156,4.48799991607666,4.484000205993652,4.486000061035156,4.486000061035156,7148600
2025-09-05 02:42:00,4.486000061035156,4.492000102996826,4.486000061035156,4.489999771118164,4.489999771118164,13976900
2025-09-05 02:44:00,4.489999771118164,4.495999813079834,4.489999771118164,4.494999885559082,4.494999885559082,6812700
2025-09-05 02:46:00,4.495999813079834,4.495999813079834,4.491000175476074,4.494999885559082,4.494999885559082,4265200
2025-09-05 02:48:00,4.494999885559082,4.497000217437744,4.494999885559082,4.497000217437744,4.497000217437744,8182900
2025-09-05 02:50:00,4.497000217437744,4.5,4.495999813079834,4.499000072479248,4.499000072479248,8701700
2025-09-05 02:52:00,4.499000072479248,4.5,4.494999885559082,4.499000072479248,4.499000072479248,6894900
2025-09-05 02:54:00,4.499000072479248,4.5,4.498000144958496,4.498000144958496,4.498000144958496,7853700
2025-09-05 02:56:00,4.498000144958496,4.504000186920166,4.498000144958496,4.502999782562256,4.502999782562256,13670700
2025-09-05 02:58:00,4.502999782562256,4.504000186920166,4.49399995803833,4.49399995803833,4.49399995803833,21360200
2025-09-05 03:00:00,4.49399995803833,4.498000144958496,4.492000102996826,4.492000102996826,4.492000102996826,7694100
2025-09-05 03:02:00,4.491000175476074,4.493000030517578,4.489999771118164,4.492000102996826,4.492000102996826,7050600
2025-09-05 03:04:00,4.491000175476074,4.497000217437744,4.489999771118164,4.495999813079834,4.495999813079834,5197196
2025-09-05 03:06:00,4.495999813079834,4.5,4.495999813079834,4.498000144958496,4.498000144958496,7252500
2025-09-05 03:08:00,4.498000144958496,4.502999782562256,4.498000144958496,4.5,4.5,6855400
2025-09-05 03:10:00,4.5,4.500999927520752,4.494999885559082,4.494999885559082,4.494999885559082,5067500
2025-09-05 03:12:00,4.495999813079834,4.498000144958496,4.493000030517578,4.495999813079834,4.495999813079834,4774000
2025-09-05 03:14:00,4.494999885559082,4.499000072479248,4.491000175476074,4.491000175476074,4.491000175476074,4127800
2025-09-05 03:16:00,4.491000175476074,4.492000102996826,4.48799991607666,4.488999843597412,4.488999843597412,5356500
2025-09-05 03:18:00,4.48799991607666,4.491000175476074,4.486000061035156,4.486999988555908,4.486999988555908,6486100
2025-09-05 03:20:00,4.486999988555908,4.495999813079834,4.486000061035156,4.49399995803833,4.49399995803833,5954700
2025-09-05 03:22:00,4.492000102996826,4.492000102996826,4.48799991607666,4.492000102996826,4.492000102996826,2656800
2025-09-05 03:24:00,4.492000102996826,4.492000102996826,4.484000205993652,4.486000061035156,4.486000061035156,3080400
2025-09-05 03:26:00,4.486000061035156,4.491000175476074,4.486000061035156,4.489999771118164,4.489999771118164,3004600
2025-09-05 03:28:00,4.489999771118164,4.495999813079834,4.488999843597412,4.494999885559082,4.494999885559082,2636600
2025-09-05 03:30:00,4.495999813079834,4.495999813079834,4.495999813079834,4.495999813079834,4.495999813079834,89300
2025-09-05 05:00:00,4.494999885559082,4.498000144958496,4.49399995803833,4.495999813079834,4.495999813079834,5015200
2025-09-05 05:02:00,4.497000217437744,4.497000217437744,4.491000175476074,4.49399995803833,4.49399995803833,3250500
2025-09-05 05:04:00,4.49399995803833,4.49399995803833,4.491000175476074,4.491000175476074,4.491000175476074,2591800
2025-09-05 05:06:00,4.489999771118164,4.49399995803833,4.488999843597412,4.492000102996826,4.492000102996826,1885900
2025-09-05 05:08:00,4.492000102996826,4.494999885559082,4.492000102996826,4.494999885559082,4.494999885559082,1817700
2025-09-05 05:10:00,4.49399995803833,4.498000144958496,4.49399995803833,4.497000217437744,4.497000217437744,2444100
2025-09-05 05:12:00,4.497000217437744,4.497000217437744,4.492000102996826,4.49399995803833,4.49399995803833,1925500
2025-09-05 05:14:00,4.49399995803833,4.495999813079834,4.493000030517578,4.493000030517578,4.493000030517578,1664200
2025-09-05 05:16:00,4.49399995803833,4.494999885559082,4.493000030517578,4.493000030517578,4.493000030517578,1526600
2025-09-05 05:18:00,4.493000030517578,4.494999885559082,4.492000102996826,4.49399995803833,4.49399995803833,1312500
2025-09-05 05:20:00,4.494999885559082,4.494999885559082,4.49399995803833,4.49399995803833,4.49399995803833,2106200
2025-09-05 05:22:00,4.49399995803833,4.494999885559082,4.493000030517578,4.493000030517578,4.493000030517578,2818300
2025-09-05 05:24:00,4.49399995803833,4.494999885559082,4.492000102996826,4.493000030517578,4.493000030517578,2349900
2025-09-05 05:26:00,4.493000030517578,4.499000072479248,4.493000030517578,4.499000072479248,4.499000072479248,5304000
2025-09-05 05:28:00,4.499000072479248,4.499000072479248,4.497000217437744,4.498000144958496,4.498000144958496,7473900
2025-09-05 05:30:00,4.499000072479248,4.505000114440918,4.499000072479248,4.504000186920166,4.504000186920166,16493000
2025-09-05 05:32:00,4.504000186920166,4.504000186920166,4.499000072479248,4.5,4.5,4625200
2025-09-05 05:34:00,4.5,4.502999782562256,4.499000072479248,4.501999855041504,4.501999855041504,4607416
2025-09-05 05:36:00,4.500999927520752,4.502999782562256,4.5,4.501999855041504,4.501999855041504,2612174
2025-09-05 05:38:00,4.501999855041504,4.504000186920166,4.500999927520752,4.501999855041504,4.501999855041504,2204000
2025-09-05 05:40:00,4.501999855041504,4.504000186920166,4.499000072479248,4.499000072479248,4.499000072479248,5083026
2025-09-05 05:42:00,4.5,4.501999855041504,4.499000072479248,4.500999927520752,4.500999927520752,1797200
2025-09-05 05:44:00,4.500999927520752,4.504000186920166,4.5,4.502999782562256,4.502999782562256,2205100
2025-09-05 05:46:00,4.502999782562256,4.507999897003174,4.502999782562256,4.507999897003174,4.507999897003174,11356000
2025-09-05 05:48:00,4.507999897003174,4.51200008392334,4.507999897003174,4.511000156402588,4.511000156402588,9732400
2025-09-05 05:50:00,4.51200008392334,4.513000011444092,4.508999824523926,4.508999824523926,4.508999824523926,5831100
2025-09-05 05:52:00,4.507999897003174,4.511000156402588,4.507999897003174,4.511000156402588,4.511000156402588,4872752
2025-09-05 05:54:00,4.511000156402588,4.514999866485596,4.511000156402588,4.513999938964844,4.513999938964844,10012600
2025-09-05 05:56:00,4.514999866485596,4.51800012588501,4.514999866485596,4.517000198364258,4.517000198364258,6158400
2025-09-05 05:58:00,4.517000198364258,4.519000053405762,4.517000198364258,4.51800012588501,4.51800012588501,8382700
2025-09-05 06:00:00,4.51800012588501,4.525000095367432,4.51800012588501,4.52400016784668,4.52400016784668,16787500
2025-09-05 06:02:00,4.52400016784668,4.5289998054504395,4.521999835968018,4.5289998054504395,4.5289998054504395,9834600
2025-09-05 06:04:00,4.5279998779296875,4.5279998779296875,4.526000022888184,4.5279998779296875,4.5279998779296875,7008000
2025-09-05 06:06:00,4.5279998779296875,4.533999919891357,4.526000022888184,4.5320000648498535,4.5320000648498535,15520300
2025-09-05 06:08:00,4.5320000648498535,4.535999774932861,4.5320000648498535,4.5329999923706055,4.5329999923706055,8077400
2025-09-05 06:10:00,4.533999919891357,4.538000106811523,4.5320000648498535,4.538000106811523,4.538000106811523,9467900
2025-09-05 06:12:00,4.538000106811523,4.539000034332275,4.5289998054504395,4.5289998054504395,4.5289998054504395,12919700
2025-09-05 06:14:00,4.5279998779296875,4.539000034332275,4.5279998779296875,4.539000034332275,4.539000034332275,11231800
2025-09-05 06:16:00,4.538000106811523,4.538000106811523,4.534999847412109,4.535999774932861,4.535999774932861,10271500
2025-09-05 06:18:00,4.535999774932861,4.5370001792907715,4.5329999923706055,4.535999774932861,4.535999774932861,10295000
2025-09-05 06:20:00,4.535999774932861,4.541999816894531,4.533999919891357,4.541999816894531,4.541999816894531,13533600
2025-09-05 06:22:00,4.541999816894531,4.546999931335449,4.540999889373779,4.546999931335449,4.546999931335449,10037000
2025-09-05 06:24:00,4.546000003814697,4.547999858856201,4.545000076293945,4.545000076293945,4.545000076293945,7689500
2025-09-05 06:26:00,4.546000003814697,4.547999858856201,4.545000076293945,4.546999931335449,4.546999931335449,9846400
2025-09-05 06:28:00,4.546000003814697,4.551000118255615,4.546000003814697,4.548999786376953,4.548999786376953,15927100
2025-09-05 06:30:00,4.548999786376953,4.554999828338623,4.547999858856201,4.554999828338623,4.554999828338623,10286200
2025-09-05 06:32:00,4.554999828338623,4.559999942779541,4.553999900817871,4.557000160217285,4.557000160217285,14271800
2025-09-05 06:34:00,4.556000232696533,4.556000232696533,4.545000076293945,4.550000190734863,4.550000190734863,13874000
2025-09-05 06:36:00,4.548999786376953,4.552999973297119,4.545000076293945,4.552999973297119,4.552999973297119,12058462
2025-09-05 06:38:00,4.552999973297119,4.556000232696533,4.552000045776367,4.556000232696533,4.556000232696533,15686900
2025-09-05 06:40:00,4.557000160217285,4.559999942779541,4.557000160217285,4.559999942779541,4.559999942779541,17632155
2025-09-05 06:42:00,4.559000015258789,4.560999870300293,4.559000015258789,4.559999942779541,4.559999942779541,18343017
2025-09-05 06:44:00,4.559999942779541,4.561999797821045,4.554999828338623,4.556000232696533,4.556000232696533,29904072
2025-09-05 06:46:00,4.557000160217285,4.563000202178955,4.554999828338623,4.561999797821045,4.561999797821045,29424635
2025-09-05 06:48:00,4.561999797821045,4.561999797821045,4.558000087738037,4.558000087738037,4.558000087738037,17052578
2025-09-05 06:50:00,4.559000015258789,4.559000015258789,4.553999900817871,4.553999900817871,4.553999900817871,11204895
2025-09-05 06:52:00,4.553999900817871,4.553999900817871,4.548999786376953,4.550000190734863,4.550000190734863,20126036
2025-09-05 06:54:00,4.550000190734863,4.551000118255615,4.546000003814697,4.546999931335449,4.546999931335449,7917928
2025-09-05 06:56:00,4.546999931335449,4.551000118255615,4.546000003814697,4.550000190734863,4.550000190734863,9826600
2025-09-05 06:58:00,4.550000190734863,4.554999828338623,4.548999786376953,4.552000045776367,4.552000045776367,18716100
2025-09-08 01:30:00,4.553999900817871,4.556000232696533,4.544000148773193,4.545000076293945,4.545000076293945,11034500
2025-09-08 01:32:00,4.547999858856201,4.563000202178955,4.546999931335449,4.561999797821045,4.561999797821045,18728388
2025-09-08 01:34:00,4.560999870300293,4.565000057220459,4.558000087738037,4.565000057220459,4.565000057220459,19229300
2025-09-08 01:36:00,4.565999984741211,4.571000099182129,4.565000057220459,4.571000099182129,4.571000099182129,15858000
2025-09-08 01:38:00,4.571000099182129,4.572999954223633,4.566999912261963,4.566999912261963,4.566999912261963,13174600
2025-09-08 01:40:00,4.565999984741211,4.568999767303467,4.560999870300293,4.565999984741211,4.565999984741211,28367000
2025-09-08 01:42:00,4.564000129699707,4.571000099182129,4.564000129699707,4.571000099182129,4.571000099182129,11423200
2025-09-08 01:44:00,4.571000099182129,4.571000099182129,4.565999984741211,4.568999767303467,4.568999767303467,6596272
2025-09-08 01:46:00,4.568999767303467,4.572999954223633,4.568999767303467,4.572000026702881,4.572000026702881,9726650
2025-09-08 01:48:00,4.572000026702881,4.572000026702881,4.557000160217285,4.557000160217285,4.557000160217285,31806528
2025-09-08 01:50:00,4.558000087738037,4.559999942779541,4.556000232696533,4.559999942779541,4.559999942779541,7874400
2025-09-08 01:52:00,4.560999870300293,4.566999912261963,4.560999870300293,4.565999984741211,4.565999984741211,4988618
2025-09-08 01:54:00,4.565000057220459,4.565000057220459,4.561999797821045,4.563000202178955,4.563000202178955,4911700
2025-09-08 01:56:00,4.561999797821045,4.565000057220459,4.561999797821045,4.564000129699707,4.564000129699707,4538800
2025-09-08 01:58:00,4.564000129699707,4.567999839782715,4.560999870300293,4.560999870300293,4.560999870300293,4320375
2025-09-08 02:00:00,4.560999870300293,4.561999797821045,4.553999900817871,4.553999900817871,4.553999900817871,5767500
2025-09-08 02:02:00,4.553999900817871,4.559000015258789,4.553999900817871,4.554999828338623,4.554999828338623,5384100
2025-09-08 02:04:00,4.552999973297119,4.552999973297119,4.550000190734863,4.551000118255615,4.551000118255615,10429100
2025-09-08 02:06:00,4.551000118255615,4.556000232696533,4.548999786376953,4.556000232696533,4.556000232696533,5031800
2025-09-08 02:08:00,4.556000232696533,4.556000232696533,4.552000045776367,4.553999900817871,4.553999900817871,3810100
2025-09-08 02:10:00,4.553999900817871,4.553999900817871,4.547999858856201,4.547999858856201,4.547999858856201,5443300
2025-09-08 02:12:00,4.547999858856201,4.550000190734863,4.540999889373779,4.541999816894531,4.541999816894531,13283200
2025-09-08 02:14:00,4.540999889373779,4.546999931335449,4.540999889373779,4.545000076293945,4.545000076293945,5957500
2025-09-08 02:16:00,4.545000076293945,4.545000076293945,4.5370001792907715,4.5370001792907715,4.5370001792907715,15006800
2025-09-08 02:18:00,4.535999774932861,4.535999774932861,4.5279998779296875,4.53000020980835,4.53000020980835,13890100
2025-09-08 02:20:00,4.531000137329102,4.531000137329102,4.52400016784668,4.525000095367432,4.525000095367432,16823900
2025-09-08 02:22:00,4.525000095367432,4.5329999923706055,4.525000095367432,4.531000137329102,4.531000137329102,15375300
2025-09-08 02:24:00,4.531000137329102,4.538000106811523,4.53000020980835,4.5370001792907715,4.5370001792907715,20521200
2025-09-08 02:26:00,4.535999774932861,4.535999774932861,4.5320000648498535,4.534999847412109,4.534999847412109,34663196
2025-09-08 02:28:00,4.534999847412109,4.5370001792907715,4.533999919891357,4.533999919891357,4.533999919891357,25449298
2025-09-08 02:30:00,4.533999919891357,4.539999961853027,4.533999919891357,4.538000106811523,4.538000106811523,18788200
2025-09-08 02:32:00,4.538000106811523,4.538000106811523,4.5320000648498535,4.533999919891357,4.533999919891357,22839297
2025-09-08 02:34:00,4.533999919891357,4.544000148773193,4.533999919891357,4.538000106811523,4.538000106811523,27153500
2025-09-08 02:36:00,4.535999774932861,4.538000106811523,4.53000020980835,4.5320000648498535,4.5320000648498535,23628300
2025-09-08 02:38:00,4.5320000648498535,4.5320000648498535,4.5279998779296875,4.531000137329102,4.531000137329102,19702300
2025-09-08 02:40:00,4.531000137329102,4.5329999923706055,4.5279998779296875,4.531000137329102,4.531000137329102,20566800
2025-09-08 02:42:00,4.53000020980835,4.53000020980835,4.525000095367432,4.526000022888184,4.526000022888184,14510600
2025-09-08 02:44:00,4.526000022888184,4.531000137329102,4.526000022888184,4.53000020980835,4.53000020980835,7785400
2025-09-08 02:46:00,4.53000020980835,4.5320000648498535,4.526000022888184,4.531000137329102,4.531000137329102,10444400
2025-09-08 02:48:00,4.531000137329102,4.533999919891357,4.5269999504089355,4.5269999504089355,4.5269999504089355,8804100
2025-09-08 02:50:00,4.5269999504089355,4.531000137329102,4.5269999504089355,4.5289998054504395,4.5289998054504395,12291600
2025-09-08 02:52:00,4.5289998054504395,4.533999919891357,4.5269999504089355,4.5269999504089355,4.5269999504089355,19564200
2025-09-08 02:54:00,4.5289998054504395,4.531000137329102,4.5269999504089355,4.5279998779296875,4.5279998779296875,6972300
2025-09-08 02:56:00,4.5279998779296875,4.539000034332275,4.5279998779296875,4.539000034332275,4.539000034332275,7186200
2025-09-08 02:58:00,4.538000106811523,4.543000221252441,4.5370001792907715,4.541999816894531,4.541999816894531,12860000
2025-09-08 03:00:00,4.540999889373779,4.544000148773193,4.540999889373779,4.543000221252441,4.543000221252441,11308300
2025-09-08 03:02:00,4.541999816894531,4.545000076293945,4.5370001792907715,4.538000106811523,4.538000106811523,13815599
2025-09-08 03:04:00,4.5370001792907715,4.539999961853027,4.533999919891357,4.539000034332275,4.539000034332275,16997116
2025-09-08 03:06:00,4.538000106811523,4.538000106811523,4.531000137329102,4.5320000648498535,4.5320000648498535,2877500
2025-09-08 03:08:00,4.5329999923706055,4.539000034332275,4.5329999923706055,4.538000106811523,4.538000106811523,3306800
2025-09-08 03:10:00,4.538000106811523,4.541999816894531,4.5370001792907715,4.541999816894531,4.541999816894531,6829423
2025-09-08 03:12:00,4.540999889373779,4.543000221252441,4.539000034332275,4.540999889373779,4.540999889373779,6510500
2025-09-08 03:14:00,4.541999816894531,4.546999931335449,4.541999816894531,4.545000076293945,4.545000076293945,7211800
2025-09-08 03:16:00,4.544000148773193,4.544000148773193,4.539999961853027,4.541999816894531,4.541999816894531,4654300
2025-09-08 03:18:00,4.540999889373779,4.544000148773193,4.538000106811523,4.541999816894531,4.541999816894531,1331500
2025-09-08 03:20:00,4.543000221252441,4.546000003814697,4.539999961853027,4.545000076293945,4.545000076293945,3063800
2025-09-08 03:22:00,4.546000003814697,4.552000045776367,4.546000003814697,4.551000118255615,4.551000118255615,4394300
2025-09-08 03:24:00,4.550000190734863,4.552999973297119,4.547999858856201,4.547999858856201,4.547999858856201,3499600
2025-09-08 03:26:00,4.547999858856201,4.548999786376953,4.546999931335449,4.548999786376953,4.548999786376953,2343600
2025-09-08 03:28:00,4.550000190734863,4.552000045776367,4.547999858856201,4.547999858856201,4.547999858856201,2273100
2025-09-08 03:30:00,4.547999858856201,4.547999858856201,4.547999858856201,4.547999858856201,4.547999858856201,2000
2025-09-08 05:00:00,4.546999931335449,4.547999858856201,4.540999889373779,4.543000221252441,4.543000221252441,5041400
2025-09-08 05:02:00,4.544000148773193,4.552000045776367,4.544000148773193,4.546999931335449,4.546999931335449,5943200
2025-09-08 05:04:00,4.546999931335449,4.550000190734863,4.546999931335449,4.546999931335449,4.546999931335449,1810100
2025-09-08 05:06:00,4.547999858856201,4.548999786376953,4.545000076293945,4.546999931335449,4.546999931335449,8723200
2025-09-08 05:08:00,4.546999931335449,4.551000118255615,4.546999931335449,4.548999786376953,4.548999786376953,4504900
2025-09-08 05:10:00,4.548999786376953,4.550000190734863,4.546999931335449,4.547999858856201,4.547999858856201,8700800
2025-09-08 05:12:00,4.548999786376953,4.552000045776367,4.548999786376953,4.550000190734863,4.550000190734863,10306500
2025-09-08 05:14:00,4.551000118255615,4.551000118255615,4.546999931335449,4.548999786376953,4.548999786376953,6584400
2025-09-08 05:16:00,4.548999786376953,4.550000190734863,4.547999858856201,4.548999786376953,4.548999786376953,4805500
2025-09-08 05:18:00,4.550000190734863,4.550000190734863,4.546999931335449,4.546999931335449,4.546999931335449,1506500
2025-09-08 05:20:00,4.547999858856201,4.547999858856201,4.543000221252441,4.543000221252441,4.543000221252441,6085100
2025-09-08 05:22:00,4.543000221252441,4.544000148773193,4.539999961853027,4.541999816894531,4.541999816894531,2982574
2025-09-08 05:24:00,4.540999889373779,4.544000148773193,4.539999961853027,4.539999961853027,4.539999961853027,1193500
2025-09-08 05:26:00,4.539999961853027,4.543000221252441,4.538000106811523,4.540999889373779,4.540999889373779,2907200
2025-09-08 05:28:00,4.541999816894531,4.541999816894531,4.539999961853027,4.541999816894531,4.541999816894531,1468200
2025-09-08 05:30:00,4.540999889373779,4.540999889373779,4.535999774932861,4.538000106811523,4.538000106811523,2663400
2025-09-08 05:32:00,4.539000034332275,4.541999816894531,4.538000106811523,4.539000034332275,4.539000034332275,1742400
2025-09-08 05:34:00,4.539000034332275,4.546000003814697,4.539000034332275,4.545000076293945,4.545000076293945,2006300
2025-09-08 05:36:00,4.545000076293945,4.547999858856201,4.543000221252441,4.543000221252441,4.543000221252441,5708700
2025-09-08 05:38:00,4.543000221252441,4.544000148773193,4.541999816894531,4.543000221252441,4.543000221252441,6045300
2025-09-08 05:40:00,4.543000221252441,4.548999786376953,4.543000221252441,4.546999931335449,4.546999931335449,4386900
2025-09-08 05:42:00,4.548999786376953,4.548999786376953,4.545000076293945,4.547999858856201,4.547999858856201,2617600
2025-09-08 05:44:00,4.546999931335449,4.547999858856201,4.546000003814697,4.546999931335449,4.546999931335449,3232400
2025-09-08 05:46:00,4.546999931335449,4.551000118255615,4.546000003814697,4.550000190734863,4.550000190734863,4345500
2025-09-08 05:48:00,4.551000118255615,4.551000118255615,4.546999931335449,4.546999931335449,4.546999931335449,3622800
2025-09-08 05:50:00,4.546999931335449,4.548999786376953,4.546000003814697,4.546000003814697,4.546000003814697,5033900
2025-09-08 05:52:00,4.546000003814697,4.547999858856201,4.545000076293945,4.547999858856201,4.547999858856201,2016564
2025-09-08 05:54:00,4.546999931335449,4.551000118255615,4.546999931335449,4.550000190734863,4.550000190734863,2932286
2025-09-08 05:56:00,4.551000118255615,4.557000160217285,4.550000190734863,4.556000232696533,4.556000232696533,6792500
2025-09-08 05:58:00,4.556000232696533,4.557000160217285,4.553999900817871,4.553999900817871,4.553999900817871,4683200
2025-09-08 06:00:00,4.554999828338623,4.554999828338623,4.550000190734863,4.552000045776367,4.552000045776367,3010200
2025-09-08 06:02:00,4.552000045776367,4.553999900817871,4.550000190734863,4.553999900817871,4.553999900817871,3462900
2025-09-08 06:04:00,4.554999828338623,4.554999828338623,4.551000118255615,4.553999900817871,4.553999900817871,5078500
2025-09-08 06:06:00,4.553999900817871,4.554999828338623,4.552000045776367,4.552000045776367,4.552000045776367,2610800
2025-09-08 06:08:00,4.552000045776367,4.552999973297119,4.550000190734863,4.551000118255615,4.551000118255615,3012000
2025-09-08 06:10:00,4.550000190734863,4.554999828338623,4.550000190734863,4.553999900817871,4.553999900817871,4283400
2025-09-08 06:12:00,4.553999900817871,4.557000160217285,4.553999900817871,4.554999828338623,4.554999828338623,2940300
2025-09-08 06:14:00,4.554999828338623,4.557000160217285,4.554999828338623,4.554999828338623,4.554999828338623,6199800
2025-09-08 06:16:00,4.556000232696533,4.556000232696533,4.552999973297119,4.554999828338623,4.554999828338623,5203200
2025-09-08 06:18:00,4.554999828338623,4.554999828338623,4.552999973297119,4.554999828338623,4.554999828338623,2163400
2025-09-08 06:20:00,4.554999828338623,4.556000232696533,4.552999973297119,4.553999900817871,4.553999900817871,4228342
2025-09-08 06:22:00,4.553999900817871,4.557000160217285,4.553999900817871,4.557000160217285,4.557000160217285,6023700
2025-09-08 06:24:00,4.556000232696533,4.558000087738037,4.553999900817871,4.556000232696533,4.556000232696533,4300600
2025-09-08 06:26:00,4.554999828338623,4.558000087738037,4.553999900817871,4.556000232696533,4.556000232696533,3284000
2025-09-08 06:28:00,4.554999828338623,4.556000232696533,4.552000045776367,4.553999900817871,4.553999900817871,6807100
2025-09-08 06:30:00,4.553999900817871,4.563000202178955,4.553999900817871,4.563000202178955,4.563000202178955,6844200
2025-09-08 06:32:00,4.564000129699707,4.565999984741211,4.563000202178955,4.563000202178955,4.563000202178955,7714000
2025-09-08 06:34:00,4.563000202178955,4.568999767303467,4.563000202178955,4.567999839782715,4.567999839782715,6332649
2025-09-08 06:36:00,4.567999839782715,4.568999767303467,4.564000129699707,4.565000057220459,4.565000057220459,5347900
2025-09-08 06:38:00,4.565000057220459,4.565999984741211,4.563000202178955,4.564000129699707,4.564000129699707,4100400
2025-09-08 06:40:00,4.563000202178955,4.563000202178955,4.560999870300293,4.561999797821045,4.561999797821045,4179752
2025-09-08 06:42:00,4.561999797821045,4.563000202178955,4.561999797821045,4.561999797821045,4.561999797821045,2982600
2025-09-08 06:44:00,4.563000202178955,4.563000202178955,4.557000160217285,4.557000160217285,4.557000160217285,6259600
2025-09-08 06:46:00,4.558000087738037,4.559000015258789,4.556000232696533,4.557000160217285,4.557000160217285,8092000
2025-09-08 06:48:00,4.554999828338623,4.557000160217285,4.553999900817871,4.556000232696533,4.556000232696533,7721800
2025-09-08 06:50:00,4.556000232696533,4.557000160217285,4.553999900817871,4.554999828338623,4.554999828338623,5888400
2025-09-08 06:52:00,4.553999900817871,4.557000160217285,4.553999900817871,4.557000160217285,4.557000160217285,8062600
2025-09-08 06:54:00,4.557000160217285,4.559000015258789,4.554999828338623,4.557000160217285,4.557000160217285,6620100
2025-09-08 06:56:00,4.558000087738037,4.558000087738037,4.554999828338623,4.554999828338623,4.554999828338623,5487700
2025-09-08 06:58:00,4.554999828338623,4.557000160217285,4.554999828338623,4.554999828338623,4.554999828338623,18485900
2025-09-09 01:30:00,4.545000076293945,4.553999900817871,4.543000221252441,4.547999858856201,4.547999858856201,12816411
2025-09-09 01:32:00,4.546999931335449,4.550000190734863,4.545000076293945,4.547999858856201,4.547999858856201,10661900
2025-09-09 01:34:00,4.547999858856201,4.548999786376953,4.541999816894531,4.541999816894531,4.541999816894531,10365600
2025-09-09 01:36:00,4.541999816894531,4.552999973297119,4.540999889373779,4.551000118255615,4.551000118255615,8418900
2025-09-09 01:38:00,4.551000118255615,4.551000118255615,4.546000003814697,4.546999931335449,4.546999931335449,13849900
2025-09-09 01:40:00,4.546999931335449,4.552000045776367,4.546999931335449,4.551000118255615,4.551000118255615,4434000
2025-09-09 01:42:00,4.552000045776367,4.556000232696533,4.552000045776367,4.556000232696533,4.556000232696533,9265600
2025-09-09 01:44:00,4.556000232696533,4.556000232696533,4.552000045776367,4.552999973297119,4.552999973297119,8774700
2025-09-09 01:46:00,4.554999828338623,4.559000015258789,4.554999828338623,4.559000015258789,4.559000015258789,10853700
2025-09-09 01:48:00,4.559000015258789,4.559999942779541,4.556000232696533,4.556000232696533,4.556000232696533,7736000
2025-09-09 01:50:00,4.557000160217285,4.559000015258789,4.557000160217285,4.557000160217285,4.557000160217285,5417300
2025-09-09 01:52:00,4.557000160217285,4.557000160217285,4.552000045776367,4.553999900817871,4.553999900817871,5631900
2025-09-09 01:54:00,4.553999900817871,4.559999942779541,4.553999900817871,4.559000015258789,4.559000015258789,9438200
2025-09-09 01:56:00,4.559000015258789,4.560999870300293,4.556000232696533,4.560999870300293,4.560999870300293,6092152
2025-09-09 01:58:00,4.559999942779541,4.563000202178955,4.559999942779541,4.561999797821045,4.561999797821045,8745600
2025-09-09 02:00:00,4.563000202178955,4.563000202178955,4.559000015258789,4.560999870300293,4.560999870300293,6415200
2025-09-09 02:02:00,4.559999942779541,4.559999942779541,4.557000160217285,4.558000087738037,4.558000087738037,8768800
2025-09-09 02:04:00,4.557000160217285,4.558000087738037,4.552000045776367,4.552999973297119,4.552999973297119,5137000
2025-09-09 02:06:00,4.552999973297119,4.557000160217285,4.552999973297119,4.557000160217285,4.557000160217285,3257300
2025-09-09 02:08:00,4.557000160217285,4.557000160217285,4.553999900817871,4.557000160217285,4.557000160217285,2495110
2025-09-09 02:10:00,4.557000160217285,4.557000160217285,4.552999973297119,4.556000232696533,4.556000232696533,3040000
2025-09-09 02:12:00,4.557000160217285,4.560999870300293,4.556000232696533,4.559000015258789,4.559000015258789,4023000
2025-09-09 02:14:00,4.559000015258789,4.559999942779541,4.558000087738037,4.559000015258789,4.559000015258789,2824201
2025-09-09 02:16:00,4.559000015258789,4.559000015258789,4.556000232696533,4.556000232696533,4.556000232696533,4659100
2025-09-09 02:18:00,4.556000232696533,4.558000087738037,4.551000118255615,4.551000118255615,4.551000118255615,2187600
2025-09-09 02:20:00,4.551000118255615,4.552999973297119,4.546999931335449,4.550000190734863,4.550000190734863,6026300
2025-09-09 02:22:00,4.550000190734863,4.554999828338623,4.550000190734863,4.554999828338623,4.554999828338623,2167800
2025-09-09 02:24:00,4.556000232696533,4.557000160217285,4.553999900817871,4.556000232696533,4.556000232696533,1391000
2025-09-09 02:26:00,4.556000232696533,4.557000160217285,4.553999900817871,4.554999828338623,4.554999828338623,2380400
2025-09-09 02:28:00,4.556000232696533,4.556000232696533,4.552999973297119,4.556000232696533,4.556000232696533,6397600
2025-09-09 02:30:00,4.556000232696533,4.559000015258789,4.554999828338623,4.556000232696533,4.556000232696533,4954400
2025-09-09 02:32:00,4.556000232696533,4.558000087738037,4.556000232696533,4.556000232696533,4.556000232696533,1191900
2025-09-09 02:34:00,4.556000232696533,4.558000087738037,4.554999828338623,4.556000232696533,4.556000232696533,3738500
2025-09-09 02:36:00,4.557000160217285,4.558000087738037,4.553999900817871,4.556000232696533,4.556000232696533,1912500
2025-09-09 02:38:00,4.556000232696533,4.558000087738037,4.556000232696533,4.557000160217285,4.557000160217285,2473500
2025-09-09 02:40:00,4.557000160217285,4.559000015258789,4.554999828338623,4.558000087738037,4.558000087738037,2323800
2025-09-09 02:42:00,4.558000087738037,4.559000015258789,4.556000232696533,4.558000087738037,4.558000087738037,3647600
2025-09-09 02:44:00,4.558000087738037,4.561999797821045,4.558000087738037,4.560999870300293,4.560999870300293,10045500
2025-09-09 02:46:00,4.560999870300293,4.560999870300293,4.556000232696533,4.557000160217285,4.557000160217285,2809400
2025-09-09 02:48:00,4.557000160217285,4.558000087738037,4.557000160217285,4.558000087738037,4.558000087738037,1640500
2025-09-09 02:50:00,4.558000087738037,4.559000015258789,4.552000045776367,4.552000045776367,4.552000045776367,2756100
2025-09-09 02:52:00,4.552999973297119,4.552999973297119,4.547999858856201,4.551000118255615,4.551000118255615,5157900
2025-09-09 02:54:00,4.550000190734863,4.553999900817871,4.550000190734863,4.552999973297119,4.552999973297119,3271000
2025-09-09 02:56:00,4.552999973297119,4.558000087738037,4.552999973297119,4.558000087738037,4.558000087738037,4026100
2025-09-09 02:58:00,4.557000160217285,4.559000015258789,4.556000232696533,4.556000232696533,4.556000232696533,1970900
2025-09-09 03:00:00,4.557000160217285,4.558000087738037,4.556000232696533,4.557000160217285,4.557000160217285,2375600
2025-09-09 03:02:00,4.557000160217285,4.557000160217285,4.552999973297119,4.554999828338623,4.554999828338623,3089400
2025-09-09 03:04:00,4.553999900817871,4.554999828338623,4.552999973297119,4.553999900817871,4.553999900817871,1983300
2025-09-09 03:06:00,4.553999900817871,4.554999828338623,4.552000045776367,4.552000045776367,4.552000045776367,3168200
2025-09-09 03:08:00,4.552000045776367,4.552000045776367,4.550000190734863,4.550000190734863,4.550000190734863,3027400
2025-09-09 03:10:00,4.550000190734863,4.552000045776367,4.548999786376953,4.551000118255615,4.551000118255615,3492700
2025-09-09 03:12:00,4.550000190734863,4.552000045776367,4.545000076293945,4.545000076293945,4.545000076293945,5498500
2025-09-09 03:14:00,4.546000003814697,4.551000118255615,4.544000148773193,4.550000190734863,4.550000190734863,3480100
2025-09-09 03:16:00,4.550000190734863,4.552999973297119,4.546999931335449,4.547999858856201,4.547999858856201,1961200
2025-09-09 03:18:00,4.546999931335449,4.546999931335449,4.543000221252441,4.544000148773193,4.544000148773193,4163000
2025-09-09 03:20:00,4.544000148773193,4.547999858856201,4.544000148773193,4.546999931335449,4.546999931335449,1427900
2025-09-09 03:22:00,4.546999931335449,4.546999931335449,4.540999889373779,4.541999816894531,4.541999816894531,3273400
2025-09-09 03:24:00,4.540999889373779,4.544000148773193,4.5370001792907715,4.538000106811523,4.538000106811523,5658500
2025-09-09 03:26:00,4.538000106811523,4.538000106811523,4.5329999923706055,4.533999919891357,4.533999919891357,7621900
2025-09-09 03:28:00,4.534999847412109,4.541999816894531,4.533999919891357,4.541999816894531,4.541999816894531,4874900
2025-09-09 03:30:00,4.540999889373779,4.540999889373779,4.540999889373779,4.540999889373779,4.540999889373779,9800
2025-09-09 05:00:00,4.540999889373779,4.541999816894531,4.5370001792907715,4.5370001792907715,4.5370001792907715,6349400
2025-09-09 05:02:00,4.5370001792907715,4.538000106811523,4.5329999923706055,4.5370001792907715,4.5370001792907715,8830700
2025-09-09 05:04:00,4.5370001792907715,4.540999889373779,4.535999774932861,4.540999889373779,4.540999889373779,3786800
2025-09-09 05:06:00,4.539999961853027,4.541999816894531,4.539999961853027,4.541999816894531,4.541999816894531,1602000
2025-09-09 05:08:00,4.540999889373779,4.541999816894531,4.538000106811523,4.538000106811523,4.538000106811523,2675200
2025-09-09 05:10:00,4.538000106811523,4.539999961853027,4.538000106811523,4.538000106811523,4.538000106811523,1455000
2025-09-09 05:12:00,4.5370001792907715,4.5370001792907715,4.5329999923706055,4.534999847412109,4.534999847412109,3967400
2025-09-09 05:14:00,4.534999847412109,4.535999774932861,4.531000137329102,4.531000137329102,4.531000137329102,4816900
2025-09-09 05:16:00,4.531000137329102,4.531000137329102,4.525000095367432,4.525000095367432,4.525000095367432,9170400
2025-09-09 05:18:00,4.526000022888184,4.53000020980835,4.525000095367432,4.53000020980835,4.53000020980835,4710800
2025-09-09 05:20:00,4.53000020980835,4.53000020980835,4.526000022888184,4.526000022888184,4.526000022888184,3142000
2025-09-09 05:22:00,4.525000095367432,4.526000022888184,4.51800012588501,4.51800012588501,4.51800012588501,10279700
2025-09-09 05:24:00,4.519000053405762,4.519999980926514,4.517000198364258,4.517000198364258,4.517000198364258,7988900
2025-09-09 05:26:00,4.51800012588501,4.521999835968018,4.517000198364258,4.521999835968018,4.521999835968018,5544800
2025-09-09 05:28:00,4.520999908447266,4.526000022888184,4.519000053405762,4.525000095367432,4.525000095367432,2739000
2025-09-09 05:30:00,4.525000095367432,4.525000095367432,4.517000198364258,4.517000198364258,4.517000198364258,5207600
2025-09-09 05:32:00,4.515999794006348,4.515999794006348,4.508999824523926,4.513000011444092,4.513000011444092,24747300
2025-09-09 05:34:00,4.51200008392334,4.515999794006348,4.51200008392334,4.515999794006348,4.515999794006348,12376000
2025-09-09 05:36:00,4.515999794006348,4.515999794006348,4.510000228881836,4.510000228881836,4.510000228881836,6669600
2025-09-09 05:38:00,4.511000156402588,4.51200008392334,4.508999824523926,4.510000228881836,4.510000228881836,4095900
2025-09-09 05:40:00,4.510000228881836,4.515999794006348,4.507999897003174,4.514999866485596,4.514999866485596,10480400
2025-09-09 05:42:00,4.515999794006348,4.515999794006348,4.508999824523926,4.51200008392334,4.51200008392334,10356400
2025-09-09 05:44:00,4.51200008392334,4.513000011444092,4.50600004196167,4.50600004196167,4.50600004196167,11982600
2025-09-09 05:46:00,4.50600004196167,4.50600004196167,4.502999782562256,4.502999782562256,4.502999782562256,13861300
2025-09-09 05:48:00,4.504000186920166,4.510000228881836,4.501999855041504,4.510000228881836,4.510000228881836,8646400
2025-09-09 05:50:00,4.510000228881836,4.513000011444092,4.506999969482422,4.513000011444092,4.513000011444092,3736400
2025-09-09 05:52:00,4.513000011444092,4.517000198364258,4.51200008392334,4.517000198364258,4.517000198364258,4216000
2025-09-09 05:54:00,4.517000198364258,4.520999908447266,4.515999794006348,4.520999908447266,4.520999908447266,3305300
2025-09-09 05:56:00,4.520999908447266,4.520999908447266,4.51200008392334,4.513999938964844,4.513999938964844,8659800
2025-09-09 05:58:00,4.51200008392334,4.513000011444092,4.50600004196167,4.506999969482422,4.506999969482422,6088900
2025-09-09 06:00:00,4.506999969482422,4.506999969482422,4.502999782562256,4.505000114440918,4.505000114440918,10979000
2025-09-09 06:02:00,4.505000114440918,4.513999938964844,4.504000186920166,4.510000228881836,4.510000228881836,7562000
2025-09-09 06:04:00,4.510000228881836,4.520999908447266,4.510000228881836,4.519000053405762,4.519000053405762,10257800
2025-09-09 06:06:00,4.519000053405762,4.519999980926514,4.513999938964844,4.515999794006348,4.515999794006348,13264900
2025-09-09 06:08:00,4.514999866485596,4.519999980926514,4.513999938964844,4.515999794006348,4.515999794006348,7778662
2025-09-09 06:10:00,4.514999866485596,4.5269999504089355,4.514999866485596,4.5269999504089355,4.5269999504089355,7651800
2025-09-09 06:12:00,4.526000022888184,4.5269999504089355,4.52400016784668,4.526000022888184,4.526000022888184,4602500
2025-09-09 06:14:00,4.526000022888184,4.53000020980835,4.525000095367432,4.5269999504089355,4.5269999504089355,5730500
2025-09-09 06:16:00,4.5279998779296875,4.5320000648498535,4.5279998779296875,4.5289998054504395,4.5289998054504395,5764600
2025-09-09 06:18:00,4.5279998779296875,4.53000020980835,4.525000095367432,4.526000022888184,4.526000022888184,4661600
2025-09-09 06:20:00,4.525000095367432,4.526000022888184,4.519999980926514,4.520999908447266,4.520999908447266,6486900
2025-09-09 06:22:00,4.521999835968018,4.521999835968018,4.519999980926514,4.519999980926514,4.519999980926514,2140700
2025-09-09 06:24:00,4.520999908447266,4.52400016784668,4.519999980926514,4.519999980926514,4.519999980926514,2892100
2025-09-09 06:26:00,4.519000053405762,4.521999835968018,4.51800012588501,4.519999980926514,4.519999980926514,3864400
2025-09-09 06:28:00,4.519999980926514,4.520999908447266,4.513999938964844,4.517000198364258,4.517000198364258,6870700
2025-09-09 06:30:00,4.51800012588501,4.52400016784668,4.51800012588501,4.521999835968018,4.521999835968018,4040600
2025-09-09 06:32:00,4.520999908447266,4.520999908447266,4.517000198364258,4.519000053405762,4.519000053405762,3502200
2025-09-09 06:34:00,4.519000053405762,4.521999835968018,4.51800012588501,4.519999980926514,4.519999980926514,3103100
2025-09-09 06:36:00,4.519999980926514,4.5279998779296875,4.519999980926514,4.5279998779296875,4.5279998779296875,5214300
2025-09-09 06:38:00,4.5279998779296875,4.53000020980835,4.526000022888184,4.53000020980835,4.53000020980835,4406800
2025-09-09 06:40:00,4.53000020980835,4.5320000648498535,4.5279998779296875,4.5279998779296875,4.5279998779296875,5550200
2025-09-09 06:42:00,4.5289998054504395,4.53000020980835,4.5229997634887695,4.526000022888184,4.526000022888184,4960300
2025-09-09 06:44:00,4.525000095367432,4.5269999504089355,4.52400016784668,4.525000095367432,4.525000095367432,4480700
2025-09-09 06:46:00,4.525000095367432,4.526000022888184,4.520999908447266,4.526000022888184,4.526000022888184,5252500
2025-09-09 06:48:00,4.5269999504089355,4.5279998779296875,4.526000022888184,4.5279998779296875,4.5279998779296875,2867400
2025-09-09 06:50:00,4.5279998779296875,4.53000020980835,4.5269999504089355,4.5279998779296875,4.5279998779296875,5135300
2025-09-09 06:52:00,4.5279998779296875,4.5289998054504395,4.5269999504089355,4.5279998779296875,4.5279998779296875,3095000
2025-09-09 06:54:00,4.5279998779296875,4.53000020980835,4.5269999504089355,4.5269999504089355,4.5269999504089355,7323700
2025-09-09 06:56:00,4.5269999504089355,4.5289998054504395,4.5269999504089355,4.5279998779296875,4.5279998779296875,4931000
2025-09-09 06:58:00,4.5279998779296875,4.5289998054504395,4.5269999504089355,4.5279998779296875,4.5279998779296875,3723800
2025-09-10 01:30:00,4.5279998779296875,4.5320000648498535,4.526000022888184,4.5289998054504395,4.5289998054504395,16626100
2025-09-10 01:32:00,4.53000020980835,4.5320000648498535,4.5279998779296875,4.5279998779296875,4.5279998779296875,18841200
2025-09-10 01:34:00,4.5269999504089355,4.5320000648498535,4.52400016784668,4.525000095367432,4.525000095367432,10942200
2025-09-10 01:36:00,4.52400016784668,4.5329999923706055,4.52400016784668,4.5329999923706055,4.5329999923706055,9789300
2025-09-10 01:38:00,4.533999919891357,4.539000034332275,4.5329999923706055,4.539000034332275,4.539000034332275,10214100
2025-09-10 01:40:00,4.539000034332275,4.540999889373779,4.5370001792907715,4.539999961853027,4.539999961853027,11984400
2025-09-10 01:42:00,4.539999961853027,4.543000221252441,4.538000106811523,4.539999961853027,4.539999961853027,5546212
2025-09-10 01:44:00,4.539000034332275,4.543000221252441,4.538000106811523,4.543000221252441,4.543000221252441,7522500
2025-09-10 01:46:00,4.543000221252441,4.546000003814697,4.540999889373779,4.545000076293945,4.545000076293945,5968500
2025-09-10 01:48:00,4.545000076293945,4.550000190734863,4.545000076293945,4.550000190734863,4.550000190734863,9643600
2025-09-10 01:50:00,4.550000190734863,4.551000118255615,4.547999858856201,4.551000118255615,4.551000118255615,7754500
2025-09-10 01:52:00,4.551000118255615,4.551000118255615,4.544000148773193,4.546999931335449,4.546999931335449,9029133
2025-09-10 01:54:00,4.546999931335449,4.550000190734863,4.546999931335449,4.547999858856201,4.547999858856201,6354900
2025-09-10 01:56:00,4.547999858856201,4.547999858856201,4.540999889373779,4.543000221252441,4.543000221252441,7507327
2025-09-10 01:58:00,4.544000148773193,4.545000076293945,4.538000106811523,4.538000106811523,4.538000106811523,4429800
2025-09-10 02:00:00,4.538000106811523,4.538000106811523,4.533999919891357,4.535999774932861,4.535999774932861,6477800
2025-09-10 02:02:00,4.535999774932861,4.5370001792907715,4.531000137329102,4.5320000648498535,4.5320000648498535,5962000
2025-09-10 02:04:00,4.5320000648498535,4.533999919891357,4.53000020980835,4.5329999923706055,4.5329999923706055,4018700
2025-09-10 02:06:00,4.533999919891357,4.5370001792907715,4.531000137329102,4.5320000648498535,4.5320000648498535,3124400
2025-09-10 02:08:00,4.5320000648498535,4.535999774932861,4.5320000648498535,4.533999919891357,4.533999919891357,2107500
2025-09-10 02:10:00,4.533999919891357,4.538000106811523,4.5320000648498535,4.533999919891357,4.533999919891357,4459700
2025-09-10 02:12:00,4.535999774932861,4.539000034332275,4.535999774932861,4.538000106811523,4.538000106811523,3835600
2025-09-10 02:14:00,4.539000034332275,4.543000221252441,4.538000106811523,4.539999961853027,4.539999961853027,4041100
2025-09-10 02:16:00,4.539999961853027,4.539999961853027,4.5320000648498535,4.5329999923706055,4.5329999923706055,5197900
2025-09-10 02:18:00,4.5320000648498535,4.5329999923706055,4.5279998779296875,4.5329999923706055,4.5329999923706055,4904300
2025-09-10 02:20:00,4.5329999923706055,4.533999919891357,4.5289998054504395,4.5289998054504395,4.5289998054504395,4016200
2025-09-10 02:22:00,4.5289998054504395,4.531000137329102,4.526000022888184,4.5269999504089355,4.5269999504089355,4417000
2025-09-10 02:24:00,4.526000022888184,4.526000022888184,4.520999908447266,4.5229997634887695,4.5229997634887695,5054197
2025-09-10 02:26:00,4.521999835968018,4.526000022888184,4.520999908447266,4.5229997634887695,4.5229997634887695,5392603
2025-09-10 02:28:00,4.5229997634887695,4.5229997634887695,4.515999794006348,4.51800012588501,4.51800012588501,5036900
2025-09-10 02:30:00,4.519000053405762,4.519999980926514,4.515999794006348,4.515999794006348,4.515999794006348,3629800
2025-09-10 02:32:00,4.517000198364258,4.521999835968018,4.517000198364258,4.519999980926514,4.519999980926514,2400900
2025-09-10 02:34:00,4.521999835968018,4.521999835968018,4.51800012588501,4.519000053405762,4.519000053405762,2294400
2025-09-10 02:36:00,4.519999980926514,4.5229997634887695,4.519000053405762,4.519000053405762,4.519000053405762,2595600
2025-09-10 02:38:00,4.519000053405762,4.519999980926514,4.515999794006348,4.51800012588501,4.51800012588501,5672200
2025-09-10 02:40:00,4.519000053405762,4.519999980926514,4.515999794006348,4.515999794006348,4.515999794006348,2101500
2025-09-10 02:42:00,4.515999794006348,4.515999794006348,4.508999824523926,4.508999824523926,4.508999824523926,7970500
2025-09-10 02:44:00,4.508999824523926,4.513999938964844,4.506999969482422,4.513000011444092,4.513000011444092,5847900
2025-09-10 02:46:00,4.513999938964844,4.515999794006348,4.513000011444092,4.514999866485596,4.514999866485596,3858300
2025-09-10 02:48:00,4.514999866485596,4.51800012588501,4.513000011444092,4.517000198364258,4.517000198364258,4052400
2025-09-10 02:50:00,4.517000198364258,4.51800012588501,4.515999794006348,4.517000198364258,4.517000198364258,2393500
2025-09-10 02:52:00,4.517000198364258,4.519000053405762,4.514999866485596,4.514999866485596,4.514999866485596,3775900
2025-09-10 02:54:00,4.515999794006348,4.52400016784668,4.514999866485596,4.521999835968018,4.521999835968018,4123700
2025-09-10 02:56:00,4.521999835968018,4.52400016784668,4.517000198364258,4.521999835968018,4.521999835968018,4862200
2025-09-10 02:58:00,4.521999835968018,4.52400016784668,4.519000053405762,4.5229997634887695,4.5229997634887695,3460300
2025-09-10 03:00:00,4.521999835968018,4.5229997634887695,4.515999794006348,4.515999794006348,4.515999794006348,1932600
2025-09-10 03:02:00,4.517000198364258,4.521999835968018,4.515999794006348,4.521999835968018,4.521999835968018,4595100
2025-09-10 03:04:00,4.521999835968018,4.5279998779296875,4.519999980926514,4.5279998779296875,4.5279998779296875,4536500
2025-09-10 03:06:00,4.5279998779296875,4.53000020980835,4.526000022888184,4.5279998779296875,4.5279998779296875,2635300
2025-09-10 03:08:00,4.5269999504089355,4.5320000648498535,4.5269999504089355,4.531000137329102,4.531000137329102,6875300
2025-09-10 03:10:00,4.53000020980835,4.5320000648498535,4.5289998054504395,4.53000020980835,4.53000020980835,3480700
2025-09-10 03:12:00,4.53000020980835,4.533999919891357,4.53000020980835,4.5329999923706055,4.5329999923706055,5244700
2025-09-10 03:14:00,4.5329999923706055,4.5370001792907715,4.531000137329102,4.535999774932861,4.535999774932861,3029300
2025-09-10 03:16:00,4.535999774932861,4.535999774932861,4.531000137329102,4.531000137329102,4.531000137329102,1312200
2025-09-10 03:18:00,4.5320000648498535,4.5370001792907715,4.5320000648498535,4.5370001792907715,4.5370001792907715,2147200
2025-09-10 03:20:00,4.5370001792907715,4.540999889373779,4.534999847412109,4.539999961853027,4.539999961853027,5571200
2025-09-10 03:22:00,4.539999961853027,4.539999961853027,4.538000106811523,4.538000106811523,4.538000106811523,2322800
2025-09-10 03:24:00,4.538000106811523,4.541999816894531,4.538000106811523,4.541999816894531,4.541999816894531,2994800
2025-09-10 03:26:00,4.540999889373779,4.540999889373779,4.5329999923706055,4.533999919891357,4.533999919891357,2270000
2025-09-10 03:28:00,4.533999919891357,4.539000034332275,4.5320000648498535,4.535999774932861,4.535999774932861,1982900
2025-09-10 05:00:00,4.535999774932861,4.544000148773193,4.535999774932861,4.540999889373779,4.540999889373779,7777500
2025-09-10 05:02:00,4.540999889373779,4.540999889373779,4.5370001792907715,4.539000034332275,4.539000034332275,3221000
2025-09-10 05:04:00,4.539000034332275,4.541999816894531,4.538000106811523,4.540999889373779,4.540999889373779,2279100
2025-09-10 05:06:00,4.541999816894531,4.546999931335449,4.541999816894531,4.546000003814697,4.546000003814697,4985100
2025-09-10 05:08:00,4.546000003814697,4.546999931335449,4.544000148773193,4.545000076293945,4.545000076293945,1977700
2025-09-10 05:10:00,4.545000076293945,4.547999858856201,4.544000148773193,4.544000148773193,4.544000148773193,3716700
2025-09-10 05:12:00,4.544000148773193,4.544000148773193,4.539999961853027,4.539999961853027,4.539999961853027,2979500
2025-09-10 05:14:00,4.539999961853027,4.541999816894531,4.538000106811523,4.538000106811523,4.538000106811523,2712600
2025-09-10 05:16:00,4.538000106811523,4.544000148773193,4.5370001792907715,4.541999816894531,4.541999816894531,3336500
2025-09-10 05:18:00,4.543000221252441,4.543000221252441,4.535999774932861,4.539000034332275,4.539000034332275,3466500
2025-09-10 05:20:00,4.539999961853027,4.539999961853027,4.535999774932861,4.5370001792907715,4.5370001792907715,3723100
2025-09-10 05:22:00,4.538000106811523,4.544000148773193,4.538000106811523,4.543000221252441,4.543000221252441,1982700
2025-09-10 05:24:00,4.543000221252441,4.545000076293945,4.540999889373779,4.543000221252441,4.543000221252441,2574600
2025-09-10 05:26:00,4.543000221252441,4.547999858856201,4.543000221252441,4.547999858856201,4.547999858856201,3733800
2025-09-10 05:28:00,4.547999858856201,4.548999786376953,4.546000003814697,4.546999931335449,4.546999931335449,2599900
2025-09-10 05:30:00,4.546000003814697,4.548999786376953,4.544000148773193,4.544000148773193,4.544000148773193,1901000
2025-09-10 05:32:00,4.544000148773193,4.547999858856201,4.543000221252441,4.545000076293945,4.545000076293945,2295600
2025-09-10 05:34:00,4.545000076293945,4.545000076293945,4.540999889373779,4.541999816894531,4.541999816894531,1674400
2025-09-10 05:36:00,4.541999816894531,4.541999816894531,4.539999961853027,4.541999816894531,4.541999816894531,1609900
2025-09-10 05:38:00,4.541999816894531,4.545000076293945,4.539999961853027,4.543000221252441,4.543000221252441,1783900
2025-09-10 05:40:00,4.544000148773193,4.547999858856201,4.544000148773193,4.546999931335449,4.546999931335449,2765900
2025-09-10 05:42:00,4.547999858856201,4.547999858856201,4.540999889373779,4.543000221252441,4.543000221252441,2252700
2025-09-10 05:44:00,4.543000221252441,4.545000076293945,4.540999889373779,4.543000221252441,4.543000221252441,2367400
2025-09-10 05:46:00,4.541999816894531,4.543000221252441,4.540999889373779,4.543000221252441,4.543000221252441,4941600
2025-09-10 05:48:00,4.543000221252441,4.546000003814697,4.543000221252441,4.544000148773193,4.544000148773193,3763594
2025-09-10 05:50:00,4.545000076293945,4.546000003814697,4.544000148773193,4.546000003814697,4.546000003814697,6443100
2025-09-10 05:52:00,4.545000076293945,4.545000076293945,4.541999816894531,4.544000148773193,4.544000148773193,2764600
2025-09-10 05:54:00,4.544000148773193,4.546000003814697,4.543000221252441,4.543000221252441,4.543000221252441,8150900
2025-09-10 05:56:00,4.543000221252441,4.546000003814697,4.543000221252441,4.546000003814697,4.546000003814697,3559100
2025-09-10 05:58:00,4.546000003814697,4.546000003814697,4.544000148773193,4.546000003814697,4.546000003814697,3151400
2025-09-10 06:00:00,4.546000003814697,4.548999786376953,4.546000003814697,4.547999858856201,4.547999858856201,9436000
2025-09-10 06:02:00,4.548999786376953,4.552000045776367,4.546999931335449,4.550000190734863,4.550000190734863,14937500
2025-09-10 06:04:00,4.550000190734863,4.558000087738037,4.550000190734863,4.557000160217285,4.557000160217285,10679200
2025-09-10 06:06:00,4.557000160217285,4.561999797821045,4.557000160217285,4.559999942779541,4.559999942779541,10158000
2025-09-10 06:08:00,4.560999870300293,4.560999870300293,4.552000045776367,4.552000045776367,4.552000045776367,5687800
2025-09-10 06:10:00,4.551000118255615,4.551000118255615,4.546000003814697,4.547999858856201,4.547999858856201,7739900
2025-09-10 06:12:00,4.547999858856201,4.552000045776367,4.546999931335449,4.552000045776367,4.552000045776367,5512400
2025-09-10 06:14:00,4.552000045776367,4.552000045776367,4.548999786376953,4.548999786376953,4.548999786376953,1347800
2025-09-10 06:16:00,4.548999786376953,4.548999786376953,4.545000076293945,4.546999931335449,4.546999931335449,2777000
2025-09-10 06:18:00,4.546999931335449,4.548999786376953,4.546000003814697,4.546000003814697,4.546000003814697,3423300
2025-09-10 06:20:00,4.546000003814697,4.552000045776367,4.546000003814697,4.551000118255615,4.551000118255615,3214400
2025-09-10 06:22:00,4.551000118255615,4.552999973297119,4.548999786376953,4.548999786376953,4.548999786376953,2138300
2025-09-10 06:24:00,4.550000190734863,4.550000190734863,4.546999931335449,4.548999786376953,4.548999786376953,1704800
2025-09-10 06:26:00,4.550000190734863,4.552999973297119,4.548999786376953,4.550000190734863,4.550000190734863,4210100
2025-09-10 06:28:00,4.550000190734863,4.552000045776367,4.548999786376953,4.548999786376953,4.548999786376953,2396204
2025-09-10 06:30:00,4.548999786376953,4.548999786376953,4.543000221252441,4.543000221252441,4.543000221252441,4473000
2025-09-10 06:32:00,4.543000221252441,4.544000148773193,4.539999961853027,4.544000148773193,4.544000148773193,5420500
2025-09-10 06:34:00,4.543000221252441,4.545000076293945,4.543000221252441,4.544000148773193,4.544000148773193,4534100
2025-09-10 06:36:00,4.544000148773193,4.544000148773193,4.541999816894531,4.543000221252441,4.543000221252441,3356600
2025-09-10 06:38:00,4.543000221252441,4.543000221252441,4.539999961853027,4.540999889373779,4.540999889373779,3850300
2025-09-10 06:40:00,4.541999816894531,4.541999816894531,4.535999774932861,4.538000106811523,4.538000106811523,4696500
2025-09-10 06:42:00,4.538000106811523,4.543000221252441,4.538000106811523,4.540999889373779,4.540999889373779,4907700
2025-09-10 06:44:00,4.539999961853027,4.543000221252441,4.539999961853027,4.543000221252441,4.543000221252441,5758449
2025-09-10 06:46:00,4.541999816894531,4.545000076293945,4.541999816894531,4.543000221252441,4.543000221252441,10260500
2025-09-10 06:48:00,4.543000221252441,4.544000148773193,4.539999961853027,4.539999961853027,4.539999961853027,23562173
2025-09-10 06:50:00,4.540999889373779,4.540999889373779,4.5370001792907715,4.5370001792907715,4.5370001792907715,11706440
2025-09-10 06:52:00,4.539000034332275,4.539000034332275,4.5370001792907715,4.539000034332275,4.539000034332275,2114200
2025-09-10 06:54:00,4.539000034332275,4.539000034332275,4.5370001792907715,4.5370001792907715,4.5370001792907715,6067200
2025-09-10 06:56:00,4.5370001792907715,4.539000034332275,4.5370001792907715,4.539000034332275,4.539000034332275,7365900
2025-09-10 06:58:00,4.539000034332275,4.539999961853027,4.5370001792907715,4.538000106811523,4.538000106811523,4525800
2025-09-11 01:30:00,4.5269999504089355,4.533999919891357,4.5269999504089355,4.5320000648498535,4.5320000648498535,17751900
2025-09-11 01:32:00,4.531000137329102,4.533999919891357,4.52400016784668,4.5279998779296875,4.5279998779296875,15708981
2025-09-11 01:34:00,4.5279998779296875,4.5279998779296875,4.520999908447266,4.520999908447266,4.520999908447266,17597900
2025-09-11 01:36:00,4.520999908447266,4.526000022888184,4.51800012588501,4.52400016784668,4.52400016784668,13173500
2025-09-11 01:38:00,4.525000095367432,4.531000137329102,4.525000095367432,4.53000020980835,4.53000020980835,14181500
2025-09-11 01:40:00,4.5289998054504395,4.5329999923706055,4.5269999504089355,4.53000020980835,4.53000020980835,9411800
2025-09-11 01:42:00,4.53000020980835,4.539999961853027,4.53000020980835,4.539000034332275,4.539000034332275,7629300
2025-09-11 01:44:00,4.539000034332275,4.543000221252441,4.538000106811523,4.540999889373779,4.540999889373779,5195000
2025-09-11 01:46:00,4.540999889373779,4.544000148773193,4.540999889373779,4.544000148773193,4.544000148773193,6937940
2025-09-11 01:48:00,4.544000148773193,4.547999858856201,4.544000148773193,4.546999931335449,4.546999931335449,4813400
2025-09-11 01:50:00,4.547999858856201,4.547999858856201,4.540999889373779,4.545000076293945,4.545000076293945,6128300
2025-09-11 01:52:00,4.545000076293945,4.548999786376953,4.539999961853027,4.539999961853027,4.539999961853027,4656400
2025-09-11 01:54:00,4.540999889373779,4.541999816894531,4.539999961853027,4.540999889373779,4.540999889373779,2687400
2025-09-11 01:56:00,4.539999961853027,4.550000190734863,4.539000034332275,4.550000190734863,4.550000190734863,3927900
2025-09-11 01:58:00,4.548999786376953,4.550000190734863,4.546000003814697,4.550000190734863,4.550000190734863,3862300
2025-09-11 02:00:00,4.548999786376953,4.558000087738037,4.547999858856201,4.558000087738037,4.558000087738037,22548000
2025-09-11 02:02:00,4.558000087738037,4.559000015258789,4.556000232696533,4.557000160217285,4.557000160217285,7672700
2025-09-11 02:04:00,4.557000160217285,4.559000015258789,4.554999828338623,4.556000232696533,4.556000232696533,7047900
2025-09-11 02:06:00,4.556000232696533,4.558000087738037,4.552999973297119,4.556000232696533,4.556000232696533,4258194
2025-09-11 02:08:00,4.556000232696533,4.559999942779541,4.553999900817871,4.559000015258789,4.559000015258789,4315800
2025-09-11 02:10:00,4.559999942779541,4.559999942779541,4.556000232696533,4.557000160217285,4.557000160217285,3643700
2025-09-11 02:12:00,4.558000087738037,4.560999870300293,4.556000232696533,4.559999942779541,4.559999942779541,8064700
2025-09-11 02:14:00,4.559999942779541,4.561999797821045,4.559999942779541,4.561999797821045,4.561999797821045,5225600
2025-09-11 02:16:00,4.560999870300293,4.560999870300293,4.559000015258789,4.559999942779541,4.559999942779541,5283700
2025-09-11 02:18:00,4.560999870300293,4.561999797821045,4.557000160217285,4.558000087738037,4.558000087738037,3667800
2025-09-11 02:20:00,4.559000015258789,4.561999797821045,4.558000087738037,4.559999942779541,4.559999942779541,4249400
2025-09-11 02:22:00,4.560999870300293,4.561999797821045,4.559000015258789,4.560999870300293,4.560999870300293,5012400
2025-09-11 02:24:00,4.560999870300293,4.563000202178955,4.558000087738037,4.558000087738037,4.558000087738037,7554570
2025-09-11 02:26:00,4.558000087738037,4.559999942779541,4.554999828338623,4.559999942779541,4.559999942779541,4827000
2025-09-11 02:28:00,4.560999870300293,4.563000202178955,4.559000015258789,4.563000202178955,4.563000202178955,6257400
2025-09-11 02:30:00,4.563000202178955,4.565000057220459,4.559999942779541,4.561999797821045,4.561999797821045,4432900
2025-09-11 02:32:00,4.561999797821045,4.564000129699707,4.561999797821045,4.563000202178955,4.563000202178955,2949600
2025-09-11 02:34:00,4.563000202178955,4.565999984741211,4.563000202178955,4.565999984741211,4.565999984741211,3579100
2025-09-11 02:36:00,4.565999984741211,4.565999984741211,4.563000202178955,4.564000129699707,4.564000129699707,2169400
2025-09-11 02:38:00,4.564000129699707,4.565000057220459,4.563000202178955,4.563000202178955,4.563000202178955,3187600
2025-09-11 02:40:00,4.564000129699707,4.564000129699707,4.559999942779541,4.559999942779541,4.559999942779541,2787500
2025-09-11 02:42:00,4.559000015258789,4.559999942779541,4.556000232696533,4.558000087738037,4.558000087738037,2880400
2025-09-11 02:44:00,4.558000087738037,4.564000129699707,4.558000087738037,4.564000129699707,4.564000129699707,4236800
2025-09-11 02:46:00,4.564000129699707,4.565999984741211,4.563000202178955,4.565999984741211,4.565999984741211,2565900
2025-09-11 02:48:00,4.565999984741211,4.567999839782715,4.565000057220459,4.565999984741211,4.565999984741211,5566300
2025-09-11 02:50:00,4.566999912261963,4.572000026702881,4.566999912261963,4.571000099182129,4.571000099182129,13010600
2025-09-11 02:52:00,4.572000026702881,4.576000213623047,4.571000099182129,4.576000213623047,4.576000213623047,5485500
2025-09-11 02:54:00,4.577000141143799,4.578999996185303,4.574999809265137,4.578000068664551,4.578000068664551,8088200
2025-09-11 02:56:00,4.578000068664551,4.590000152587891,4.578000068664551,4.590000152587891,4.590000152587891,13964500
2025-09-11 02:58:00,4.590000152587891,4.593999862670898,4.5879998207092285,4.590000152587891,4.590000152587891,12626000
2025-09-11 03:00:00,4.591000080108643,4.598999977111816,4.591000080108643,4.5980000495910645,4.5980000495910645,12110200
2025-09-11 03:02:00,4.5970001220703125,4.60699987411499,4.5960001945495605,4.605999946594238,4.605999946594238,21327900
2025-09-11 03:04:00,4.605000019073486,4.60699987411499,4.604000091552734,4.604000091552734,4.604000091552734,15700700
2025-09-11 03:06:00,4.6020002365112305,4.604000091552734,4.5980000495910645,4.603000164031982,4.603000164031982,12898500
2025-09-11 03:08:00,4.604000091552734,4.605999946594238,4.5960001945495605,4.5980000495910645,4.5980000495910645,11952900
2025-09-11 03:10:00,4.5980000495910645,4.605999946594238,4.5980000495910645,4.604000091552734,4.604000091552734,14804600
2025-09-11 03:12:00,4.604000091552734,4.605999946594238,4.6020002365112305,4.605000019073486,4.605000019073486,6812800
2025-09-11 03:14:00,4.605000019073486,4.609000205993652,4.604000091552734,4.60699987411499,4.60699987411499,10058700
2025-09-11 03:16:00,4.607999801635742,4.607999801635742,4.599999904632568,4.603000164031982,4.603000164031982,2913500
2025-09-11 03:18:00,4.604000091552734,4.609000205993652,4.604000091552734,4.605999946594238,4.605999946594238,4253200
2025-09-11 03:20:00,4.607999801635742,4.611000061035156,4.605999946594238,4.610000133514404,4.610000133514404,10087600
2025-09-11 03:22:00,4.609000205993652,4.614999771118164,4.609000205993652,4.613999843597412,4.613999843597412,7560400
2025-09-11 03:24:00,4.614999771118164,4.614999771118164,4.610000133514404,4.613999843597412,4.613999843597412,5835100
2025-09-11 03:26:00,4.613999843597412,4.625,4.611999988555908,4.625,4.625,14517211
2025-09-11 03:28:00,4.623000144958496,4.625999927520752,4.622000217437744,4.625999927520752,4.625999927520752,16983300
2025-09-11 03:30:00,4.625999927520752,4.625999927520752,4.625999927520752,4.625999927520752,4.625999927520752,18700
2025-09-11 05:00:00,4.625999927520752,4.626999855041504,4.61899995803833,4.620999813079834,4.620999813079834,20017100
2025-09-11 05:02:00,4.620999813079834,4.622000217437744,4.617000102996826,4.620999813079834,4.620999813079834,4820300
2025-09-11 05:04:00,4.620999813079834,4.626999855041504,4.61899995803833,4.625999927520752,4.625999927520752,5123900
2025-09-11 05:06:00,4.625999927520752,4.630000114440918,4.625999927520752,4.626999855041504,4.626999855041504,8104300
2025-09-11 05:08:00,4.625999927520752,4.63100004196167,4.625999927520752,4.629000186920166,4.629000186920166,7021100
2025-09-11 05:10:00,4.630000114440918,4.630000114440918,4.619999885559082,4.620999813079834,4.620999813079834,4759700
2025-09-11 05:12:00,4.619999885559082,4.619999885559082,4.616000175476074,4.617000102996826,4.617000102996826,7067800
2025-09-11 05:14:00,4.617000102996826,4.623000144958496,4.616000175476074,4.622000217437744,4.622000217437744,6934600
2025-09-11 05:16:00,4.622000217437744,4.622000217437744,4.618000030517578,4.619999885559082,4.619999885559082,5212000
2025-09-11 05:18:00,4.61899995803833,4.61899995803833,4.61299991607666,4.61299991607666,4.61299991607666,9697300
2025-09-11 05:20:00,4.613999843597412,4.619999885559082,4.613999843597412,4.619999885559082,4.619999885559082,5980300
2025-09-11 05:22:00,4.61899995803833,4.625,4.618000030517578,4.623000144958496,4.623000144958496,5277900
2025-09-11 05:24:00,4.622000217437744,4.625,4.622000217437744,4.623000144958496,4.623000144958496,4834200
2025-09-11 05:26:00,4.623000144958496,4.625,4.620999813079834,4.622000217437744,4.622000217437744,2002800
2025-09-11 05:28:00,4.622000217437744,4.625,4.622000217437744,4.625,4.625,4624100
2025-09-11 05:30:00,4.625,4.626999855041504,4.624000072479248,4.624000072479248,4.624000072479248,3768500
2025-09-11 05:32:00,4.624000072479248,4.625,4.620999813079834,4.622000217437744,4.622000217437744,6917000
2025-09-11 05:34:00,4.622000217437744,4.624000072479248,4.619999885559082,4.623000144958496,4.623000144958496,2087600
2025-09-11 05:36:00,4.623000144958496,4.623000144958496,4.617000102996826,4.617000102996826,4.617000102996826,3200900
2025-09-11 05:38:00,4.617000102996826,4.622000217437744,4.614999771118164,4.622000217437744,4.622000217437744,4063000
2025-09-11 05:40:00,4.622000217437744,4.622000217437744,4.616000175476074,4.617000102996826,4.617000102996826,2175200
2025-09-11 05:42:00,4.616000175476074,4.616000175476074,4.61299991607666,4.614999771118164,4.614999771118164,7219900
2025-09-11 05:44:00,4.614999771118164,4.617000102996826,4.613999843597412,4.614999771118164,4.614999771118164,4169500
2025-09-11 05:46:00,4.616000175476074,4.620999813079834,4.614999771118164,4.61899995803833,4.61899995803833,1996400
2025-09-11 05:48:00,4.619999885559082,4.619999885559082,4.618000030517578,4.618000030517578,4.618000030517578,3804900
2025-09-11 05:50:00,4.61899995803833,4.61899995803833,4.616000175476074,4.617000102996826,4.617000102996826,6988900
2025-09-11 05:52:00,4.617000102996826,4.618000030517578,4.616000175476074,4.617000102996826,4.617000102996826,2201900
2025-09-11 05:54:00,4.616000175476074,4.617000102996826,4.616000175476074,4.616000175476074,4.616000175476074,2211100
2025-09-11 05:56:00,4.616000175476074,4.620999813079834,4.616000175476074,4.620999813079834,4.620999813079834,3115100
2025-09-11 05:58:00,4.619999885559082,4.625,4.61899995803833,4.625,4.625,3745000
2025-09-11 06:00:00,4.624000072479248,4.625999927520752,4.623000144958496,4.625,4.625,3373748
2025-09-11 06:02:00,4.625999927520752,4.627999782562256,4.625,4.627999782562256,4.627999782562256,6154000
2025-09-11 06:04:00,4.629000186920166,4.629000186920166,4.625,4.625999927520752,4.625999927520752,3117800
2025-09-11 06:06:00,4.625999927520752,4.625999927520752,4.622000217437744,4.623000144958496,4.623000144958496,4898100
2025-09-11 06:08:00,4.625,4.63100004196167,4.625,4.63100004196167,4.63100004196167,15299800
2025-09-11 06:10:00,4.63100004196167,4.631999969482422,4.626999855041504,4.627999782562256,4.627999782562256,7104500
2025-09-11 06:12:00,4.629000186920166,4.630000114440918,4.626999855041504,4.626999855041504,4.626999855041504,3245500
2025-09-11 06:14:00,4.626999855041504,4.630000114440918,4.626999855041504,4.630000114440918,4.630000114440918,6460400
2025-09-11 06:16:00,4.630000114440918,4.632999897003174,4.629000186920166,4.632999897003174,4.632999897003174,5345300
2025-09-11 06:18:00,4.631999969482422,4.633999824523926,4.631999969482422,4.632999897003174,4.632999897003174,2922700
2025-09-11 06:20:00,4.633999824523926,4.635000228881836,4.631999969482422,4.632999897003174,4.632999897003174,7069200
2025-09-11 06:22:00,4.632999897003174,4.638000011444092,4.632999897003174,4.63700008392334,4.63700008392334,9960100
2025-09-11 06:24:00,4.63700008392334,4.639999866485596,4.63700008392334,4.638999938964844,4.638999938964844,11529100
2025-09-11 06:26:00,4.639999866485596,4.640999794006348,4.638999938964844,4.638999938964844,4.638999938964844,8848200
2025-09-11 06:28:00,4.638999938964844,4.639999866485596,4.63700008392334,4.63700008392334,4.63700008392334,3748400
2025-09-11 06:30:00,4.638000011444092,4.640999794006348,4.638000011444092,4.638999938964844,4.638999938964844,10448400
2025-09-11 06:32:00,4.639999866485596,4.642000198364258,4.639999866485596,4.642000198364258,4.642000198364258,9892000
2025-09-11 06:34:00,4.64300012588501,4.645999908447266,4.642000198364258,4.645999908447266,4.645999908447266,16236300
2025-09-11 06:36:00,4.644999980926514,4.6479997634887695,4.64300012588501,4.644999980926514,4.644999980926514,16067700
2025-09-11 06:38:00,4.644000053405762,4.6479997634887695,4.644000053405762,4.646999835968018,4.646999835968018,13418220
2025-09-11 06:40:00,4.645999908447266,4.646999835968018,4.644999980926514,4.644999980926514,4.644999980926514,5053600
2025-09-11 06:42:00,4.644000053405762,4.645999908447266,4.644000053405762,4.644999980926514,4.644999980926514,3991900
2025-09-11 06:44:00,4.644000053405762,4.646999835968018,4.644000053405762,4.646999835968018,4.646999835968018,7707500
2025-09-11 06:46:00,4.646999835968018,4.6539998054504395,4.646999835968018,4.6529998779296875,4.6529998779296875,20157900
2025-09-11 06:48:00,4.6529998779296875,4.6539998054504395,4.6519999504089355,4.6529998779296875,4.6529998779296875,18454100
2025-09-11 06:50:00,4.6529998779296875,4.6529998779296875,4.651000022888184,4.651000022888184,4.651000022888184,22845300
2025-09-11 06:52:00,4.6519999504089355,4.6539998054504395,4.650000095367432,4.6529998779296875,4.6529998779296875,27200000
2025-09-11 06:54:00,4.6539998054504395,4.65500020980835,4.6529998779296875,4.6539998054504395,4.6539998054504395,18839900
2025-09-11 06:56:00,4.6529998779296875,4.6570000648498535,4.6529998779296875,4.6570000648498535,4.6570000648498535,23121858
2025-09-11 06:58:00,4.6570000648498535,4.660999774932861,4.6570000648498535,4.660999774932861,4.660999774932861,17019600
2025-09-12 01:30:00,4.663000106811523,4.663000106811523,4.650000095367432,4.6579999923706055,4.6579999923706055,120055700
2025-09-12 01:32:00,4.6579999923706055,4.658999919891357,4.6529998779296875,4.65500020980835,4.65500020980835,74662300
2025-09-12 01:34:00,4.65500020980835,4.656000137329102,4.646999835968018,4.64900016784668,4.64900016784668,52232600
2025-09-12 01:36:00,4.6479997634887695,4.6529998779296875,4.6479997634887695,4.650000095367432,4.650000095367432,22955600
2025-09-12 01:38:00,4.650000095367432,4.656000137329102,4.650000095367432,4.6539998054504395,4.6539998054504395,17102000
2025-09-12 01:40:00,4.6519999504089355,4.6529998779296875,4.651000022888184,4.6529998779296875,4.6529998779296875,8874800
2025-09-12 01:42:00,4.6529998779296875,4.660999774932861,4.6529998779296875,4.659999847412109,4.659999847412109,11239400
2025-09-12 01:44:00,4.659999847412109,4.659999847412109,4.651000022888184,4.6529998779296875,4.6529998779296875,8037400
2025-09-12 01:46:00,4.6529998779296875,4.656000137329102,4.6519999504089355,4.6539998054504395,4.6539998054504395,6493900
2025-09-12 01:48:00,4.6539998054504395,4.6539998054504395,4.645999908447266,4.646999835968018,4.646999835968018,13816400
2025-09-12 01:50:00,4.6479997634887695,4.6519999504089355,4.646999835968018,4.6479997634887695,4.6479997634887695,10877600
2025-09-12 01:52:00,4.646999835968018,4.6479997634887695,4.644000053405762,4.646999835968018,4.646999835968018,16741500
2025-09-12 01:54:00,4.646999835968018,4.64900016784668,4.645999908447266,4.64900016784668,4.64900016784668,7541900
2025-09-12 01:56:00,4.64900016784668,4.6539998054504395,4.64900016784668,4.6539998054504395,4.6539998054504395,10671500
2025-09-12 01:58:00,4.6539998054504395,4.656000137329102,4.6519999504089355,4.6519999504089355,4.6519999504089355,4373200
2025-09-12 02:00:00,4.6529998779296875,4.6570000648498535,4.6519999504089355,4.6519999504089355,4.6519999504089355,8419300
2025-09-12 02:02:00,4.6519999504089355,4.6570000648498535,4.651000022888184,4.6539998054504395,4.6539998054504395,3293000
2025-09-12 02:04:00,4.65500020980835,4.6570000648498535,4.6529998779296875,4.6539998054504395,4.6539998054504395,2401200
2025-09-12 02:06:00,4.6529998779296875,4.65500020980835,4.651000022888184,4.65500020980835,4.65500020980835,3298100
2025-09-12 02:08:00,4.65500020980835,4.65500020980835,4.651000022888184,4.651000022888184,4.651000022888184,2444700
2025-09-12 02:10:00,4.651000022888184,4.6539998054504395,4.650000095367432,4.6529998779296875,4.6529998779296875,1542700
2025-09-12 02:12:00,4.65500020980835,4.65500020980835,4.6529998779296875,4.6529998779296875,4.6529998779296875,2882800
2025-09-12 02:14:00,4.6519999504089355,4.6519999504089355,4.64900016784668,4.650000095367432,4.650000095367432,7883900
2025-09-12 02:16:00,4.651000022888184,4.651000022888184,4.644000053405762,4.646999835968018,4.646999835968018,6664400
2025-09-12 02:18:00,4.646999835968018,4.64900016784668,4.646999835968018,4.6479997634887695,4.6479997634887695,2221200
2025-09-12 02:20:00,4.646999835968018,4.65500020980835,4.646999835968018,4.6539998054504395,4.6539998054504395,3387700
2025-09-12 02:22:00,4.6529998779296875,4.65500020980835,4.6519999504089355,4.6519999504089355,4.6519999504089355,3541800
2025-09-12 02:24:00,4.6529998779296875,4.6570000648498535,4.6519999504089355,4.6570000648498535,4.6570000648498535,3396900
2025-09-12 02:26:00,4.6570000648498535,4.660999774932861,4.65500020980835,4.659999847412109,4.659999847412109,6548400
2025-09-12 02:28:00,4.660999774932861,4.660999774932861,4.658999919891357,4.659999847412109,4.659999847412109,4675200
2025-09-12 02:30:00,4.659999847412109,4.659999847412109,4.65500020980835,4.65500020980835,4.65500020980835,3138800
2025-09-12 02:32:00,4.65500020980835,4.6570000648498535,4.651000022888184,4.6570000648498535,4.6570000648498535,4346300
2025-09-12 02:34:00,4.656000137329102,4.658999919891357,4.656000137329102,4.6570000648498535,4.6570000648498535,1895000
2025-09-12 02:36:00,4.6570000648498535,4.659999847412109,4.656000137329102,4.658999919891357,4.658999919891357,4611200
2025-09-12 02:38:00,4.658999919891357,4.658999919891357,4.6519999504089355,4.65500020980835,4.65500020980835,3652600
2025-09-12 02:40:00,4.6539998054504395,4.6539998054504395,4.64900016784668,4.650000095367432,4.650000095367432,2984707
2025-09-12 02:42:00,4.64900016784668,4.6539998054504395,4.64900016784668,4.651000022888184,4.651000022888184,2358434
2025-09-12 02:44:00,4.651000022888184,4.651000022888184,4.642000198364258,4.642000198364258,4.642000198364258,10125400
2025-09-12 02:46:00,4.644000053405762,4.646999835968018,4.642000198364258,4.646999835968018,4.646999835968018,4928000
2025-09-12 02:48:00,4.646999835968018,4.646999835968018,4.64300012588501,4.645999908447266,4.645999908447266,3167200
2025-09-12 02:50:00,4.645999908447266,4.646999835968018,4.640999794006348,4.640999794006348,4.640999794006348,3265400
2025-09-12 02:52:00,4.642000198364258,4.642000198364258,4.636000156402588,4.636000156402588,4.636000156402588,8521400
2025-09-12 02:54:00,4.635000228881836,4.636000156402588,4.632999897003174,4.633999824523926,4.633999824523926,7938400
2025-09-12 02:56:00,4.633999824523926,4.635000228881836,4.63100004196167,4.633999824523926,4.633999824523926,5790300
2025-09-12 02:58:00,4.633999824523926,4.635000228881836,4.627999782562256,4.627999782562256,4.627999782562256,7284200
2025-09-12 03:00:00,4.629000186920166,4.629000186920166,4.622000217437744,4.622000217437744,4.622000217437744,10774700
2025-09-12 03:02:00,4.622000217437744,4.63100004196167,4.622000217437744,4.629000186920166,4.629000186920166,9293900
2025-09-12 03:04:00,4.627999782562256,4.627999782562256,4.623000144958496,4.624000072479248,4.624000072479248,5631500
2025-09-12 03:06:00,4.624000072479248,4.627999782562256,4.623000144958496,4.625999927520752,4.625999927520752,2644499
2025-09-12 03:08:00,4.626999855041504,4.631999969482422,4.625999927520752,4.63100004196167,4.63100004196167,6773800
2025-09-12 03:10:00,4.63100004196167,4.635000228881836,4.63100004196167,4.633999824523926,4.633999824523926,5484000
2025-09-12 03:12:00,4.632999897003174,4.63700008392334,4.632999897003174,4.636000156402588,4.636000156402588,6873700
2025-09-12 03:14:00,4.636000156402588,4.63700008392334,4.633999824523926,4.63700008392334,4.63700008392334,4057900
2025-09-12 03:16:00,4.636000156402588,4.639999866485596,4.636000156402588,4.639999866485596,4.639999866485596,3356000
2025-09-12 03:18:00,4.639999866485596,4.639999866485596,4.632999897003174,4.638999938964844,4.638999938964844,3413000
2025-09-12 03:20:00,4.638999938964844,4.639999866485596,4.636000156402588,4.639999866485596,4.639999866485596,3395000
2025-09-12 03:22:00,4.640999794006348,4.642000198364258,4.63700008392334,4.63700008392334,4.63700008392334,1730100
2025-09-12 03:24:00,4.63700008392334,4.644000053405762,4.63700008392334,4.64300012588501,4.64300012588501,7670000
2025-09-12 03:26:00,4.64300012588501,4.644999980926514,4.640999794006348,4.644000053405762,4.644000053405762,2320900
2025-09-12 03:28:00,4.64300012588501,4.644999980926514,4.642000198364258,4.644000053405762,4.644000053405762,2172100
2025-09-12 05:00:00,4.644999980926514,4.644999980926514,4.636000156402588,4.636000156402588,4.636000156402588,4218700
2025-09-12 05:02:00,4.636000156402588,4.644999980926514,4.635000228881836,4.644000053405762,4.644000053405762,3890600
2025-09-12 05:04:00,4.644000053405762,4.644000053405762,4.63700008392334,4.638999938964844,4.638999938964844,5261100
2025-09-12 05:06:00,4.639999866485596,4.642000198364258,4.638999938964844,4.642000198364258,4.642000198364258,3670600
2025-09-12 05:08:00,4.642000198364258,4.644000053405762,4.640999794006348,4.64300012588501,4.64300012588501,2934900
2025-09-12 05:10:00,4.644000053405762,4.644999980926514,4.64300012588501,4.644999980926514,4.644999980926514,3740400
2025-09-12 05:12:00,4.644999980926514,4.644999980926514,4.639999866485596,4.640999794006348,4.640999794006348,3779100
2025-09-12 05:14:00,4.640999794006348,4.644999980926514,4.640999794006348,4.644000053405762,4.644000053405762,1911400
2025-09-12 05:16:00,4.64300012588501,4.644999980926514,4.642000198364258,4.64300012588501,4.64300012588501,1433800
2025-09-12 05:18:00,4.644000053405762,4.644999980926514,4.640999794006348,4.64300012588501,4.64300012588501,3327600
2025-09-12 05:20:00,4.64300012588501,4.64300012588501,4.640999794006348,4.642000198364258,4.642000198364258,1511500
2025-09-12 05:22:00,4.639999866485596,4.640999794006348,4.63700008392334,4.63700008392334,4.63700008392334,1652600
2025-09-12 05:24:00,4.63700008392334,4.638999938964844,4.636000156402588,4.636000156402588,4.636000156402588,1974800
2025-09-12 05:26:00,4.638000011444092,4.639999866485596,4.636000156402588,4.638999938964844,4.638999938964844,1438500
2025-09-12 05:28:00,4.638999938964844,4.644000053405762,4.638999938964844,4.640999794006348,4.640999794006348,1380300
2025-09-12 05:30:00,4.640999794006348,4.640999794006348,4.638000011444092,4.639999866485596,4.639999866485596,1679900
2025-09-12 05:32:00,4.640999794006348,4.640999794006348,4.635000228881836,4.63700008392334,4.63700008392334,2065000
2025-09-12 05:34:00,4.636000156402588,4.640999794006348,4.636000156402588,4.640999794006348,4.640999794006348,1487900
2025-09-12 05:36:00,4.640999794006348,4.64300012588501,4.638999938964844,4.64300012588501,4.64300012588501,2004000
2025-09-12 05:38:00,4.642000198364258,4.64300012588501,4.639999866485596,4.640999794006348,4.640999794006348,2110800
2025-09-12 05:40:00,4.640999794006348,4.642000198364258,4.640999794006348,4.642000198364258,4.642000198364258,1151000
2025-09-12 05:42:00,4.642000198364258,4.64300012588501,4.640999794006348,4.642000198364258,4.642000198364258,1973900
2025-09-12 05:44:00,4.640999794006348,4.640999794006348,4.636000156402588,4.639999866485596,4.639999866485596,5278400
2025-09-12 05:46:00,4.639999866485596,4.64300012588501,4.639999866485596,4.640999794006348,4.640999794006348,3744900
2025-09-12 05:48:00,4.640999794006348,4.64300012588501,4.639999866485596,4.642000198364258,4.642000198364258,2792000
2025-09-12 05:50:00,4.642000198364258,4.645999908447266,4.642000198364258,4.644999980926514,4.644999980926514,7120900
2025-09-12 05:52:00,4.645999908447266,4.645999908447266,4.642000198364258,4.642000198364258,4.642000198364258,2214100
2025-09-12 05:54:00,4.640999794006348,4.640999794006348,4.63700008392334,4.638000011444092,4.638000011444092,2555700
2025-09-12 05:56:00,4.638000011444092,4.639999866485596,4.635000228881836,4.636000156402588,4.636000156402588,3045500
2025-09-12 05:58:00,4.636000156402588,4.63700008392334,4.631999969482422,4.632999897003174,4.632999897003174,6226300
2025-09-12 06:00:00,4.632999897003174,4.632999897003174,4.627999782562256,4.631999969482422,4.631999969482422,8028700
2025-09-12 06:02:00,4.63100004196167,4.63100004196167,4.625999927520752,4.629000186920166,4.629000186920166,5876200
2025-09-12 06:04:00,4.627999782562256,4.633999824523926,4.627999782562256,4.629000186920166,4.629000186920166,5553300
2025-09-12 06:06:00,4.629000186920166,4.63100004196167,4.626999855041504,4.627999782562256,4.627999782562256,5971200
2025-09-12 06:08:00,4.627999782562256,4.631999969482422,4.625,4.625,4.625,5043701
2025-09-12 06:10:00,4.625,4.626999855041504,4.623000144958496,4.625,4.625,5965900
2025-09-12 06:12:00,4.625,4.629000186920166,4.624000072479248,4.625,4.625,6707900
2025-09-12 06:14:00,4.625,4.625999927520752,4.623000144958496,4.625999927520752,4.625999927520752,4378900
2025-09-12 06:16:00,4.626999855041504,4.630000114440918,4.625999927520752,4.625999927520752,4.625999927520752,5619900
2025-09-12 06:18:00,4.625999927520752,4.625999927520752,4.622000217437744,4.622000217437744,4.622000217437744,9935800
2025-09-12 06:20:00,4.622000217437744,4.623000144958496,4.619999885559082,4.619999885559082,4.619999885559082,9888099
2025-09-12 06:22:00,4.620999813079834,4.627999782562256,4.620999813079834,4.627999782562256,4.627999782562256,8879600
2025-09-12 06:24:00,4.626999855041504,4.626999855041504,4.623000144958496,4.623000144958496,4.623000144958496,3741100
2025-09-12 06:26:00,4.623000144958496,4.623000144958496,4.61899995803833,4.620999813079834,4.620999813079834,11114300
2025-09-12 06:28:00,4.619999885559082,4.625,4.619999885559082,4.625,4.625,6798400
2025-09-12 06:30:00,4.625,4.626999855041504,4.625,4.626999855041504,4.626999855041504,6164400
2025-09-12 06:32:00,4.625999927520752,4.626999855041504,4.623000144958496,4.624000072479248,4.624000072479248,8586300
2025-09-12 06:34:00,4.624000072479248,4.625999927520752,4.622000217437744,4.623000144958496,4.623000144958496,5707400
2025-09-12 06:36:00,4.623000144958496,4.625,4.622000217437744,4.622000217437744,4.622000217437744,2624100
2025-09-12 06:38:00,4.622000217437744,4.625,4.622000217437744,4.624000072479248,4.624000072479248,6265600
2025-09-12 06:40:00,4.623000144958496,4.624000072479248,4.620999813079834,4.620999813079834,4.620999813079834,6383400
2025-09-12 06:42:00,4.620999813079834,4.620999813079834,4.616000175476074,4.618000030517578,4.618000030517578,11305100
2025-09-12 06:44:00,4.618000030517578,4.619999885559082,4.616000175476074,4.616000175476074,4.616000175476074,11079000
2025-09-12 06:46:00,4.617000102996826,4.622000217437744,4.617000102996826,4.620999813079834,4.620999813079834,15840400
2025-09-12 06:48:00,4.620999813079834,4.624000072479248,4.620999813079834,4.624000072479248,4.624000072479248,12238700
2025-09-12 06:50:00,4.623000144958496,4.624000072479248,4.620999813079834,4.620999813079834,4.620999813079834,7684700
2025-09-12 06:52:00,4.620999813079834,4.624000072479248,4.619999885559082,4.622000217437744,4.622000217437744,9749900
2025-09-12 06:54:00,4.624000072479248,4.624000072479248,4.622000217437744,4.622000217437744,4.622000217437744,7883487
2025-09-12 06:56:00,4.622000217437744,4.622000217437744,4.620999813079834,4.620999813079834,4.620999813079834,7629300
2025-09-12 06:58:00,4.620999813079834,4.622000217437744,4.619999885559082,4.619999885559082,4.619999885559082,7688300
2025-09-15 01:30:00,4.625999927520752,4.626999855041504,4.617000102996826,4.617000102996826,4.617000102996826,24202500
2025-09-15 01:32:00,4.61899995803833,4.627999782562256,4.618000030517578,4.626999855041504,4.626999855041504,15230517
2025-09-15 01:34:00,4.625999927520752,4.631999969482422,4.625999927520752,4.629000186920166,4.629000186920166,12194700
2025-09-15 01:36:00,4.629000186920166,4.639999866485596,4.629000186920166,4.639999866485596,4.639999866485596,20450100
2025-09-15 01:38:00,4.640999794006348,4.644999980926514,4.638999938964844,4.64300012588501,4.64300012588501,24728600
2025-09-15 01:40:00,4.64300012588501,4.64300012588501,4.629000186920166,4.63100004196167,4.63100004196167,17279800
2025-09-15 01:42:00,4.631999969482422,4.635000228881836,4.629000186920166,4.630000114440918,4.630000114440918,15258400
2025-09-15 01:44:00,4.629000186920166,4.63700008392334,4.626999855041504,4.629000186920166,4.629000186920166,6984600
2025-09-15 01:46:00,4.630000114440918,4.638999938964844,4.629000186920166,4.63700008392334,4.63700008392334,9371100
2025-09-15 01:48:00,4.63700008392334,4.63700008392334,4.63100004196167,4.631999969482422,4.631999969482422,7951200
2025-09-15 01:50:00,4.632999897003174,4.639999866485596,4.632999897003174,4.638000011444092,4.638000011444092,10130000
2025-09-15 01:52:00,4.638000011444092,4.638000011444092,4.633999824523926,4.63700008392334,4.63700008392334,9852800
2025-09-15 01:54:00,4.63700008392334,4.639999866485596,4.636000156402588,4.638000011444092,4.638000011444092,7794400
2025-09-15 01:56:00,4.638999938964844,4.639999866485596,4.63700008392334,4.638999938964844,4.638999938964844,8039500
2025-09-15 01:58:00,4.638999938964844,4.639999866485596,4.638000011444092,4.638999938964844,4.638999938964844,6393400
2025-09-15 02:00:00,4.638999938964844,4.644000053405762,4.636000156402588,4.63700008392334,4.63700008392334,18253700
2025-09-15 02:02:00,4.636000156402588,4.642000198364258,4.636000156402588,4.640999794006348,4.640999794006348,17562800
2025-09-15 02:04:00,4.642000198364258,4.64300012588501,4.639999866485596,4.640999794006348,4.640999794006348,11638600
2025-09-15 02:06:00,4.640999794006348,4.6479997634887695,4.640999794006348,4.645999908447266,4.645999908447266,11782300
2025-09-15 02:08:00,4.645999908447266,4.6479997634887695,4.644999980926514,4.646999835968018,4.646999835968018,5878200
2025-09-15 02:10:00,4.646999835968018,4.650000095367432,4.646999835968018,4.6479997634887695,4.6479997634887695,9245700
2025-09-15 02:12:00,4.6479997634887695,4.64900016784668,4.645999908447266,4.646999835968018,4.646999835968018,7541100
2025-09-15 02:14:00,4.6479997634887695,4.64900016784668,4.640999794006348,4.640999794006348,4.640999794006348,6092900
2025-09-15 02:16:00,4.642000198364258,4.644000053405762,4.639999866485596,4.64300012588501,4.64300012588501,6578700
2025-09-15 02:18:00,4.642000198364258,4.644999980926514,4.640999794006348,4.64300012588501,4.64300012588501,6419299
2025-09-15 02:20:00,4.64300012588501,4.644000053405762,4.640999794006348,4.644000053405762,4.644000053405762,8689900
2025-09-15 02:22:00,4.64300012588501,4.645999908447266,4.635000228881836,4.635000228881836,4.635000228881836,14222800
2025-09-15 02:24:00,4.633999824523926,4.638999938964844,4.633999824523926,4.638999938964844,4.638999938964844,10618200
2025-09-15 02:26:00,4.638999938964844,4.644999980926514,4.638000011444092,4.644000053405762,4.644000053405762,5381300
2025-09-15 02:28:00,4.644999980926514,4.64900016784668,4.644999980926514,4.64900016784668,4.64900016784668,7421000
2025-09-15 02:30:00,4.64900016784668,4.6519999504089355,4.6479997634887695,4.651000022888184,4.651000022888184,13042866
2025-09-15 02:32:00,4.651000022888184,4.6570000648498535,4.651000022888184,4.656000137329102,4.656000137329102,8139200
2025-09-15 02:34:00,4.65500020980835,4.6579999923706055,4.6519999504089355,4.6579999923706055,4.6579999923706055,11795900
2025-09-15 02:36:00,4.6579999923706055,4.6579999923706055,4.656000137329102,4.6579999923706055,4.6579999923706055,6921500
2025-09-15 02:38:00,4.6579999923706055,4.6620001792907715,4.6579999923706055,4.659999847412109,4.659999847412109,11172000
2025-09-15 02:40:00,4.660999774932861,4.6620001792907715,4.6570000648498535,4.6570000648498535,4.6570000648498535,7053000
2025-09-15 02:42:00,4.6570000648498535,4.660999774932861,4.6570000648498535,4.659999847412109,4.659999847412109,5752500
2025-09-15 02:44:00,4.659999847412109,4.660999774932861,4.6570000648498535,4.660999774932861,4.660999774932861,8231500
2025-09-15 02:46:00,4.6620001792907715,4.6620001792907715,4.658999919891357,4.659999847412109,4.659999847412109,3005600
2025-09-15 02:48:00,4.659999847412109,4.6620001792907715,4.658999919891357,4.660999774932861,4.660999774932861,7795100
2025-09-15 02:50:00,4.660999774932861,4.6620001792907715,4.659999847412109,4.660999774932861,4.660999774932861,3917200
2025-09-15 02:52:00,4.660999774932861,4.6620001792907715,4.6579999923706055,4.6579999923706055,4.6579999923706055,3392300
2025-09-15 02:54:00,4.6579999923706055,4.6579999923706055,4.656000137329102,4.6570000648498535,4.6570000648498535,4366200
2025-09-15 02:56:00,4.656000137329102,4.6579999923706055,4.6519999504089355,4.6519999504089355,4.6519999504089355,3657900
2025-09-15 02:58:00,4.651000022888184,4.65500020980835,4.650000095367432,4.65500020980835,4.65500020980835,5224900
2025-09-15 03:00:00,4.65500020980835,4.6570000648498535,4.651000022888184,4.656000137329102,4.656000137329102,5044500
2025-09-15 03:02:00,4.65500020980835,4.65500020980835,4.650000095367432,4.651000022888184,4.651000022888184,4880100
2025-09-15 03:04:00,4.651000022888184,4.656000137329102,4.650000095367432,4.65500020980835,4.65500020980835,3581900
2025-09-15 03:06:00,4.65500020980835,4.6570000648498535,4.6519999504089355,4.6529998779296875,4.6529998779296875,2441800
2025-09-15 03:08:00,4.65500020980835,4.65500020980835,4.6519999504089355,4.6539998054504395,4.6539998054504395,3543700
2025-09-15 03:10:00,4.6539998054504395,4.6539998054504395,4.650000095367432,4.651000022888184,4.651000022888184,6660100
2025-09-15 03:12:00,4.650000095367432,4.6519999504089355,4.6479997634887695,4.6479997634887695,4.6479997634887695,3063600
2025-09-15 03:14:00,4.64900016784668,4.651000022888184,4.646999835968018,4.646999835968018,4.646999835968018,2454000
2025-09-15 03:16:00,4.646999835968018,4.650000095367432,4.644999980926514,4.64900016784668,4.64900016784668,2283400
2025-09-15 03:18:00,4.64900016784668,4.651000022888184,4.6479997634887695,4.651000022888184,4.651000022888184,3277500
2025-09-15 03:20:00,4.651000022888184,4.65500020980835,4.64900016784668,4.65500020980835,4.65500020980835,2907000
2025-09-15 03:22:00,4.65500020980835,4.656000137329102,4.6529998779296875,4.65500020980835,4.65500020980835,1736500
2025-09-15 03:24:00,4.656000137329102,4.656000137329102,4.6539998054504395,4.65500020980835,4.65500020980835,3105000
2025-09-15 03:26:00,4.656000137329102,4.6570000648498535,4.65500020980835,4.65500020980835,4.65500020980835,5607400
2025-09-15 03:28:00,4.65500020980835,4.656000137329102,4.6539998054504395,4.656000137329102,4.656000137329102,5508600
2025-09-15 05:00:00,4.6570000648498535,4.6570000648498535,4.651000022888184,4.6519999504089355,4.6519999504089355,5609900
2025-09-15 05:02:00,4.6529998779296875,4.6529998779296875,4.6479997634887695,4.651000022888184,4.651000022888184,2383100
2025-09-15 05:04:00,4.651000022888184,4.651000022888184,4.646999835968018,4.646999835968018,4.646999835968018,2095600
2025-09-15 05:06:00,4.646999835968018,4.646999835968018,4.644999980926514,4.646999835968018,4.646999835968018,1779400
2025-09-15 05:08:00,4.645999908447266,4.650000095367432,4.644999980926514,4.650000095367432,4.650000095367432,2769800
2025-09-15 05:10:00,4.650000095367432,4.651000022888184,4.645999908447266,4.650000095367432,4.650000095367432,2861800
2025-09-15 05:12:00,4.650000095367432,4.650000095367432,4.645999908447266,4.645999908447266,4.645999908447266,2360600
2025-09-15 05:14:00,4.645999908447266,4.6479997634887695,4.644999980926514,4.644999980926514,4.644999980926514,2471600
2025-09-15 05:16:00,4.645999908447266,4.646999835968018,4.63700008392334,4.638000011444092,4.638000011444092,7189200
2025-09-15 05:18:00,4.63700008392334,4.639999866485596,4.63700008392334,4.638999938964844,4.638999938964844,3297600
2025-09-15 05:20:00,4.638000011444092,4.640999794006348,4.638000011444092,4.639999866485596,4.639999866485596,1809500
2025-09-15 05:22:00,4.639999866485596,4.642000198364258,4.638000011444092,4.639999866485596,4.639999866485596,2736500
2025-09-15 05:24:00,4.638999938964844,4.639999866485596,4.638999938964844,4.639999866485596,4.639999866485596,1844300
2025-09-15 05:26:00,4.639999866485596,4.64300012588501,4.639999866485596,4.640999794006348,4.640999794006348,4108100
2025-09-15 05:28:00,4.640999794006348,4.642000198364258,4.638999938964844,4.639999866485596,4.639999866485596,1145600
2025-09-15 05:30:00,4.639999866485596,4.640999794006348,4.638000011444092,4.639999866485596,4.639999866485596,3533300
2025-09-15 05:32:00,4.639999866485596,4.640999794006348,4.638000011444092,4.638000011444092,4.638000011444092,3008000
2025-09-15 05:34:00,4.638000011444092,4.638999938964844,4.63700008392334,4.638000011444092,4.638000011444092,2063500
2025-09-15 05:36:00,4.638000011444092,4.638999938964844,4.636000156402588,4.636000156402588,4.636000156402588,2447500
2025-09-15 05:38:00,4.635000228881836,4.635000228881836,4.63100004196167,4.632999897003174,4.632999897003174,7486700
2025-09-15 05:40:00,4.632999897003174,4.638999938964844,4.632999897003174,4.63700008392334,4.63700008392334,2529800
2025-09-15 05:42:00,4.63700008392334,4.639999866485596,4.636000156402588,4.636000156402588,4.636000156402588,1621200
2025-09-15 05:44:00,4.636000156402588,4.63700008392334,4.635000228881836,4.635000228881836,4.635000228881836,786400
2025-09-15 05:46:00,4.635000228881836,4.63700008392334,4.633999824523926,4.636000156402588,4.636000156402588,1740600
2025-09-15 05:48:00,4.635000228881836,4.63700008392334,4.635000228881836,4.636000156402588,4.636000156402588,2229700
2025-09-15 05:50:00,4.636000156402588,4.638000011444092,4.633999824523926,4.63700008392334,4.63700008392334,1074800
2025-09-15 05:52:00,4.63700008392334,4.63700008392334,4.635000228881836,4.635000228881836,4.635000228881836,1289100
2025-09-15 05:54:00,4.635000228881836,4.635000228881836,4.632999897003174,4.633999824523926,4.633999824523926,1616800
2025-09-15 05:56:00,4.635000228881836,4.63700008392334,4.635000228881836,4.635000228881836,4.635000228881836,737300
2025-09-15 05:58:00,4.636000156402588,4.638000011444092,4.635000228881836,4.636000156402588,4.636000156402588,4623600
2025-09-15 06:00:00,4.636000156402588,4.639999866485596,4.632999897003174,4.639999866485596,4.639999866485596,7403500
2025-09-15 06:02:00,4.638999938964844,4.638999938964844,4.630000114440918,4.630000114440918,4.630000114440918,11596700
2025-09-15 06:04:00,4.629000186920166,4.629000186920166,4.624000072479248,4.624000072479248,4.624000072479248,7501800
2025-09-15 06:06:00,4.623000144958496,4.629000186920166,4.623000144958496,4.629000186920166,4.629000186920166,5791800
2025-09-15 06:08:00,4.626999855041504,4.63100004196167,4.625999927520752,4.625999927520752,4.625999927520752,4451700
2025-09-15 06:10:00,4.625999927520752,4.625999927520752,4.622000217437744,4.622000217437744,4.622000217437744,4381800
2025-09-15 06:12:00,4.622000217437744,4.625,4.622000217437744,4.623000144958496,4.623000144958496,5637900
2025-09-15 06:14:00,4.623000144958496,4.629000186920166,4.622000217437744,4.624000072479248,4.624000072479248,3462000
2025-09-15 06:16:00,4.623000144958496,4.629000186920166,4.623000144958496,4.626999855041504,4.626999855041504,2981400
2025-09-15 06:18:00,4.625999927520752,4.629000186920166,4.625,4.625999927520752,4.625999927520752,1802552
2025-09-15 06:20:00,4.625999927520752,4.629000186920166,4.625999927520752,4.625999927520752,4.625999927520752,1881200
2025-09-15 06:22:00,4.625,4.625999927520752,4.623000144958496,4.623000144958496,4.623000144958496,3402611
2025-09-15 06:24:00,4.623000144958496,4.625999927520752,4.623000144958496,4.625,4.625,1890000
2025-09-15 06:26:00,4.625999927520752,4.627999782562256,4.620999813079834,4.622000217437744,4.622000217437744,7736000
2025-09-15 06:28:00,4.620999813079834,4.625,4.620999813079834,4.625,4.625,2454100
2025-09-15 06:30:00,4.625,4.629000186920166,4.625,4.627999782562256,4.627999782562256,1688100
2025-09-15 06:32:00,4.626999855041504,4.631999969482422,4.626999855041504,4.631999969482422,4.631999969482422,2166500
2025-09-15 06:34:00,4.631999969482422,4.632999897003174,4.629000186920166,4.629000186920166,4.629000186920166,3083100
2025-09-15 06:36:00,4.629000186920166,4.63100004196167,4.627999782562256,4.630000114440918,4.630000114440918,3315400
2025-09-15 06:38:00,4.63100004196167,4.63100004196167,4.626999855041504,4.626999855041504,4.626999855041504,3029200
2025-09-15 06:40:00,4.626999855041504,4.63100004196167,4.626999855041504,4.627999782562256,4.627999782562256,2329700
2025-09-15 06:42:00,4.626999855041504,4.630000114440918,4.626999855041504,4.629000186920166,4.629000186920166,1840800
2025-09-15 06:44:00,4.630000114440918,4.63100004196167,4.626999855041504,4.626999855041504,4.626999855041504,3947200
2025-09-15 06:46:00,4.626999855041504,4.630000114440918,4.626999855041504,4.629000186920166,4.629000186920166,2474900
2025-09-15 06:48:00,4.629000186920166,4.630000114440918,4.627999782562256,4.627999782562256,4.627999782562256,3185100
2025-09-15 06:50:00,4.626999855041504,4.626999855041504,4.623000144958496,4.624000072479248,4.624000072479248,6293100
2025-09-15 06:52:00,4.624000072479248,4.627999782562256,4.624000072479248,4.627999782562256,4.627999782562256,6082100
2025-09-15 06:54:00,4.627999782562256,4.629000186920166,4.626999855041504,4.627999782562256,4.627999782562256,7621873
2025-09-15 06:56:00,4.627999782562256,4.63100004196167,4.627999782562256,4.63100004196167,4.63100004196167,5480400
2025-09-15 06:58:00,4.63100004196167,4.631999969482422,4.627999782562256,4.629000186920166,4.629000186920166,12156600
2025-09-16 01:30:00,4.636000156402588,4.64900016784668,4.635000228881836,4.645999908447266,4.645999908447266,10815600
2025-09-16 01:32:00,4.646999835968018,4.651000022888184,4.644999980926514,4.644999980926514,4.644999980926514,16646100
2025-09-16 01:34:00,4.644999980926514,4.645999908447266,4.64300012588501,4.644999980926514,4.644999980926514,14880300
2025-09-16 01:36:00,4.644999980926514,4.64900016784668,4.64300012588501,4.645999908447266,4.645999908447266,9906700
2025-09-16 01:38:00,4.645999908447266,4.646999835968018,4.640999794006348,4.64300012588501,4.64300012588501,10174100
2025-09-16 01:40:00,4.644000053405762,4.644000053405762,4.636000156402588,4.638000011444092,4.638000011444092,10223400
2025-09-16 01:42:00,4.63700008392334,4.63700008392334,4.63100004196167,4.631999969482422,4.631999969482422,12264300
2025-09-16 01:44:00,4.63100004196167,4.631999969482422,4.629000186920166,4.631999969482422,4.631999969482422,11035100
2025-09-16 01:46:00,4.632999897003174,4.635000228881836,4.631999969482422,4.631999969482422,4.631999969482422,9562300
2025-09-16 01:48:00,4.632999897003174,4.633999824523926,4.629000186920166,4.633999824523926,4.633999824523926,7906100
2025-09-16 01:50:00,4.633999824523926,4.635000228881836,4.629000186920166,4.629000186920166,4.629000186920166,11631800
2025-09-16 01:52:00,4.629000186920166,4.63100004196167,4.625999927520752,4.627999782562256,4.627999782562256,10204600
2025-09-16 01:54:00,4.629000186920166,4.631999969482422,4.629000186920166,4.629000186920166,4.629000186920166,6467100
2025-09-16 01:56:00,4.629000186920166,4.629000186920166,4.625,4.625,4.625,6719900
2025-09-16 01:58:00,4.624000072479248,4.625999927520752,4.624000072479248,4.625999927520752,4.625999927520752,5961200
2025-09-16 02:00:00,4.625999927520752,4.626999855041504,4.623000144958496,4.625,4.625,9945250
2025-09-16 02:02:00,4.626999855041504,4.630000114440918,4.626999855041504,4.627999782562256,4.627999782562256,8974800
2025-09-16 02:04:00,4.627999782562256,4.627999782562256,4.625,4.626999855041504,4.626999855041504,4132600
2025-09-16 02:06:00,4.625999927520752,4.629000186920166,4.623000144958496,4.625,4.625,4900900
2025-09-16 02:08:00,4.625,4.625999927520752,4.624000072479248,4.625999927520752,4.625999927520752,4557100
2025-09-16 02:10:00,4.625,4.626999855041504,4.625,4.625,4.625,3883200
2025-09-16 02:12:00,4.625999927520752,4.625999927520752,4.61899995803833,4.622000217437744,4.622000217437744,13149900
2025-09-16 02:14:00,4.622000217437744,4.623000144958496,4.620999813079834,4.622000217437744,4.622000217437744,5198626
2025-09-16 02:16:00,4.622000217437744,4.622000217437744,4.617000102996826,4.61899995803833,4.61899995803833,9955600
2025-09-16 02:18:00,4.61899995803833,4.622000217437744,4.618000030517578,4.619999885559082,4.619999885559082,6148800
2025-09-16 02:20:00,4.619999885559082,4.619999885559082,4.616000175476074,4.616000175476074,4.616000175476074,4642300
2025-09-16 02:22:00,4.617000102996826,4.618000030517578,4.614999771118164,4.617000102996826,4.617000102996826,11563100
2025-09-16 02:24:00,4.61899995803833,4.619999885559082,4.617000102996826,4.618000030517578,4.618000030517578,6163100
2025-09-16 02:26:00,4.618000030517578,4.618000030517578,4.61299991607666,4.614999771118164,4.614999771118164,9186800
2025-09-16 02:28:00,4.614999771118164,4.618000030517578,4.61299991607666,4.618000030517578,4.618000030517578,3900100
2025-09-16 02:30:00,4.618000030517578,4.618000030517578,4.611999988555908,4.611999988555908,4.611999988555908,8741700
2025-09-16 02:34:00,4.60699987411499,4.60699987411499,4.603000164031982,4.603000164031982,4.603000164031982,27456500
2025-09-16 02:36:00,4.6020002365112305,4.605000019073486,4.599999904632568,4.599999904632568,4.599999904632568,15747000
2025-09-16 02:38:00,4.599999904632568,4.599999904632568,4.5920000076293945,4.59499979019165,4.59499979019165,22703400
2025-09-16 02:40:00,4.59499979019165,4.60099983215332,4.593999862670898,4.5980000495910645,4.5980000495910645,14471600
2025-09-16 02:42:00,4.5970001220703125,4.60099983215332,4.593999862670898,4.593999862670898,4.593999862670898,9567400
2025-09-16 02:44:00,4.59499979019165,4.5960001945495605,4.5929999351501465,4.59499979019165,4.59499979019165,9703800
2025-09-16 02:46:00,4.59499979019165,4.604000091552734,4.593999862670898,4.603000164031982,4.603000164031982,6061200
2025-09-16 02:48:00,4.603000164031982,4.60699987411499,4.603000164031982,4.605999946594238,4.605999946594238,7306700
2025-09-16 02:50:00,4.605000019073486,4.605999946594238,4.604000091552734,4.605999946594238,4.605999946594238,5398142
2025-09-16 02:52:00,4.604000091552734,4.604000091552734,4.5970001220703125,4.5980000495910645,4.5980000495910645,11576700
2025-09-16 02:54:00,4.5970001220703125,4.599999904632568,4.5929999351501465,4.5929999351501465,4.5929999351501465,5607300
2025-09-16 02:56:00,4.593999862670898,4.593999862670898,4.591000080108643,4.591000080108643,4.591000080108643,9519900
2025-09-16 02:58:00,4.5920000076293945,4.59499979019165,4.5920000076293945,4.59499979019165,4.59499979019165,7205778
2025-09-16 03:00:00,4.5929999351501465,4.59499979019165,4.5929999351501465,4.5929999351501465,4.5929999351501465,4207400
2025-09-16 03:02:00,4.5929999351501465,4.599999904632568,4.5929999351501465,4.598999977111816,4.598999977111816,4066500
2025-09-16 03:04:00,4.598999977111816,4.599999904632568,4.5960001945495605,4.598999977111816,4.598999977111816,1812400
2025-09-16 03:06:00,4.598999977111816,4.60099983215332,4.598999977111816,4.599999904632568,4.599999904632568,5631400
2025-09-16 03:08:00,4.60099983215332,4.603000164031982,4.60099983215332,4.6020002365112305,4.6020002365112305,2259100
2025-09-16 03:10:00,4.6020002365112305,4.604000091552734,4.60099983215332,4.6020002365112305,4.6020002365112305,2488500
2025-09-16 03:12:00,4.603000164031982,4.604000091552734,4.599999904632568,4.604000091552734,4.604000091552734,4260600
2025-09-16 03:14:00,4.604000091552734,4.604000091552734,4.6020002365112305,4.6020002365112305,4.6020002365112305,3245100
2025-09-16 03:16:00,4.60099983215332,4.603000164031982,4.5970001220703125,4.603000164031982,4.603000164031982,3942100
2025-09-16 03:18:00,4.6020002365112305,4.607999801635742,4.60099983215332,4.607999801635742,4.607999801635742,5379400
2025-09-16 03:20:00,4.60699987411499,4.611000061035156,4.605000019073486,4.611000061035156,4.611000061035156,4284100
2025-09-16 03:22:00,4.611000061035156,4.614999771118164,4.610000133514404,4.614999771118164,4.614999771118164,6307100
2025-09-16 03:24:00,4.614999771118164,4.616000175476074,4.61299991607666,4.616000175476074,4.616000175476074,5327300
2025-09-16 03:26:00,4.617000102996826,4.617000102996826,4.61299991607666,4.61299991607666,4.61299991607666,4901400
2025-09-16 03:28:00,4.61299991607666,4.61299991607666,4.610000133514404,4.61299991607666,4.61299991607666,3485797
2025-09-16 03:30:00,4.611000061035156,4.611000061035156,4.611000061035156,4.611000061035156,4.611000061035156,0
2025-09-16 05:14:00,4.620999813079834,4.620999813079834,4.619999885559082,4.619999885559082,4.619999885559082,524988819
2025-09-16 05:16:00,4.620999813079834,4.620999813079834,4.616000175476074,4.617000102996826,4.617000102996826,5199700
2025-09-16 05:18:00,4.617000102996826,4.617000102996826,4.614999771118164,4.614999771118164,4.614999771118164,3377800
2025-09-16 05:20:00,4.613999843597412,4.616000175476074,4.61299991607666,4.61299991607666,4.61299991607666,3407100
2025-09-16 05:22:00,4.613999843597412,4.613999843597412,4.609000205993652,4.611999988555908,4.611999988555908,4447300
2025-09-16 05:24:00,4.611000061035156,4.61299991607666,4.611000061035156,4.611000061035156,4.611000061035156,3334600
2025-09-16 05:26:00,4.611000061035156,4.61299991607666,4.610000133514404,4.611999988555908,4.611999988555908,7074900
2025-09-16 05:28:00,4.610000133514404,4.610000133514404,4.60699987411499,4.607999801635742,4.607999801635742,2722500
2025-09-16 05:30:00,4.607999801635742,4.607999801635742,4.604000091552734,4.604000091552734,4.604000091552734,4191500
2025-09-16 05:32:00,4.604000091552734,4.605999946594238,4.603000164031982,4.605000019073486,4.605000019073486,3909000
2025-09-16 05:34:00,4.605000019073486,4.610000133514404,4.605000019073486,4.60699987411499,4.60699987411499,5414600
2025-09-16 05:36:00,4.60699987411499,4.609000205993652,4.605999946594238,4.609000205993652,4.609000205993652,3428400
2025-09-16 05:38:00,4.609000205993652,4.610000133514404,4.607999801635742,4.610000133514404,4.610000133514404,1785400
2025-09-16 05:40:00,4.609000205993652,4.611000061035156,4.605000019073486,4.607999801635742,4.607999801635742,4286400
2025-09-16 05:42:00,4.609000205993652,4.610000133514404,4.60699987411499,4.607999801635742,4.607999801635742,2138200
2025-09-16 05:44:00,4.611000061035156,4.613999843597412,4.609000205993652,4.613999843597412,4.613999843597412,769600
2025-09-16 05:46:00,4.611999988555908,4.614999771118164,4.611999988555908,4.614999771118164,4.614999771118164,5290100
2025-09-16 05:50:00,4.613999843597412,4.61899995803833,4.613999843597412,4.618000030517578,4.618000030517578,8047000
2025-09-16 05:52:00,4.618000030517578,4.619999885559082,4.617000102996826,4.617000102996826,4.617000102996826,7714400
2025-09-16 05:54:00,4.61899995803833,4.61899995803833,4.616000175476074,4.617000102996826,4.617000102996826,2979700
2025-09-16 05:56:00,4.617000102996826,4.622000217437744,4.616000175476074,4.622000217437744,4.622000217437744,2590300
2025-09-16 05:58:00,4.620999813079834,4.629000186920166,4.619999885559082,4.629000186920166,4.629000186920166,4830300
2025-09-16 06:00:00,4.629000186920166,4.631999969482422,4.625,4.625,4.625,9177400
2025-09-16 06:02:00,4.625,4.630000114440918,4.625,4.626999855041504,4.626999855041504,4158900
2025-09-16 06:04:00,4.626999855041504,4.632999897003174,4.626999855041504,4.631999969482422,4.631999969482422,7186100
2025-09-16 06:10:00,4.61899995803833,4.61899995803833,4.618000030517578,4.61899995803833,4.61899995803833,17271100
2025-09-16 06:12:00,4.617000102996826,4.620999813079834,4.614999771118164,4.620999813079834,4.620999813079834,5423600
2025-09-16 06:14:00,4.620999813079834,4.624000072479248,4.61899995803833,4.624000072479248,4.624000072479248,2901600
2025-09-16 06:16:00,4.624000072479248,4.626999855041504,4.623000144958496,4.625,4.625,2559600
2025-09-16 06:18:00,4.625,4.625,4.622000217437744,4.623000144958496,4.623000144958496,1825800
2025-09-16 06:20:00,4.622000217437744,4.623000144958496,4.61899995803833,4.619999885559082,4.619999885559082,3119600
2025-09-16 06:22:00,4.619999885559082,4.619999885559082,4.617000102996826,4.617000102996826,4.617000102996826,3789900
2025-09-16 06:24:00,4.618000030517578,4.618000030517578,4.616000175476074,4.617000102996826,4.617000102996826,3639100
2025-09-16 06:26:00,4.618000030517578,4.618000030517578,4.613999843597412,4.617000102996826,4.617000102996826,6873300
2025-09-16 06:28:00,4.617000102996826,4.617000102996826,4.610000133514404,4.611000061035156,4.611000061035156,8369200
2025-09-16 06:30:00,4.611000061035156,4.611999988555908,4.609000205993652,4.611999988555908,4.611999988555908,5449100
2025-09-16 06:32:00,4.61299991607666,4.616000175476074,4.611999988555908,4.613999843597412,4.613999843597412,5338300
2025-09-16 06:34:00,4.613999843597412,4.613999843597412,4.610000133514404,4.61299991607666,4.61299991607666,6644700
2025-09-16 06:36:00,4.613999843597412,4.617000102996826,4.61299991607666,4.617000102996826,4.617000102996826,2347600
2025-09-16 06:38:00,4.616000175476074,4.617000102996826,4.616000175476074,4.617000102996826,4.617000102996826,2594700
2025-09-16 06:40:00,4.617000102996826,4.618000030517578,4.614999771118164,4.614999771118164,4.614999771118164,4674900
2025-09-16 06:42:00,4.618000030517578,4.618000030517578,4.614999771118164,4.616000175476074,4.616000175476074,4360300
2025-09-16 06:44:00,4.616000175476074,4.617000102996826,4.613999843597412,4.617000102996826,4.617000102996826,13729700
2025-09-16 06:46:00,4.616000175476074,4.618000030517578,4.616000175476074,4.618000030517578,4.618000030517578,6533900
2025-09-16 06:48:00,4.618000030517578,4.618000030517578,4.616000175476074,4.618000030517578,4.618000030517578,5168142
2025-09-16 06:50:00,4.617000102996826,4.617000102996826,4.613999843597412,4.614999771118164,4.614999771118164,6261700
2025-09-16 06:52:00,4.613999843597412,4.614999771118164,4.613999843597412,4.613999843597412,4.613999843597412,6668400
2025-09-16 06:54:00,4.614999771118164,4.617000102996826,4.61299991607666,4.617000102996826,4.617000102996826,21049500
2025-09-16 06:56:00,4.617000102996826,4.61899995803833,4.617000102996826,4.61899995803833,4.61899995803833,4362000
2025-09-16 06:58:00,4.61899995803833,4.620999813079834,4.61899995803833,4.620999813079834,4.620999813079834,4619300
2025-09-17 01:30:00,4.613999843597412,4.617000102996826,4.610000133514404,4.613999843597412,4.613999843597412,27783300
2025-09-17 01:32:00,4.61299991607666,4.61899995803833,4.61299991607666,4.618000030517578,4.618000030517578,5804200
2025-09-17 01:34:00,4.618000030517578,4.61899995803833,4.611999988555908,4.613999843597412,4.613999843597412,6294500
2025-09-17 01:36:00,4.614999771118164,4.622000217437744,4.614999771118164,4.61899995803833,4.61899995803833,6896684
2025-09-17 01:38:00,4.61899995803833,4.61899995803833,4.614999771118164,4.614999771118164,4.614999771118164,5604600
2025-09-17 01:40:00,4.61299991607666,4.618000030517578,4.61299991607666,4.618000030517578,4.618000030517578,4456300
2025-09-17 01:42:00,4.61899995803833,4.61899995803833,4.614999771118164,4.616000175476074,4.616000175476074,8399600
2025-09-17 01:44:00,4.616000175476074,4.619999885559082,4.616000175476074,4.618000030517578,4.618000030517578,5220500
2025-09-17 01:46:00,4.61899995803833,4.620999813079834,4.617000102996826,4.61899995803833,4.61899995803833,30540900
2025-09-17 01:48:00,4.620999813079834,4.620999813079834,4.617000102996826,4.620999813079834,4.620999813079834,6323350
2025-09-17 01:50:00,4.623000144958496,4.627999782562256,4.623000144958496,4.625,4.625,8551300
2025-09-17 01:52:00,4.625999927520752,4.629000186920166,4.625,4.627999782562256,4.627999782562256,8470300
2025-09-17 01:54:00,4.629000186920166,4.630000114440918,4.626999855041504,4.627999782562256,4.627999782562256,5856600
2025-09-17 01:56:00,4.627999782562256,4.629000186920166,4.622000217437744,4.622000217437744,4.622000217437744,4727800
2025-09-17 01:58:00,4.622000217437744,4.624000072479248,4.61899995803833,4.619999885559082,4.619999885559082,4395400
2025-09-17 02:00:00,4.61899995803833,4.622000217437744,4.61899995803833,4.619999885559082,4.619999885559082,7387500
2025-09-17 02:02:00,4.619999885559082,4.619999885559082,4.617000102996826,4.61899995803833,4.61899995803833,4101700
2025-09-17 02:04:00,4.61899995803833,4.622000217437744,4.617000102996826,4.618000030517578,4.618000030517578,3770300
2025-09-17 02:06:00,4.61899995803833,4.619999885559082,4.611000061035156,4.611000061035156,4.611000061035156,8165300
2025-09-17 02:08:00,4.611000061035156,4.613999843597412,4.607999801635742,4.607999801635742,4.607999801635742,10192900
2025-09-17 02:10:00,4.607999801635742,4.609000205993652,4.605999946594238,4.609000205993652,4.609000205993652,8953100
2025-09-17 02:12:00,4.609000205993652,4.609000205993652,4.605999946594238,4.609000205993652,4.609000205993652,6299600
2025-09-17 02:14:00,4.609000205993652,4.613999843597412,4.609000205993652,4.613999843597412,4.613999843597412,3601500
2025-09-17 02:16:00,4.613999843597412,4.61899995803833,4.613999843597412,4.617000102996826,4.617000102996826,4516900
2025-09-17 02:18:00,4.617000102996826,4.618000030517578,4.614999771118164,4.618000030517578,4.618000030517578,1861800
2025-09-17 02:20:00,4.61899995803833,4.61899995803833,4.611999988555908,4.611999988555908,4.611999988555908,2809200
2025-09-17 02:22:00,4.61299991607666,4.61299991607666,4.607999801635742,4.610000133514404,4.610000133514404,7619200
2025-09-17 02:24:00,4.611000061035156,4.61299991607666,4.605000019073486,4.605999946594238,4.605999946594238,9004000
2025-09-17 02:26:00,4.605000019073486,4.605000019073486,4.599999904632568,4.60099983215332,4.60099983215332,12437700
2025-09-17 02:28:00,4.6020002365112305,4.605000019073486,4.599999904632568,4.599999904632568,4.599999904632568,6600200
2025-09-17 02:30:00,4.60099983215332,4.605000019073486,4.599999904632568,4.605000019073486,4.605000019073486,4515500
2025-09-17 02:32:00,4.605999946594238,4.609000205993652,4.605000019073486,4.607999801635742,4.607999801635742,1527900
2025-09-17 02:34:00,4.60699987411499,4.609000205993652,4.605999946594238,4.609000205993652,4.609000205993652,1940100
2025-09-17 02:36:00,4.607999801635742,4.613999843597412,4.607999801635742,4.613999843597412,4.613999843597412,3578000
2025-09-17 02:38:00,4.613999843597412,4.61899995803833,4.613999843597412,4.61899995803833,4.61899995803833,8483800
2025-09-17 02:40:00,4.618000030517578,4.61899995803833,4.617000102996826,4.61899995803833,4.61899995803833,4223700
2025-09-17 02:42:00,4.619999885559082,4.623000144958496,4.617000102996826,4.618000030517578,4.618000030517578,6913400
2025-09-17 02:44:00,4.61899995803833,4.624000072479248,4.618000030517578,4.623000144958496,4.623000144958496,5409900
2025-09-17 02:46:00,4.623000144958496,4.630000114440918,4.623000144958496,4.630000114440918,4.630000114440918,9194100
2025-09-17 02:48:00,4.629000186920166,4.633999824523926,4.626999855041504,4.633999824523926,4.633999824523926,12421500
2025-09-17 02:50:00,4.632999897003174,4.63700008392334,4.632999897003174,4.636000156402588,4.636000156402588,11241000
2025-09-17 02:52:00,4.63700008392334,4.63700008392334,4.631999969482422,4.636000156402588,4.636000156402588,6332800
2025-09-17 02:54:00,4.63700008392334,4.639999866485596,4.63700008392334,4.638999938964844,4.638999938964844,8930800
2025-09-17 02:56:00,4.638999938964844,4.642000198364258,4.63700008392334,4.642000198364258,4.642000198364258,9448900
2025-09-17 02:58:00,4.640999794006348,4.644999980926514,4.639999866485596,4.644999980926514,4.644999980926514,11608600
2025-09-17 03:00:00,4.645999908447266,4.6479997634887695,4.64300012588501,4.64300012588501,4.64300012588501,6811900
2025-09-17 03:02:00,4.64300012588501,4.644000053405762,4.638999938964844,4.64300012588501,4.64300012588501,5589600
2025-09-17 03:04:00,4.644000053405762,4.6519999504089355,4.644000053405762,4.6519999504089355,4.6519999504089355,15239700
2025-09-17 03:06:00,4.651000022888184,4.6519999504089355,4.64900016784668,4.64900016784668,4.64900016784668,11224100
2025-09-17 03:08:00,4.64900016784668,4.64900016784668,4.64300012588501,4.644000053405762,4.644000053405762,3299800
2025-09-17 03:10:00,4.644000053405762,4.6479997634887695,4.64300012588501,4.64300012588501,4.64300012588501,2946600
2025-09-17 03:12:00,4.642000198364258,4.642000198364258,4.638000011444092,4.639999866485596,4.639999866485596,3464700
2025-09-17 03:14:00,4.640999794006348,4.645999908447266,4.639999866485596,4.642000198364258,4.642000198364258,2883000
2025-09-17 03:16:00,4.642000198364258,4.645999908447266,4.640999794006348,4.645999908447266,4.645999908447266,5514900
2025-09-17 03:18:00,4.64900016784668,4.6519999504089355,4.6479997634887695,4.651000022888184,4.651000022888184,4321900
2025-09-17 03:20:00,4.650000095367432,4.656000137329102,4.650000095367432,4.6539998054504395,4.6539998054504395,9178400
2025-09-17 03:22:00,4.656000137329102,4.658999919891357,4.6539998054504395,4.656000137329102,4.656000137329102,9430200
2025-09-17 03:24:00,4.65500020980835,4.656000137329102,4.64900016784668,4.64900016784668,4.64900016784668,8285300
2025-09-17 03:26:00,4.64900016784668,4.6519999504089355,4.646999835968018,4.651000022888184,4.651000022888184,3717300
2025-09-17 03:28:00,4.6519999504089355,4.6529998779296875,4.650000095367432,4.650000095367432,4.650000095367432,3251300
2025-09-17 03:30:00,4.650000095367432,4.650000095367432,4.650000095367432,4.650000095367432,4.650000095367432,7900
2025-09-17 05:00:00,4.650000095367432,4.6519999504089355,4.645999908447266,4.646999835968018,4.646999835968018,5720700
2025-09-17 05:02:00,4.645999908447266,4.6479997634887695,4.642000198364258,4.646999835968018,4.646999835968018,3642400
2025-09-17 05:04:00,4.6479997634887695,4.64900016784668,4.646999835968018,4.64900016784668,4.64900016784668,2250100
2025-09-17 05:06:00,4.64900016784668,4.64900016784668,4.64300012588501,4.64300012588501,4.64300012588501,3861800
2025-09-17 05:08:00,4.642000198364258,4.644000053405762,4.640999794006348,4.64300012588501,4.64300012588501,4092505
2025-09-17 05:10:00,4.64300012588501,4.645999908447266,4.640999794006348,4.644000053405762,4.644000053405762,4800800
2025-09-17 05:12:00,4.644000053405762,4.645999908447266,4.64300012588501,4.644999980926514,4.644999980926514,5809542
2025-09-17 05:14:00,4.645999908447266,4.646999835968018,4.644000053405762,4.646999835968018,4.646999835968018,3699200
2025-09-17 05:16:00,4.646999835968018,4.646999835968018,4.64300012588501,4.644999980926514,4.644999980926514,5230400
2025-09-17 05:18:00,4.644999980926514,4.650000095367432,4.644000053405762,4.6479997634887695,4.6479997634887695,5774300
2025-09-17 05:20:00,4.64900016784668,4.6529998779296875,4.64900016784668,4.6529998779296875,4.6529998779296875,3182301
2025-09-17 05:22:00,4.65500020980835,4.656000137329102,4.650000095367432,4.650000095367432,4.650000095367432,7491300
2025-09-17 05:24:00,4.650000095367432,4.6519999504089355,4.6479997634887695,4.6479997634887695,4.6479997634887695,3860200
2025-09-17 05:26:00,4.6479997634887695,4.650000095367432,4.644999980926514,4.644999980926514,4.644999980926514,3134600
2025-09-17 05:28:00,4.645999908447266,4.645999908447266,4.638000011444092,4.638999938964844,4.638999938964844,4787900
2025-09-17 05:30:00,4.638000011444092,4.642000198364258,4.638000011444092,4.638999938964844,4.638999938964844,5640500
2025-09-17 05:32:00,4.638000011444092,4.639999866485596,4.63700008392334,4.638000011444092,4.638000011444092,4542800
2025-09-17 05:34:00,4.638999938964844,4.644000053405762,4.638000011444092,4.644000053405762,4.644000053405762,1578900
2025-09-17 05:36:00,4.644000053405762,4.645999908447266,4.64300012588501,4.64300012588501,4.64300012588501,3397600
2025-09-17 05:38:00,4.64300012588501,4.644999980926514,4.64300012588501,4.644999980926514,4.644999980926514,2563300
2025-09-17 05:40:00,4.644999980926514,4.6479997634887695,4.644000053405762,4.645999908447266,4.645999908447266,2774100
2025-09-17 05:42:00,4.644999980926514,4.645999908447266,4.644000053405762,4.644999980926514,4.644999980926514,2109000
2025-09-17 05:44:00,4.645999908447266,4.650000095367432,4.644999980926514,4.650000095367432,4.650000095367432,2358600
2025-09-17 05:46:00,4.650000095367432,4.651000022888184,4.64900016784668,4.64900016784668,4.64900016784668,3874600
2025-09-17 05:48:00,4.64900016784668,4.650000095367432,4.64900016784668,4.64900016784668,4.64900016784668,2661100
2025-09-17 05:50:00,4.64900016784668,4.64900016784668,4.644000053405762,4.6479997634887695,4.6479997634887695,3161400
2025-09-17 05:52:00,4.64900016784668,4.6529998779296875,4.6479997634887695,4.6519999504089355,4.6519999504089355,7508100
2025-09-17 05:54:00,4.651000022888184,4.6519999504089355,4.650000095367432,4.651000022888184,4.651000022888184,5690900
2025-09-17 05:56:00,4.651000022888184,4.6539998054504395,4.650000095367432,4.6519999504089355,4.6519999504089355,7689400
2025-09-17 05:58:00,4.6519999504089355,4.65500020980835,4.6519999504089355,4.65500020980835,4.65500020980835,7252800
2025-09-17 06:00:00,4.6539998054504395,4.65500020980835,4.650000095367432,4.6529998779296875,4.6529998779296875,12267400
2025-09-17 06:02:00,4.6529998779296875,4.6539998054504395,4.650000095367432,4.6539998054504395,4.6539998054504395,4073000
2025-09-17 06:04:00,4.6539998054504395,4.6539998054504395,4.651000022888184,4.651000022888184,4.651000022888184,4330800
2025-09-17 06:06:00,4.6519999504089355,4.6529998779296875,4.650000095367432,4.650000095367432,4.650000095367432,4732200
2025-09-17 06:08:00,4.64900016784668,4.651000022888184,4.6479997634887695,4.651000022888184,4.651000022888184,2256800
2025-09-17 06:10:00,4.651000022888184,4.6529998779296875,4.64900016784668,4.651000022888184,4.651000022888184,3677500
2025-09-17 06:12:00,4.651000022888184,4.651000022888184,4.6479997634887695,4.650000095367432,4.650000095367432,2702800
2025-09-17 06:14:00,4.650000095367432,4.6539998054504395,4.64900016784668,4.6539998054504395,4.6539998054504395,4447800
2025-09-17 06:16:00,4.6529998779296875,4.6529998779296875,4.64900016784668,4.64900016784668,4.64900016784668,3084300
2025-09-17 06:18:00,4.64900016784668,4.651000022888184,4.64900016784668,4.64900016784668,4.64900016784668,4303600
2025-09-17 06:20:00,4.6479997634887695,4.6519999504089355,4.6479997634887695,4.650000095367432,4.650000095367432,2685500
2025-09-17 06:22:00,4.650000095367432,4.651000022888184,4.6479997634887695,4.651000022888184,4.651000022888184,5072400
2025-09-17 06:24:00,4.651000022888184,4.65500020980835,4.651000022888184,4.65500020980835,4.65500020980835,13579800
2025-09-17 06:26:00,4.65500020980835,4.65500020980835,4.6519999504089355,4.6519999504089355,4.6519999504089355,5966700
2025-09-17 06:28:00,4.650000095367432,4.651000022888184,4.64300012588501,4.646999835968018,4.646999835968018,7177700
2025-09-17 06:30:00,4.646999835968018,4.646999835968018,4.642000198364258,4.644999980926514,4.644999980926514,7034300
2025-09-17 06:32:00,4.644999980926514,4.644999980926514,4.642000198364258,4.642000198364258,4.642000198364258,5708400
2025-09-17 06:34:00,4.64300012588501,4.645999908447266,4.640999794006348,4.644000053405762,4.644000053405762,4182500
2025-09-17 06:36:00,4.64300012588501,4.644999980926514,4.640999794006348,4.642000198364258,4.642000198364258,3824800
2025-09-17 06:38:00,4.642000198364258,4.644999980926514,4.640999794006348,4.640999794006348,4.640999794006348,4100700
2025-09-17 06:40:00,4.640999794006348,4.64300012588501,4.639999866485596,4.64300012588501,4.64300012588501,2880500
2025-09-17 06:42:00,4.64300012588501,4.646999835968018,4.64300012588501,4.644999980926514,4.644999980926514,2753000
2025-09-17 06:44:00,4.646999835968018,4.646999835968018,4.644000053405762,4.644999980926514,4.644999980926514,2938100
2025-09-17 06:46:00,4.645999908447266,4.6479997634887695,4.644999980926514,4.645999908447266,4.645999908447266,3387200
2025-09-17 06:48:00,4.646999835968018,4.6479997634887695,4.645999908447266,4.646999835968018,4.646999835968018,2547400
2025-09-17 06:50:00,4.6479997634887695,4.6479997634887695,4.645999908447266,4.6479997634887695,4.6479997634887695,3539400
2025-09-17 06:52:00,4.64900016784668,4.6519999504089355,4.6479997634887695,4.6519999504089355,4.6519999504089355,5675900
2025-09-17 06:54:00,4.651000022888184,4.6519999504089355,4.650000095367432,4.651000022888184,4.651000022888184,5517700
2025-09-17 06:56:00,4.6519999504089355,4.6529998779296875,4.651000022888184,4.6519999504089355,4.6519999504089355,6764700
2025-09-17 06:58:00,4.6519999504089355,4.6539998054504395,4.6519999504089355,4.6539998054504395,4.6539998054504395,6453400
2025-09-18 01:30:00,4.64900016784668,4.64900016784668,4.632999897003174,4.63700008392334,4.63700008392334,8241200
2025-09-18 01:32:00,4.635000228881836,4.650000095367432,4.635000228881836,4.650000095367432,4.650000095367432,13627600
2025-09-18 01:34:00,4.650000095367432,4.650000095367432,4.640999794006348,4.64300012588501,4.64300012588501,15336300
2025-09-18 01:36:00,4.64300012588501,4.645999908447266,4.636000156402588,4.63700008392334,4.63700008392334,11732050
2025-09-18 01:38:00,4.63700008392334,4.638000011444092,4.632999897003174,4.635000228881836,4.635000228881836,8825700
2025-09-18 01:40:00,4.635000228881836,4.640999794006348,4.635000228881836,4.638999938964844,4.638999938964844,7946900
2025-09-18 01:42:00,4.638999938964844,4.639999866485596,4.633999824523926,4.638000011444092,4.638000011444092,8235800
2025-09-18 01:44:00,4.63700008392334,4.638000011444092,4.63100004196167,4.631999969482422,4.631999969482422,8720200
2025-09-18 01:46:00,4.631999969482422,4.63700008392334,4.626999855041504,4.626999855041504,4.626999855041504,10483400
2025-09-18 01:48:00,4.626999855041504,4.633999824523926,4.626999855041504,4.630000114440918,4.630000114440918,22992800
2025-09-18 01:50:00,4.629000186920166,4.633999824523926,4.625999927520752,4.632999897003174,4.632999897003174,13715400
2025-09-18 01:52:00,4.633999824523926,4.633999824523926,4.630000114440918,4.63100004196167,4.63100004196167,5742157
2025-09-18 01:54:00,4.63100004196167,4.635000228881836,4.63100004196167,4.635000228881836,4.635000228881836,6065300
2025-09-18 01:56:00,4.635000228881836,4.639999866485596,4.631999969482422,4.638999938964844,4.638999938964844,4858200
2025-09-18 01:58:00,4.639999866485596,4.644000053405762,4.638999938964844,4.644000053405762,4.644000053405762,5644800
2025-09-18 02:00:00,4.644999980926514,4.646999835968018,4.64300012588501,4.644999980926514,4.644999980926514,8905200
2025-09-18 02:02:00,4.644999980926514,4.646999835968018,4.64300012588501,4.646999835968018,4.646999835968018,6389700
2025-09-18 02:04:00,4.6479997634887695,4.6529998779296875,4.646999835968018,4.651000022888184,4.651000022888184,7292300
2025-09-18 02:06:00,4.6529998779296875,4.6570000648498535,4.651000022888184,4.656000137329102,4.656000137329102,10894400
2025-09-18 02:08:00,4.656000137329102,4.6579999923706055,4.6539998054504395,4.6539998054504395,4.6539998054504395,10410500
2025-09-18 02:10:00,4.6529998779296875,4.6570000648498535,4.6529998779296875,4.656000137329102,4.656000137329102,8932400
2025-09-18 02:12:00,4.6570000648498535,4.664000034332275,4.656000137329102,4.664000034332275,4.664000034332275,15041200
2025-09-18 02:14:00,4.664999961853027,4.671000003814697,4.664000034332275,4.671000003814697,4.671000003814697,25067200
2025-09-18 02:16:00,4.671999931335449,4.671999931335449,4.669000148773193,4.670000076293945,4.670000076293945,20845000
2025-09-18 02:18:00,4.671000003814697,4.671999931335449,4.664999961853027,4.665999889373779,4.665999889373779,20277100
2025-09-18 02:20:00,4.665999889373779,4.670000076293945,4.665999889373779,4.670000076293945,4.670000076293945,6416000
2025-09-18 02:22:00,4.669000148773193,4.670000076293945,4.668000221252441,4.670000076293945,4.670000076293945,6372900
2025-09-18 02:24:00,4.669000148773193,4.676000118255615,4.668000221252441,4.675000190734863,4.675000190734863,11199900
2025-09-18 02:26:00,4.675000190734863,4.675000190734863,4.664999961853027,4.665999889373779,4.665999889373779,11125700
2025-09-18 02:28:00,4.665999889373779,4.671999931335449,4.663000106811523,4.670000076293945,4.670000076293945,5295400
2025-09-18 02:30:00,4.670000076293945,4.670000076293945,4.6620001792907715,4.664000034332275,4.664000034332275,5153300
2025-09-18 02:32:00,4.663000106811523,4.663000106811523,4.65500020980835,4.65500020980835,4.65500020980835,6492800
2025-09-18 02:34:00,4.656000137329102,4.6570000648498535,4.651000022888184,4.6529998779296875,4.6529998779296875,5463800
2025-09-18 02:36:00,4.6519999504089355,4.6539998054504395,4.645999908447266,4.646999835968018,4.646999835968018,8286200
2025-09-18 02:38:00,4.646999835968018,4.650000095367432,4.645999908447266,4.646999835968018,4.646999835968018,9418800
2025-09-18 02:40:00,4.646999835968018,4.6529998779296875,4.646999835968018,4.6519999504089355,4.6519999504089355,2997863
2025-09-18 02:42:00,4.6519999504089355,4.6579999923706055,4.6519999504089355,4.6570000648498535,4.6570000648498535,3095500
2025-09-18 02:44:00,4.656000137329102,4.6579999923706055,4.6519999504089355,4.65500020980835,4.65500020980835,4850200
2025-09-18 02:46:00,4.65500020980835,4.656000137329102,4.6539998054504395,4.65500020980835,4.65500020980835,1962000
2025-09-18 02:48:00,4.6539998054504395,4.656000137329102,4.6519999504089355,4.6529998779296875,4.6529998779296875,1669000
2025-09-18 02:50:00,4.6519999504089355,4.658999919891357,4.6519999504089355,4.6579999923706055,4.6579999923706055,3325400
2025-09-18 02:52:00,4.6579999923706055,4.664000034332275,4.6579999923706055,4.664000034332275,4.664000034332275,3704445
2025-09-18 02:54:00,4.664999961853027,4.664999961853027,4.663000106811523,4.663000106811523,4.663000106811523,1954600
2025-09-18 02:56:00,4.663000106811523,4.663000106811523,4.6579999923706055,4.6579999923706055,4.6579999923706055,1916400
2025-09-18 02:58:00,4.6579999923706055,4.660999774932861,4.6529998779296875,4.660999774932861,4.660999774932861,3236300
2025-09-18 03:00:00,4.660999774932861,4.660999774932861,4.656000137329102,4.6570000648498535,4.6570000648498535,3999100
2025-09-18 03:02:00,4.658999919891357,4.659999847412109,4.6539998054504395,4.6570000648498535,4.6570000648498535,2525600
2025-09-18 03:04:00,4.6570000648498535,4.6570000648498535,4.6529998779296875,4.656000137329102,4.656000137329102,4816700
2025-09-18 03:06:00,4.6579999923706055,4.660999774932861,4.6529998779296875,4.6539998054504395,4.6539998054504395,2367100
2025-09-18 03:08:00,4.6519999504089355,4.6529998779296875,4.646999835968018,4.646999835968018,4.646999835968018,4247700
2025-09-18 03:10:00,4.646999835968018,4.6479997634887695,4.642000198364258,4.644999980926514,4.644999980926514,4971400
2025-09-18 03:12:00,4.645999908447266,4.6519999504089355,4.645999908447266,4.650000095367432,4.650000095367432,2118800
2025-09-18 03:14:00,4.650000095367432,4.65500020980835,4.64900016784668,4.651000022888184,4.651000022888184,2584800
2025-09-18 03:16:00,4.651000022888184,4.651000022888184,4.6479997634887695,4.64900016784668,4.64900016784668,3820818
2025-09-18 03:18:00,4.64900016784668,4.6539998054504395,4.64900016784668,4.6529998779296875,4.6529998779296875,4758200
2025-09-18 03:20:00,4.6539998054504395,4.6570000648498535,4.6529998779296875,4.6570000648498535,4.6570000648498535,4144500
2025-09-18 03:22:00,4.6579999923706055,4.6620001792907715,4.6570000648498535,4.6620001792907715,4.6620001792907715,2766200
2025-09-18 03:24:00,4.660999774932861,4.664000034332275,4.660999774932861,4.664000034332275,4.664000034332275,3146200
2025-09-18 03:26:00,4.663000106811523,4.664999961853027,4.660999774932861,4.663000106811523,4.663000106811523,3965100
2025-09-18 03:28:00,4.664000034332275,4.666999816894531,4.664000034332275,4.664999961853027,4.664999961853027,3578188
2025-09-18 05:00:00,4.665999889373779,4.665999889373779,4.6620001792907715,4.664000034332275,4.664000034332275,6072400
2025-09-18 05:02:00,4.664000034332275,4.664999961853027,4.660999774932861,4.6620001792907715,4.6620001792907715,4984700
2025-09-18 05:04:00,4.664000034332275,4.664000034332275,4.660999774932861,4.660999774932861,4.660999774932861,3469400
2025-09-18 05:06:00,4.6620001792907715,4.663000106811523,4.658999919891357,4.658999919891357,4.658999919891357,4082000
2025-09-18 05:08:00,4.6579999923706055,4.663000106811523,4.6570000648498535,4.660999774932861,4.660999774932861,2532800
2025-09-18 05:10:00,4.660999774932861,4.660999774932861,4.65500020980835,4.6570000648498535,4.6570000648498535,6030600
2025-09-18 05:12:00,4.6570000648498535,4.6579999923706055,4.6539998054504395,4.656000137329102,4.656000137329102,2271100
2025-09-18 05:14:00,4.6579999923706055,4.6579999923706055,4.6539998054504395,4.656000137329102,4.656000137329102,3669700
2025-09-18 05:16:00,4.65500020980835,4.6579999923706055,4.65500020980835,4.656000137329102,4.656000137329102,2427700
2025-09-18 05:18:00,4.656000137329102,4.6570000648498535,4.651000022888184,4.651000022888184,4.651000022888184,3114300
2025-09-18 05:20:00,4.651000022888184,4.6519999504089355,4.642000198364258,4.64300012588501,4.64300012588501,8451500
2025-09-18 05:22:00,4.644000053405762,4.6479997634887695,4.644000053405762,4.644999980926514,4.644999980926514,4263700
2025-09-18 05:24:00,4.644000053405762,4.644999980926514,4.63700008392334,4.63700008392334,4.63700008392334,10145500
2025-09-18 05:26:00,4.638000011444092,4.638000011444092,4.631999969482422,4.632999897003174,4.632999897003174,11064400
2025-09-18 05:28:00,4.631999969482422,4.635000228881836,4.629000186920166,4.635000228881836,4.635000228881836,11013200
2025-09-18 05:30:00,4.635000228881836,4.644000053405762,4.635000228881836,4.64300012588501,4.64300012588501,11828100
2025-09-18 05:32:00,4.642000198364258,4.64300012588501,4.635000228881836,4.635000228881836,4.635000228881836,8443000
2025-09-18 05:34:00,4.636000156402588,4.642000198364258,4.636000156402588,4.640999794006348,4.640999794006348,2293000
2025-09-18 05:36:00,4.640999794006348,4.6479997634887695,4.640999794006348,4.646999835968018,4.646999835968018,2802200
2025-09-18 05:38:00,4.645999908447266,4.645999908447266,4.638000011444092,4.644000053405762,4.644000053405762,3828800
2025-09-18 05:40:00,4.644000053405762,4.645999908447266,4.64300012588501,4.645999908447266,4.645999908447266,2691800
2025-09-18 05:42:00,4.645999908447266,4.646999835968018,4.644000053405762,4.644999980926514,4.644999980926514,10675800
2025-09-18 05:44:00,4.64300012588501,4.64300012588501,4.632999897003174,4.633999824523926,4.633999824523926,8916400
2025-09-18 05:46:00,4.633999824523926,4.633999824523926,4.629000186920166,4.63100004196167,4.63100004196167,13223100
2025-09-18 05:48:00,4.630000114440918,4.638000011444092,4.630000114440918,4.638000011444092,4.638000011444092,10202300
2025-09-18 05:50:00,4.638000011444092,4.64300012588501,4.63700008392334,4.64300012588501,4.64300012588501,7253700
2025-09-18 05:52:00,4.644000053405762,4.644000053405762,4.635000228881836,4.63700008392334,4.63700008392334,5738000
2025-09-18 05:54:00,4.633999824523926,4.636000156402588,4.627999782562256,4.630000114440918,4.630000114440918,9195700
2025-09-18 05:56:00,4.629000186920166,4.63100004196167,4.620999813079834,4.620999813079834,4.620999813079834,18518900
2025-09-18 05:58:00,4.620999813079834,4.623000144958496,4.617000102996826,4.617000102996826,4.617000102996826,16402200
2025-09-18 06:00:00,4.617000102996826,4.617000102996826,4.611000061035156,4.616000175476074,4.616000175476074,24245600
2025-09-18 06:02:00,4.617000102996826,4.623000144958496,4.616000175476074,4.618000030517578,4.618000030517578,13645500
2025-09-18 06:04:00,4.617000102996826,4.617000102996826,4.605000019073486,4.607999801635742,4.607999801635742,25902900
2025-09-18 06:06:00,4.607999801635742,4.609000205993652,4.59499979019165,4.59499979019165,4.59499979019165,18872400
2025-09-18 06:08:00,4.59499979019165,4.605999946594238,4.59499979019165,4.604000091552734,4.604000091552734,15853700
2025-09-18 06:10:00,4.6020002365112305,4.6020002365112305,4.585000038146973,4.585999965667725,4.585999965667725,31911100
2025-09-18 06:12:00,4.584000110626221,4.590000152587891,4.578999996185303,4.590000152587891,4.590000152587891,35148800
2025-09-18 06:14:00,4.590000152587891,4.5980000495910645,4.585000038146973,4.585000038146973,4.585000038146973,12902300
2025-09-18 06:16:00,4.585999965667725,4.603000164031982,4.585999965667725,4.603000164031982,4.603000164031982,14766800
2025-09-18 06:18:00,4.6020002365112305,4.61299991607666,4.6020002365112305,4.603000164031982,4.603000164031982,16503800
2025-09-18 06:20:00,4.603000164031982,4.603000164031982,4.5929999351501465,4.5929999351501465,4.5929999351501465,28053700
2025-09-18 06:22:00,4.5920000076293945,4.60099983215332,4.5920000076293945,4.5960001945495605,4.5960001945495605,15092600
2025-09-18 06:24:00,4.59499979019165,4.5960001945495605,4.589000225067139,4.589000225067139,4.589000225067139,28692000
2025-09-18 06:26:00,4.589000225067139,4.591000080108643,4.580999851226807,4.581999778747559,4.581999778747559,29698800
2025-09-18 06:28:00,4.580999851226807,4.586999893188477,4.580999851226807,4.583000183105469,4.583000183105469,9842200
2025-09-18 06:30:00,4.581999778747559,4.586999893188477,4.577000141143799,4.586999893188477,4.586999893188477,15031700
2025-09-18 06:32:00,4.586999893188477,4.5929999351501465,4.581999778747559,4.583000183105469,4.583000183105469,8247700
2025-09-18 06:34:00,4.583000183105469,4.585000038146973,4.578999996185303,4.578999996185303,4.578999996185303,13661600
2025-09-18 06:36:00,4.578999996185303,4.578999996185303,4.570000171661377,4.571000099182129,4.571000099182129,17438100
2025-09-18 06:38:00,4.570000171661377,4.572999954223633,4.567999839782715,4.567999839782715,4.567999839782715,16383600
2025-09-18 06:40:00,4.567999839782715,4.567999839782715,4.558000087738037,4.558000087738037,4.558000087738037,16898700
2025-09-18 06:42:00,4.558000087738037,4.565000057220459,4.553999900817871,4.565000057220459,4.565000057220459,13808500
2025-09-18 06:44:00,4.565000057220459,4.577000141143799,4.565000057220459,4.577000141143799,4.577000141143799,15555400
2025-09-18 06:46:00,4.577000141143799,4.577000141143799,4.570000171661377,4.574999809265137,4.574999809265137,14479200
2025-09-18 06:48:00,4.573999881744385,4.589000225067139,4.573999881744385,4.589000225067139,4.589000225067139,15147500
2025-09-18 06:50:00,4.590000152587891,4.593999862670898,4.590000152587891,4.5929999351501465,4.5929999351501465,10586400
2025-09-18 06:52:00,4.5960001945495605,4.5980000495910645,4.593999862670898,4.5980000495910645,4.5980000495910645,10521400
2025-09-18 06:54:00,4.5980000495910645,4.599999904632568,4.5980000495910645,4.5980000495910645,4.5980000495910645,9331889
2025-09-18 06:56:00,4.598999977111816,4.598999977111816,4.59499979019165,4.5960001945495605,4.5960001945495605,6567511
2025-09-18 06:58:00,4.59499979019165,4.59499979019165,4.5929999351501465,4.593999862670898,4.593999862670898,9332589
2025-09-19 01:30:00,4.591000080108643,4.593999862670898,4.5879998207092285,4.589000225067139,4.589000225067139,8089500
2025-09-19 01:32:00,4.590000152587891,4.5970001220703125,4.590000152587891,4.5960001945495605,4.5960001945495605,9067900
2025-09-19 01:34:00,4.5960001945495605,4.60699987411499,4.59499979019165,4.603000164031982,4.603000164031982,21817300
2025-09-19 01:36:00,4.603000164031982,4.605999946594238,4.5960001945495605,4.5970001220703125,4.5970001220703125,13716200
2025-09-19 01:38:00,4.5970001220703125,4.605000019073486,4.5960001945495605,4.6020002365112305,4.6020002365112305,11972100
2025-09-19 01:40:00,4.60099983215332,4.60699987411499,4.599999904632568,4.599999904632568,4.599999904632568,9919700
2025-09-19 01:42:00,4.598999977111816,4.598999977111816,4.5920000076293945,4.5920000076293945,4.5920000076293945,8915700
2025-09-19 01:44:00,4.5920000076293945,4.599999904632568,4.590000152587891,4.598999977111816,4.598999977111816,10460500
2025-09-19 01:46:00,4.598999977111816,4.604000091552734,4.598999977111816,4.6020002365112305,4.6020002365112305,12262900
2025-09-19 01:48:00,4.6020002365112305,4.609000205993652,4.598999977111816,4.604000091552734,4.604000091552734,7720300
2025-09-19 01:50:00,4.60699987411499,4.610000133514404,4.604000091552734,4.604000091552734,4.604000091552734,11498936
2025-09-19 01:52:00,4.604000091552734,4.611000061035156,4.604000091552734,4.610000133514404,4.610000133514404,9633400
2025-09-19 01:54:00,4.610000133514404,4.611999988555908,4.607999801635742,4.609000205993652,4.609000205993652,6348300
2025-09-19 01:56:00,4.609000205993652,4.609000205993652,4.60099983215332,4.603000164031982,4.603000164031982,4525000
2025-09-19 01:58:00,4.603000164031982,4.609000205993652,4.599999904632568,4.60099983215332,4.60099983215332,7945200
2025-09-19 02:00:00,4.60099983215332,4.604000091552734,4.5970001220703125,4.5970001220703125,4.5970001220703125,8599100
2025-09-19 02:02:00,4.5980000495910645,4.60699987411499,4.5980000495910645,4.605000019073486,4.605000019073486,8373200
2025-09-19 02:04:00,4.604000091552734,4.605999946594238,4.60099983215332,4.60099983215332,4.60099983215332,4530900
2025-09-19 02:06:00,4.6020002365112305,4.605999946594238,4.598999977111816,4.599999904632568,4.599999904632568,8656100
2025-09-19 02:08:00,4.599999904632568,4.60099983215332,4.598999977111816,4.598999977111816,4.598999977111816,3439900
2025-09-19 02:10:00,4.598999977111816,4.598999977111816,4.590000152587891,4.5929999351501465,4.5929999351501465,5614600
2025-09-19 02:12:00,4.5929999351501465,4.60099983215332,4.5929999351501465,4.598999977111816,4.598999977111816,3290000
2025-09-19 02:14:00,4.598999977111816,4.603000164031982,4.59499979019165,4.603000164031982,4.603000164031982,4647800
2025-09-19 02:16:00,4.6020002365112305,4.605000019073486,4.6020002365112305,4.605000019073486,4.605000019073486,7929900
2025-09-19 02:18:00,4.605000019073486,4.605000019073486,4.60099983215332,4.603000164031982,4.603000164031982,3864500
2025-09-19 02:20:00,4.603000164031982,4.60699987411499,4.60099983215332,4.60699987411499,4.60699987411499,4354900
2025-09-19 02:22:00,4.605999946594238,4.609000205993652,4.605999946594238,4.609000205993652,4.609000205993652,3816500
2025-09-19 02:24:00,4.609000205993652,4.609000205993652,4.607999801635742,4.607999801635742,4.607999801635742,6840100
2025-09-19 02:26:00,4.607999801635742,4.61299991607666,4.607999801635742,4.611999988555908,4.611999988555908,8887300
2025-09-19 02:28:00,4.611000061035156,4.61299991607666,4.610000133514404,4.610000133514404,4.610000133514404,4718800
2025-09-19 02:30:00,4.610000133514404,4.610000133514404,4.605999946594238,4.60699987411499,4.60699987411499,3331700
2025-09-19 02:32:00,4.60699987411499,4.607999801635742,4.603000164031982,4.604000091552734,4.604000091552734,3434200
2025-09-19 02:34:00,4.604000091552734,4.60699987411499,4.604000091552734,4.605999946594238,4.605999946594238,3015500
2025-09-19 02:36:00,4.605999946594238,4.60699987411499,4.60099983215332,4.6020002365112305,4.6020002365112305,4691000
2025-09-19 02:38:00,4.603000164031982,4.603000164031982,4.599999904632568,4.60099983215332,4.60099983215332,4047100
2025-09-19 02:40:00,4.60099983215332,4.607999801635742,4.60099983215332,4.605999946594238,4.605999946594238,4612700
2025-09-19 02:42:00,4.605999946594238,4.609000205993652,4.605999946594238,4.60699987411499,4.60699987411499,8108953
2025-09-19 02:44:00,4.60699987411499,4.607999801635742,4.605999946594238,4.605999946594238,4.605999946594238,1851600
2025-09-19 02:46:00,4.605999946594238,4.610000133514404,4.605000019073486,4.610000133514404,4.610000133514404,2685567
2025-09-19 02:48:00,4.609000205993652,4.609000205993652,4.60099983215332,4.604000091552734,4.604000091552734,2021500
2025-09-19 02:50:00,4.604000091552734,4.605999946594238,4.6020002365112305,4.604000091552734,4.604000091552734,4602900
2025-09-19 02:52:00,4.603000164031982,4.605000019073486,4.5980000495910645,4.5980000495910645,4.5980000495910645,4606200
2025-09-19 02:54:00,4.5970001220703125,4.598999977111816,4.5960001945495605,4.5970001220703125,4.5970001220703125,4118300
2025-09-19 02:56:00,4.5960001945495605,4.5970001220703125,4.591000080108643,4.591000080108643,4.591000080108643,5261700
2025-09-19 02:58:00,4.591000080108643,4.598999977111816,4.589000225067139,4.598999977111816,4.598999977111816,6806800
2025-09-19 03:00:00,4.5980000495910645,4.598999977111816,4.593999862670898,4.593999862670898,4.593999862670898,3135700
2025-09-19 03:02:00,4.593999862670898,4.5970001220703125,4.5920000076293945,4.5960001945495605,4.5960001945495605,2834900
2025-09-19 03:04:00,4.5929999351501465,4.6020002365112305,4.5920000076293945,4.599999904632568,4.599999904632568,2841000
2025-09-19 03:06:00,4.603000164031982,4.603000164031982,4.598999977111816,4.60099983215332,4.60099983215332,5656300
2025-09-19 03:08:00,4.599999904632568,4.605000019073486,4.598999977111816,4.599999904632568,4.599999904632568,3865100
2025-09-19 03:10:00,4.599999904632568,4.603000164031982,4.598999977111816,4.599999904632568,4.599999904632568,1529300
2025-09-19 03:12:00,4.598999977111816,4.605000019073486,4.5980000495910645,4.605000019073486,4.605000019073486,2846200
2025-09-19 03:14:00,4.605000019073486,4.605999946594238,4.598999977111816,4.599999904632568,4.599999904632568,2583100
2025-09-19 03:16:00,4.604000091552734,4.604000091552734,4.5970001220703125,4.5980000495910645,4.5980000495910645,1912447
2025-09-19 03:18:00,4.599999904632568,4.605000019073486,4.598999977111816,4.60099983215332,4.60099983215332,2582700
2025-09-19 03:20:00,4.6020002365112305,4.6020002365112305,4.598999977111816,4.598999977111816,4.598999977111816,2571700
2025-09-19 03:22:00,4.599999904632568,4.609000205993652,4.598999977111816,4.607999801635742,4.607999801635742,3545500
2025-09-19 03:24:00,4.609000205993652,4.611000061035156,4.60699987411499,4.60699987411499,4.60699987411499,5545200
2025-09-19 03:26:00,4.605999946594238,4.609000205993652,4.604000091552734,4.607999801635742,4.607999801635742,1808700
2025-09-19 03:28:00,4.607999801635742,4.61299991607666,4.607999801635742,4.611999988555908,4.611999988555908,6513500
2025-09-19 03:30:00,4.611999988555908,4.611999988555908,4.611999988555908,4.611999988555908,4.611999988555908,27600
2025-09-19 05:00:00,4.611999988555908,4.616000175476074,4.610000133514404,4.616000175476074,4.616000175476074,11848100
2025-09-19 05:02:00,4.617000102996826,4.625,4.617000102996826,4.625,4.625,14255600
2025-09-19 05:04:00,4.625,4.63100004196167,4.625,4.630000114440918,4.630000114440918,13141200
2025-09-19 05:06:00,4.630000114440918,4.632999897003174,4.626999855041504,4.629000186920166,4.629000186920166,8380000
2025-09-19 05:08:00,4.630000114440918,4.630000114440918,4.620999813079834,4.622000217437744,4.622000217437744,4689800
2025-09-19 05:10:00,4.620999813079834,4.625999927520752,4.619999885559082,4.620999813079834,4.620999813079834,6770200
2025-09-19 05:12:00,4.620999813079834,4.623000144958496,4.61899995803833,4.61899995803833,4.61899995803833,3190500
2025-09-19 05:14:00,4.619999885559082,4.624000072479248,4.619999885559082,4.623000144958496,4.623000144958496,3035900
2025-09-19 05:16:00,4.622000217437744,4.622000217437744,4.61899995803833,4.619999885559082,4.619999885559082,2854800
2025-09-19 05:18:00,4.620999813079834,4.622000217437744,4.611000061035156,4.611000061035156,4.611000061035156,4654900
2025-09-19 05:20:00,4.611999988555908,4.614999771118164,4.610000133514404,4.610000133514404,4.610000133514404,7054000
2025-09-19 05:22:00,4.611000061035156,4.611000061035156,4.605000019073486,4.605000019073486,4.605000019073486,3676300
2025-09-19 05:24:00,4.605999946594238,4.605999946594238,4.599999904632568,4.60099983215332,4.60099983215332,5717300
2025-09-19 05:26:00,4.60099983215332,4.605000019073486,4.5980000495910645,4.5980000495910645,4.5980000495910645,7456600
2025-09-19 05:28:00,4.598999977111816,4.603000164031982,4.59499979019165,4.60099983215332,4.60099983215332,7059800
2025-09-19 05:30:00,4.603000164031982,4.605000019073486,4.6020002365112305,4.604000091552734,4.604000091552734,2429154
2025-09-19 05:32:00,4.605000019073486,4.605000019073486,4.5960001945495605,4.5980000495910645,4.5980000495910645,5718400
2025-09-19 05:34:00,4.60099983215332,4.60099983215332,4.5960001945495605,4.5960001945495605,4.5960001945495605,5169900
2025-09-19 05:36:00,4.5960001945495605,4.5980000495910645,4.591000080108643,4.5960001945495605,4.5960001945495605,12645000
2025-09-19 05:38:00,4.59499979019165,4.6020002365112305,4.5929999351501465,4.60099983215332,4.60099983215332,6689600
2025-09-19 05:40:00,4.60099983215332,4.60099983215332,4.593999862670898,4.593999862670898,4.593999862670898,4486500
2025-09-19 05:42:00,4.59499979019165,4.59499979019165,4.5920000076293945,4.5929999351501465,4.5929999351501465,4130700
2025-09-19 05:44:00,4.5929999351501465,4.5980000495910645,4.5929999351501465,4.5980000495910645,4.5980000495910645,5291200
2025-09-19 05:46:00,4.5980000495910645,4.60099983215332,4.5980000495910645,4.598999977111816,4.598999977111816,2530500
2025-09-19 05:48:00,4.598999977111816,4.603000164031982,4.5980000495910645,4.603000164031982,4.603000164031982,2874900
2025-09-19 05:50:00,4.6020002365112305,4.603000164031982,4.5970001220703125,4.60099983215332,4.60099983215332,3395600
2025-09-19 05:52:00,4.60099983215332,4.6020002365112305,4.5970001220703125,4.5970001220703125,4.5970001220703125,2997500
2025-09-19 05:54:00,4.5960001945495605,4.5970001220703125,4.5929999351501465,4.5970001220703125,4.5970001220703125,5847400
2025-09-19 05:56:00,4.5970001220703125,4.5980000495910645,4.59499979019165,4.5980000495910645,4.5980000495910645,7137100
2025-09-19 05:58:00,4.5980000495910645,4.60099983215332,4.5960001945495605,4.5960001945495605,4.5960001945495605,3186400
2025-09-19 06:00:00,4.59499979019165,4.5980000495910645,4.5929999351501465,4.5970001220703125,4.5970001220703125,3543800
2025-09-19 06:02:00,4.5970001220703125,4.604000091552734,4.5970001220703125,4.604000091552734,4.604000091552734,3883200
2025-09-19 06:04:00,4.604000091552734,4.610000133514404,4.604000091552734,4.610000133514404,4.610000133514404,5100500
2025-09-19 06:06:00,4.609000205993652,4.613999843597412,4.609000205993652,4.609000205993652,4.609000205993652,6240900
2025-09-19 06:08:00,4.609000205993652,4.61299991607666,4.60699987411499,4.611000061035156,4.611000061035156,5188400
2025-09-19 06:10:00,4.611000061035156,4.611000061035156,4.605000019073486,4.609000205993652,4.609000205993652,2135200
2025-09-19 06:12:00,4.609000205993652,4.613999843597412,4.607999801635742,4.613999843597412,4.613999843597412,2986400
2025-09-19 06:14:00,4.613999843597412,4.618000030517578,4.611999988555908,4.617000102996826,4.617000102996826,5943100
2025-09-19 06:16:00,4.617000102996826,4.619999885559082,4.616000175476074,4.618000030517578,4.618000030517578,3679600
2025-09-19 06:18:00,4.618000030517578,4.618000030517578,4.611000061035156,4.61299991607666,4.61299991607666,3105100
2025-09-19 06:20:00,4.614999771118164,4.616000175476074,4.609000205993652,4.611000061035156,4.611000061035156,4618800
2025-09-19 06:22:00,4.611000061035156,4.618000030517578,4.611000061035156,4.613999843597412,4.613999843597412,5738654
2025-09-19 06:24:00,4.614999771118164,4.617000102996826,4.613999843597412,4.616000175476074,4.616000175476074,4270500
2025-09-19 06:26:00,4.618000030517578,4.619999885559082,4.616000175476074,4.619999885559082,4.619999885559082,13537000
2025-09-19 06:28:00,4.619999885559082,4.620999813079834,4.619999885559082,4.619999885559082,4.619999885559082,5941200
2025-09-19 06:30:00,4.619999885559082,4.619999885559082,4.614999771118164,4.616000175476074,4.616000175476074,5804400
2025-09-19 06:32:00,4.616000175476074,4.619999885559082,4.613999843597412,4.614999771118164,4.614999771118164,4906500
2025-09-19 06:34:00,4.614999771118164,4.616000175476074,4.611999988555908,4.61299991607666,4.61299991607666,4673500
2025-09-19 06:36:00,4.61299991607666,4.614999771118164,4.611000061035156,4.61299991607666,4.61299991607666,9572700
2025-09-19 06:38:00,4.611999988555908,4.613999843597412,4.609000205993652,4.611999988555908,4.611999988555908,8706900
2025-09-19 06:40:00,4.611999988555908,4.614999771118164,4.610000133514404,4.611000061035156,4.611000061035156,8636200
2025-09-19 06:42:00,4.611000061035156,4.611000061035156,4.60699987411499,4.611000061035156,4.611000061035156,9240400
2025-09-19 06:44:00,4.61299991607666,4.613999843597412,4.610000133514404,4.611000061035156,4.611000061035156,6212100
2025-09-19 06:46:00,4.611999988555908,4.611999988555908,4.605999946594238,4.605999946594238,4.605999946594238,6282800
2025-09-19 06:48:00,4.60699987411499,4.610000133514404,4.605000019073486,4.605999946594238,4.605999946594238,7410000
2025-09-19 06:50:00,4.60699987411499,4.60699987411499,4.604000091552734,4.604000091552734,4.604000091552734,3056400
2025-09-19 06:52:00,4.604000091552734,4.605999946594238,4.603000164031982,4.605000019073486,4.605000019073486,7551700
2025-09-19 06:54:00,4.605999946594238,4.605999946594238,4.599999904632568,4.60099983215332,4.60099983215332,8869500
2025-09-19 06:56:00,4.60099983215332,4.604000091552734,4.60099983215332,4.603000164031982,4.603000164031982,10411800
2025-09-19 06:58:00,4.604000091552734,4.605000019073486,4.6020002365112305,4.605000019073486,4.605000019073486,7030300
2025-09-22 01:30:00,4.605000019073486,4.605999946594238,4.5929999351501465,4.59499979019165,4.59499979019165,20425136
2025-09-22 01:32:00,4.593999862670898,4.5970001220703125,4.591000080108643,4.5960001945495605,4.5960001945495605,9677500
2025-09-22 01:34:00,4.59499979019165,4.604000091552734,4.590000152587891,4.604000091552734,4.604000091552734,8718800
2025-09-22 01:36:00,4.603000164031982,4.603000164031982,4.599999904632568,4.60099983215332,4.60099983215332,6051800
2025-09-22 01:38:00,4.6020002365112305,4.605999946594238,4.599999904632568,4.603000164031982,4.603000164031982,9573800
2025-09-22 01:40:00,4.603000164031982,4.603000164031982,4.5980000495910645,4.6020002365112305,4.6020002365112305,11280500
2025-09-22 01:42:00,4.6020002365112305,4.6020002365112305,4.598999977111816,4.6020002365112305,4.6020002365112305,10369500
2025-09-22 01:44:00,4.6020002365112305,4.604000091552734,4.5980000495910645,4.599999904632568,4.599999904632568,5636000
2025-09-22 01:46:00,4.599999904632568,4.599999904632568,4.5920000076293945,4.5929999351501465,4.5929999351501465,9357600
2025-09-22 01:48:00,4.5929999351501465,4.5929999351501465,4.590000152587891,4.5920000076293945,4.5920000076293945,10007800
2025-09-22 01:50:00,4.5929999351501465,4.5929999351501465,4.591000080108643,4.5929999351501465,4.5929999351501465,6539200
2025-09-22 01:52:00,4.5920000076293945,4.5920000076293945,4.586999893188477,4.586999893188477,4.586999893188477,7244300
2025-09-22 01:54:00,4.586999893188477,4.589000225067139,4.585999965667725,4.586999893188477,4.586999893188477,4528900
2025-09-22 01:56:00,4.585999965667725,4.5879998207092285,4.584000110626221,4.5879998207092285,4.5879998207092285,6804900
2025-09-22 01:58:00,4.5879998207092285,4.591000080108643,4.586999893188477,4.586999893188477,4.586999893188477,12101700
2025-09-22 02:00:00,4.585999965667725,4.590000152587891,4.581999778747559,4.583000183105469,4.583000183105469,8414200
2025-09-22 02:02:00,4.584000110626221,4.5920000076293945,4.584000110626221,4.5920000076293945,4.5920000076293945,7136700
2025-09-22 02:04:00,4.5920000076293945,4.59499979019165,4.590000152587891,4.59499979019165,4.59499979019165,5252300
2025-09-22 02:06:00,4.59499979019165,4.598999977111816,4.593999862670898,4.5980000495910645,4.5980000495910645,4354750
2025-09-22 02:08:00,4.598999977111816,4.603000164031982,4.5970001220703125,4.60099983215332,4.60099983215332,6786600
2025-09-22 02:10:00,4.60099983215332,4.60099983215332,4.59499979019165,4.5960001945495605,4.5960001945495605,4111300
2025-09-22 02:12:00,4.59499979019165,4.59499979019165,4.590000152587891,4.593999862670898,4.593999862670898,3678700
2025-09-22 02:14:00,4.5929999351501465,4.59499979019165,4.591000080108643,4.593999862670898,4.593999862670898,6819450
2025-09-22 02:16:00,4.593999862670898,4.5980000495910645,4.5929999351501465,4.5980000495910645,4.5980000495910645,4698800
2025-09-22 02:18:00,4.5980000495910645,4.5980000495910645,4.593999862670898,4.5970001220703125,4.5970001220703125,1889500
2025-09-22 02:20:00,4.59499979019165,4.6020002365112305,4.59499979019165,4.60099983215332,4.60099983215332,7042300
2025-09-22 02:22:00,4.599999904632568,4.60099983215332,4.598999977111816,4.599999904632568,4.599999904632568,1461900
2025-09-22 02:24:00,4.599999904632568,4.604000091552734,4.599999904632568,4.603000164031982,4.603000164031982,3086100
2025-09-22 02:26:00,4.6020002365112305,4.604000091552734,4.6020002365112305,4.603000164031982,4.603000164031982,2015500
2025-09-22 02:28:00,4.603000164031982,4.603000164031982,4.599999904632568,4.60099983215332,4.60099983215332,3278302
2025-09-22 02:30:00,4.60099983215332,4.607999801635742,4.60099983215332,4.605000019073486,4.605000019073486,6702721
2025-09-22 02:32:00,4.60699987411499,4.60699987411499,4.60099983215332,4.60099983215332,4.60099983215332,3202700
2025-09-22 02:34:00,4.6020002365112305,4.604000091552734,4.598999977111816,4.603000164031982,4.603000164031982,2611466
2025-09-22 02:36:00,4.603000164031982,4.604000091552734,4.60099983215332,4.60099983215332,4.60099983215332,3299971
2025-09-22 02:38:00,4.60099983215332,4.605000019073486,4.60099983215332,4.604000091552734,4.604000091552734,3673570
2025-09-22 02:40:00,4.605000019073486,4.605000019073486,4.6020002365112305,4.6020002365112305,4.6020002365112305,3672056
2025-09-22 02:42:00,4.6020002365112305,4.6020002365112305,4.5980000495910645,4.598999977111816,4.598999977111816,2337100
2025-09-22 02:44:00,4.599999904632568,4.603000164031982,4.598999977111816,4.599999904632568,4.599999904632568,2021300
2025-09-22 02:46:00,4.598999977111816,4.60099983215332,4.59499979019165,4.59499979019165,4.59499979019165,2389800
2025-09-22 02:48:00,4.5960001945495605,4.598999977111816,4.5960001945495605,4.5970001220703125,4.5970001220703125,1418100
2025-09-22 02:50:00,4.5980000495910645,4.5980000495910645,4.5960001945495605,4.5980000495910645,4.5980000495910645,1541600
2025-09-22 02:52:00,4.5980000495910645,4.599999904632568,4.5970001220703125,4.598999977111816,4.598999977111816,2543200
2025-09-22 02:54:00,4.598999977111816,4.603000164031982,4.5980000495910645,4.60099983215332,4.60099983215332,2506800
2025-09-22 02:56:00,4.6020002365112305,4.6020002365112305,4.5980000495910645,4.5980000495910645,4.5980000495910645,1328700
2025-09-22 02:58:00,4.598999977111816,4.60099983215332,4.598999977111816,4.60099983215332,4.60099983215332,1225100
2025-09-22 03:00:00,4.60099983215332,4.6020002365112305,4.599999904632568,4.599999904632568,4.599999904632568,2094700
2025-09-22 03:02:00,4.599999904632568,4.60099983215332,4.5970001220703125,4.60099983215332,4.60099983215332,1406900
2025-09-22 03:04:00,4.60099983215332,4.6020002365112305,4.5980000495910645,4.5980000495910645,4.5980000495910645,1910000
2025-09-22 03:06:00,4.5980000495910645,4.598999977111816,4.59499979019165,4.59499979019165,4.59499979019165,2239500
2025-09-22 03:08:00,4.5960001945495605,4.5960001945495605,4.5920000076293945,4.5929999351501465,4.5929999351501465,5994000
2025-09-22 03:10:00,4.5929999351501465,4.5960001945495605,4.5929999351501465,4.5929999351501465,4.5929999351501465,2651000
2025-09-22 03:12:00,4.5920000076293945,4.59499979019165,4.590000152587891,4.591000080108643,4.591000080108643,2260000
2025-09-22 03:14:00,4.591000080108643,4.591000080108643,4.586999893188477,4.590000152587891,4.590000152587891,5781500
2025-09-22 03:16:00,4.590000152587891,4.5929999351501465,4.5879998207092285,4.5920000076293945,4.5920000076293945,1905505
2025-09-22 03:18:00,4.5920000076293945,4.5929999351501465,4.585999965667725,4.586999893188477,4.586999893188477,3932945
2025-09-22 03:20:00,4.586999893188477,4.5929999351501465,4.585999965667725,4.5929999351501465,4.5929999351501465,1569584
2025-09-22 03:22:00,4.5929999351501465,4.59499979019165,4.591000080108643,4.593999862670898,4.593999862670898,4034504
2025-09-22 03:24:00,4.593999862670898,4.598999977111816,4.5929999351501465,4.598999977111816,4.598999977111816,2301400
2025-09-22 03:26:00,4.598999977111816,4.599999904632568,4.59499979019165,4.599999904632568,4.599999904632568,2773300
2025-09-22 03:28:00,4.599999904632568,4.6020002365112305,4.598999977111816,4.599999904632568,4.599999904632568,1981200
2025-09-22 05:00:00,4.599999904632568,4.603000164031982,4.598999977111816,4.60099983215332,4.60099983215332,6262900
2025-09-22 05:02:00,4.6020002365112305,4.604000091552734,4.599999904632568,4.603000164031982,4.603000164031982,4004100
2025-09-22 05:04:00,4.604000091552734,4.607999801635742,4.603000164031982,4.607999801635742,4.607999801635742,8441600
2025-09-22 05:06:00,4.607999801635742,4.614999771118164,4.603000164031982,4.614999771118164,4.614999771118164,11572400
2025-09-22 05:08:00,4.614999771118164,4.619999885559082,4.614999771118164,4.61899995803833,4.61899995803833,12275800
2025-09-22 05:10:00,4.618000030517578,4.618000030517578,4.61299991607666,4.618000030517578,4.618000030517578,6254200
2025-09-22 05:12:00,4.618000030517578,4.618000030517578,4.613999843597412,4.614999771118164,4.614999771118164,4902700
2025-09-22 05:14:00,4.616000175476074,4.619999885559082,4.616000175476074,4.617000102996826,4.617000102996826,5110600
2025-09-22 05:16:00,4.617000102996826,4.618000030517578,4.614999771118164,4.617000102996826,4.617000102996826,4234300
2025-09-22 05:18:00,4.618000030517578,4.619999885559082,4.613999843597412,4.613999843597412,4.613999843597412,6626200
2025-09-22 05:20:00,4.613999843597412,4.617000102996826,4.61299991607666,4.613999843597412,4.613999843597412,5161401
2025-09-22 05:22:00,4.614999771118164,4.618000030517578,4.61299991607666,4.617000102996826,4.617000102996826,3930100
2025-09-22 05:24:00,4.618000030517578,4.619999885559082,4.614999771118164,4.614999771118164,4.614999771118164,7501100
2025-09-22 05:26:00,4.613999843597412,4.614999771118164,4.611999988555908,4.61299991607666,4.61299991607666,5068200
2025-09-22 05:28:00,4.61299991607666,4.616000175476074,4.61299991607666,4.616000175476074,4.616000175476074,1748200
2025-09-22 05:30:00,4.614999771118164,4.616000175476074,4.611000061035156,4.614999771118164,4.614999771118164,4351100
2025-09-22 05:32:00,4.614999771118164,4.616000175476074,4.61299991607666,4.613999843597412,4.613999843597412,2349800
2025-09-22 05:34:00,4.613999843597412,4.614999771118164,4.610000133514404,4.61299991607666,4.61299991607666,3545900
2025-09-22 05:36:00,4.613999843597412,4.614999771118164,4.610000133514404,4.61299991607666,4.61299991607666,2521800
2025-09-22 05:38:00,4.61299991607666,4.61299991607666,4.611000061035156,4.61299991607666,4.61299991607666,2453700
2025-09-22 05:40:00,4.61299991607666,4.614999771118164,4.611999988555908,4.61299991607666,4.61299991607666,2268700
2025-09-22 05:42:00,4.611000061035156,4.611000061035156,4.607999801635742,4.607999801635742,4.607999801635742,3597900
2025-09-22 05:44:00,4.605999946594238,4.60699987411499,4.604000091552734,4.60699987411499,4.60699987411499,3598300
2025-09-22 05:46:00,4.60699987411499,4.609000205993652,4.604000091552734,4.604000091552734,4.604000091552734,3341700
2025-09-22 05:48:00,4.604000091552734,4.605999946594238,4.604000091552734,4.605999946594238,4.605999946594238,1384900
2025-09-22 05:50:00,4.605000019073486,4.60699987411499,4.604000091552734,4.604000091552734,4.604000091552734,2904200
2025-09-22 05:52:00,4.604000091552734,4.605000019073486,4.60099983215332,4.6020002365112305,4.6020002365112305,4111000
2025-09-22 05:54:00,4.604000091552734,4.605000019073486,4.60099983215332,4.60099983215332,4.60099983215332,1631900
2025-09-22 05:56:00,4.6020002365112305,4.6020002365112305,4.599999904632568,4.60099983215332,4.60099983215332,4602700
2025-09-22 05:58:00,4.60099983215332,4.6020002365112305,4.5980000495910645,4.598999977111816,4.598999977111816,4594700
2025-09-22 06:00:00,4.5980000495910645,4.60099983215332,4.5960001945495605,4.5980000495910645,4.5980000495910645,6876800
2025-09-22 06:02:00,4.5980000495910645,4.6020002365112305,4.5960001945495605,4.5970001220703125,4.5970001220703125,1993700
2025-09-22 06:04:00,4.5970001220703125,4.5970001220703125,4.5929999351501465,4.5929999351501465,4.5929999351501465,5460500
2025-09-22 06:06:00,4.5929999351501465,4.593999862670898,4.5920000076293945,4.5920000076293945,4.5920000076293945,2323300
2025-09-22 06:08:00,4.5929999351501465,4.598999977111816,4.5929999351501465,4.5980000495910645,4.5980000495910645,2459100
2025-09-22 06:10:00,4.598999977111816,4.599999904632568,4.59499979019165,4.5970001220703125,4.5970001220703125,2389400
2025-09-22 06:12:00,4.5980000495910645,4.599999904632568,4.5970001220703125,4.5980000495910645,4.5980000495910645,1259400
2025-09-22 06:14:00,4.598999977111816,4.599999904632568,4.5960001945495605,4.5980000495910645,4.5980000495910645,6522200
2025-09-22 06:16:00,4.598999977111816,4.599999904632568,4.5960001945495605,4.5960001945495605,4.5960001945495605,2777600
2025-09-22 06:18:00,4.5980000495910645,4.60099983215332,4.5960001945495605,4.599999904632568,4.599999904632568,3591100
2025-09-22 06:20:00,4.6020002365112305,4.605999946594238,4.6020002365112305,4.605000019073486,4.605000019073486,5744900
2025-09-22 06:22:00,4.605999946594238,4.605999946594238,4.604000091552734,4.605999946594238,4.605999946594238,4005500
2025-09-22 06:24:00,4.605000019073486,4.60699987411499,4.603000164031982,4.605999946594238,4.605999946594238,4887400
2025-09-22 06:26:00,4.605999946594238,4.605999946594238,4.604000091552734,4.605999946594238,4.605999946594238,4735700
2025-09-22 06:28:00,4.60699987411499,4.609000205993652,4.605000019073486,4.607999801635742,4.607999801635742,5622700
2025-09-22 06:30:00,4.607999801635742,4.61299991607666,4.607999801635742,4.61299991607666,4.61299991607666,5784100
2025-09-22 06:32:00,4.61299991607666,4.614999771118164,4.610000133514404,4.610000133514404,4.610000133514404,4805100
2025-09-22 06:34:00,4.611000061035156,4.616000175476074,4.611000061035156,4.61299991607666,4.61299991607666,9768100
2025-09-22 06:36:00,4.614999771118164,4.618000030517578,4.61299991607666,4.616000175476074,4.616000175476074,8662400
2025-09-22 06:38:00,4.616000175476074,4.616000175476074,4.609000205993652,4.611000061035156,4.611000061035156,6589100
2025-09-22 06:40:00,4.611999988555908,4.61299991607666,4.609000205993652,4.609000205993652,4.609000205993652,8050200
2025-09-22 06:42:00,4.610000133514404,4.611000061035156,4.607999801635742,4.610000133514404,4.610000133514404,9293000
2025-09-22 06:44:00,4.611000061035156,4.611999988555908,4.609000205993652,4.609000205993652,4.609000205993652,8636900
2025-09-22 06:46:00,4.610000133514404,4.611999988555908,4.609000205993652,4.611000061035156,4.611000061035156,6134100
2025-09-22 06:48:00,4.611999988555908,4.61299991607666,4.611000061035156,4.611999988555908,4.611999988555908,5936983
2025-09-22 06:50:00,4.61299991607666,4.61299991607666,4.611000061035156,4.611999988555908,4.611999988555908,15599745
2025-09-22 06:52:00,4.611999988555908,4.614999771118164,4.611999988555908,4.614999771118164,4.614999771118164,12794434
2025-09-22 06:54:00,4.614999771118164,4.617000102996826,4.613999843597412,4.617000102996826,4.617000102996826,16414300
2025-09-22 06:56:00,4.617000102996826,4.61899995803833,4.617000102996826,4.618000030517578,4.618000030517578,8563800
2025-09-22 06:58:00,4.618000030517578,4.619999885559082,4.617000102996826,4.61899995803833,4.61899995803833,9588000
2025-09-23 01:30:00,4.626999855041504,4.627999782562256,4.61899995803833,4.626999855041504,4.626999855041504,77068081
2025-09-23 01:32:00,4.626999855041504,4.627999782562256,4.619999885559082,4.623000144958496,4.623000144958496,23349770
2025-09-23 01:34:00,4.620999813079834,4.626999855041504,4.61899995803833,4.625,4.625,27980400
2025-09-23 01:36:00,4.624000072479248,4.626999855041504,4.622000217437744,4.625,4.625,32918300
2025-09-23 01:38:00,4.625999927520752,4.629000186920166,4.624000072479248,4.629000186920166,4.629000186920166,31627500
2025-09-23 01:40:00,4.627999782562256,4.627999782562256,4.620999813079834,4.620999813079834,4.620999813079834,19670000
2025-09-23 01:42:00,4.622000217437744,4.638999938964844,4.622000217437744,4.638999938964844,4.638999938964844,28422399
2025-09-23 01:44:00,4.639999866485596,4.639999866485596,4.63100004196167,4.633999824523926,4.633999824523926,15451669
2025-09-23 01:46:00,4.633999824523926,4.64900016784668,4.633999824523926,4.64900016784668,4.64900016784668,36236000
2025-09-23 01:48:00,4.6479997634887695,4.6529998779296875,4.64300012588501,4.6519999504089355,4.6519999504089355,28953000
2025-09-23 01:50:00,4.6529998779296875,4.65500020980835,4.646999835968018,4.6479997634887695,4.6479997634887695,18779700
2025-09-23 01:52:00,4.6479997634887695,4.6479997634887695,4.644000053405762,4.644000053405762,4.644000053405762,13228200
2025-09-23 01:54:00,4.644000053405762,4.64900016784668,4.64300012588501,4.64300012588501,4.64300012588501,15071776
2025-09-23 01:56:00,4.64300012588501,4.646999835968018,4.638000011444092,4.638999938964844,4.638999938964844,9201400
2025-09-23 01:58:00,4.638999938964844,4.638999938964844,4.63100004196167,4.63100004196167,4.63100004196167,12674300
2025-09-23 02:00:00,4.63100004196167,4.632999897003174,4.625,4.625999927520752,4.625999927520752,13914500
2025-09-23 02:02:00,4.625999927520752,4.631999969482422,4.624000072479248,4.630000114440918,4.630000114440918,10556800
2025-09-23 02:04:00,4.63100004196167,4.63100004196167,4.624000072479248,4.625999927520752,4.625999927520752,7989000
2025-09-23 02:06:00,4.625,4.629000186920166,4.624000072479248,4.624000072479248,4.624000072479248,5588000
2025-09-23 02:08:00,4.624000072479248,4.624000072479248,4.618000030517578,4.618000030517578,4.618000030517578,8292300
2025-09-23 02:10:00,4.617000102996826,4.619999885559082,4.614999771118164,4.617000102996826,4.617000102996826,6596900
2025-09-23 02:12:00,4.617000102996826,4.617000102996826,4.604000091552734,4.605000019073486,4.605000019073486,10857400
2025-09-23 02:14:00,4.605999946594238,4.617000102996826,4.605999946594238,4.614999771118164,4.614999771118164,7755446
2025-09-23 02:16:00,4.611999988555908,4.61299991607666,4.609000205993652,4.610000133514404,4.610000133514404,4595100
2025-09-23 02:18:00,4.610000133514404,4.610000133514404,4.605999946594238,4.605999946594238,4.605999946594238,5539500
2025-09-23 02:20:00,4.605999946594238,4.611999988555908,4.605999946594238,4.611000061035156,4.611000061035156,8474300
2025-09-23 02:22:00,4.607999801635742,4.611999988555908,4.605000019073486,4.605000019073486,4.605000019073486,6541700
2025-09-23 02:24:00,4.605000019073486,4.605000019073486,4.590000152587891,4.590000152587891,4.590000152587891,17842000
2025-09-23 02:26:00,4.5929999351501465,4.59499979019165,4.585999965667725,4.586999893188477,4.586999893188477,13880500
2025-09-23 02:28:00,4.5879998207092285,4.591000080108643,4.585000038146973,4.5879998207092285,4.5879998207092285,13945346
2025-09-23 02:30:00,4.586999893188477,4.586999893188477,4.580999851226807,4.580999851226807,4.580999851226807,13121854
2025-09-23 02:32:00,4.579999923706055,4.580999851226807,4.573999881744385,4.574999809265137,4.574999809265137,12476500
2025-09-23 02:34:00,4.576000213623047,4.5879998207092285,4.576000213623047,4.5879998207092285,4.5879998207092285,8621500
2025-09-23 02:36:00,4.589000225067139,4.59499979019165,4.589000225067139,4.59499979019165,4.59499979019165,8762100
2025-09-23 02:38:00,4.5960001945495605,4.5960001945495605,4.586999893188477,4.591000080108643,4.591000080108643,9197601
2025-09-23 02:40:00,4.590000152587891,4.5929999351501465,4.583000183105469,4.5879998207092285,4.5879998207092285,6011300
2025-09-23 02:42:00,4.5879998207092285,4.603000164031982,4.585999965667725,4.603000164031982,4.603000164031982,8962746
2025-09-23 02:44:00,4.603000164031982,4.60699987411499,4.6020002365112305,4.603000164031982,4.603000164031982,10750800
2025-09-23 02:46:00,4.604000091552734,4.604000091552734,4.598999977111816,4.599999904632568,4.599999904632568,4576300
2025-09-23 02:48:00,4.60099983215332,4.605999946594238,4.5970001220703125,4.5980000495910645,4.5980000495910645,7570400
2025-09-23 02:50:00,4.598999977111816,4.598999977111816,4.593999862670898,4.59499979019165,4.59499979019165,1957200
2025-09-23 02:52:00,4.593999862670898,4.593999862670898,4.585999965667725,4.589000225067139,4.589000225067139,6025600
2025-09-23 02:54:00,4.589000225067139,4.593999862670898,4.586999893188477,4.5879998207092285,4.5879998207092285,4025600
2025-09-23 02:56:00,4.586999893188477,4.589000225067139,4.585000038146973,4.5879998207092285,4.5879998207092285,4995100
2025-09-23 02:58:00,4.585999965667725,4.5970001220703125,4.585999965667725,4.5920000076293945,4.5920000076293945,4031700
2025-09-23 03:00:00,4.5920000076293945,4.5929999351501465,4.585999965667725,4.5879998207092285,4.5879998207092285,2742600
2025-09-23 03:02:00,4.5879998207092285,4.590000152587891,4.585999965667725,4.586999893188477,4.586999893188477,3629600
2025-09-23 03:04:00,4.586999893188477,4.5879998207092285,4.585000038146973,4.586999893188477,4.586999893188477,3145100
2025-09-23 03:06:00,4.586999893188477,4.591000080108643,4.585999965667725,4.5879998207092285,4.5879998207092285,2180200
2025-09-23 03:08:00,4.590000152587891,4.590000152587891,4.580999851226807,4.583000183105469,4.583000183105469,4652800
2025-09-23 03:10:00,4.581999778747559,4.589000225067139,4.581999778747559,4.585000038146973,4.585000038146973,6991100
2025-09-23 03:12:00,4.584000110626221,4.584000110626221,4.579999923706055,4.580999851226807,4.580999851226807,4237900
2025-09-23 03:14:00,4.581999778747559,4.581999778747559,4.577000141143799,4.578000068664551,4.578000068664551,7941200
2025-09-23 03:16:00,4.578000068664551,4.578999996185303,4.574999809265137,4.578000068664551,4.578000068664551,5733200
2025-09-23 03:18:00,4.578000068664551,4.584000110626221,4.578000068664551,4.584000110626221,4.584000110626221,6425000
2025-09-23 03:20:00,4.584000110626221,4.585000038146973,4.576000213623047,4.576000213623047,4.576000213623047,7253300
2025-09-23 03:22:00,4.576000213623047,4.576000213623047,4.571000099182129,4.572000026702881,4.572000026702881,7951600
2025-09-23 03:24:00,4.571000099182129,4.572000026702881,4.565999984741211,4.566999912261963,4.566999912261963,7703000
2025-09-23 03:26:00,4.566999912261963,4.566999912261963,4.565000057220459,4.565999984741211,4.565999984741211,3514800
2025-09-23 03:28:00,4.566999912261963,4.570000171661377,4.565999984741211,4.570000171661377,4.570000171661377,3236700
2025-09-23 03:30:00,4.570000171661377,4.570000171661377,4.570000171661377,4.570000171661377,4.570000171661377,1100
2025-09-23 05:00:00,4.570000171661377,4.572000026702881,4.565000057220459,4.571000099182129,4.571000099182129,14794700
2025-09-23 05:02:00,4.571000099182129,4.571000099182129,4.561999797821045,4.563000202178955,4.563000202178955,7653100
2025-09-23 05:04:00,4.561999797821045,4.565000057220459,4.560999870300293,4.561999797821045,4.561999797821045,10087700
2025-09-23 05:06:00,4.560999870300293,4.566999912261963,4.559000015258789,4.566999912261963,4.566999912261963,17190044
2025-09-23 05:08:00,4.566999912261963,4.571000099182129,4.564000129699707,4.566999912261963,4.566999912261963,10061600
2025-09-23 05:10:00,4.565999984741211,4.573999881744385,4.563000202178955,4.573999881744385,4.573999881744385,6231500
2025-09-23 05:12:00,4.573999881744385,4.578000068664551,4.572000026702881,4.572999954223633,4.572999954223633,4641600
2025-09-23 05:14:00,4.572999954223633,4.574999809265137,4.571000099182129,4.573999881744385,4.573999881744385,3219100
2025-09-23 05:16:00,4.574999809265137,4.577000141143799,4.572999954223633,4.572999954223633,4.572999954223633,3621000
2025-09-23 05:18:00,4.572999954223633,4.572999954223633,4.570000171661377,4.571000099182129,4.571000099182129,5117300
2025-09-23 05:20:00,4.572000026702881,4.574999809265137,4.570000171661377,4.574999809265137,4.574999809265137,4208600
2025-09-23 05:22:00,4.572999954223633,4.573999881744385,4.571000099182129,4.573999881744385,4.573999881744385,9086200
2025-09-23 05:24:00,4.573999881744385,4.579999923706055,4.573999881744385,4.578999996185303,4.578999996185303,4301700
2025-09-23 05:26:00,4.578000068664551,4.584000110626221,4.578000068664551,4.584000110626221,4.584000110626221,7054381
2025-09-23 05:28:00,4.583000183105469,4.585000038146973,4.579999923706055,4.583000183105469,4.583000183105469,4635100
2025-09-23 05:30:00,4.580999851226807,4.5879998207092285,4.580999851226807,4.5879998207092285,4.5879998207092285,4593900
2025-09-23 05:32:00,4.5879998207092285,4.5879998207092285,4.578000068664551,4.579999923706055,4.579999923706055,3907700
2025-09-23 05:34:00,4.579999923706055,4.579999923706055,4.571000099182129,4.572000026702881,4.572000026702881,5716600
2025-09-23 05:36:00,4.572999954223633,4.572999954223633,4.568999767303467,4.572000026702881,4.572000026702881,4404900
2025-09-23 05:38:00,4.570000171661377,4.574999809265137,4.570000171661377,4.573999881744385,4.573999881744385,1345200
2025-09-23 05:40:00,4.573999881744385,4.573999881744385,4.568999767303467,4.571000099182129,4.571000099182129,2926600
2025-09-23 05:42:00,4.571000099182129,4.572000026702881,4.570000171661377,4.570000171661377,4.570000171661377,2383900
2025-09-23 05:44:00,4.568999767303467,4.570000171661377,4.567999839782715,4.568999767303467,4.568999767303467,2360800
2025-09-23 05:46:00,4.567999839782715,4.572000026702881,4.565999984741211,4.572000026702881,4.572000026702881,5493700
2025-09-23 05:48:00,4.572000026702881,4.572999954223633,4.567999839782715,4.567999839782715,4.567999839782715,2190200
2025-09-23 05:50:00,4.567999839782715,4.570000171661377,4.565000057220459,4.567999839782715,4.567999839782715,5309700
2025-09-23 05:52:00,4.567999839782715,4.571000099182129,4.566999912261963,4.570000171661377,4.570000171661377,7175700
2025-09-23 05:54:00,4.570000171661377,4.574999809265137,4.570000171661377,4.572999954223633,4.572999954223633,4861200
2025-09-23 05:56:00,4.572999954223633,4.572999954223633,4.570000171661377,4.572000026702881,4.572000026702881,2100300
2025-09-23 05:58:00,4.572000026702881,4.577000141143799,4.571000099182129,4.577000141143799,4.577000141143799,1812100
2025-09-23 06:00:00,4.577000141143799,4.578999996185303,4.572999954223633,4.577000141143799,4.577000141143799,2445000
2025-09-23 06:02:00,4.577000141143799,4.577000141143799,4.570000171661377,4.570000171661377,4.570000171661377,2098339
2025-09-23 06:04:00,4.570000171661377,4.570000171661377,4.567999839782715,4.567999839782715,4.567999839782715,1924641
2025-09-23 06:06:00,4.568999767303467,4.570000171661377,4.567999839782715,4.570000171661377,4.570000171661377,1132662
2025-09-23 06:08:00,4.570000171661377,4.570000171661377,4.566999912261963,4.567999839782715,4.567999839782715,2630548
2025-09-23 06:10:00,4.568999767303467,4.568999767303467,4.565999984741211,4.566999912261963,4.566999912261963,1665800
2025-09-23 06:12:00,4.566999912261963,4.572999954223633,4.565999984741211,4.572000026702881,4.572000026702881,4156500
2025-09-23 06:14:00,4.572000026702881,4.574999809265137,4.568999767303467,4.574999809265137,4.574999809265137,1438900
2025-09-23 06:16:00,4.574999809265137,4.579999923706055,4.572999954223633,4.579999923706055,4.579999923706055,1925800
2025-09-23 06:18:00,4.579999923706055,4.584000110626221,4.579999923706055,4.581999778747559,4.581999778747559,3180200
2025-09-23 06:20:00,4.581999778747559,4.581999778747559,4.578000068664551,4.580999851226807,4.580999851226807,1879600
2025-09-23 06:22:00,4.581999778747559,4.584000110626221,4.578000068664551,4.578999996185303,4.578999996185303,2517900
2025-09-23 06:24:00,4.579999923706055,4.583000183105469,4.578000068664551,4.583000183105469,4.583000183105469,1320800
2025-09-23 06:26:00,4.583000183105469,4.590000152587891,4.581999778747559,4.590000152587891,4.590000152587891,4278600
2025-09-23 06:28:00,4.590000152587891,4.5929999351501465,4.590000152587891,4.591000080108643,4.591000080108643,6094900
2025-09-23 06:30:00,4.590000152587891,4.59499979019165,4.590000152587891,4.591000080108643,4.591000080108643,5408100
2025-09-23 06:32:00,4.590000152587891,4.590000152587891,4.585000038146973,4.589000225067139,4.589000225067139,6832200
2025-09-23 06:34:00,4.586999893188477,4.5980000495910645,4.586999893188477,4.5960001945495605,4.5960001945495605,9357200
2025-09-23 06:36:00,4.5970001220703125,4.5970001220703125,4.5920000076293945,4.593999862670898,4.593999862670898,4717100
2025-09-23 06:38:00,4.593999862670898,4.59499979019165,4.590000152587891,4.5920000076293945,4.5920000076293945,2681600
2025-09-23 06:40:00,4.5920000076293945,4.598999977111816,4.5920000076293945,4.598999977111816,4.598999977111816,6142900
2025-09-23 06:42:00,4.598999977111816,4.599999904632568,4.5980000495910645,4.598999977111816,4.598999977111816,7790000
2025-09-23 06:44:00,4.5980000495910645,4.605999946594238,4.5980000495910645,4.605999946594238,4.605999946594238,9978100
2025-09-23 06:46:00,4.605999946594238,4.611000061035156,4.605000019073486,4.611000061035156,4.611000061035156,7037300
2025-09-23 06:48:00,4.611000061035156,4.619999885559082,4.610000133514404,4.619999885559082,4.619999885559082,17398766
2025-09-23 06:50:00,4.61899995803833,4.623000144958496,4.61899995803833,4.61899995803833,4.61899995803833,19786634
2025-09-23 06:52:00,4.619999885559082,4.622000217437744,4.617000102996826,4.618000030517578,4.618000030517578,10720300
2025-09-23 06:54:00,4.61899995803833,4.619999885559082,4.618000030517578,4.61899995803833,4.61899995803833,3951932
2025-09-23 06:56:00,4.61899995803833,4.620999813079834,4.61899995803833,4.619999885559082,4.619999885559082,7943400
2025-09-23 06:58:00,4.619999885559082,4.623000144958496,4.61899995803833,4.623000144958496,4.623000144958496,6641100
2025-09-24 01:30:00,4.5980000495910645,4.60699987411499,4.5970001220703125,4.6020002365112305,4.6020002365112305,10598039
2025-09-24 01:32:00,4.603000164031982,4.605999946594238,4.599999904632568,4.604000091552734,4.604000091552734,21082600
2025-09-24 01:34:00,4.604000091552734,4.607999801635742,4.604000091552734,4.607999801635742,4.607999801635742,18597100
2025-09-24 01:36:00,4.60699987411499,4.610000133514404,4.60699987411499,4.610000133514404,4.610000133514404,19621295
2025-09-24 01:38:00,4.611000061035156,4.61899995803833,4.611000061035156,4.61899995803833,4.61899995803833,12030200
2025-09-24 01:40:00,4.619999885559082,4.623000144958496,4.618000030517578,4.620999813079834,4.620999813079834,42046400
2025-09-24 01:42:00,4.622000217437744,4.625,4.618000030517578,4.619999885559082,4.619999885559082,20842900
2025-09-24 01:44:00,4.61899995803833,4.624000072479248,4.616000175476074,4.624000072479248,4.624000072479248,10632259
2025-09-24 01:46:00,4.624000072479248,4.624000072479248,4.616000175476074,4.61899995803833,4.61899995803833,6822800
2025-09-24 01:48:00,4.619999885559082,4.627999782562256,4.619999885559082,4.625,4.625,16003501
2025-09-24 01:50:00,4.625,4.625,4.61899995803833,4.622000217437744,4.622000217437744,11203300
2025-09-24 01:52:00,4.623000144958496,4.625,4.619999885559082,4.620999813079834,4.620999813079834,6084900
2025-09-24 01:54:00,4.620999813079834,4.624000072479248,4.61899995803833,4.620999813079834,4.620999813079834,6867000
2025-09-24 01:56:00,4.620999813079834,4.624000072479248,4.617000102996826,4.624000072479248,4.624000072479248,4967400
2025-09-24 01:58:00,4.625,4.626999855041504,4.623000144958496,4.626999855041504,4.626999855041504,9728600
2025-09-24 02:00:00,4.627999782562256,4.627999782562256,4.623000144958496,4.623000144958496,4.623000144958496,6606500
2025-09-24 02:02:00,4.624000072479248,4.627999782562256,4.622000217437744,4.627999782562256,4.627999782562256,3960000
2025-09-24 02:04:00,4.625999927520752,4.625999927520752,4.624000072479248,4.625999927520752,4.625999927520752,4873800
2025-09-24 02:06:00,4.625999927520752,4.629000186920166,4.623000144958496,4.623000144958496,4.623000144958496,7163200
2025-09-24 02:08:00,4.623000144958496,4.624000072479248,4.61899995803833,4.61899995803833,4.61899995803833,3852800
2025-09-24 02:10:00,4.61899995803833,4.61899995803833,4.614999771118164,4.616000175476074,4.616000175476074,3888600
2025-09-24 02:12:00,4.614999771118164,4.61899995803833,4.611999988555908,4.611999988555908,4.611999988555908,4128300
2025-09-24 02:14:00,4.61299991607666,4.617000102996826,4.61299991607666,4.617000102996826,4.617000102996826,3154700
2025-09-24 02:16:00,4.616000175476074,4.622000217437744,4.616000175476074,4.620999813079834,4.620999813079834,3311800
2025-09-24 02:18:00,4.619999885559082,4.625,4.619999885559082,4.624000072479248,4.624000072479248,3474600
2025-09-24 02:20:00,4.624000072479248,4.625,4.623000144958496,4.624000072479248,4.624000072479248,3257300
2025-09-24 02:22:00,4.624000072479248,4.625,4.622000217437744,4.623000144958496,4.623000144958496,5641800
2025-09-24 02:24:00,4.622000217437744,4.624000072479248,4.622000217437744,4.622000217437744,4.622000217437744,4237600
2025-09-24 02:26:00,4.622000217437744,4.622000217437744,4.619999885559082,4.619999885559082,4.619999885559082,863000
2025-09-24 02:28:00,4.619999885559082,4.619999885559082,4.614999771118164,4.618000030517578,4.618000030517578,4867300
2025-09-24 02:30:00,4.618000030517578,4.620999813079834,4.613999843597412,4.614999771118164,4.614999771118164,3189300
2025-09-24 02:32:00,4.613999843597412,4.618000030517578,4.611999988555908,4.617000102996826,4.617000102996826,5908300
2025-09-24 02:34:00,4.618000030517578,4.619999885559082,4.618000030517578,4.619999885559082,4.619999885559082,1332000
2025-09-24 02:36:00,4.618000030517578,4.61899995803833,4.614999771118164,4.614999771118164,4.614999771118164,2663300
2025-09-24 02:38:00,4.616000175476074,4.616000175476074,4.613999843597412,4.613999843597412,4.613999843597412,5059700
2025-09-24 02:40:00,4.613999843597412,4.614999771118164,4.610000133514404,4.611000061035156,4.611000061035156,7391880
2025-09-24 02:42:00,4.611000061035156,4.611000061035156,4.605000019073486,4.607999801635742,4.607999801635742,4669673
2025-09-24 02:44:00,4.609000205993652,4.610000133514404,4.60699987411499,4.609000205993652,4.609000205993652,2502139
2025-09-24 02:46:00,4.609000205993652,4.611000061035156,4.607999801635742,4.610000133514404,4.610000133514404,5655673
2025-09-24 02:48:00,4.611000061035156,4.616000175476074,4.611000061035156,4.614999771118164,4.614999771118164,4163123
2025-09-24 02:50:00,4.616000175476074,4.619999885559082,4.614999771118164,4.61899995803833,4.61899995803833,4596334
2025-09-24 02:52:00,4.619999885559082,4.624000072479248,4.61899995803833,4.623000144958496,4.623000144958496,9392806
2025-09-24 02:54:00,4.623000144958496,4.627999782562256,4.623000144958496,4.626999855041504,4.626999855041504,18972663
2025-09-24 02:56:00,4.626999855041504,4.627999782562256,4.624000072479248,4.625,4.625,7384178
2025-09-24 02:58:00,4.625,4.632999897003174,4.625,4.632999897003174,4.632999897003174,32680090
2025-09-24 03:00:00,4.632999897003174,4.632999897003174,4.627999782562256,4.627999782562256,4.627999782562256,5170947
2025-09-24 03:02:00,4.629000186920166,4.631999969482422,4.629000186920166,4.631999969482422,4.631999969482422,10853444
2025-09-24 03:04:00,4.631999969482422,4.632999897003174,4.630000114440918,4.631999969482422,4.631999969482422,5450200
2025-09-24 03:06:00,4.63100004196167,4.631999969482422,4.624000072479248,4.624000072479248,4.624000072479248,3115000
2025-09-24 03:08:00,4.624000072479248,4.630000114440918,4.624000072479248,4.630000114440918,4.630000114440918,3385400
2025-09-24 03:10:00,4.630000114440918,4.630000114440918,4.625999927520752,4.625999927520752,4.625999927520752,2756600
2025-09-24 03:12:00,4.625999927520752,4.63100004196167,4.625999927520752,4.630000114440918,4.630000114440918,4817300
2025-09-24 03:14:00,4.63100004196167,4.633999824523926,4.63100004196167,4.632999897003174,4.632999897003174,5091400
2025-09-24 03:16:00,4.632999897003174,4.633999824523926,4.63100004196167,4.632999897003174,4.632999897003174,3976900
2025-09-24 03:18:00,4.631999969482422,4.635000228881836,4.629000186920166,4.635000228881836,4.635000228881836,7692800
2025-09-24 03:20:00,4.635000228881836,4.638000011444092,4.635000228881836,4.63700008392334,4.63700008392334,10109700
2025-09-24 03:22:00,4.636000156402588,4.638999938964844,4.636000156402588,4.638000011444092,4.638000011444092,5532698
2025-09-24 03:24:00,4.638000011444092,4.639999866485596,4.638000011444092,4.639999866485596,4.639999866485596,8258600
2025-09-24 03:26:00,4.639999866485596,4.64300012588501,4.639999866485596,4.64300012588501,4.64300012588501,8009600
2025-09-24 03:28:00,4.64300012588501,4.6479997634887695,4.64300012588501,4.646999835968018,4.646999835968018,10319000
2025-09-24 03:30:00,4.646999835968018,4.646999835968018,4.646999835968018,4.646999835968018,4.646999835968018,148200
2025-09-24 05:00:00,4.6479997634887695,4.64900016784668,4.640999794006348,4.644999980926514,4.644999980926514,13148500
2025-09-24 05:02:00,4.64300012588501,4.646999835968018,4.638999938964844,4.638999938964844,4.638999938964844,7905000
2025-09-24 05:04:00,4.638999938964844,4.64300012588501,4.638999938964844,4.640999794006348,4.640999794006348,4342900
2025-09-24 05:06:00,4.640999794006348,4.640999794006348,4.636000156402588,4.636000156402588,4.636000156402588,6330400
2025-09-24 05:08:00,4.63700008392334,4.640999794006348,4.636000156402588,4.640999794006348,4.640999794006348,5113900
2025-09-24 05:10:00,4.642000198364258,4.64300012588501,4.639999866485596,4.642000198364258,4.642000198364258,10103100
2025-09-24 05:12:00,4.639999866485596,4.639999866485596,4.632999897003174,4.632999897003174,4.632999897003174,5579400
2025-09-24 05:14:00,4.632999897003174,4.635000228881836,4.632999897003174,4.635000228881836,4.635000228881836,4860500
2025-09-24 05:16:00,4.635000228881836,4.640999794006348,4.633999824523926,4.63700008392334,4.63700008392334,4955200
2025-09-24 05:18:00,4.636000156402588,4.638999938964844,4.636000156402588,4.638999938964844,4.638999938964844,3824600
2025-09-24 05:20:00,4.638999938964844,4.642000198364258,4.638999938964844,4.639999866485596,4.639999866485596,6198200
2025-09-24 05:22:00,4.639999866485596,4.639999866485596,4.635000228881836,4.636000156402588,4.636000156402588,3851636
2025-09-24 05:24:00,4.636000156402588,4.63700008392334,4.633999824523926,4.63700008392334,4.63700008392334,4909000
2025-09-24 05:26:00,4.63700008392334,4.638999938964844,4.636000156402588,4.638999938964844,4.638999938964844,2654400
2025-09-24 05:28:00,4.638999938964844,4.64300012588501,4.638000011444092,4.642000198364258,4.642000198364258,2815200
2025-09-24 05:30:00,4.642000198364258,4.64300012588501,4.638000011444092,4.64300012588501,4.64300012588501,3426800
2025-09-24 05:32:00,4.64300012588501,4.645999908447266,4.642000198364258,4.644999980926514,4.644999980926514,5163500
2025-09-24 05:34:00,4.644999980926514,4.644999980926514,4.642000198364258,4.644000053405762,4.644000053405762,2149500
2025-09-24 05:36:00,4.644000053405762,4.646999835968018,4.644000053405762,4.646999835968018,4.646999835968018,5534700
2025-09-24 05:38:00,4.646999835968018,4.646999835968018,4.642000198364258,4.64300012588501,4.64300012588501,9693500
2025-09-24 05:40:00,4.64300012588501,4.645999908447266,4.64300012588501,4.644999980926514,4.644999980926514,2557300
2025-09-24 05:42:00,4.644999980926514,4.646999835968018,4.644000053405762,4.646999835968018,4.646999835968018,5102800
2025-09-24 05:44:00,4.645999908447266,4.64900016784668,4.645999908447266,4.64900016784668,4.64900016784668,9808900
2025-09-24 05:46:00,4.64900016784668,4.6519999504089355,4.64900016784668,4.651000022888184,4.651000022888184,14226300
2025-09-24 05:48:00,4.651000022888184,4.6529998779296875,4.650000095367432,4.6529998779296875,4.6529998779296875,12978500
2025-09-24 05:50:00,4.6519999504089355,4.6539998054504395,4.650000095367432,4.6519999504089355,4.6519999504089355,8268600
2025-09-24 05:52:00,4.651000022888184,4.656000137329102,4.651000022888184,4.656000137329102,4.656000137329102,11590000
2025-09-24 05:54:00,4.656000137329102,4.6579999923706055,4.6539998054504395,4.6539998054504395,4.6539998054504395,8583300
2025-09-24 05:56:00,4.6539998054504395,4.65500020980835,4.650000095367432,4.6519999504089355,4.6519999504089355,5369400
2025-09-24 05:58:00,4.6519999504089355,4.6519999504089355,4.6479997634887695,4.64900016784668,4.64900016784668,5142700
2025-09-24 06:00:00,4.650000095367432,4.6570000648498535,4.650000095367432,4.65500020980835,4.65500020980835,6576400
2025-09-24 06:02:00,4.6539998054504395,4.656000137329102,4.650000095367432,4.650000095367432,4.650000095367432,9153400
2025-09-24 06:04:00,4.651000022888184,4.6519999504089355,4.645999908447266,4.651000022888184,4.651000022888184,8622700
2025-09-24 06:06:00,4.651000022888184,4.6529998779296875,4.64900016784668,4.6519999504089355,4.6519999504089355,3911922
2025-09-24 06:08:00,4.651000022888184,4.6519999504089355,4.646999835968018,4.646999835968018,4.646999835968018,13074900
2025-09-24 06:10:00,4.646999835968018,4.64900016784668,4.644999980926514,4.64900016784668,4.64900016784668,11693300
2025-09-24 06:12:00,4.64900016784668,4.6519999504089355,4.6479997634887695,4.650000095367432,4.650000095367432,4126500
2025-09-24 06:14:00,4.650000095367432,4.6529998779296875,4.650000095367432,4.6529998779296875,4.6529998779296875,10923500
2025-09-24 06:16:00,4.6529998779296875,4.65500020980835,4.6519999504089355,4.6529998779296875,4.6529998779296875,7696300
2025-09-24 06:18:00,4.6539998054504395,4.6539998054504395,4.651000022888184,4.6519999504089355,4.6519999504089355,7167600
2025-09-24 06:20:00,4.6519999504089355,4.6519999504089355,4.6479997634887695,4.64900016784668,4.64900016784668,10929500
2025-09-24 06:22:00,4.650000095367432,4.650000095367432,4.645999908447266,4.64900016784668,4.64900016784668,10168900
2025-09-24 06:24:00,4.64900016784668,4.651000022888184,4.64900016784668,4.650000095367432,4.650000095367432,5798400
2025-09-24 06:26:00,4.64900016784668,4.64900016784668,4.644999980926514,4.645999908447266,4.645999908447266,5728500
2025-09-24 06:28:00,4.645999908447266,4.6479997634887695,4.644999980926514,4.646999835968018,4.646999835968018,18671600
2025-09-24 06:30:00,4.646999835968018,4.646999835968018,4.644000053405762,4.644000053405762,4.644000053405762,16566600
2025-09-24 06:32:00,4.644999980926514,4.650000095367432,4.644999980926514,4.6479997634887695,4.6479997634887695,15272400
2025-09-24 06:34:00,4.6479997634887695,4.651000022888184,4.6479997634887695,4.651000022888184,4.651000022888184,12376700
2025-09-24 06:36:00,4.650000095367432,4.6539998054504395,4.650000095367432,4.6529998779296875,4.6529998779296875,7733500
2025-09-24 06:38:00,4.6539998054504395,4.65500020980835,4.6519999504089355,4.65500020980835,4.65500020980835,5084300
2025-09-24 06:40:00,4.6539998054504395,4.65500020980835,4.6519999504089355,4.6529998779296875,4.6529998779296875,7626600
2025-09-24 06:42:00,4.6529998779296875,4.65500020980835,4.6529998779296875,4.6539998054504395,4.6539998054504395,9674200
2025-09-24 06:44:00,4.6539998054504395,4.656000137329102,4.6539998054504395,4.656000137329102,4.656000137329102,10096000
2025-09-24 06:46:00,4.6570000648498535,4.659999847412109,4.656000137329102,4.659999847412109,4.659999847412109,17973800
2025-09-24 06:48:00,4.658999919891357,4.6620001792907715,4.658999919891357,4.660999774932861,4.660999774932861,14369820
2025-09-24 06:50:00,4.663000106811523,4.664000034332275,4.660999774932861,4.660999774932861,4.660999774932861,9813800
2025-09-24 06:52:00,4.660999774932861,4.664000034332275,4.659999847412109,4.663000106811523,4.663000106811523,8046800
2025-09-24 06:54:00,4.663000106811523,4.664000034332275,4.6620001792907715,4.663000106811523,4.663000106811523,12180900
2025-09-24 06:56:00,4.663000106811523,4.663000106811523,4.660999774932861,4.6620001792907715,4.6620001792907715,8241400
2025-09-24 06:58:00,4.6620001792907715,4.664000034332275,4.660999774932861,4.664000034332275,4.664000034332275,8251100
2025-09-25 01:30:00,4.659999847412109,4.664000034332275,4.6579999923706055,4.659999847412109,4.659999847412109,6951618
2025-09-25 01:32:00,4.659999847412109,4.665999889373779,4.659999847412109,4.665999889373779,4.665999889373779,11812033
2025-09-25 01:34:00,4.664999961853027,4.669000148773193,4.659999847412109,4.659999847412109,4.659999847412109,14250311
2025-09-25 01:36:00,4.660999774932861,4.663000106811523,4.6579999923706055,4.6620001792907715,4.6620001792907715,11314245
2025-09-25 01:38:00,4.6620001792907715,4.666999816894531,4.6620001792907715,4.664000034332275,4.664000034332275,16172385
2025-09-25 01:40:00,4.664000034332275,4.668000221252441,4.6620001792907715,4.668000221252441,4.668000221252441,11048000
2025-09-25 01:42:00,4.668000221252441,4.669000148773193,4.6620001792907715,4.664000034332275,4.664000034332275,7054900
2025-09-25 01:44:00,4.664999961853027,4.671000003814697,4.664999961853027,4.669000148773193,4.669000148773193,11798600
2025-09-25 01:46:00,4.668000221252441,4.668000221252441,4.6620001792907715,4.664000034332275,4.664000034332275,6392200
2025-09-25 01:48:00,4.664000034332275,4.665999889373779,4.659999847412109,4.660999774932861,4.660999774932861,4344500
2025-09-25 01:50:00,4.659999847412109,4.663000106811523,4.6579999923706055,4.658999919891357,4.658999919891357,6039600
2025-09-25 01:52:00,4.658999919891357,4.660999774932861,4.6579999923706055,4.6579999923706055,4.6579999923706055,5731700
2025-09-25 01:54:00,4.6579999923706055,4.663000106811523,4.6579999923706055,4.663000106811523,4.663000106811523,7183300
2025-09-25 01:56:00,4.6620001792907715,4.665999889373779,4.660999774932861,4.660999774932861,4.660999774932861,11066400
2025-09-25 01:58:00,4.660999774932861,4.664000034332275,4.658999919891357,4.6620001792907715,4.6620001792907715,5797800
2025-09-25 02:00:00,4.6620001792907715,4.664999961853027,4.660999774932861,4.664000034332275,4.664000034332275,8184900
2025-09-25 02:02:00,4.664000034332275,4.668000221252441,4.660999774932861,4.665999889373779,4.665999889373779,7928871
2025-09-25 02:04:00,4.665999889373779,4.666999816894531,4.664999961853027,4.664999961853027,4.664999961853027,25179300
2025-09-25 02:06:00,4.664999961853027,4.666999816894531,4.663000106811523,4.664000034332275,4.664000034332275,25524000
2025-09-25 02:08:00,4.663000106811523,4.665999889373779,4.659999847412109,4.665999889373779,4.665999889373779,9178714
2025-09-25 02:10:00,4.664999961853027,4.670000076293945,4.664999961853027,4.669000148773193,4.669000148773193,10522911
2025-09-25 02:12:00,4.669000148773193,4.675000190734863,4.668000221252441,4.672999858856201,4.672999858856201,9682900
2025-09-25 02:14:00,4.673999786376953,4.678999900817871,4.673999786376953,4.675000190734863,4.675000190734863,9969600
2025-09-25 02:16:00,4.675000190734863,4.677999973297119,4.673999786376953,4.676000118255615,4.676000118255615,5976200
2025-09-25 02:18:00,4.676000118255615,4.677000045776367,4.670000076293945,4.672999858856201,4.672999858856201,10152600
2025-09-25 02:20:00,4.675000190734863,4.676000118255615,4.670000076293945,4.675000190734863,4.675000190734863,9257400
2025-09-25 02:22:00,4.675000190734863,4.677999973297119,4.675000190734863,4.676000118255615,4.676000118255615,14889866
2025-09-25 02:24:00,4.676000118255615,4.678999900817871,4.673999786376953,4.678999900817871,4.678999900817871,13237900
2025-09-25 02:26:00,4.677999973297119,4.684999942779541,4.677999973297119,4.682000160217285,4.682000160217285,18011500
2025-09-25 02:28:00,4.684000015258789,4.685999870300293,4.683000087738037,4.684999942779541,4.684999942779541,9473700
2025-09-25 02:30:00,4.684000015258789,4.690999984741211,4.684000015258789,4.690000057220459,4.690000057220459,13098400
2025-09-25 02:32:00,4.689000129699707,4.693999767303467,4.688000202178955,4.691999912261963,4.691999912261963,8553600
2025-09-25 02:34:00,4.691999912261963,4.701000213623047,4.691999912261963,4.698999881744385,4.698999881744385,16860499
2025-09-25 02:36:00,4.698999881744385,4.702000141143799,4.697000026702881,4.698999881744385,4.698999881744385,10530500
2025-09-25 02:38:00,4.698999881744385,4.699999809265137,4.696000099182129,4.698999881744385,4.698999881744385,6001400
2025-09-25 02:40:00,4.697999954223633,4.697999954223633,4.689000129699707,4.689000129699707,4.689000129699707,5084400
2025-09-25 02:42:00,4.689000129699707,4.692999839782715,4.688000202178955,4.690000057220459,4.690000057220459,3819600
2025-09-25 02:44:00,4.690000057220459,4.692999839782715,4.690000057220459,4.692999839782715,4.692999839782715,3221700
2025-09-25 02:46:00,4.692999839782715,4.696000099182129,4.692999839782715,4.695000171661377,4.695000171661377,3252500
2025-09-25 02:48:00,4.695000171661377,4.697999954223633,4.695000171661377,4.696000099182129,4.696000099182129,2371100
2025-09-25 02:50:00,4.696000099182129,4.701000213623047,4.696000099182129,4.699999809265137,4.699999809265137,6981888
2025-09-25 02:52:00,4.702000141143799,4.702000141143799,4.698999881744385,4.699999809265137,4.699999809265137,3971600
2025-09-25 02:54:00,4.698999881744385,4.698999881744385,4.693999767303467,4.696000099182129,4.696000099182129,3879000
2025-09-25 02:56:00,4.697999954223633,4.703999996185303,4.697000026702881,4.697000026702881,4.697000026702881,11697300
2025-09-25 02:58:00,4.695000171661377,4.697999954223633,4.693999767303467,4.696000099182129,4.696000099182129,5015700
2025-09-25 03:00:00,4.696000099182129,4.698999881744385,4.693999767303467,4.698999881744385,4.698999881744385,2586000
2025-09-25 03:02:00,4.698999881744385,4.703999996185303,4.696000099182129,4.703000068664551,4.703000068664551,3635700
2025-09-25 03:04:00,4.703000068664551,4.705999851226807,4.702000141143799,4.705999851226807,4.705999851226807,8225500
2025-09-25 03:06:00,4.705999851226807,4.708000183105469,4.704999923706055,4.706999778747559,4.706999778747559,4238200
2025-09-25 03:08:00,4.706999778747559,4.706999778747559,4.703000068664551,4.705999851226807,4.705999851226807,4668100
2025-09-25 03:10:00,4.704999923706055,4.704999923706055,4.701000213623047,4.701000213623047,4.701000213623047,2457777
2025-09-25 03:12:00,4.701000213623047,4.703999996185303,4.701000213623047,4.701000213623047,4.701000213623047,3085700
2025-09-25 03:14:00,4.701000213623047,4.702000141143799,4.698999881744385,4.699999809265137,4.699999809265137,1370700
2025-09-25 03:16:00,4.698999881744385,4.701000213623047,4.696000099182129,4.699999809265137,4.699999809265137,3188600
2025-09-25 03:18:00,4.701000213623047,4.703999996185303,4.699999809265137,4.703999996185303,4.703999996185303,4314400
2025-09-25 03:20:00,4.703999996185303,4.704999923706055,4.701000213623047,4.702000141143799,4.702000141143799,2780500
2025-09-25 03:22:00,4.702000141143799,4.708000183105469,4.702000141143799,4.706999778747559,4.706999778747559,3906546
2025-09-25 03:24:00,4.706999778747559,4.711999893188477,4.706999778747559,4.711999893188477,4.711999893188477,9965514
2025-09-25 03:26:00,4.710999965667725,4.711999893188477,4.709000110626221,4.710000038146973,4.710000038146973,4288100
2025-09-25 03:28:00,4.710000038146973,4.710999965667725,4.703000068664551,4.703000068664551,4.703000068664551,2957700
2025-09-25 03:30:00,4.703000068664551,4.703000068664551,4.703000068664551,4.703000068664551,4.703000068664551,26800
2025-09-25 05:00:00,4.703000068664551,4.703000068664551,4.699999809265137,4.701000213623047,4.701000213623047,5075600
2025-09-25 05:02:00,4.702000141143799,4.702000141143799,4.695000171661377,4.695000171661377,4.695000171661377,4374100
2025-09-25 05:04:00,4.695000171661377,4.698999881744385,4.695000171661377,4.698999881744385,4.698999881744385,4690800
2025-09-25 05:06:00,4.699999809265137,4.702000141143799,4.698999881744385,4.702000141143799,4.702000141143799,3229500
2025-09-25 05:08:00,4.701000213623047,4.705999851226807,4.699999809265137,4.704999923706055,4.704999923706055,10744500
2025-09-25 05:10:00,4.703999996185303,4.703999996185303,4.699999809265137,4.701000213623047,4.701000213623047,3773500
2025-09-25 05:12:00,4.701000213623047,4.702000141143799,4.691999912261963,4.692999839782715,4.692999839782715,5897600
2025-09-25 05:14:00,4.692999839782715,4.692999839782715,4.690000057220459,4.691999912261963,4.691999912261963,5507600
2025-09-25 05:16:00,4.691999912261963,4.697000026702881,4.690999984741211,4.690999984741211,4.690999984741211,4557800
2025-09-25 05:18:00,4.690999984741211,4.692999839782715,4.689000129699707,4.691999912261963,4.691999912261963,4618600
2025-09-25 05:20:00,4.690000057220459,4.696000099182129,4.690000057220459,4.695000171661377,4.695000171661377,3206800
2025-09-25 05:22:00,4.695000171661377,4.696000099182129,4.692999839782715,4.696000099182129,4.696000099182129,3392600
2025-09-25 05:24:00,4.695000171661377,4.696000099182129,4.691999912261963,4.693999767303467,4.693999767303467,1389900
2025-09-25 05:26:00,4.691999912261963,4.692999839782715,4.686999797821045,4.692999839782715,4.692999839782715,7498800
2025-09-25 05:28:00,4.692999839782715,4.692999839782715,4.685999870300293,4.686999797821045,4.686999797821045,3076200
2025-09-25 05:30:00,4.685999870300293,4.690999984741211,4.684999942779541,4.690000057220459,4.690000057220459,5231700
2025-09-25 05:32:00,4.689000129699707,4.689000129699707,4.679999828338623,4.679999828338623,4.679999828338623,5950200
2025-09-25 05:34:00,4.681000232696533,4.690999984741211,4.681000232696533,4.690999984741211,4.690999984741211,4841400
2025-09-25 05:36:00,4.690999984741211,4.691999912261963,4.688000202178955,4.688000202178955,4.688000202178955,1186100
2025-09-25 05:38:00,4.689000129699707,4.692999839782715,4.689000129699707,4.692999839782715,4.692999839782715,4413800
2025-09-25 05:40:00,4.693999767303467,4.697999954223633,4.693999767303467,4.697000026702881,4.697000026702881,3380300
2025-09-25 05:42:00,4.697000026702881,4.698999881744385,4.695000171661377,4.698999881744385,4.698999881744385,3936000
2025-09-25 05:44:00,4.698999881744385,4.701000213623047,4.697000026702881,4.699999809265137,4.699999809265137,3649300
2025-09-25 05:46:00,4.698999881744385,4.698999881744385,4.697000026702881,4.697999954223633,4.697999954223633,1158500
2025-09-25 05:48:00,4.698999881744385,4.701000213623047,4.695000171661377,4.697000026702881,4.697000026702881,2076600
2025-09-25 05:50:00,4.697999954223633,4.698999881744385,4.695000171661377,4.696000099182129,4.696000099182129,1938000
2025-09-25 05:52:00,4.696000099182129,4.699999809265137,4.695000171661377,4.698999881744385,4.698999881744385,1772996
2025-09-25 05:54:00,4.699999809265137,4.699999809265137,4.697000026702881,4.697000026702881,4.697000026702881,1221800
2025-09-25 05:56:00,4.697000026702881,4.701000213623047,4.697000026702881,4.699999809265137,4.699999809265137,3364200
2025-09-25 05:58:00,4.701000213623047,4.702000141143799,4.699999809265137,4.702000141143799,4.702000141143799,3498700
2025-09-25 06:00:00,4.703000068664551,4.706999778747559,4.702000141143799,4.703000068664551,4.703000068664551,10222592
2025-09-25 06:02:00,4.703000068664551,4.705999851226807,4.701000213623047,4.704999923706055,4.704999923706055,2626600
2025-09-25 06:04:00,4.705999851226807,4.708000183105469,4.702000141143799,4.708000183105469,4.708000183105469,7157400
2025-09-25 06:06:00,4.708000183105469,4.708000183105469,4.703999996185303,4.704999923706055,4.704999923706055,3187800
2025-09-25 06:08:00,4.704999923706055,4.705999851226807,4.703000068664551,4.705999851226807,4.705999851226807,2961300
2025-09-25 06:10:00,4.705999851226807,4.705999851226807,4.699999809265137,4.701000213623047,4.701000213623047,2280000
2025-09-25 06:12:00,4.699999809265137,4.705999851226807,4.699999809265137,4.705999851226807,4.705999851226807,4223100
2025-09-25 06:14:00,4.705999851226807,4.705999851226807,4.703000068664551,4.703000068664551,4.703000068664551,3581000
2025-09-25 06:16:00,4.703000068664551,4.704999923706055,4.699999809265137,4.702000141143799,4.702000141143799,2523800
2025-09-25 06:18:00,4.699999809265137,4.703000068664551,4.699999809265137,4.702000141143799,4.702000141143799,995800
2025-09-25 06:20:00,4.702000141143799,4.704999923706055,4.702000141143799,4.703999996185303,4.703999996185303,1870800
2025-09-25 06:22:00,4.704999923706055,4.705999851226807,4.703999996185303,4.705999851226807,4.705999851226807,1225500
2025-09-25 06:24:00,4.704999923706055,4.706999778747559,4.703999996185303,4.706999778747559,4.706999778747559,6346300
2025-09-25 06:26:00,4.706999778747559,4.7129998207092285,4.706999778747559,4.710999965667725,4.710999965667725,11854600
2025-09-25 06:28:00,4.711999893188477,4.711999893188477,4.710000038146973,4.710000038146973,4.710000038146973,3115700
2025-09-25 06:30:00,4.710999965667725,4.7179999351501465,4.710000038146973,4.7129998207092285,4.7129998207092285,13069100
2025-09-25 06:32:00,4.7129998207092285,4.714000225067139,4.705999851226807,4.705999851226807,4.705999851226807,5493100
2025-09-25 06:34:00,4.705999851226807,4.710000038146973,4.705999851226807,4.709000110626221,4.709000110626221,8250600
2025-09-25 06:36:00,4.709000110626221,4.709000110626221,4.703000068664551,4.703999996185303,4.703999996185303,4820400
2025-09-25 06:38:00,4.703999996185303,4.704999923706055,4.703000068664551,4.703000068664551,4.703000068664551,2865000
2025-09-25 06:40:00,4.703999996185303,4.704999923706055,4.701000213623047,4.702000141143799,4.702000141143799,5094200
2025-09-25 06:42:00,4.703000068664551,4.704999923706055,4.699999809265137,4.704999923706055,4.704999923706055,1517200
2025-09-25 06:44:00,4.704999923706055,4.706999778747559,4.703999996185303,4.705999851226807,4.705999851226807,2486500
2025-09-25 06:46:00,4.706999778747559,4.706999778747559,4.703000068664551,4.703000068664551,4.703000068664551,3038600
2025-09-25 06:48:00,4.703000068664551,4.703999996185303,4.702000141143799,4.702000141143799,4.702000141143799,3096400
2025-09-25 06:50:00,4.703000068664551,4.703000068664551,4.696000099182129,4.697999954223633,4.697999954223633,6891630
2025-09-25 06:52:00,4.697999954223633,4.699999809265137,4.696000099182129,4.697999954223633,4.697999954223633,4325800
2025-09-25 06:54:00,4.697000026702881,4.698999881744385,4.696000099182129,4.697000026702881,4.697000026702881,7750000
2025-09-25 06:56:00,4.697000026702881,4.697000026702881,4.693999767303467,4.693999767303467,4.693999767303467,7005570
2025-09-25 06:58:00,4.693999767303467,4.696000099182129,4.692999839782715,4.692999839782715,4.692999839782715,7039000
